Task suite: libero_goal
num_tasks: 2591

Task: open the middle drawer of the cabinet table 1
Success: True
# episodes completed so far: 1
# successes: 1 (100.0%)
Current task success rate: 1.0
Current total success rate: 1.0

Task: open the middle drawer of the cabinet table 10
Success: True
# episodes completed so far: 2
# successes: 2 (100.0%)
Current task success rate: 1.0
Current total success rate: 1.0

Task: open the middle drawer of the cabinet table 12
Success: True
# episodes completed so far: 3
# successes: 3 (100.0%)
Current task success rate: 1.0
Current total success rate: 1.0

Task: open the middle drawer of the cabinet table 13
Success: True
# episodes completed so far: 4
# successes: 4 (100.0%)
Current task success rate: 1.0
Current total success rate: 1.0

Task: open the middle drawer of the cabinet table 15
Success: True
# episodes completed so far: 5
# successes: 5 (100.0%)
Current task success rate: 1.0
Current total success rate: 1.0

Task: open the middle drawer of the cabinet table 16
Success: True
# episodes completed so far: 6
# successes: 6 (100.0%)
Current task success rate: 1.0
Current total success rate: 1.0

Task: open the middle drawer of the cabinet table 17
Success: True
# episodes completed so far: 7
# successes: 7 (100.0%)
Current task success rate: 1.0
Current total success rate: 1.0

Task: open the middle drawer of the cabinet table 18
Success: True
# episodes completed so far: 8
# successes: 8 (100.0%)
Current task success rate: 1.0
Current total success rate: 1.0

Task: open the middle drawer of the cabinet table 19
Success: True
# episodes completed so far: 9
# successes: 9 (100.0%)
Current task success rate: 1.0
Current total success rate: 1.0

Task: open the middle drawer of the cabinet table 2
Success: True
# episodes completed so far: 10
# successes: 10 (100.0%)
Current task success rate: 1.0
Current total success rate: 1.0

Task: open the middle drawer of the cabinet table 21
Success: True
# episodes completed so far: 11
# successes: 11 (100.0%)
Current task success rate: 1.0
Current total success rate: 1.0

Task: open the middle drawer of the cabinet table 22
Success: True
# episodes completed so far: 12
# successes: 12 (100.0%)
Current task success rate: 1.0
Current total success rate: 1.0

Task: open the middle drawer of the cabinet table 24
Success: True
# episodes completed so far: 13
# successes: 13 (100.0%)
Current task success rate: 1.0
Current total success rate: 1.0

Task: open the middle drawer of the cabinet table 27
Success: True
# episodes completed so far: 14
# successes: 14 (100.0%)
Current task success rate: 1.0
Current total success rate: 1.0

Task: open the middle drawer of the cabinet table 28
Success: True
# episodes completed so far: 15
# successes: 15 (100.0%)
Current task success rate: 1.0
Current total success rate: 1.0

Task: open the middle drawer of the cabinet table 4
Success: True
# episodes completed so far: 16
# successes: 16 (100.0%)
Current task success rate: 1.0
Current total success rate: 1.0

Task: open the middle drawer of the cabinet table 5
Success: True
# episodes completed so far: 17
# successes: 17 (100.0%)
Current task success rate: 1.0
Current total success rate: 1.0

Task: open the middle drawer of the cabinet table 8
Success: True
# episodes completed so far: 18
# successes: 18 (100.0%)
Current task success rate: 1.0
Current total success rate: 1.0

Task: open the middle drawer of the cabinet tb 10
Success: True
# episodes completed so far: 19
# successes: 19 (100.0%)
Current task success rate: 1.0
Current total success rate: 1.0

Task: open the middle drawer of the cabinet tb 12
Success: True
# episodes completed so far: 20
# successes: 20 (100.0%)
Current task success rate: 1.0
Current total success rate: 1.0

Task: open the middle drawer of the cabinet tb 18
Success: True
# episodes completed so far: 21
# successes: 21 (100.0%)
Current task success rate: 1.0
Current total success rate: 1.0

Task: open the middle drawer of the cabinet tb 2
Success: True
# episodes completed so far: 22
# successes: 22 (100.0%)
Current task success rate: 1.0
Current total success rate: 1.0

Task: open the middle drawer of the cabinet tb 20
Success: True
# episodes completed so far: 23
# successes: 23 (100.0%)
Current task success rate: 1.0
Current total success rate: 1.0

Task: open the middle drawer of the cabinet tb 21
Success: True
# episodes completed so far: 24
# successes: 24 (100.0%)
Current task success rate: 1.0
Current total success rate: 1.0

Task: open the middle drawer of the cabinet tb 22
Success: True
# episodes completed so far: 25
# successes: 25 (100.0%)
Current task success rate: 1.0
Current total success rate: 1.0

Task: open the middle drawer of the cabinet tb 5
Success: True
# episodes completed so far: 26
# successes: 26 (100.0%)
Current task success rate: 1.0
Current total success rate: 1.0

Task: open the middle drawer of the cabinet tb 6
Success: True
# episodes completed so far: 27
# successes: 27 (100.0%)
Current task success rate: 1.0
Current total success rate: 1.0

Task: open the middle drawer of the cabinet tb 7
Success: True
# episodes completed so far: 28
# successes: 28 (100.0%)
Current task success rate: 1.0
Current total success rate: 1.0

Task: open the middle drawer of the cabinet tb 8
Success: True
# episodes completed so far: 29
# successes: 29 (100.0%)
Current task success rate: 1.0
Current total success rate: 1.0

Task: open the middle drawer of the cabinet tb 9
Success: True
# episodes completed so far: 30
# successes: 30 (100.0%)
Current task success rate: 1.0
Current total success rate: 1.0

Task: open the top drawer and put the bowl inside table 1
Success: True
# episodes completed so far: 31
# successes: 31 (100.0%)
Current task success rate: 1.0
Current total success rate: 1.0

Task: open the top drawer and put the bowl inside table 11
Success: True
# episodes completed so far: 32
# successes: 32 (100.0%)
Current task success rate: 1.0
Current total success rate: 1.0

Task: open the top drawer and put the bowl inside table 12
Success: True
# episodes completed so far: 33
# successes: 33 (100.0%)
Current task success rate: 1.0
Current total success rate: 1.0

Task: open the top drawer and put the bowl inside table 13
Success: True
# episodes completed so far: 34
# successes: 34 (100.0%)
Current task success rate: 1.0
Current total success rate: 1.0

Task: open the top drawer and put the bowl inside table 14
Success: True
# episodes completed so far: 35
# successes: 35 (100.0%)
Current task success rate: 1.0
Current total success rate: 1.0

Task: open the top drawer and put the bowl inside table 15
Success: True
# episodes completed so far: 36
# successes: 36 (100.0%)
Current task success rate: 1.0
Current total success rate: 1.0

Task: open the top drawer and put the bowl inside table 16
Success: True
# episodes completed so far: 37
# successes: 37 (100.0%)
Current task success rate: 1.0
Current total success rate: 1.0

Task: open the top drawer and put the bowl inside table 17
Success: True
# episodes completed so far: 38
# successes: 38 (100.0%)
Current task success rate: 1.0
Current total success rate: 1.0

Task: open the top drawer and put the bowl inside table 18
Success: True
# episodes completed so far: 39
# successes: 39 (100.0%)
Current task success rate: 1.0
Current total success rate: 1.0

Task: open the top drawer and put the bowl inside table 19
Success: True
# episodes completed so far: 40
# successes: 40 (100.0%)
Current task success rate: 1.0
Current total success rate: 1.0

Task: open the top drawer and put the bowl inside table 2
Success: True
# episodes completed so far: 41
# successes: 41 (100.0%)
Current task success rate: 1.0
Current total success rate: 1.0

Task: open the top drawer and put the bowl inside table 20
Success: True
# episodes completed so far: 42
# successes: 42 (100.0%)
Current task success rate: 1.0
Current total success rate: 1.0

Task: open the top drawer and put the bowl inside table 21
Success: True
# episodes completed so far: 43
# successes: 43 (100.0%)
Current task success rate: 1.0
Current total success rate: 1.0

Task: open the top drawer and put the bowl inside table 22
Success: True
# episodes completed so far: 44
# successes: 44 (100.0%)
Current task success rate: 1.0
Current total success rate: 1.0

Task: open the top drawer and put the bowl inside table 23
Success: True
# episodes completed so far: 45
# successes: 45 (100.0%)
Current task success rate: 1.0
Current total success rate: 1.0

Task: open the top drawer and put the bowl inside table 24
Success: True
# episodes completed so far: 46
# successes: 46 (100.0%)
Current task success rate: 1.0
Current total success rate: 1.0

Task: open the top drawer and put the bowl inside table 25
Success: True
# episodes completed so far: 47
# successes: 47 (100.0%)
Current task success rate: 1.0
Current total success rate: 1.0

Task: open the top drawer and put the bowl inside table 27
Success: True
# episodes completed so far: 48
# successes: 48 (100.0%)
Current task success rate: 1.0
Current total success rate: 1.0

Task: open the top drawer and put the bowl inside table 28
Success: True
# episodes completed so far: 49
# successes: 49 (100.0%)
Current task success rate: 1.0
Current total success rate: 1.0

Task: open the top drawer and put the bowl inside table 3
Success: True
# episodes completed so far: 50
# successes: 50 (100.0%)
Current task success rate: 1.0
Current total success rate: 1.0

Task: open the top drawer and put the bowl inside table 4
Success: True
# episodes completed so far: 51
# successes: 51 (100.0%)
Current task success rate: 1.0
Current total success rate: 1.0

Task: open the top drawer and put the bowl inside table 5
Success: True
# episodes completed so far: 52
# successes: 52 (100.0%)
Current task success rate: 1.0
Current total success rate: 1.0

Task: open the top drawer and put the bowl inside table 6
Success: True
# episodes completed so far: 53
# successes: 53 (100.0%)
Current task success rate: 1.0
Current total success rate: 1.0

Task: open the top drawer and put the bowl inside table 7
Success: True
# episodes completed so far: 54
# successes: 54 (100.0%)
Current task success rate: 1.0
Current total success rate: 1.0

Task: open the top drawer and put the bowl inside table 9
Success: True
# episodes completed so far: 55
# successes: 55 (100.0%)
Current task success rate: 1.0
Current total success rate: 1.0

Task: open the top drawer and put the bowl inside tb 1
Success: True
# episodes completed so far: 56
# successes: 56 (100.0%)
Current task success rate: 1.0
Current total success rate: 1.0

Task: open the top drawer and put the bowl inside tb 10
Success: True
# episodes completed so far: 57
# successes: 57 (100.0%)
Current task success rate: 1.0
Current total success rate: 1.0

Task: open the top drawer and put the bowl inside tb 11
Success: True
# episodes completed so far: 58
# successes: 58 (100.0%)
Current task success rate: 1.0
Current total success rate: 1.0

Task: open the top drawer and put the bowl inside tb 13
Success: True
# episodes completed so far: 59
# successes: 59 (100.0%)
Current task success rate: 1.0
Current total success rate: 1.0

Task: open the top drawer and put the bowl inside tb 15
Success: True
# episodes completed so far: 60
# successes: 60 (100.0%)
Current task success rate: 1.0
Current total success rate: 1.0

Task: open the top drawer and put the bowl inside tb 16
Success: True
# episodes completed so far: 61
# successes: 61 (100.0%)
Current task success rate: 1.0
Current total success rate: 1.0

Task: open the top drawer and put the bowl inside tb 17
Success: True
# episodes completed so far: 62
# successes: 62 (100.0%)
Current task success rate: 1.0
Current total success rate: 1.0

Task: open the top drawer and put the bowl inside tb 18
Success: True
# episodes completed so far: 63
# successes: 63 (100.0%)
Current task success rate: 1.0
Current total success rate: 1.0

Task: open the top drawer and put the bowl inside tb 19
Success: True
# episodes completed so far: 64
# successes: 64 (100.0%)
Current task success rate: 1.0
Current total success rate: 1.0

Task: open the top drawer and put the bowl inside tb 2
Success: True
# episodes completed so far: 65
# successes: 65 (100.0%)
Current task success rate: 1.0
Current total success rate: 1.0

Task: open the top drawer and put the bowl inside tb 20
Success: True
# episodes completed so far: 66
# successes: 66 (100.0%)
Current task success rate: 1.0
Current total success rate: 1.0

Task: open the top drawer and put the bowl inside tb 21
Success: True
# episodes completed so far: 67
# successes: 67 (100.0%)
Current task success rate: 1.0
Current total success rate: 1.0

Task: open the top drawer and put the bowl inside tb 22
Success: True
# episodes completed so far: 68
# successes: 68 (100.0%)
Current task success rate: 1.0
Current total success rate: 1.0

Task: open the top drawer and put the bowl inside tb 3
Success: True
# episodes completed so far: 69
# successes: 69 (100.0%)
Current task success rate: 1.0
Current total success rate: 1.0

Task: open the top drawer and put the bowl inside tb 4
Success: True
# episodes completed so far: 70
# successes: 70 (100.0%)
Current task success rate: 1.0
Current total success rate: 1.0

Task: open the top drawer and put the bowl inside tb 5
Success: True
# episodes completed so far: 71
# successes: 71 (100.0%)
Current task success rate: 1.0
Current total success rate: 1.0

Task: open the top drawer and put the bowl inside tb 6
Success: True
# episodes completed so far: 72
# successes: 72 (100.0%)
Current task success rate: 1.0
Current total success rate: 1.0

Task: open the top drawer and put the bowl inside tb 7
Success: True
# episodes completed so far: 73
# successes: 73 (100.0%)
Current task success rate: 1.0
Current total success rate: 1.0

Task: open the top drawer and put the bowl inside tb 8
Success: True
# episodes completed so far: 74
# successes: 74 (100.0%)
Current task success rate: 1.0
Current total success rate: 1.0

Task: open the top drawer and put the bowl inside tb 9
Success: True
# episodes completed so far: 75
# successes: 75 (100.0%)
Current task success rate: 1.0
Current total success rate: 1.0

Task: push the plate to the front of the stove table 12
Success: True
# episodes completed so far: 76
# successes: 76 (100.0%)
Current task success rate: 1.0
Current total success rate: 1.0

Task: push the plate to the front of the stove table 14
Success: True
# episodes completed so far: 77
# successes: 77 (100.0%)
Current task success rate: 1.0
Current total success rate: 1.0

Task: push the plate to the front of the stove table 15
Success: True
# episodes completed so far: 78
# successes: 78 (100.0%)
Current task success rate: 1.0
Current total success rate: 1.0

Task: push the plate to the front of the stove table 17
Success: True
# episodes completed so far: 79
# successes: 79 (100.0%)
Current task success rate: 1.0
Current total success rate: 1.0

Task: push the plate to the front of the stove table 19
Success: True
# episodes completed so far: 80
# successes: 80 (100.0%)
Current task success rate: 1.0
Current total success rate: 1.0

Task: push the plate to the front of the stove table 2
Success: True
# episodes completed so far: 81
# successes: 81 (100.0%)
Current task success rate: 1.0
Current total success rate: 1.0

Task: push the plate to the front of the stove table 22
Success: True
# episodes completed so far: 82
# successes: 82 (100.0%)
Current task success rate: 1.0
Current total success rate: 1.0

Task: push the plate to the front of the stove table 23
Success: True
# episodes completed so far: 83
# successes: 83 (100.0%)
Current task success rate: 1.0
Current total success rate: 1.0

Task: push the plate to the front of the stove table 24
Success: True
# episodes completed so far: 84
# successes: 84 (100.0%)
Current task success rate: 1.0
Current total success rate: 1.0

Task: push the plate to the front of the stove table 25
Success: True
# episodes completed so far: 85
# successes: 85 (100.0%)
Current task success rate: 1.0
Current total success rate: 1.0

Task: push the plate to the front of the stove table 26
Success: True
# episodes completed so far: 86
# successes: 86 (100.0%)
Current task success rate: 1.0
Current total success rate: 1.0

Task: push the plate to the front of the stove table 27
Success: True
# episodes completed so far: 87
# successes: 87 (100.0%)
Current task success rate: 1.0
Current total success rate: 1.0

Task: push the plate to the front of the stove table 3
Success: True
# episodes completed so far: 88
# successes: 88 (100.0%)
Current task success rate: 1.0
Current total success rate: 1.0

Task: push the plate to the front of the stove table 4
Success: True
# episodes completed so far: 89
# successes: 89 (100.0%)
Current task success rate: 1.0
Current total success rate: 1.0

Task: push the plate to the front of the stove table 6
Success: True
# episodes completed so far: 90
# successes: 90 (100.0%)
Current task success rate: 1.0
Current total success rate: 1.0

Task: push the plate to the front of the stove table 7
Success: True
# episodes completed so far: 91
# successes: 91 (100.0%)
Current task success rate: 1.0
Current total success rate: 1.0

Task: push the plate to the front of the stove table 8
Success: True
# episodes completed so far: 92
# successes: 92 (100.0%)
Current task success rate: 1.0
Current total success rate: 1.0

Task: push the plate to the front of the stove table 9
Success: True
# episodes completed so far: 93
# successes: 93 (100.0%)
Current task success rate: 1.0
Current total success rate: 1.0

Task: push the plate to the front of the stove tb 1
Success: True
# episodes completed so far: 94
# successes: 94 (100.0%)
Current task success rate: 1.0
Current total success rate: 1.0

Task: push the plate to the front of the stove tb 12
Success: True
# episodes completed so far: 95
# successes: 95 (100.0%)
Current task success rate: 1.0
Current total success rate: 1.0

Task: push the plate to the front of the stove tb 16
Success: True
# episodes completed so far: 96
# successes: 96 (100.0%)
Current task success rate: 1.0
Current total success rate: 1.0

Task: push the plate to the front of the stove tb 17
Success: True
# episodes completed so far: 97
# successes: 97 (100.0%)
Current task success rate: 1.0
Current total success rate: 1.0

Task: push the plate to the front of the stove tb 19
Success: True
# episodes completed so far: 98
# successes: 98 (100.0%)
Current task success rate: 1.0
Current total success rate: 1.0

Task: push the plate to the front of the stove tb 21
Success: True
# episodes completed so far: 99
# successes: 99 (100.0%)
Current task success rate: 1.0
Current total success rate: 1.0

Task: push the plate to the front of the stove tb 22
Success: True
# episodes completed so far: 100
# successes: 100 (100.0%)
Current task success rate: 1.0
Current total success rate: 1.0

Task: push the plate to the front of the stove tb 7
Success: True
# episodes completed so far: 101
# successes: 101 (100.0%)
Current task success rate: 1.0
Current total success rate: 1.0

Task: push the plate to the front of the stove tb 9
Success: True
# episodes completed so far: 102
# successes: 102 (100.0%)
Current task success rate: 1.0
Current total success rate: 1.0

Task: put the bowl on the plate table 1
Success: True
# episodes completed so far: 103
# successes: 103 (100.0%)
Current task success rate: 1.0
Current total success rate: 1.0

Task: put the bowl on the plate table 10
Success: True
# episodes completed so far: 104
# successes: 104 (100.0%)
Current task success rate: 1.0
Current total success rate: 1.0

Task: put the bowl on the plate table 12
Success: True
# episodes completed so far: 105
# successes: 105 (100.0%)
Current task success rate: 1.0
Current total success rate: 1.0

Task: put the bowl on the plate table 13
Success: True
# episodes completed so far: 106
# successes: 106 (100.0%)
Current task success rate: 1.0
Current total success rate: 1.0

Task: put the bowl on the plate table 15
Success: True
# episodes completed so far: 107
# successes: 107 (100.0%)
Current task success rate: 1.0
Current total success rate: 1.0

Task: put the bowl on the plate table 16
Success: True
# episodes completed so far: 108
# successes: 108 (100.0%)
Current task success rate: 1.0
Current total success rate: 1.0

Task: put the bowl on the plate table 17
Success: True
# episodes completed so far: 109
# successes: 109 (100.0%)
Current task success rate: 1.0
Current total success rate: 1.0

Task: put the bowl on the plate table 2
Success: True
# episodes completed so far: 110
# successes: 110 (100.0%)
Current task success rate: 1.0
Current total success rate: 1.0

Task: put the bowl on the plate table 21
Success: True
# episodes completed so far: 111
# successes: 111 (100.0%)
Current task success rate: 1.0
Current total success rate: 1.0

Task: put the bowl on the plate table 22
Success: True
# episodes completed so far: 112
# successes: 112 (100.0%)
Current task success rate: 1.0
Current total success rate: 1.0

Task: put the bowl on the plate table 23
Success: True
# episodes completed so far: 113
# successes: 113 (100.0%)
Current task success rate: 1.0
Current total success rate: 1.0

Task: put the bowl on the plate table 24
Success: True
# episodes completed so far: 114
# successes: 114 (100.0%)
Current task success rate: 1.0
Current total success rate: 1.0

Task: put the bowl on the plate table 27
Success: True
# episodes completed so far: 115
# successes: 115 (100.0%)
Current task success rate: 1.0
Current total success rate: 1.0

Task: put the bowl on the plate table 3
Success: True
# episodes completed so far: 116
# successes: 116 (100.0%)
Current task success rate: 1.0
Current total success rate: 1.0

Task: put the bowl on the plate table 4
Success: True
# episodes completed so far: 117
# successes: 117 (100.0%)
Current task success rate: 1.0
Current total success rate: 1.0

Task: put the bowl on the plate table 6
Success: True
# episodes completed so far: 118
# successes: 118 (100.0%)
Current task success rate: 1.0
Current total success rate: 1.0

Task: put the bowl on the plate table 8
Success: True
# episodes completed so far: 119
# successes: 119 (100.0%)
Current task success rate: 1.0
Current total success rate: 1.0

Task: put the bowl on the plate tb 1
Success: True
# episodes completed so far: 120
# successes: 120 (100.0%)
Current task success rate: 1.0
Current total success rate: 1.0

Task: put the bowl on the plate tb 11
Success: True
# episodes completed so far: 121
# successes: 121 (100.0%)
Current task success rate: 1.0
Current total success rate: 1.0

Task: put the bowl on the plate tb 13
Success: True
# episodes completed so far: 122
# successes: 122 (100.0%)
Current task success rate: 1.0
Current total success rate: 1.0

Task: put the bowl on the plate tb 15
Success: True
# episodes completed so far: 123
# successes: 123 (100.0%)
Current task success rate: 1.0
Current total success rate: 1.0

Task: put the bowl on the plate tb 16
Success: True
# episodes completed so far: 124
# successes: 124 (100.0%)
Current task success rate: 1.0
Current total success rate: 1.0

Task: put the bowl on the plate tb 18
Success: True
# episodes completed so far: 125
# successes: 125 (100.0%)
Current task success rate: 1.0
Current total success rate: 1.0

Task: put the bowl on the plate tb 19
Success: True
# episodes completed so far: 126
# successes: 126 (100.0%)
Current task success rate: 1.0
Current total success rate: 1.0

Task: put the bowl on the plate tb 2
Success: True
# episodes completed so far: 127
# successes: 127 (100.0%)
Current task success rate: 1.0
Current total success rate: 1.0

Task: put the bowl on the plate tb 20
Success: True
# episodes completed so far: 128
# successes: 128 (100.0%)
Current task success rate: 1.0
Current total success rate: 1.0

Task: put the bowl on the plate tb 21
Success: True
# episodes completed so far: 129
# successes: 129 (100.0%)
Current task success rate: 1.0
Current total success rate: 1.0

Task: put the bowl on the plate tb 22
Success: True
# episodes completed so far: 130
# successes: 130 (100.0%)
Current task success rate: 1.0
Current total success rate: 1.0

Task: put the bowl on the plate tb 3
Success: True
# episodes completed so far: 131
# successes: 131 (100.0%)
Current task success rate: 1.0
Current total success rate: 1.0

Task: put the bowl on the plate tb 9
Success: True
# episodes completed so far: 132
# successes: 132 (100.0%)
Current task success rate: 1.0
Current total success rate: 1.0

Task: put the bowl on the stove table 1
Success: True
# episodes completed so far: 133
# successes: 133 (100.0%)
Current task success rate: 1.0
Current total success rate: 1.0

Task: put the bowl on the stove table 24
Success: True
# episodes completed so far: 134
# successes: 134 (100.0%)
Current task success rate: 1.0
Current total success rate: 1.0

Task: put the bowl on the stove table 3
Success: True
# episodes completed so far: 135
# successes: 135 (100.0%)
Current task success rate: 1.0
Current total success rate: 1.0

Task: put the bowl on the stove table 4
Success: True
# episodes completed so far: 136
# successes: 136 (100.0%)
Current task success rate: 1.0
Current total success rate: 1.0

Task: put the bowl on the stove table 5
Success: True
# episodes completed so far: 137
# successes: 137 (100.0%)
Current task success rate: 1.0
Current total success rate: 1.0

Task: put the bowl on the stove table 7
Success: True
# episodes completed so far: 138
# successes: 138 (100.0%)
Current task success rate: 1.0
Current total success rate: 1.0

Task: put the bowl on top of the cabinet table 1
Success: True
# episodes completed so far: 139
# successes: 139 (100.0%)
Current task success rate: 1.0
Current total success rate: 1.0

Task: put the bowl on top of the cabinet table 10
Success: True
# episodes completed so far: 140
# successes: 140 (100.0%)
Current task success rate: 1.0
Current total success rate: 1.0

Task: put the bowl on top of the cabinet table 12
Success: True
# episodes completed so far: 141
# successes: 141 (100.0%)
Current task success rate: 1.0
Current total success rate: 1.0

Task: put the bowl on top of the cabinet table 13
Success: True
# episodes completed so far: 142
# successes: 142 (100.0%)
Current task success rate: 1.0
Current total success rate: 1.0

Task: put the bowl on top of the cabinet table 19
Success: True
# episodes completed so far: 143
# successes: 143 (100.0%)
Current task success rate: 1.0
Current total success rate: 1.0

Task: put the bowl on top of the cabinet table 3
Success: True
# episodes completed so far: 144
# successes: 144 (100.0%)
Current task success rate: 1.0
Current total success rate: 1.0

Task: put the bowl on top of the cabinet table 9
Success: True
# episodes completed so far: 145
# successes: 145 (100.0%)
Current task success rate: 1.0
Current total success rate: 1.0

Task: put the bowl on top of the cabinet tb 1
Success: True
# episodes completed so far: 146
# successes: 146 (100.0%)
Current task success rate: 1.0
Current total success rate: 1.0

Task: put the bowl on top of the cabinet tb 19
Success: True
# episodes completed so far: 147
# successes: 147 (100.0%)
Current task success rate: 1.0
Current total success rate: 1.0

Task: put the bowl on top of the cabinet tb 2
Success: True
# episodes completed so far: 148
# successes: 148 (100.0%)
Current task success rate: 1.0
Current total success rate: 1.0

Task: put the bowl on top of the cabinet tb 20
Success: True
# episodes completed so far: 149
# successes: 149 (100.0%)
Current task success rate: 1.0
Current total success rate: 1.0

Task: put the bowl on top of the cabinet tb 21
Success: True
# episodes completed so far: 150
# successes: 150 (100.0%)
Current task success rate: 1.0
Current total success rate: 1.0

Task: put the bowl on top of the cabinet tb 3
Success: True
# episodes completed so far: 151
# successes: 151 (100.0%)
Current task success rate: 1.0
Current total success rate: 1.0

Task: put the cream cheese in the bowl table 1
Success: True
# episodes completed so far: 152
# successes: 152 (100.0%)
Current task success rate: 1.0
Current total success rate: 1.0

Task: put the cream cheese in the bowl table 11
Success: True
# episodes completed so far: 153
# successes: 153 (100.0%)
Current task success rate: 1.0
Current total success rate: 1.0

Task: put the cream cheese in the bowl table 12
Success: True
# episodes completed so far: 154
# successes: 154 (100.0%)
Current task success rate: 1.0
Current total success rate: 1.0

Task: put the cream cheese in the bowl table 13
Success: True
# episodes completed so far: 155
# successes: 155 (100.0%)
Current task success rate: 1.0
Current total success rate: 1.0

Task: put the cream cheese in the bowl table 21
Success: True
# episodes completed so far: 156
# successes: 156 (100.0%)
Current task success rate: 1.0
Current total success rate: 1.0

Task: put the cream cheese in the bowl table 22
Success: True
# episodes completed so far: 157
# successes: 157 (100.0%)
Current task success rate: 1.0
Current total success rate: 1.0

Task: put the cream cheese in the bowl table 23
Success: True
# episodes completed so far: 158
# successes: 158 (100.0%)
Current task success rate: 1.0
Current total success rate: 1.0

Task: put the cream cheese in the bowl table 26
Success: True
# episodes completed so far: 159
# successes: 159 (100.0%)
Current task success rate: 1.0
Current total success rate: 1.0

Task: put the cream cheese in the bowl table 27
Success: True
# episodes completed so far: 160
# successes: 160 (100.0%)
Current task success rate: 1.0
Current total success rate: 1.0

Task: put the cream cheese in the bowl table 3
Success: True
# episodes completed so far: 161
# successes: 161 (100.0%)
Current task success rate: 1.0
Current total success rate: 1.0

Task: put the cream cheese in the bowl table 4
Success: True
# episodes completed so far: 162
# successes: 162 (100.0%)
Current task success rate: 1.0
Current total success rate: 1.0

Task: put the cream cheese in the bowl table 5
Success: True
# episodes completed so far: 163
# successes: 163 (100.0%)
Current task success rate: 1.0
Current total success rate: 1.0

Task: put the cream cheese in the bowl table 7
Success: True
# episodes completed so far: 164
# successes: 164 (100.0%)
Current task success rate: 1.0
Current total success rate: 1.0

Task: put the cream cheese in the bowl table 8
Success: True
# episodes completed so far: 165
# successes: 165 (100.0%)
Current task success rate: 1.0
Current total success rate: 1.0

Task: put the cream cheese in the bowl table 9
Success: True
# episodes completed so far: 166
# successes: 166 (100.0%)
Current task success rate: 1.0
Current total success rate: 1.0

Task: put the cream cheese in the bowl tb 1
Success: True
# episodes completed so far: 167
# successes: 167 (100.0%)
Current task success rate: 1.0
Current total success rate: 1.0

Task: put the cream cheese in the bowl tb 10
Success: True
# episodes completed so far: 168
# successes: 168 (100.0%)
Current task success rate: 1.0
Current total success rate: 1.0

Task: put the cream cheese in the bowl tb 11
Success: True
# episodes completed so far: 169
# successes: 169 (100.0%)
Current task success rate: 1.0
Current total success rate: 1.0

Task: put the cream cheese in the bowl tb 12
Success: True
# episodes completed so far: 170
# successes: 170 (100.0%)
Current task success rate: 1.0
Current total success rate: 1.0

Task: put the cream cheese in the bowl tb 13
Success: True
# episodes completed so far: 171
# successes: 171 (100.0%)
Current task success rate: 1.0
Current total success rate: 1.0

Task: put the cream cheese in the bowl tb 14
Success: True
# episodes completed so far: 172
# successes: 172 (100.0%)
Current task success rate: 1.0
Current total success rate: 1.0

Task: put the cream cheese in the bowl tb 15
Success: True
# episodes completed so far: 173
# successes: 173 (100.0%)
Current task success rate: 1.0
Current total success rate: 1.0

Task: put the cream cheese in the bowl tb 16
Success: True
# episodes completed so far: 174
# successes: 174 (100.0%)
Current task success rate: 1.0
Current total success rate: 1.0

Task: put the cream cheese in the bowl tb 17
Success: True
# episodes completed so far: 175
# successes: 175 (100.0%)
Current task success rate: 1.0
Current total success rate: 1.0

Task: put the cream cheese in the bowl tb 18
Success: True
# episodes completed so far: 176
# successes: 176 (100.0%)
Current task success rate: 1.0
Current total success rate: 1.0

Task: put the cream cheese in the bowl tb 19
Success: True
# episodes completed so far: 177
# successes: 177 (100.0%)
Current task success rate: 1.0
Current total success rate: 1.0

Task: put the cream cheese in the bowl tb 20
Success: True
# episodes completed so far: 178
# successes: 178 (100.0%)
Current task success rate: 1.0
Current total success rate: 1.0

Task: put the cream cheese in the bowl tb 21
Success: True
# episodes completed so far: 179
# successes: 179 (100.0%)
Current task success rate: 1.0
Current total success rate: 1.0

Task: put the cream cheese in the bowl tb 22
Success: True
# episodes completed so far: 180
# successes: 180 (100.0%)
Current task success rate: 1.0
Current total success rate: 1.0

Task: put the cream cheese in the bowl tb 6
Success: True
# episodes completed so far: 181
# successes: 181 (100.0%)
Current task success rate: 1.0
Current total success rate: 1.0

Task: put the cream cheese in the bowl tb 8
Success: True
# episodes completed so far: 182
# successes: 182 (100.0%)
Current task success rate: 1.0
Current total success rate: 1.0

Task: put the cream cheese in the bowl tb 9
Success: True
# episodes completed so far: 183
# successes: 183 (100.0%)
Current task success rate: 1.0
Current total success rate: 1.0

Task: put the wine bottle on the rack table 1
Success: True
# episodes completed so far: 184
# successes: 184 (100.0%)
Current task success rate: 1.0
Current total success rate: 1.0

Task: put the wine bottle on the rack table 10
Success: True
# episodes completed so far: 185
# successes: 185 (100.0%)
Current task success rate: 1.0
Current total success rate: 1.0

Task: put the wine bottle on the rack table 11
Success: True
# episodes completed so far: 186
# successes: 186 (100.0%)
Current task success rate: 1.0
Current total success rate: 1.0

Task: put the wine bottle on the rack table 12
Success: True
# episodes completed so far: 187
# successes: 187 (100.0%)
Current task success rate: 1.0
Current total success rate: 1.0

Task: put the wine bottle on the rack table 13
Success: True
# episodes completed so far: 188
# successes: 188 (100.0%)
Current task success rate: 1.0
Current total success rate: 1.0

Task: put the wine bottle on the rack table 14
Success: True
# episodes completed so far: 189
# successes: 189 (100.0%)
Current task success rate: 1.0
Current total success rate: 1.0

Task: put the wine bottle on the rack table 15
Success: True
# episodes completed so far: 190
# successes: 190 (100.0%)
Current task success rate: 1.0
Current total success rate: 1.0

Task: put the wine bottle on the rack table 16
Success: True
# episodes completed so far: 191
# successes: 191 (100.0%)
Current task success rate: 1.0
Current total success rate: 1.0

Task: put the wine bottle on the rack table 17
Success: True
# episodes completed so far: 192
# successes: 192 (100.0%)
Current task success rate: 1.0
Current total success rate: 1.0

Task: put the wine bottle on the rack table 18
Success: True
# episodes completed so far: 193
# successes: 193 (100.0%)
Current task success rate: 1.0
Current total success rate: 1.0

Task: put the wine bottle on the rack table 19
Success: True
# episodes completed so far: 194
# successes: 194 (100.0%)
Current task success rate: 1.0
Current total success rate: 1.0

Task: put the wine bottle on the rack table 2
Success: True
# episodes completed so far: 195
# successes: 195 (100.0%)
Current task success rate: 1.0
Current total success rate: 1.0

Task: put the wine bottle on the rack table 20
Success: True
# episodes completed so far: 196
# successes: 196 (100.0%)
Current task success rate: 1.0
Current total success rate: 1.0

Task: put the wine bottle on the rack table 22
Success: True
# episodes completed so far: 197
# successes: 197 (100.0%)
Current task success rate: 1.0
Current total success rate: 1.0

Task: put the wine bottle on the rack table 23
Success: True
# episodes completed so far: 198
# successes: 198 (100.0%)
Current task success rate: 1.0
Current total success rate: 1.0

Task: put the wine bottle on the rack table 24
Success: True
# episodes completed so far: 199
# successes: 199 (100.0%)
Current task success rate: 1.0
Current total success rate: 1.0

Task: put the wine bottle on the rack table 25
Success: True
# episodes completed so far: 200
# successes: 200 (100.0%)
Current task success rate: 1.0
Current total success rate: 1.0

Task: put the wine bottle on the rack table 26
Success: True
# episodes completed so far: 201
# successes: 201 (100.0%)
Current task success rate: 1.0
Current total success rate: 1.0

Task: put the wine bottle on the rack table 27
Success: True
# episodes completed so far: 202
# successes: 202 (100.0%)
Current task success rate: 1.0
Current total success rate: 1.0

Task: put the wine bottle on the rack table 28
Success: True
# episodes completed so far: 203
# successes: 203 (100.0%)
Current task success rate: 1.0
Current total success rate: 1.0

Task: put the wine bottle on the rack table 3
Success: True
# episodes completed so far: 204
# successes: 204 (100.0%)
Current task success rate: 1.0
Current total success rate: 1.0

Task: put the wine bottle on the rack table 5
Success: True
# episodes completed so far: 205
# successes: 205 (100.0%)
Current task success rate: 1.0
Current total success rate: 1.0

Task: put the wine bottle on the rack table 6
Success: True
# episodes completed so far: 206
# successes: 206 (100.0%)
Current task success rate: 1.0
Current total success rate: 1.0

Task: put the wine bottle on the rack table 7
Success: True
# episodes completed so far: 207
# successes: 207 (100.0%)
Current task success rate: 1.0
Current total success rate: 1.0

Task: put the wine bottle on the rack table 8
Success: True
# episodes completed so far: 208
# successes: 208 (100.0%)
Current task success rate: 1.0
Current total success rate: 1.0

Task: put the wine bottle on the rack table 9
Success: True
# episodes completed so far: 209
# successes: 209 (100.0%)
Current task success rate: 1.0
Current total success rate: 1.0

Task: put the wine bottle on the rack tb 1
Success: True
# episodes completed so far: 210
# successes: 210 (100.0%)
Current task success rate: 1.0
Current total success rate: 1.0

Task: put the wine bottle on the rack tb 10
Success: True
# episodes completed so far: 211
# successes: 211 (100.0%)
Current task success rate: 1.0
Current total success rate: 1.0

Task: put the wine bottle on the rack tb 11
Success: True
# episodes completed so far: 212
# successes: 212 (100.0%)
Current task success rate: 1.0
Current total success rate: 1.0

Task: put the wine bottle on the rack tb 12
Success: True
# episodes completed so far: 213
# successes: 213 (100.0%)
Current task success rate: 1.0
Current total success rate: 1.0

Task: put the wine bottle on the rack tb 13
Success: True
# episodes completed so far: 214
# successes: 214 (100.0%)
Current task success rate: 1.0
Current total success rate: 1.0

Task: put the wine bottle on the rack tb 14
Success: True
# episodes completed so far: 215
# successes: 215 (100.0%)
Current task success rate: 1.0
Current total success rate: 1.0

Task: put the wine bottle on the rack tb 15
Success: True
# episodes completed so far: 216
# successes: 216 (100.0%)
Current task success rate: 1.0
Current total success rate: 1.0

Task: put the wine bottle on the rack tb 16
Success: True
# episodes completed so far: 217
# successes: 217 (100.0%)
Current task success rate: 1.0
Current total success rate: 1.0

Task: put the wine bottle on the rack tb 17
Success: True
# episodes completed so far: 218
# successes: 218 (100.0%)
Current task success rate: 1.0
Current total success rate: 1.0

Task: put the wine bottle on the rack tb 18
Success: True
# episodes completed so far: 219
# successes: 219 (100.0%)
Current task success rate: 1.0
Current total success rate: 1.0

Task: put the wine bottle on the rack tb 19
Success: True
# episodes completed so far: 220
# successes: 220 (100.0%)
Current task success rate: 1.0
Current total success rate: 1.0

Task: put the wine bottle on the rack tb 20
Success: True
# episodes completed so far: 221
# successes: 221 (100.0%)
Current task success rate: 1.0
Current total success rate: 1.0

Task: put the wine bottle on the rack tb 21
Success: True
# episodes completed so far: 222
# successes: 222 (100.0%)
Current task success rate: 1.0
Current total success rate: 1.0

Task: put the wine bottle on the rack tb 22
Success: True
# episodes completed so far: 223
# successes: 223 (100.0%)
Current task success rate: 1.0
Current total success rate: 1.0

Task: put the wine bottle on the rack tb 3
Success: True
# episodes completed so far: 224
# successes: 224 (100.0%)
Current task success rate: 1.0
Current total success rate: 1.0

Task: put the wine bottle on the rack tb 4
Success: True
# episodes completed so far: 225
# successes: 225 (100.0%)
Current task success rate: 1.0
Current total success rate: 1.0

Task: put the wine bottle on the rack tb 5
Success: True
# episodes completed so far: 226
# successes: 226 (100.0%)
Current task success rate: 1.0
Current total success rate: 1.0

Task: put the wine bottle on the rack tb 6
Success: True
# episodes completed so far: 227
# successes: 227 (100.0%)
Current task success rate: 1.0
Current total success rate: 1.0

Task: put the wine bottle on the rack tb 8
Success: True
# episodes completed so far: 228
# successes: 228 (100.0%)
Current task success rate: 1.0
Current total success rate: 1.0

Task: put the wine bottle on the rack tb 9
Success: True
# episodes completed so far: 229
# successes: 229 (100.0%)
Current task success rate: 1.0
Current total success rate: 1.0

Task: put the wine bottle on top of the cabinet table 1
Success: True
# episodes completed so far: 230
# successes: 230 (100.0%)
Current task success rate: 1.0
Current total success rate: 1.0

Task: put the wine bottle on top of the cabinet table 11
Success: True
# episodes completed so far: 231
# successes: 231 (100.0%)
Current task success rate: 1.0
Current total success rate: 1.0

Task: put the wine bottle on top of the cabinet table 12
Success: True
# episodes completed so far: 232
# successes: 232 (100.0%)
Current task success rate: 1.0
Current total success rate: 1.0

Task: put the wine bottle on top of the cabinet table 14
Success: True
# episodes completed so far: 233
# successes: 233 (100.0%)
Current task success rate: 1.0
Current total success rate: 1.0

Task: put the wine bottle on top of the cabinet table 15
Success: True
# episodes completed so far: 234
# successes: 234 (100.0%)
Current task success rate: 1.0
Current total success rate: 1.0

Task: put the wine bottle on top of the cabinet table 18
Success: True
# episodes completed so far: 235
# successes: 235 (100.0%)
Current task success rate: 1.0
Current total success rate: 1.0

Task: put the wine bottle on top of the cabinet table 19
Success: True
# episodes completed so far: 236
# successes: 236 (100.0%)
Current task success rate: 1.0
Current total success rate: 1.0

Task: put the wine bottle on top of the cabinet table 2
Success: True
# episodes completed so far: 237
# successes: 237 (100.0%)
Current task success rate: 1.0
Current total success rate: 1.0

Task: put the wine bottle on top of the cabinet table 20
Success: True
# episodes completed so far: 238
# successes: 238 (100.0%)
Current task success rate: 1.0
Current total success rate: 1.0

Task: put the wine bottle on top of the cabinet table 21
Success: True
# episodes completed so far: 239
# successes: 239 (100.0%)
Current task success rate: 1.0
Current total success rate: 1.0

Task: put the wine bottle on top of the cabinet table 22
Success: True
# episodes completed so far: 240
# successes: 240 (100.0%)
Current task success rate: 1.0
Current total success rate: 1.0

Task: put the wine bottle on top of the cabinet table 23
Success: True
# episodes completed so far: 241
# successes: 241 (100.0%)
Current task success rate: 1.0
Current total success rate: 1.0

Task: put the wine bottle on top of the cabinet table 25
Success: True
# episodes completed so far: 242
# successes: 242 (100.0%)
Current task success rate: 1.0
Current total success rate: 1.0

Task: put the wine bottle on top of the cabinet table 26
Success: True
# episodes completed so far: 243
# successes: 243 (100.0%)
Current task success rate: 1.0
Current total success rate: 1.0

Task: put the wine bottle on top of the cabinet table 3
Success: True
# episodes completed so far: 244
# successes: 244 (100.0%)
Current task success rate: 1.0
Current total success rate: 1.0

Task: put the wine bottle on top of the cabinet table 4
Success: True
# episodes completed so far: 245
# successes: 245 (100.0%)
Current task success rate: 1.0
Current total success rate: 1.0

Task: put the wine bottle on top of the cabinet table 6
Success: True
# episodes completed so far: 246
# successes: 246 (100.0%)
Current task success rate: 1.0
Current total success rate: 1.0

Task: put the wine bottle on top of the cabinet table 7
Success: True
# episodes completed so far: 247
# successes: 247 (100.0%)
Current task success rate: 1.0
Current total success rate: 1.0

Task: put the wine bottle on top of the cabinet table 9
Success: True
# episodes completed so far: 248
# successes: 248 (100.0%)
Current task success rate: 1.0
Current total success rate: 1.0

Task: put the wine bottle on top of the cabinet tb 1
Success: True
# episodes completed so far: 249
# successes: 249 (100.0%)
Current task success rate: 1.0
Current total success rate: 1.0

Task: put the wine bottle on top of the cabinet tb 10
Success: True
# episodes completed so far: 250
# successes: 250 (100.0%)
Current task success rate: 1.0
Current total success rate: 1.0

Task: put the wine bottle on top of the cabinet tb 11
Success: True
# episodes completed so far: 251
# successes: 251 (100.0%)
Current task success rate: 1.0
Current total success rate: 1.0

Task: put the wine bottle on top of the cabinet tb 12
Success: True
# episodes completed so far: 252
# successes: 252 (100.0%)
Current task success rate: 1.0
Current total success rate: 1.0

Task: put the wine bottle on top of the cabinet tb 13
Success: True
# episodes completed so far: 253
# successes: 253 (100.0%)
Current task success rate: 1.0
Current total success rate: 1.0

Task: put the wine bottle on top of the cabinet tb 14
Success: True
# episodes completed so far: 254
# successes: 254 (100.0%)
Current task success rate: 1.0
Current total success rate: 1.0

Task: put the wine bottle on top of the cabinet tb 15
Success: True
# episodes completed so far: 255
# successes: 255 (100.0%)
Current task success rate: 1.0
Current total success rate: 1.0

Task: put the wine bottle on top of the cabinet tb 16
Success: True
# episodes completed so far: 256
# successes: 256 (100.0%)
Current task success rate: 1.0
Current total success rate: 1.0

Task: put the wine bottle on top of the cabinet tb 18
Success: True
# episodes completed so far: 257
# successes: 257 (100.0%)
Current task success rate: 1.0
Current total success rate: 1.0

Task: put the wine bottle on top of the cabinet tb 19
Success: True
# episodes completed so far: 258
# successes: 258 (100.0%)
Current task success rate: 1.0
Current total success rate: 1.0

Task: put the wine bottle on top of the cabinet tb 2
Success: True
# episodes completed so far: 259
# successes: 259 (100.0%)
Current task success rate: 1.0
Current total success rate: 1.0

Task: put the wine bottle on top of the cabinet tb 20
Success: True
# episodes completed so far: 260
# successes: 260 (100.0%)
Current task success rate: 1.0
Current total success rate: 1.0

Task: put the wine bottle on top of the cabinet tb 21
Success: True
# episodes completed so far: 261
# successes: 261 (100.0%)
Current task success rate: 1.0
Current total success rate: 1.0

Task: put the wine bottle on top of the cabinet tb 22
Success: True
# episodes completed so far: 262
# successes: 262 (100.0%)
Current task success rate: 1.0
Current total success rate: 1.0

Task: put the wine bottle on top of the cabinet tb 23
Success: True
# episodes completed so far: 263
# successes: 263 (100.0%)
Current task success rate: 1.0
Current total success rate: 1.0

Task: put the wine bottle on top of the cabinet tb 3
Success: True
# episodes completed so far: 264
# successes: 264 (100.0%)
Current task success rate: 1.0
Current total success rate: 1.0

Task: put the wine bottle on top of the cabinet tb 4
Success: True
# episodes completed so far: 265
# successes: 265 (100.0%)
Current task success rate: 1.0
Current total success rate: 1.0

Task: put the wine bottle on top of the cabinet tb 5
Success: True
# episodes completed so far: 266
# successes: 266 (100.0%)
Current task success rate: 1.0
Current total success rate: 1.0

Task: put the wine bottle on top of the cabinet tb 6
Success: True
# episodes completed so far: 267
# successes: 267 (100.0%)
Current task success rate: 1.0
Current total success rate: 1.0

Task: put the wine bottle on top of the cabinet tb 7
Success: True
# episodes completed so far: 268
# successes: 268 (100.0%)
Current task success rate: 1.0
Current total success rate: 1.0

Task: put the wine bottle on top of the cabinet tb 8
Success: True
# episodes completed so far: 269
# successes: 269 (100.0%)
Current task success rate: 1.0
Current total success rate: 1.0

Task: put the wine bottle on top of the cabinet tb 9
Success: True
# episodes completed so far: 270
# successes: 270 (100.0%)
Current task success rate: 1.0
Current total success rate: 1.0

Task: turn on the stove table 1
Success: True
# episodes completed so far: 271
# successes: 271 (100.0%)
Current task success rate: 1.0
Current total success rate: 1.0

Task: turn on the stove table 17
Success: True
# episodes completed so far: 272
# successes: 272 (100.0%)
Current task success rate: 1.0
Current total success rate: 1.0

Task: turn on the stove table 2
Success: True
# episodes completed so far: 273
# successes: 273 (100.0%)
Current task success rate: 1.0
Current total success rate: 1.0

Task: turn on the stove table 23
Success: True
# episodes completed so far: 274
# successes: 274 (100.0%)
Current task success rate: 1.0
Current total success rate: 1.0

Task: turn on the stove table 3
Success: True
# episodes completed so far: 275
# successes: 275 (100.0%)
Current task success rate: 1.0
Current total success rate: 1.0

Task: turn on the stove table 4
Success: True
# episodes completed so far: 276
# successes: 276 (100.0%)
Current task success rate: 1.0
Current total success rate: 1.0

Task: turn on the stove table 5
Success: True
# episodes completed so far: 277
# successes: 277 (100.0%)
Current task success rate: 1.0
Current total success rate: 1.0

Task: turn on the stove tb 13
Success: True
# episodes completed so far: 278
# successes: 278 (100.0%)
Current task success rate: 1.0
Current total success rate: 1.0

Task: turn on the stove tb 18
Success: True
# episodes completed so far: 279
# successes: 279 (100.0%)
Current task success rate: 1.0
Current total success rate: 1.0

Task: turn on the stove tb 20
Success: True
# episodes completed so far: 280
# successes: 280 (100.0%)
Current task success rate: 1.0
Current total success rate: 1.0

Task: turn on the stove tb 6
Success: True
# episodes completed so far: 281
# successes: 281 (100.0%)
Current task success rate: 1.0
Current total success rate: 1.0

Task: open the middle drawer of the cabinet view 0 0 100 0 0 initstate 1
Success: True
# episodes completed so far: 282
# successes: 282 (100.0%)
Current task success rate: 1.0
Current total success rate: 1.0

Task: open the middle drawer of the cabinet view 0 0 100 0 0 initstate 11
Success: True
# episodes completed so far: 283
# successes: 283 (100.0%)
Current task success rate: 1.0
Current total success rate: 1.0

Task: open the middle drawer of the cabinet view 0 0 100 0 0 initstate 51
Success: True
# episodes completed so far: 284
# successes: 284 (100.0%)
Current task success rate: 1.0
Current total success rate: 1.0

Task: open the middle drawer of the cabinet view 0 0 100 0 0 initstate 71
Success: True
# episodes completed so far: 285
# successes: 285 (100.0%)
Current task success rate: 1.0
Current total success rate: 1.0

Task: open the middle drawer of the cabinet view 0 0 100 0 0 initstate 81
Success: True
# episodes completed so far: 286
# successes: 286 (100.0%)
Current task success rate: 1.0
Current total success rate: 1.0

Task: open the middle drawer of the cabinet view 0 0 100 0 0 initstate 101
Success: True
# episodes completed so far: 287
# successes: 287 (100.0%)
Current task success rate: 1.0
Current total success rate: 1.0

Task: open the middle drawer of the cabinet view 0 0 100 0 0 initstate 121
Success: False
# episodes completed so far: 288
# successes: 287 (99.7%)
Current task success rate: 0.0
Current total success rate: 0.9965277777777778

Task: open the middle drawer of the cabinet view 0 0 100 0 0 initstate 131
Success: False
# episodes completed so far: 289
# successes: 287 (99.3%)
Current task success rate: 0.0
Current total success rate: 0.9930795847750865

Task: open the middle drawer of the cabinet view 0 0 100 0 0 initstate 141
Success: True
# episodes completed so far: 290
# successes: 288 (99.3%)
Current task success rate: 1.0
Current total success rate: 0.993103448275862

Task: open the middle drawer of the cabinet view 0 0 100 0 0 initstate 151
Success: True
# episodes completed so far: 291
# successes: 289 (99.3%)
Current task success rate: 1.0
Current total success rate: 0.993127147766323

Task: open the middle drawer of the cabinet view 0 0 100 0 0 initstate 161
Success: True
# episodes completed so far: 292
# successes: 290 (99.3%)
Current task success rate: 1.0
Current total success rate: 0.9931506849315068

Task: open the middle drawer of the cabinet view 0 0 100 0 0 initstate 171
Success: False
# episodes completed so far: 293
# successes: 290 (99.0%)
Current task success rate: 0.0
Current total success rate: 0.9897610921501706

Task: open the middle drawer of the cabinet view 0 0 100 0 0 initstate 181
Success: True
# episodes completed so far: 294
# successes: 291 (99.0%)
Current task success rate: 1.0
Current total success rate: 0.9897959183673469

Task: open the middle drawer of the cabinet view 0 0 100 0 0 initstate 191
Success: True
# episodes completed so far: 295
# successes: 292 (99.0%)
Current task success rate: 1.0
Current total success rate: 0.9898305084745763

Task: open the middle drawer of the cabinet view 0 0 100 0 0 initstate 211
Success: True
# episodes completed so far: 296
# successes: 293 (99.0%)
Current task success rate: 1.0
Current total success rate: 0.9898648648648649

Task: open the middle drawer of the cabinet view 0 0 100 0 0 initstate 221
Success: True
# episodes completed so far: 297
# successes: 294 (99.0%)
Current task success rate: 1.0
Current total success rate: 0.98989898989899

Task: open the middle drawer of the cabinet view 0 0 100 0 0 initstate 231
Success: False
# episodes completed so far: 298
# successes: 294 (98.7%)
Current task success rate: 0.0
Current total success rate: 0.9865771812080537

Task: open the middle drawer of the cabinet view 0 0 100 0 0 initstate 241
Success: True
# episodes completed so far: 299
# successes: 295 (98.7%)
Current task success rate: 1.0
Current total success rate: 0.9866220735785953

Task: open the middle drawer of the cabinet view 0 0 100 0 0 initstate 251
Success: True
# episodes completed so far: 300
# successes: 296 (98.7%)
Current task success rate: 1.0
Current total success rate: 0.9866666666666667

Task: open the middle drawer of the cabinet view 0 0 100 0 0 initstate 261
Success: True
# episodes completed so far: 301
# successes: 297 (98.7%)
Current task success rate: 1.0
Current total success rate: 0.9867109634551495

Task: open the middle drawer of the cabinet view 0 0 100 0 0 initstate 271
Success: True
# episodes completed so far: 302
# successes: 298 (98.7%)
Current task success rate: 1.0
Current total success rate: 0.9867549668874173

Task: open the middle drawer of the cabinet view 0 0 100 0 0 initstate 281
Success: False
# episodes completed so far: 303
# successes: 298 (98.3%)
Current task success rate: 0.0
Current total success rate: 0.9834983498349835

Task: open the middle drawer of the cabinet view 0 0 100 0 0 initstate 291
Success: False
# episodes completed so far: 304
# successes: 298 (98.0%)
Current task success rate: 0.0
Current total success rate: 0.9802631578947368

Task: open the middle drawer of the cabinet view 0 0 100 0 0 initstate 301
Success: False
# episodes completed so far: 305
# successes: 298 (97.7%)
Current task success rate: 0.0
Current total success rate: 0.9770491803278688

Task: open the middle drawer of the cabinet view 0 0 100 0 0 initstate 311
Success: False
# episodes completed so far: 306
# successes: 298 (97.4%)
Current task success rate: 0.0
Current total success rate: 0.9738562091503268

Task: open the middle drawer of the cabinet view 0 0 100 0 0 initstate 321
Success: False
# episodes completed so far: 307
# successes: 298 (97.1%)
Current task success rate: 0.0
Current total success rate: 0.9706840390879479

Task: open the middle drawer of the cabinet view 0 0 100 0 0 initstate 331
Success: True
# episodes completed so far: 308
# successes: 299 (97.1%)
Current task success rate: 1.0
Current total success rate: 0.9707792207792207

Task: open the middle drawer of the cabinet view 0 0 100 0 0 initstate 341
Success: False
# episodes completed so far: 309
# successes: 299 (96.8%)
Current task success rate: 0.0
Current total success rate: 0.9676375404530745

Task: open the middle drawer of the cabinet view 0 0 100 0 0 initstate 351
Success: False
# episodes completed so far: 310
# successes: 299 (96.5%)
Current task success rate: 0.0
Current total success rate: 0.964516129032258

Task: open the middle drawer of the cabinet view 0 0 100 0 0 initstate 361
Success: True
# episodes completed so far: 311
# successes: 300 (96.5%)
Current task success rate: 1.0
Current total success rate: 0.9646302250803859

Task: open the middle drawer of the cabinet view 0 0 100 0 0 initstate 371
Success: False
# episodes completed so far: 312
# successes: 300 (96.2%)
Current task success rate: 0.0
Current total success rate: 0.9615384615384616

Task: open the middle drawer of the cabinet view 0 0 100 0 0 initstate 381
Success: True
# episodes completed so far: 313
# successes: 301 (96.2%)
Current task success rate: 1.0
Current total success rate: 0.9616613418530351

Task: open the middle drawer of the cabinet view 0 0 100 0 0 initstate 391
Success: False
# episodes completed so far: 314
# successes: 301 (95.9%)
Current task success rate: 0.0
Current total success rate: 0.9585987261146497

Task: open the middle drawer of the cabinet view 0 0 100 0 0 initstate 401
Success: False
# episodes completed so far: 315
# successes: 301 (95.6%)
Current task success rate: 0.0
Current total success rate: 0.9555555555555556

Task: open the middle drawer of the cabinet view 0 0 100 0 0 initstate 411
Success: False
# episodes completed so far: 316
# successes: 301 (95.3%)
Current task success rate: 0.0
Current total success rate: 0.9525316455696202

Task: open the middle drawer of the cabinet view 0 0 100 0 0 initstate 421
Success: False
# episodes completed so far: 317
# successes: 301 (95.0%)
Current task success rate: 0.0
Current total success rate: 0.9495268138801262

Task: open the middle drawer of the cabinet view 0 0 100 0 0 initstate 431
Success: False
# episodes completed so far: 318
# successes: 301 (94.7%)
Current task success rate: 0.0
Current total success rate: 0.9465408805031447

Task: open the middle drawer of the cabinet view 0 0 100 0 0 initstate 441
Success: True
# episodes completed so far: 319
# successes: 302 (94.7%)
Current task success rate: 1.0
Current total success rate: 0.9467084639498433

Task: open the middle drawer of the cabinet view 0 0 100 0 0 initstate 451
Success: True
# episodes completed so far: 320
# successes: 303 (94.7%)
Current task success rate: 1.0
Current total success rate: 0.946875

Task: open the middle drawer of the cabinet view 0 0 100 0 0 initstate 461
Success: True
# episodes completed so far: 321
# successes: 304 (94.7%)
Current task success rate: 1.0
Current total success rate: 0.9470404984423676

Task: open the middle drawer of the cabinet view 0 0 100 0 0 initstate 471
Success: True
# episodes completed so far: 322
# successes: 305 (94.7%)
Current task success rate: 1.0
Current total success rate: 0.9472049689440993

Task: open the middle drawer of the cabinet view 0 0 100 0 0 initstate 481
Success: False
# episodes completed so far: 323
# successes: 305 (94.4%)
Current task success rate: 0.0
Current total success rate: 0.9442724458204335

Task: open the middle drawer of the cabinet view 0 0 100 0 0 initstate 491
Success: True
# episodes completed so far: 324
# successes: 306 (94.4%)
Current task success rate: 1.0
Current total success rate: 0.9444444444444444

Task: put the bowl on the stove view 0 0 100 0 0 initstate 2
Success: True
# episodes completed so far: 325
# successes: 307 (94.5%)
Current task success rate: 1.0
Current total success rate: 0.9446153846153846

Task: put the bowl on the stove view 0 0 100 0 0 initstate 42
Success: True
# episodes completed so far: 326
# successes: 308 (94.5%)
Current task success rate: 1.0
Current total success rate: 0.9447852760736196

Task: put the bowl on the stove view 0 0 100 0 0 initstate 62
Success: True
# episodes completed so far: 327
# successes: 309 (94.5%)
Current task success rate: 1.0
Current total success rate: 0.944954128440367

Task: put the bowl on the stove view 0 0 100 0 0 initstate 102
Success: True
# episodes completed so far: 328
# successes: 310 (94.5%)
Current task success rate: 1.0
Current total success rate: 0.9451219512195121

Task: put the bowl on the stove view 0 0 100 0 0 initstate 112
Success: True
# episodes completed so far: 329
# successes: 311 (94.5%)
Current task success rate: 1.0
Current total success rate: 0.9452887537993921

Task: put the bowl on the stove view 0 0 100 0 0 initstate 132
Success: True
# episodes completed so far: 330
# successes: 312 (94.5%)
Current task success rate: 1.0
Current total success rate: 0.9454545454545454

Task: put the bowl on the stove view 0 0 100 0 0 initstate 142
Success: True
# episodes completed so far: 331
# successes: 313 (94.6%)
Current task success rate: 1.0
Current total success rate: 0.945619335347432

Task: put the bowl on the stove view 0 0 100 0 0 initstate 152
Success: True
# episodes completed so far: 332
# successes: 314 (94.6%)
Current task success rate: 1.0
Current total success rate: 0.9457831325301205

Task: put the bowl on the stove view 0 0 100 0 0 initstate 172
Success: True
# episodes completed so far: 333
# successes: 315 (94.6%)
Current task success rate: 1.0
Current total success rate: 0.9459459459459459

Task: put the bowl on the stove view 0 0 100 0 0 initstate 212
Success: True
# episodes completed so far: 334
# successes: 316 (94.6%)
Current task success rate: 1.0
Current total success rate: 0.9461077844311377

Task: put the bowl on the stove view 0 0 100 0 0 initstate 222
Success: True
# episodes completed so far: 335
# successes: 317 (94.6%)
Current task success rate: 1.0
Current total success rate: 0.9462686567164179

Task: put the bowl on the stove view 0 0 100 0 0 initstate 232
Success: True
# episodes completed so far: 336
# successes: 318 (94.6%)
Current task success rate: 1.0
Current total success rate: 0.9464285714285714

Task: put the bowl on the stove view 0 0 100 0 0 initstate 242
Success: True
# episodes completed so far: 337
# successes: 319 (94.7%)
Current task success rate: 1.0
Current total success rate: 0.9465875370919882

Task: put the bowl on the stove view 0 0 100 0 0 initstate 252
Success: True
# episodes completed so far: 338
# successes: 320 (94.7%)
Current task success rate: 1.0
Current total success rate: 0.9467455621301775

Task: put the bowl on the stove view 0 0 100 0 0 initstate 262
Success: True
# episodes completed so far: 339
# successes: 321 (94.7%)
Current task success rate: 1.0
Current total success rate: 0.9469026548672567

Task: put the bowl on the stove view 0 0 100 0 0 initstate 272
Success: True
# episodes completed so far: 340
# successes: 322 (94.7%)
Current task success rate: 1.0
Current total success rate: 0.9470588235294117

Task: put the bowl on the stove view 0 0 100 0 0 initstate 282
Success: True
# episodes completed so far: 341
# successes: 323 (94.7%)
Current task success rate: 1.0
Current total success rate: 0.9472140762463344

Task: put the bowl on the stove view 0 0 100 0 0 initstate 292
Success: True
# episodes completed so far: 342
# successes: 324 (94.7%)
Current task success rate: 1.0
Current total success rate: 0.9473684210526315

Task: put the bowl on the stove view 0 0 100 0 0 initstate 302
Success: True
# episodes completed so far: 343
# successes: 325 (94.8%)
Current task success rate: 1.0
Current total success rate: 0.9475218658892128

Task: put the bowl on the stove view 0 0 100 0 0 initstate 312
Success: False
# episodes completed so far: 344
# successes: 325 (94.5%)
Current task success rate: 0.0
Current total success rate: 0.9447674418604651

Task: put the bowl on the stove view 0 0 100 0 0 initstate 322
Success: True
# episodes completed so far: 345
# successes: 326 (94.5%)
Current task success rate: 1.0
Current total success rate: 0.9449275362318841

Task: put the bowl on the stove view 0 0 100 0 0 initstate 332
Success: True
# episodes completed so far: 346
# successes: 327 (94.5%)
Current task success rate: 1.0
Current total success rate: 0.9450867052023122

Task: put the bowl on the stove view 0 0 100 0 0 initstate 342
Success: False
# episodes completed so far: 347
# successes: 327 (94.2%)
Current task success rate: 0.0
Current total success rate: 0.9423631123919308

Task: put the bowl on the stove view 0 0 100 0 0 initstate 352
Success: True
# episodes completed so far: 348
# successes: 328 (94.3%)
Current task success rate: 1.0
Current total success rate: 0.9425287356321839

Task: put the bowl on the stove view 0 0 100 0 0 initstate 362
Success: True
# episodes completed so far: 349
# successes: 329 (94.3%)
Current task success rate: 1.0
Current total success rate: 0.9426934097421203

Task: put the bowl on the stove view 0 0 100 0 0 initstate 372
Success: False
# episodes completed so far: 350
# successes: 329 (94.0%)
Current task success rate: 0.0
Current total success rate: 0.94

Task: put the bowl on the stove view 0 0 100 0 0 initstate 382
Success: False
# episodes completed so far: 351
# successes: 329 (93.7%)
Current task success rate: 0.0
Current total success rate: 0.9373219373219374

Task: put the bowl on the stove view 0 0 100 0 0 initstate 392
Success: True
# episodes completed so far: 352
# successes: 330 (93.8%)
Current task success rate: 1.0
Current total success rate: 0.9375

Task: put the bowl on the stove view 0 0 100 0 0 initstate 402
Success: True
# episodes completed so far: 353
# successes: 331 (93.8%)
Current task success rate: 1.0
Current total success rate: 0.9376770538243626

Task: put the bowl on the stove view 0 0 100 0 0 initstate 412
Success: False
# episodes completed so far: 354
# successes: 331 (93.5%)
Current task success rate: 0.0
Current total success rate: 0.9350282485875706

Task: put the bowl on the stove view 0 0 100 0 0 initstate 422
Success: False
# episodes completed so far: 355
# successes: 331 (93.2%)
Current task success rate: 0.0
Current total success rate: 0.9323943661971831

Task: put the bowl on the stove view 0 0 100 0 0 initstate 432
Success: True
# episodes completed so far: 356
# successes: 332 (93.3%)
Current task success rate: 1.0
Current total success rate: 0.9325842696629213

Task: put the bowl on the stove view 0 0 100 0 0 initstate 442
Success: True
# episodes completed so far: 357
# successes: 333 (93.3%)
Current task success rate: 1.0
Current total success rate: 0.9327731092436975

Task: put the bowl on the stove view 0 0 100 0 0 initstate 452
Success: False
# episodes completed so far: 358
# successes: 333 (93.0%)
Current task success rate: 0.0
Current total success rate: 0.9301675977653632

Task: put the bowl on the stove view 0 0 100 0 0 initstate 462
Success: True
# episodes completed so far: 359
# successes: 334 (93.0%)
Current task success rate: 1.0
Current total success rate: 0.9303621169916435

Task: put the bowl on the stove view 0 0 100 0 0 initstate 472
Success: False
# episodes completed so far: 360
# successes: 334 (92.8%)
Current task success rate: 0.0
Current total success rate: 0.9277777777777778

Task: put the bowl on the stove view 0 0 100 0 0 initstate 482
Success: True
# episodes completed so far: 361
# successes: 335 (92.8%)
Current task success rate: 1.0
Current total success rate: 0.9279778393351801

Task: put the bowl on the stove view 0 0 100 0 0 initstate 492
Success: True
# episodes completed so far: 362
# successes: 336 (92.8%)
Current task success rate: 1.0
Current total success rate: 0.9281767955801105

Task: put the wine bottle on top of the cabinet view 0 0 100 0 0 initstate 3
Success: True
# episodes completed so far: 363
# successes: 337 (92.8%)
Current task success rate: 1.0
Current total success rate: 0.928374655647383

Task: put the wine bottle on top of the cabinet view 0 0 100 0 0 initstate 13
Success: True
# episodes completed so far: 364
# successes: 338 (92.9%)
Current task success rate: 1.0
Current total success rate: 0.9285714285714286

Task: put the wine bottle on top of the cabinet view 0 0 100 0 0 initstate 23
Success: True
# episodes completed so far: 365
# successes: 339 (92.9%)
Current task success rate: 1.0
Current total success rate: 0.9287671232876712

Task: put the wine bottle on top of the cabinet view 0 0 100 0 0 initstate 43
Success: True
# episodes completed so far: 366
# successes: 340 (92.9%)
Current task success rate: 1.0
Current total success rate: 0.9289617486338798

Task: put the wine bottle on top of the cabinet view 0 0 100 0 0 initstate 63
Success: True
# episodes completed so far: 367
# successes: 341 (92.9%)
Current task success rate: 1.0
Current total success rate: 0.9291553133514986

Task: put the wine bottle on top of the cabinet view 0 0 100 0 0 initstate 73
Success: True
# episodes completed so far: 368
# successes: 342 (92.9%)
Current task success rate: 1.0
Current total success rate: 0.9293478260869565

Task: put the wine bottle on top of the cabinet view 0 0 100 0 0 initstate 83
Success: True
# episodes completed so far: 369
# successes: 343 (93.0%)
Current task success rate: 1.0
Current total success rate: 0.9295392953929539

Task: put the wine bottle on top of the cabinet view 0 0 100 0 0 initstate 103
Success: True
# episodes completed so far: 370
# successes: 344 (93.0%)
Current task success rate: 1.0
Current total success rate: 0.9297297297297298

Task: put the wine bottle on top of the cabinet view 0 0 100 0 0 initstate 113
Success: True
# episodes completed so far: 371
# successes: 345 (93.0%)
Current task success rate: 1.0
Current total success rate: 0.9299191374663073

Task: put the wine bottle on top of the cabinet view 0 0 100 0 0 initstate 123
Success: True
# episodes completed so far: 372
# successes: 346 (93.0%)
Current task success rate: 1.0
Current total success rate: 0.9301075268817204

Task: put the wine bottle on top of the cabinet view 0 0 100 0 0 initstate 133
Success: False
# episodes completed so far: 373
# successes: 346 (92.8%)
Current task success rate: 0.0
Current total success rate: 0.9276139410187667

Task: put the wine bottle on top of the cabinet view 0 0 100 0 0 initstate 143
Success: True
# episodes completed so far: 374
# successes: 347 (92.8%)
Current task success rate: 1.0
Current total success rate: 0.9278074866310161

Task: put the wine bottle on top of the cabinet view 0 0 100 0 0 initstate 153
Success: False
# episodes completed so far: 375
# successes: 347 (92.5%)
Current task success rate: 0.0
Current total success rate: 0.9253333333333333

Task: put the wine bottle on top of the cabinet view 0 0 100 0 0 initstate 163
Success: True
# episodes completed so far: 376
# successes: 348 (92.6%)
Current task success rate: 1.0
Current total success rate: 0.925531914893617

Task: put the wine bottle on top of the cabinet view 0 0 100 0 0 initstate 173
Success: True
# episodes completed so far: 377
# successes: 349 (92.6%)
Current task success rate: 1.0
Current total success rate: 0.9257294429708223

Task: put the wine bottle on top of the cabinet view 0 0 100 0 0 initstate 183
Success: True
# episodes completed so far: 378
# successes: 350 (92.6%)
Current task success rate: 1.0
Current total success rate: 0.9259259259259259

Task: put the wine bottle on top of the cabinet view 0 0 100 0 0 initstate 193
Success: True
# episodes completed so far: 379
# successes: 351 (92.6%)
Current task success rate: 1.0
Current total success rate: 0.9261213720316622

Task: put the wine bottle on top of the cabinet view 0 0 100 0 0 initstate 203
Success: True
# episodes completed so far: 380
# successes: 352 (92.6%)
Current task success rate: 1.0
Current total success rate: 0.9263157894736842

Task: put the wine bottle on top of the cabinet view 0 0 100 0 0 initstate 213
Success: True
# episodes completed so far: 381
# successes: 353 (92.7%)
Current task success rate: 1.0
Current total success rate: 0.926509186351706

Task: put the wine bottle on top of the cabinet view 0 0 100 0 0 initstate 223
Success: True
# episodes completed so far: 382
# successes: 354 (92.7%)
Current task success rate: 1.0
Current total success rate: 0.9267015706806283

Task: put the wine bottle on top of the cabinet view 0 0 100 0 0 initstate 233
Success: True
# episodes completed so far: 383
# successes: 355 (92.7%)
Current task success rate: 1.0
Current total success rate: 0.9268929503916449

Task: put the wine bottle on top of the cabinet view 0 0 100 0 0 initstate 243
Success: False
# episodes completed so far: 384
# successes: 355 (92.4%)
Current task success rate: 0.0
Current total success rate: 0.9244791666666666

Task: put the wine bottle on top of the cabinet view 0 0 100 0 0 initstate 253
Success: True
# episodes completed so far: 385
# successes: 356 (92.5%)
Current task success rate: 1.0
Current total success rate: 0.9246753246753247

Task: put the wine bottle on top of the cabinet view 0 0 100 0 0 initstate 283
Success: True
# episodes completed so far: 386
# successes: 357 (92.5%)
Current task success rate: 1.0
Current total success rate: 0.9248704663212435

Task: put the wine bottle on top of the cabinet view 0 0 100 0 0 initstate 293
Success: True
# episodes completed so far: 387
# successes: 358 (92.5%)
Current task success rate: 1.0
Current total success rate: 0.9250645994832042

Task: put the wine bottle on top of the cabinet view 0 0 100 0 0 initstate 303
Success: True
# episodes completed so far: 388
# successes: 359 (92.5%)
Current task success rate: 1.0
Current total success rate: 0.9252577319587629

Task: put the wine bottle on top of the cabinet view 0 0 100 0 0 initstate 323
Success: True
# episodes completed so far: 389
# successes: 360 (92.5%)
Current task success rate: 1.0
Current total success rate: 0.9254498714652957

Task: put the wine bottle on top of the cabinet view 0 0 100 0 0 initstate 343
Success: True
# episodes completed so far: 390
# successes: 361 (92.6%)
Current task success rate: 1.0
Current total success rate: 0.9256410256410257

Task: put the wine bottle on top of the cabinet view 0 0 100 0 0 initstate 353
Success: False
# episodes completed so far: 391
# successes: 361 (92.3%)
Current task success rate: 0.0
Current total success rate: 0.9232736572890026

Task: put the wine bottle on top of the cabinet view 0 0 100 0 0 initstate 363
Success: False
# episodes completed so far: 392
# successes: 361 (92.1%)
Current task success rate: 0.0
Current total success rate: 0.9209183673469388

Task: put the wine bottle on top of the cabinet view 0 0 100 0 0 initstate 373
Success: True
# episodes completed so far: 393
# successes: 362 (92.1%)
Current task success rate: 1.0
Current total success rate: 0.9211195928753181

Task: put the wine bottle on top of the cabinet view 0 0 100 0 0 initstate 403
Success: False
# episodes completed so far: 394
# successes: 362 (91.9%)
Current task success rate: 0.0
Current total success rate: 0.9187817258883249

Task: put the wine bottle on top of the cabinet view 0 0 100 0 0 initstate 413
Success: False
# episodes completed so far: 395
# successes: 362 (91.6%)
Current task success rate: 0.0
Current total success rate: 0.9164556962025316

Task: put the wine bottle on top of the cabinet view 0 0 100 0 0 initstate 423
Success: False
# episodes completed so far: 396
# successes: 362 (91.4%)
Current task success rate: 0.0
Current total success rate: 0.9141414141414141

Task: put the wine bottle on top of the cabinet view 0 0 100 0 0 initstate 433
Success: False
# episodes completed so far: 397
# successes: 362 (91.2%)
Current task success rate: 0.0
Current total success rate: 0.9118387909319899

Task: put the wine bottle on top of the cabinet view 0 0 100 0 0 initstate 453
Success: False
# episodes completed so far: 398
# successes: 362 (91.0%)
Current task success rate: 0.0
Current total success rate: 0.9095477386934674

Task: put the wine bottle on top of the cabinet view 0 0 100 0 0 initstate 463
Success: True
# episodes completed so far: 399
# successes: 363 (91.0%)
Current task success rate: 1.0
Current total success rate: 0.9097744360902256

Task: put the wine bottle on top of the cabinet view 0 0 100 0 0 initstate 473
Success: False
# episodes completed so far: 400
# successes: 363 (90.8%)
Current task success rate: 0.0
Current total success rate: 0.9075

Task: put the wine bottle on top of the cabinet view 0 0 100 0 0 initstate 483
Success: False
# episodes completed so far: 401
# successes: 363 (90.5%)
Current task success rate: 0.0
Current total success rate: 0.9052369077306733

Task: put the wine bottle on top of the cabinet view 0 0 100 0 0 initstate 493
Success: True
# episodes completed so far: 402
# successes: 364 (90.5%)
Current task success rate: 1.0
Current total success rate: 0.9054726368159204

Task: open the top drawer and put the bowl inside view 0 0 100 0 0 initstate 4
Success: True
# episodes completed so far: 403
# successes: 365 (90.6%)
Current task success rate: 1.0
Current total success rate: 0.9057071960297767

Task: open the top drawer and put the bowl inside view 0 0 100 0 0 initstate 14
Success: True
# episodes completed so far: 404
# successes: 366 (90.6%)
Current task success rate: 1.0
Current total success rate: 0.905940594059406

Task: open the top drawer and put the bowl inside view 0 0 100 0 0 initstate 24
Success: True
# episodes completed so far: 405
# successes: 367 (90.6%)
Current task success rate: 1.0
Current total success rate: 0.9061728395061729

Task: open the top drawer and put the bowl inside view 0 0 100 0 0 initstate 44
Success: True
# episodes completed so far: 406
# successes: 368 (90.6%)
Current task success rate: 1.0
Current total success rate: 0.9064039408866995

Task: open the top drawer and put the bowl inside view 0 0 100 0 0 initstate 54
Success: True
# episodes completed so far: 407
# successes: 369 (90.7%)
Current task success rate: 1.0
Current total success rate: 0.9066339066339066

Task: open the top drawer and put the bowl inside view 0 0 100 0 0 initstate 74
Success: True
# episodes completed so far: 408
# successes: 370 (90.7%)
Current task success rate: 1.0
Current total success rate: 0.9068627450980392

Task: open the top drawer and put the bowl inside view 0 0 100 0 0 initstate 84
Success: True
# episodes completed so far: 409
# successes: 371 (90.7%)
Current task success rate: 1.0
Current total success rate: 0.9070904645476773

Task: open the top drawer and put the bowl inside view 0 0 100 0 0 initstate 94
Success: False
# episodes completed so far: 410
# successes: 371 (90.5%)
Current task success rate: 0.0
Current total success rate: 0.9048780487804878

Task: open the top drawer and put the bowl inside view 0 0 100 0 0 initstate 114
Success: False
# episodes completed so far: 411
# successes: 371 (90.3%)
Current task success rate: 0.0
Current total success rate: 0.902676399026764

Task: open the top drawer and put the bowl inside view 0 0 100 0 0 initstate 124
Success: True
# episodes completed so far: 412
# successes: 372 (90.3%)
Current task success rate: 1.0
Current total success rate: 0.9029126213592233

Task: open the top drawer and put the bowl inside view 0 0 100 0 0 initstate 144
Success: True
# episodes completed so far: 413
# successes: 373 (90.3%)
Current task success rate: 1.0
Current total success rate: 0.9031476997578692

Task: open the top drawer and put the bowl inside view 0 0 100 0 0 initstate 154
Success: True
# episodes completed so far: 414
# successes: 374 (90.3%)
Current task success rate: 1.0
Current total success rate: 0.9033816425120773

Task: open the top drawer and put the bowl inside view 0 0 100 0 0 initstate 164
Success: False
# episodes completed so far: 415
# successes: 374 (90.1%)
Current task success rate: 0.0
Current total success rate: 0.9012048192771084

Task: open the top drawer and put the bowl inside view 0 0 100 0 0 initstate 174
Success: True
# episodes completed so far: 416
# successes: 375 (90.1%)
Current task success rate: 1.0
Current total success rate: 0.9014423076923077

Task: open the top drawer and put the bowl inside view 0 0 100 0 0 initstate 184
Success: False
# episodes completed so far: 417
# successes: 375 (89.9%)
Current task success rate: 0.0
Current total success rate: 0.8992805755395683

Task: open the top drawer and put the bowl inside view 0 0 100 0 0 initstate 194
Success: True
# episodes completed so far: 418
# successes: 376 (90.0%)
Current task success rate: 1.0
Current total success rate: 0.8995215311004785

Task: open the top drawer and put the bowl inside view 0 0 100 0 0 initstate 204
Success: True
# episodes completed so far: 419
# successes: 377 (90.0%)
Current task success rate: 1.0
Current total success rate: 0.8997613365155132

Task: open the top drawer and put the bowl inside view 0 0 100 0 0 initstate 214
Success: False
# episodes completed so far: 420
# successes: 377 (89.8%)
Current task success rate: 0.0
Current total success rate: 0.8976190476190476

Task: open the top drawer and put the bowl inside view 0 0 100 0 0 initstate 224
Success: True
# episodes completed so far: 421
# successes: 378 (89.8%)
Current task success rate: 1.0
Current total success rate: 0.8978622327790974

Task: open the top drawer and put the bowl inside view 0 0 100 0 0 initstate 234
Success: True
# episodes completed so far: 422
# successes: 379 (89.8%)
Current task success rate: 1.0
Current total success rate: 0.8981042654028436

Task: open the top drawer and put the bowl inside view 0 0 100 0 0 initstate 244
Success: True
# episodes completed so far: 423
# successes: 380 (89.8%)
Current task success rate: 1.0
Current total success rate: 0.8983451536643026

Task: open the top drawer and put the bowl inside view 0 0 100 0 0 initstate 254
Success: False
# episodes completed so far: 424
# successes: 380 (89.6%)
Current task success rate: 0.0
Current total success rate: 0.8962264150943396

Task: open the top drawer and put the bowl inside view 0 0 100 0 0 initstate 264
Success: True
# episodes completed so far: 425
# successes: 381 (89.6%)
Current task success rate: 1.0
Current total success rate: 0.8964705882352941

Task: open the top drawer and put the bowl inside view 0 0 100 0 0 initstate 274
Success: False
# episodes completed so far: 426
# successes: 381 (89.4%)
Current task success rate: 0.0
Current total success rate: 0.8943661971830986

Task: open the top drawer and put the bowl inside view 0 0 100 0 0 initstate 284
Success: True
# episodes completed so far: 427
# successes: 382 (89.5%)
Current task success rate: 1.0
Current total success rate: 0.8946135831381733

Task: open the top drawer and put the bowl inside view 0 0 100 0 0 initstate 294
Success: False
# episodes completed so far: 428
# successes: 382 (89.3%)
Current task success rate: 0.0
Current total success rate: 0.8925233644859814

Task: open the top drawer and put the bowl inside view 0 0 100 0 0 initstate 304
Success: False
# episodes completed so far: 429
# successes: 382 (89.0%)
Current task success rate: 0.0
Current total success rate: 0.8904428904428905

Task: open the top drawer and put the bowl inside view 0 0 100 0 0 initstate 314
Success: False
# episodes completed so far: 430
# successes: 382 (88.8%)
Current task success rate: 0.0
Current total success rate: 0.8883720930232558

Task: open the top drawer and put the bowl inside view 0 0 100 0 0 initstate 324
Success: False
# episodes completed so far: 431
# successes: 382 (88.6%)
Current task success rate: 0.0
Current total success rate: 0.8863109048723898

Task: open the top drawer and put the bowl inside view 0 0 100 0 0 initstate 334
Success: False
# episodes completed so far: 432
# successes: 382 (88.4%)
Current task success rate: 0.0
Current total success rate: 0.8842592592592593

Task: open the top drawer and put the bowl inside view 0 0 100 0 0 initstate 344
Success: False
# episodes completed so far: 433
# successes: 382 (88.2%)
Current task success rate: 0.0
Current total success rate: 0.8822170900692841

Task: open the top drawer and put the bowl inside view 0 0 100 0 0 initstate 354
Success: False
# episodes completed so far: 434
# successes: 382 (88.0%)
Current task success rate: 0.0
Current total success rate: 0.880184331797235

Task: open the top drawer and put the bowl inside view 0 0 100 0 0 initstate 374
Success: False
# episodes completed so far: 435
# successes: 382 (87.8%)
Current task success rate: 0.0
Current total success rate: 0.8781609195402299

Task: open the top drawer and put the bowl inside view 0 0 100 0 0 initstate 384
Success: False
# episodes completed so far: 436
# successes: 382 (87.6%)
Current task success rate: 0.0
Current total success rate: 0.8761467889908257

Task: open the top drawer and put the bowl inside view 0 0 100 0 0 initstate 394
Success: False
# episodes completed so far: 437
# successes: 382 (87.4%)
Current task success rate: 0.0
Current total success rate: 0.8741418764302059

Task: open the top drawer and put the bowl inside view 0 0 100 0 0 initstate 404
Success: False
# episodes completed so far: 438
# successes: 382 (87.2%)
Current task success rate: 0.0
Current total success rate: 0.8721461187214612

Task: open the top drawer and put the bowl inside view 0 0 100 0 0 initstate 414
Success: False
# episodes completed so far: 439
# successes: 382 (87.0%)
Current task success rate: 0.0
Current total success rate: 0.8701594533029613

Task: open the top drawer and put the bowl inside view 0 0 100 0 0 initstate 424
Success: False
# episodes completed so far: 440
# successes: 382 (86.8%)
Current task success rate: 0.0
Current total success rate: 0.8681818181818182

Task: open the top drawer and put the bowl inside view 0 0 100 0 0 initstate 434
Success: False
# episodes completed so far: 441
# successes: 382 (86.6%)
Current task success rate: 0.0
Current total success rate: 0.8662131519274376

Task: open the top drawer and put the bowl inside view 0 0 100 0 0 initstate 444
Success: False
# episodes completed so far: 442
# successes: 382 (86.4%)
Current task success rate: 0.0
Current total success rate: 0.8642533936651584

Task: open the top drawer and put the bowl inside view 0 0 100 0 0 initstate 454
Success: False
# episodes completed so far: 443
# successes: 382 (86.2%)
Current task success rate: 0.0
Current total success rate: 0.8623024830699775

Task: open the top drawer and put the bowl inside view 0 0 100 0 0 initstate 464
Success: False
# episodes completed so far: 444
# successes: 382 (86.0%)
Current task success rate: 0.0
Current total success rate: 0.8603603603603603

Task: open the top drawer and put the bowl inside view 0 0 100 0 0 initstate 474
Success: False
# episodes completed so far: 445
# successes: 382 (85.8%)
Current task success rate: 0.0
Current total success rate: 0.8584269662921349

Task: open the top drawer and put the bowl inside view 0 0 100 0 0 initstate 484
Success: False
# episodes completed so far: 446
# successes: 382 (85.7%)
Current task success rate: 0.0
Current total success rate: 0.8565022421524664

Task: open the top drawer and put the bowl inside view 0 0 100 0 0 initstate 494
Success: False
# episodes completed so far: 447
# successes: 382 (85.5%)
Current task success rate: 0.0
Current total success rate: 0.854586129753915

Task: put the bowl on top of the cabinet view 0 0 100 0 0 initstate 15
Success: False
# episodes completed so far: 448
# successes: 382 (85.3%)
Current task success rate: 0.0
Current total success rate: 0.8526785714285714

Task: put the bowl on top of the cabinet view 0 0 100 0 0 initstate 55
Success: True
# episodes completed so far: 449
# successes: 383 (85.3%)
Current task success rate: 1.0
Current total success rate: 0.8530066815144766

Task: put the bowl on top of the cabinet view 0 0 100 0 0 initstate 65
Success: True
# episodes completed so far: 450
# successes: 384 (85.3%)
Current task success rate: 1.0
Current total success rate: 0.8533333333333334

Task: put the bowl on top of the cabinet view 0 0 100 0 0 initstate 95
Success: True
# episodes completed so far: 451
# successes: 385 (85.4%)
Current task success rate: 1.0
Current total success rate: 0.8536585365853658

Task: put the bowl on top of the cabinet view 0 0 100 0 0 initstate 105
Success: True
# episodes completed so far: 452
# successes: 386 (85.4%)
Current task success rate: 1.0
Current total success rate: 0.8539823008849557

Task: put the bowl on top of the cabinet view 0 0 100 0 0 initstate 115
Success: True
# episodes completed so far: 453
# successes: 387 (85.4%)
Current task success rate: 1.0
Current total success rate: 0.8543046357615894

Task: put the bowl on top of the cabinet view 0 0 100 0 0 initstate 125
Success: False
# episodes completed so far: 454
# successes: 387 (85.2%)
Current task success rate: 0.0
Current total success rate: 0.8524229074889867

Task: put the bowl on top of the cabinet view 0 0 100 0 0 initstate 135
Success: True
# episodes completed so far: 455
# successes: 388 (85.3%)
Current task success rate: 1.0
Current total success rate: 0.8527472527472527

Task: put the bowl on top of the cabinet view 0 0 100 0 0 initstate 145
Success: True
# episodes completed so far: 456
# successes: 389 (85.3%)
Current task success rate: 1.0
Current total success rate: 0.8530701754385965

Task: put the bowl on top of the cabinet view 0 0 100 0 0 initstate 165
Success: True
# episodes completed so far: 457
# successes: 390 (85.3%)
Current task success rate: 1.0
Current total success rate: 0.8533916849015317

Task: put the bowl on top of the cabinet view 0 0 100 0 0 initstate 175
Success: True
# episodes completed so far: 458
# successes: 391 (85.4%)
Current task success rate: 1.0
Current total success rate: 0.8537117903930131

Task: put the bowl on top of the cabinet view 0 0 100 0 0 initstate 185
Success: True
# episodes completed so far: 459
# successes: 392 (85.4%)
Current task success rate: 1.0
Current total success rate: 0.8540305010893247

Task: put the bowl on top of the cabinet view 0 0 100 0 0 initstate 195
Success: True
# episodes completed so far: 460
# successes: 393 (85.4%)
Current task success rate: 1.0
Current total success rate: 0.8543478260869565

Task: put the bowl on top of the cabinet view 0 0 100 0 0 initstate 205
Success: True
# episodes completed so far: 461
# successes: 394 (85.5%)
Current task success rate: 1.0
Current total success rate: 0.8546637744034707

Task: put the bowl on top of the cabinet view 0 0 100 0 0 initstate 215
Success: True
# episodes completed so far: 462
# successes: 395 (85.5%)
Current task success rate: 1.0
Current total success rate: 0.854978354978355

Task: put the bowl on top of the cabinet view 0 0 100 0 0 initstate 225
Success: False
# episodes completed so far: 463
# successes: 395 (85.3%)
Current task success rate: 0.0
Current total success rate: 0.8531317494600432

Task: put the bowl on top of the cabinet view 0 0 100 0 0 initstate 235
Success: True
# episodes completed so far: 464
# successes: 396 (85.3%)
Current task success rate: 1.0
Current total success rate: 0.853448275862069

Task: put the bowl on top of the cabinet view 0 0 100 0 0 initstate 245
Success: True
# episodes completed so far: 465
# successes: 397 (85.4%)
Current task success rate: 1.0
Current total success rate: 0.853763440860215

Task: put the bowl on top of the cabinet view 0 0 100 0 0 initstate 255
Success: True
# episodes completed so far: 466
# successes: 398 (85.4%)
Current task success rate: 1.0
Current total success rate: 0.8540772532188842

Task: put the bowl on top of the cabinet view 0 0 100 0 0 initstate 265
Success: True
# episodes completed so far: 467
# successes: 399 (85.4%)
Current task success rate: 1.0
Current total success rate: 0.854389721627409

Task: put the bowl on top of the cabinet view 0 0 100 0 0 initstate 275
Success: False
# episodes completed so far: 468
# successes: 399 (85.3%)
Current task success rate: 0.0
Current total success rate: 0.8525641025641025

Task: put the bowl on top of the cabinet view 0 0 100 0 0 initstate 285
Success: True
# episodes completed so far: 469
# successes: 400 (85.3%)
Current task success rate: 1.0
Current total success rate: 0.8528784648187633

Task: put the bowl on top of the cabinet view 0 0 100 0 0 initstate 295
Success: True
# episodes completed so far: 470
# successes: 401 (85.3%)
Current task success rate: 1.0
Current total success rate: 0.8531914893617021

Task: put the bowl on top of the cabinet view 0 0 100 0 0 initstate 305
Success: True
# episodes completed so far: 471
# successes: 402 (85.4%)
Current task success rate: 1.0
Current total success rate: 0.8535031847133758

Task: put the bowl on top of the cabinet view 0 0 100 0 0 initstate 315
Success: True
# episodes completed so far: 472
# successes: 403 (85.4%)
Current task success rate: 1.0
Current total success rate: 0.8538135593220338

Task: put the bowl on top of the cabinet view 0 0 100 0 0 initstate 325
Success: False
# episodes completed so far: 473
# successes: 403 (85.2%)
Current task success rate: 0.0
Current total success rate: 0.8520084566596194

Task: put the bowl on top of the cabinet view 0 0 100 0 0 initstate 335
Success: True
# episodes completed so far: 474
# successes: 404 (85.2%)
Current task success rate: 1.0
Current total success rate: 0.8523206751054853

Task: put the bowl on top of the cabinet view 0 0 100 0 0 initstate 345
Success: True
# episodes completed so far: 475
# successes: 405 (85.3%)
Current task success rate: 1.0
Current total success rate: 0.8526315789473684

Task: put the bowl on top of the cabinet view 0 0 100 0 0 initstate 355
Success: False
# episodes completed so far: 476
# successes: 405 (85.1%)
Current task success rate: 0.0
Current total success rate: 0.8508403361344538

Task: put the bowl on top of the cabinet view 0 0 100 0 0 initstate 365
Success: True
# episodes completed so far: 477
# successes: 406 (85.1%)
Current task success rate: 1.0
Current total success rate: 0.8511530398322851

Task: put the bowl on top of the cabinet view 0 0 100 0 0 initstate 375
Success: True
# episodes completed so far: 478
# successes: 407 (85.1%)
Current task success rate: 1.0
Current total success rate: 0.8514644351464435

Task: put the bowl on top of the cabinet view 0 0 100 0 0 initstate 385
Success: False
# episodes completed so far: 479
# successes: 407 (85.0%)
Current task success rate: 0.0
Current total success rate: 0.8496868475991649

Task: put the bowl on top of the cabinet view 0 0 100 0 0 initstate 395
Success: False
# episodes completed so far: 480
# successes: 407 (84.8%)
Current task success rate: 0.0
Current total success rate: 0.8479166666666667

Task: put the bowl on top of the cabinet view 0 0 100 0 0 initstate 405
Success: True
# episodes completed so far: 481
# successes: 408 (84.8%)
Current task success rate: 1.0
Current total success rate: 0.8482328482328483

Task: put the bowl on top of the cabinet view 0 0 100 0 0 initstate 415
Success: True
# episodes completed so far: 482
# successes: 409 (84.9%)
Current task success rate: 1.0
Current total success rate: 0.8485477178423236

Task: put the bowl on top of the cabinet view 0 0 100 0 0 initstate 425
Success: False
# episodes completed so far: 483
# successes: 409 (84.7%)
Current task success rate: 0.0
Current total success rate: 0.8467908902691511

Task: put the bowl on top of the cabinet view 0 0 100 0 0 initstate 435
Success: True
# episodes completed so far: 484
# successes: 410 (84.7%)
Current task success rate: 1.0
Current total success rate: 0.8471074380165289

Task: put the bowl on top of the cabinet view 0 0 100 0 0 initstate 445
Success: True
# episodes completed so far: 485
# successes: 411 (84.7%)
Current task success rate: 1.0
Current total success rate: 0.8474226804123711

Task: put the bowl on top of the cabinet view 0 0 100 0 0 initstate 455
Success: True
# episodes completed so far: 486
# successes: 412 (84.8%)
Current task success rate: 1.0
Current total success rate: 0.8477366255144033

Task: put the bowl on top of the cabinet view 0 0 100 0 0 initstate 465
Success: True
# episodes completed so far: 487
# successes: 413 (84.8%)
Current task success rate: 1.0
Current total success rate: 0.8480492813141683

Task: put the bowl on top of the cabinet view 0 0 100 0 0 initstate 475
Success: False
# episodes completed so far: 488
# successes: 413 (84.6%)
Current task success rate: 0.0
Current total success rate: 0.8463114754098361

Task: put the bowl on top of the cabinet view 0 0 100 0 0 initstate 485
Success: False
# episodes completed so far: 489
# successes: 413 (84.5%)
Current task success rate: 0.0
Current total success rate: 0.8445807770961146

Task: put the bowl on top of the cabinet view 0 0 100 0 0 initstate 495
Success: True
# episodes completed so far: 490
# successes: 414 (84.5%)
Current task success rate: 1.0
Current total success rate: 0.8448979591836735

Task: push the plate to the front of the stove view 0 0 100 0 0 initstate 6
Success: False
# episodes completed so far: 491
# successes: 414 (84.3%)
Current task success rate: 0.0
Current total success rate: 0.8431771894093686

Task: push the plate to the front of the stove view 0 0 100 0 0 initstate 16
Success: False
# episodes completed so far: 492
# successes: 414 (84.1%)
Current task success rate: 0.0
Current total success rate: 0.8414634146341463

Task: push the plate to the front of the stove view 0 0 100 0 0 initstate 106
Success: True
# episodes completed so far: 493
# successes: 415 (84.2%)
Current task success rate: 1.0
Current total success rate: 0.8417849898580122

Task: push the plate to the front of the stove view 0 0 100 0 0 initstate 116
Success: False
# episodes completed so far: 494
# successes: 415 (84.0%)
Current task success rate: 0.0
Current total success rate: 0.840080971659919

Task: push the plate to the front of the stove view 0 0 100 0 0 initstate 126
Success: True
# episodes completed so far: 495
# successes: 416 (84.0%)
Current task success rate: 1.0
Current total success rate: 0.8404040404040404

Task: push the plate to the front of the stove view 0 0 100 0 0 initstate 136
Success: False
# episodes completed so far: 496
# successes: 416 (83.9%)
Current task success rate: 0.0
Current total success rate: 0.8387096774193549

Task: push the plate to the front of the stove view 0 0 100 0 0 initstate 146
Success: True
# episodes completed so far: 497
# successes: 417 (83.9%)
Current task success rate: 1.0
Current total success rate: 0.8390342052313883

Task: push the plate to the front of the stove view 0 0 100 0 0 initstate 156
Success: False
# episodes completed so far: 498
# successes: 417 (83.7%)
Current task success rate: 0.0
Current total success rate: 0.8373493975903614

Task: push the plate to the front of the stove view 0 0 100 0 0 initstate 176
Success: True
# episodes completed so far: 499
# successes: 418 (83.8%)
Current task success rate: 1.0
Current total success rate: 0.8376753507014028

Task: push the plate to the front of the stove view 0 0 100 0 0 initstate 186
Success: False
# episodes completed so far: 500
# successes: 418 (83.6%)
Current task success rate: 0.0
Current total success rate: 0.836

Task: push the plate to the front of the stove view 0 0 100 0 0 initstate 196
Success: False
# episodes completed so far: 501
# successes: 418 (83.4%)
Current task success rate: 0.0
Current total success rate: 0.8343313373253493

Task: push the plate to the front of the stove view 0 0 100 0 0 initstate 206
Success: True
# episodes completed so far: 502
# successes: 419 (83.5%)
Current task success rate: 1.0
Current total success rate: 0.8346613545816733

Task: push the plate to the front of the stove view 0 0 100 0 0 initstate 216
Success: False
# episodes completed so far: 503
# successes: 419 (83.3%)
Current task success rate: 0.0
Current total success rate: 0.8330019880715706

Task: push the plate to the front of the stove view 0 0 100 0 0 initstate 226
Success: True
# episodes completed so far: 504
# successes: 420 (83.3%)
Current task success rate: 1.0
Current total success rate: 0.8333333333333334

Task: push the plate to the front of the stove view 0 0 100 0 0 initstate 236
Success: True
# episodes completed so far: 505
# successes: 421 (83.4%)
Current task success rate: 1.0
Current total success rate: 0.8336633663366336

Task: push the plate to the front of the stove view 0 0 100 0 0 initstate 246
Success: False
# episodes completed so far: 506
# successes: 421 (83.2%)
Current task success rate: 0.0
Current total success rate: 0.8320158102766798

Task: push the plate to the front of the stove view 0 0 100 0 0 initstate 256
Success: False
# episodes completed so far: 507
# successes: 421 (83.0%)
Current task success rate: 0.0
Current total success rate: 0.8303747534516766

Task: push the plate to the front of the stove view 0 0 100 0 0 initstate 266
Success: False
# episodes completed so far: 508
# successes: 421 (82.9%)
Current task success rate: 0.0
Current total success rate: 0.8287401574803149

Task: push the plate to the front of the stove view 0 0 100 0 0 initstate 276
Success: False
# episodes completed so far: 509
# successes: 421 (82.7%)
Current task success rate: 0.0
Current total success rate: 0.8271119842829077

Task: push the plate to the front of the stove view 0 0 100 0 0 initstate 286
Success: False
# episodes completed so far: 510
# successes: 421 (82.5%)
Current task success rate: 0.0
Current total success rate: 0.8254901960784313

Task: push the plate to the front of the stove view 0 0 100 0 0 initstate 296
Success: False
# episodes completed so far: 511
# successes: 421 (82.4%)
Current task success rate: 0.0
Current total success rate: 0.8238747553816047

Task: push the plate to the front of the stove view 0 0 100 0 0 initstate 306
Success: False
# episodes completed so far: 512
# successes: 421 (82.2%)
Current task success rate: 0.0
Current total success rate: 0.822265625

Task: push the plate to the front of the stove view 0 0 100 0 0 initstate 316
Success: False
# episodes completed so far: 513
# successes: 421 (82.1%)
Current task success rate: 0.0
Current total success rate: 0.8206627680311891

Task: push the plate to the front of the stove view 0 0 100 0 0 initstate 326
Success: False
# episodes completed so far: 514
# successes: 421 (81.9%)
Current task success rate: 0.0
Current total success rate: 0.8190661478599222

Task: push the plate to the front of the stove view 0 0 100 0 0 initstate 336
Success: True
# episodes completed so far: 515
# successes: 422 (81.9%)
Current task success rate: 1.0
Current total success rate: 0.8194174757281554

Task: push the plate to the front of the stove view 0 0 100 0 0 initstate 356
Success: False
# episodes completed so far: 516
# successes: 422 (81.8%)
Current task success rate: 0.0
Current total success rate: 0.8178294573643411

Task: push the plate to the front of the stove view 0 0 100 0 0 initstate 366
Success: True
# episodes completed so far: 517
# successes: 423 (81.8%)
Current task success rate: 1.0
Current total success rate: 0.8181818181818182

Task: push the plate to the front of the stove view 0 0 100 0 0 initstate 376
Success: False
# episodes completed so far: 518
# successes: 423 (81.7%)
Current task success rate: 0.0
Current total success rate: 0.8166023166023166

Task: push the plate to the front of the stove view 0 0 100 0 0 initstate 386
Success: False
# episodes completed so far: 519
# successes: 423 (81.5%)
Current task success rate: 0.0
Current total success rate: 0.815028901734104

Task: push the plate to the front of the stove view 0 0 100 0 0 initstate 396
Success: False
# episodes completed so far: 520
# successes: 423 (81.3%)
Current task success rate: 0.0
Current total success rate: 0.8134615384615385

Task: push the plate to the front of the stove view 0 0 100 0 0 initstate 406
Success: True
# episodes completed so far: 521
# successes: 424 (81.4%)
Current task success rate: 1.0
Current total success rate: 0.8138195777351248

Task: push the plate to the front of the stove view 0 0 100 0 0 initstate 416
Success: False
# episodes completed so far: 522
# successes: 424 (81.2%)
Current task success rate: 0.0
Current total success rate: 0.8122605363984674

Task: push the plate to the front of the stove view 0 0 100 0 0 initstate 426
Success: False
# episodes completed so far: 523
# successes: 424 (81.1%)
Current task success rate: 0.0
Current total success rate: 0.8107074569789675

Task: push the plate to the front of the stove view 0 0 100 0 0 initstate 436
Success: False
# episodes completed so far: 524
# successes: 424 (80.9%)
Current task success rate: 0.0
Current total success rate: 0.8091603053435115

Task: push the plate to the front of the stove view 0 0 100 0 0 initstate 446
Success: False
# episodes completed so far: 525
# successes: 424 (80.8%)
Current task success rate: 0.0
Current total success rate: 0.8076190476190476

Task: push the plate to the front of the stove view 0 0 100 0 0 initstate 456
Success: True
# episodes completed so far: 526
# successes: 425 (80.8%)
Current task success rate: 1.0
Current total success rate: 0.8079847908745247

Task: push the plate to the front of the stove view 0 0 100 0 0 initstate 466
Success: False
# episodes completed so far: 527
# successes: 425 (80.6%)
Current task success rate: 0.0
Current total success rate: 0.8064516129032258

Task: push the plate to the front of the stove view 0 0 100 0 0 initstate 476
Success: False
# episodes completed so far: 528
# successes: 425 (80.5%)
Current task success rate: 0.0
Current total success rate: 0.8049242424242424

Task: push the plate to the front of the stove view 0 0 100 0 0 initstate 486
Success: False
# episodes completed so far: 529
# successes: 425 (80.3%)
Current task success rate: 0.0
Current total success rate: 0.8034026465028355

Task: push the plate to the front of the stove view 0 0 100 0 0 initstate 496
Success: False
# episodes completed so far: 530
# successes: 425 (80.2%)
Current task success rate: 0.0
Current total success rate: 0.8018867924528302

Task: put the cream cheese in the bowl view 0 0 100 0 0 initstate 7
Success: True
# episodes completed so far: 531
# successes: 426 (80.2%)
Current task success rate: 1.0
Current total success rate: 0.8022598870056498

Task: put the cream cheese in the bowl view 0 0 100 0 0 initstate 17
Success: True
# episodes completed so far: 532
# successes: 427 (80.3%)
Current task success rate: 1.0
Current total success rate: 0.8026315789473685

Task: put the cream cheese in the bowl view 0 0 100 0 0 initstate 27
Success: True
# episodes completed so far: 533
# successes: 428 (80.3%)
Current task success rate: 1.0
Current total success rate: 0.8030018761726079

Task: put the cream cheese in the bowl view 0 0 100 0 0 initstate 47
Success: True
# episodes completed so far: 534
# successes: 429 (80.3%)
Current task success rate: 1.0
Current total success rate: 0.8033707865168539

Task: put the cream cheese in the bowl view 0 0 100 0 0 initstate 57
Success: True
# episodes completed so far: 535
# successes: 430 (80.4%)
Current task success rate: 1.0
Current total success rate: 0.8037383177570093

Task: put the cream cheese in the bowl view 0 0 100 0 0 initstate 67
Success: True
# episodes completed so far: 536
# successes: 431 (80.4%)
Current task success rate: 1.0
Current total success rate: 0.8041044776119403

Task: put the cream cheese in the bowl view 0 0 100 0 0 initstate 77
Success: True
# episodes completed so far: 537
# successes: 432 (80.4%)
Current task success rate: 1.0
Current total success rate: 0.8044692737430168

Task: put the cream cheese in the bowl view 0 0 100 0 0 initstate 87
Success: True
# episodes completed so far: 538
# successes: 433 (80.5%)
Current task success rate: 1.0
Current total success rate: 0.8048327137546468

Task: put the cream cheese in the bowl view 0 0 100 0 0 initstate 97
Success: True
# episodes completed so far: 539
# successes: 434 (80.5%)
Current task success rate: 1.0
Current total success rate: 0.8051948051948052

Task: put the cream cheese in the bowl view 0 0 100 0 0 initstate 107
Success: True
# episodes completed so far: 540
# successes: 435 (80.6%)
Current task success rate: 1.0
Current total success rate: 0.8055555555555556

Task: put the cream cheese in the bowl view 0 0 100 0 0 initstate 117
Success: True
# episodes completed so far: 541
# successes: 436 (80.6%)
Current task success rate: 1.0
Current total success rate: 0.8059149722735675

Task: put the cream cheese in the bowl view 0 0 100 0 0 initstate 127
Success: True
# episodes completed so far: 542
# successes: 437 (80.6%)
Current task success rate: 1.0
Current total success rate: 0.8062730627306273

Task: put the cream cheese in the bowl view 0 0 100 0 0 initstate 137
Success: True
# episodes completed so far: 543
# successes: 438 (80.7%)
Current task success rate: 1.0
Current total success rate: 0.8066298342541437

Task: put the cream cheese in the bowl view 0 0 100 0 0 initstate 147
Success: True
# episodes completed so far: 544
# successes: 439 (80.7%)
Current task success rate: 1.0
Current total success rate: 0.8069852941176471

Task: put the cream cheese in the bowl view 0 0 100 0 0 initstate 157
Success: True
# episodes completed so far: 545
# successes: 440 (80.7%)
Current task success rate: 1.0
Current total success rate: 0.8073394495412844

Task: put the cream cheese in the bowl view 0 0 100 0 0 initstate 167
Success: True
# episodes completed so far: 546
# successes: 441 (80.8%)
Current task success rate: 1.0
Current total success rate: 0.8076923076923077

Task: put the cream cheese in the bowl view 0 0 100 0 0 initstate 177
Success: True
# episodes completed so far: 547
# successes: 442 (80.8%)
Current task success rate: 1.0
Current total success rate: 0.8080438756855576

Task: put the cream cheese in the bowl view 0 0 100 0 0 initstate 187
Success: True
# episodes completed so far: 548
# successes: 443 (80.8%)
Current task success rate: 1.0
Current total success rate: 0.8083941605839416

Task: put the cream cheese in the bowl view 0 0 100 0 0 initstate 197
Success: True
# episodes completed so far: 549
# successes: 444 (80.9%)
Current task success rate: 1.0
Current total success rate: 0.8087431693989071

Task: put the cream cheese in the bowl view 0 0 100 0 0 initstate 207
Success: True
# episodes completed so far: 550
# successes: 445 (80.9%)
Current task success rate: 1.0
Current total success rate: 0.8090909090909091

Task: put the cream cheese in the bowl view 0 0 100 0 0 initstate 217
Success: True
# episodes completed so far: 551
# successes: 446 (80.9%)
Current task success rate: 1.0
Current total success rate: 0.809437386569873

Task: put the cream cheese in the bowl view 0 0 100 0 0 initstate 237
Success: True
# episodes completed so far: 552
# successes: 447 (81.0%)
Current task success rate: 1.0
Current total success rate: 0.8097826086956522

Task: put the cream cheese in the bowl view 0 0 100 0 0 initstate 247
Success: False
# episodes completed so far: 553
# successes: 447 (80.8%)
Current task success rate: 0.0
Current total success rate: 0.8083182640144665

Task: put the cream cheese in the bowl view 0 0 100 0 0 initstate 257
Success: False
# episodes completed so far: 554
# successes: 447 (80.7%)
Current task success rate: 0.0
Current total success rate: 0.8068592057761733

Task: put the cream cheese in the bowl view 0 0 100 0 0 initstate 267
Success: True
# episodes completed so far: 555
# successes: 448 (80.7%)
Current task success rate: 1.0
Current total success rate: 0.8072072072072072

Task: put the cream cheese in the bowl view 0 0 100 0 0 initstate 277
Success: True
# episodes completed so far: 556
# successes: 449 (80.8%)
Current task success rate: 1.0
Current total success rate: 0.8075539568345323

Task: put the cream cheese in the bowl view 0 0 100 0 0 initstate 287
Success: True
# episodes completed so far: 557
# successes: 450 (80.8%)
Current task success rate: 1.0
Current total success rate: 0.8078994614003591

Task: put the cream cheese in the bowl view 0 0 100 0 0 initstate 297
Success: True
# episodes completed so far: 558
# successes: 451 (80.8%)
Current task success rate: 1.0
Current total success rate: 0.8082437275985663

Task: put the cream cheese in the bowl view 0 0 100 0 0 initstate 307
Success: True
# episodes completed so far: 559
# successes: 452 (80.9%)
Current task success rate: 1.0
Current total success rate: 0.8085867620751341

Task: put the cream cheese in the bowl view 0 0 100 0 0 initstate 317
Success: True
# episodes completed so far: 560
# successes: 453 (80.9%)
Current task success rate: 1.0
Current total success rate: 0.8089285714285714

Task: put the cream cheese in the bowl view 0 0 100 0 0 initstate 337
Success: True
# episodes completed so far: 561
# successes: 454 (80.9%)
Current task success rate: 1.0
Current total success rate: 0.8092691622103387

Task: put the cream cheese in the bowl view 0 0 100 0 0 initstate 347
Success: False
# episodes completed so far: 562
# successes: 454 (80.8%)
Current task success rate: 0.0
Current total success rate: 0.8078291814946619

Task: put the cream cheese in the bowl view 0 0 100 0 0 initstate 357
Success: False
# episodes completed so far: 563
# successes: 454 (80.6%)
Current task success rate: 0.0
Current total success rate: 0.8063943161634103

Task: put the cream cheese in the bowl view 0 0 100 0 0 initstate 367
Success: True
# episodes completed so far: 564
# successes: 455 (80.7%)
Current task success rate: 1.0
Current total success rate: 0.8067375886524822

Task: put the cream cheese in the bowl view 0 0 100 0 0 initstate 377
Success: True
# episodes completed so far: 565
# successes: 456 (80.7%)
Current task success rate: 1.0
Current total success rate: 0.8070796460176991

Task: put the cream cheese in the bowl view 0 0 100 0 0 initstate 387
Success: True
# episodes completed so far: 566
# successes: 457 (80.7%)
Current task success rate: 1.0
Current total success rate: 0.8074204946996466

Task: put the cream cheese in the bowl view 0 0 100 0 0 initstate 397
Success: True
# episodes completed so far: 567
# successes: 458 (80.8%)
Current task success rate: 1.0
Current total success rate: 0.8077601410934744

Task: put the cream cheese in the bowl view 0 0 100 0 0 initstate 407
Success: False
# episodes completed so far: 568
# successes: 458 (80.6%)
Current task success rate: 0.0
Current total success rate: 0.8063380281690141

Task: put the cream cheese in the bowl view 0 0 100 0 0 initstate 417
Success: True
# episodes completed so far: 569
# successes: 459 (80.7%)
Current task success rate: 1.0
Current total success rate: 0.8066783831282952

Task: put the cream cheese in the bowl view 0 0 100 0 0 initstate 427
Success: False
# episodes completed so far: 570
# successes: 459 (80.5%)
Current task success rate: 0.0
Current total success rate: 0.8052631578947368

Task: put the cream cheese in the bowl view 0 0 100 0 0 initstate 437
Success: True
# episodes completed so far: 571
# successes: 460 (80.6%)
Current task success rate: 1.0
Current total success rate: 0.8056042031523643

Task: put the cream cheese in the bowl view 0 0 100 0 0 initstate 447
Success: True
# episodes completed so far: 572
# successes: 461 (80.6%)
Current task success rate: 1.0
Current total success rate: 0.8059440559440559

Task: put the cream cheese in the bowl view 0 0 100 0 0 initstate 457
Success: False
# episodes completed so far: 573
# successes: 461 (80.5%)
Current task success rate: 0.0
Current total success rate: 0.8045375218150087

Task: put the cream cheese in the bowl view 0 0 100 0 0 initstate 467
Success: True
# episodes completed so far: 574
# successes: 462 (80.5%)
Current task success rate: 1.0
Current total success rate: 0.8048780487804879

Task: put the cream cheese in the bowl view 0 0 100 0 0 initstate 477
Success: False
# episodes completed so far: 575
# successes: 462 (80.3%)
Current task success rate: 0.0
Current total success rate: 0.8034782608695652

Task: put the cream cheese in the bowl view 0 0 100 0 0 initstate 487
Success: False
# episodes completed so far: 576
# successes: 462 (80.2%)
Current task success rate: 0.0
Current total success rate: 0.8020833333333334

Task: put the cream cheese in the bowl view 0 0 100 0 0 initstate 497
Success: False
# episodes completed so far: 577
# successes: 462 (80.1%)
Current task success rate: 0.0
Current total success rate: 0.8006932409012132

Task: turn on the stove view 0 0 100 0 0 initstate 8
Success: True
# episodes completed so far: 578
# successes: 463 (80.1%)
Current task success rate: 1.0
Current total success rate: 0.801038062283737

Task: turn on the stove view 0 0 100 0 0 initstate 58
Success: True
# episodes completed so far: 579
# successes: 464 (80.1%)
Current task success rate: 1.0
Current total success rate: 0.8013816925734024

Task: turn on the stove view 0 0 100 0 0 initstate 118
Success: True
# episodes completed so far: 580
# successes: 465 (80.2%)
Current task success rate: 1.0
Current total success rate: 0.8017241379310345

Task: turn on the stove view 0 0 100 0 0 initstate 128
Success: True
# episodes completed so far: 581
# successes: 466 (80.2%)
Current task success rate: 1.0
Current total success rate: 0.802065404475043

Task: turn on the stove view 0 0 100 0 0 initstate 148
Success: True
# episodes completed so far: 582
# successes: 467 (80.2%)
Current task success rate: 1.0
Current total success rate: 0.802405498281787

Task: turn on the stove view 0 0 100 0 0 initstate 158
Success: True
# episodes completed so far: 583
# successes: 468 (80.3%)
Current task success rate: 1.0
Current total success rate: 0.8027444253859348

Task: turn on the stove view 0 0 100 0 0 initstate 168
Success: True
# episodes completed so far: 584
# successes: 469 (80.3%)
Current task success rate: 1.0
Current total success rate: 0.803082191780822

Task: turn on the stove view 0 0 100 0 0 initstate 178
Success: True
# episodes completed so far: 585
# successes: 470 (80.3%)
Current task success rate: 1.0
Current total success rate: 0.8034188034188035

Task: turn on the stove view 0 0 100 0 0 initstate 188
Success: True
# episodes completed so far: 586
# successes: 471 (80.4%)
Current task success rate: 1.0
Current total success rate: 0.8037542662116041

Task: turn on the stove view 0 0 100 0 0 initstate 198
Success: True
# episodes completed so far: 587
# successes: 472 (80.4%)
Current task success rate: 1.0
Current total success rate: 0.8040885860306644

Task: turn on the stove view 0 0 100 0 0 initstate 208
Success: True
# episodes completed so far: 588
# successes: 473 (80.4%)
Current task success rate: 1.0
Current total success rate: 0.8044217687074829

Task: turn on the stove view 0 0 100 0 0 initstate 218
Success: True
# episodes completed so far: 589
# successes: 474 (80.5%)
Current task success rate: 1.0
Current total success rate: 0.8047538200339559

Task: turn on the stove view 0 0 100 0 0 initstate 238
Success: True
# episodes completed so far: 590
# successes: 475 (80.5%)
Current task success rate: 1.0
Current total success rate: 0.8050847457627118

Task: turn on the stove view 0 0 100 0 0 initstate 248
Success: True
# episodes completed so far: 591
# successes: 476 (80.5%)
Current task success rate: 1.0
Current total success rate: 0.805414551607445

Task: turn on the stove view 0 0 100 0 0 initstate 258
Success: True
# episodes completed so far: 592
# successes: 477 (80.6%)
Current task success rate: 1.0
Current total success rate: 0.8057432432432432

Task: turn on the stove view 0 0 100 0 0 initstate 268
Success: False
# episodes completed so far: 593
# successes: 477 (80.4%)
Current task success rate: 0.0
Current total success rate: 0.8043844856661045

Task: turn on the stove view 0 0 100 0 0 initstate 278
Success: True
# episodes completed so far: 594
# successes: 478 (80.5%)
Current task success rate: 1.0
Current total success rate: 0.8047138047138047

Task: turn on the stove view 0 0 100 0 0 initstate 288
Success: False
# episodes completed so far: 595
# successes: 478 (80.3%)
Current task success rate: 0.0
Current total success rate: 0.8033613445378152

Task: turn on the stove view 0 0 100 0 0 initstate 298
Success: True
# episodes completed so far: 596
# successes: 479 (80.4%)
Current task success rate: 1.0
Current total success rate: 0.8036912751677853

Task: turn on the stove view 0 0 100 0 0 initstate 308
Success: True
# episodes completed so far: 597
# successes: 480 (80.4%)
Current task success rate: 1.0
Current total success rate: 0.8040201005025126

Task: turn on the stove view 0 0 100 0 0 initstate 318
Success: True
# episodes completed so far: 598
# successes: 481 (80.4%)
Current task success rate: 1.0
Current total success rate: 0.8043478260869565

Task: turn on the stove view 0 0 100 0 0 initstate 328
Success: True
# episodes completed so far: 599
# successes: 482 (80.5%)
Current task success rate: 1.0
Current total success rate: 0.8046744574290484

Task: turn on the stove view 0 0 100 0 0 initstate 338
Success: True
# episodes completed so far: 600
# successes: 483 (80.5%)
Current task success rate: 1.0
Current total success rate: 0.805

Task: turn on the stove view 0 0 100 0 0 initstate 358
Success: False
# episodes completed so far: 601
# successes: 483 (80.4%)
Current task success rate: 0.0
Current total success rate: 0.8036605657237936

Task: turn on the stove view 0 0 100 0 0 initstate 368
Success: True
# episodes completed so far: 602
# successes: 484 (80.4%)
Current task success rate: 1.0
Current total success rate: 0.8039867109634552

Task: turn on the stove view 0 0 100 0 0 initstate 378
Success: True
# episodes completed so far: 603
# successes: 485 (80.4%)
Current task success rate: 1.0
Current total success rate: 0.8043117744610282

Task: turn on the stove view 0 0 100 0 0 initstate 388
Success: False
# episodes completed so far: 604
# successes: 485 (80.3%)
Current task success rate: 0.0
Current total success rate: 0.8029801324503312

Task: turn on the stove view 0 0 100 0 0 initstate 398
Success: True
# episodes completed so far: 605
# successes: 486 (80.3%)
Current task success rate: 1.0
Current total success rate: 0.8033057851239669

Task: turn on the stove view 0 0 100 0 0 initstate 408
Success: True
# episodes completed so far: 606
# successes: 487 (80.4%)
Current task success rate: 1.0
Current total success rate: 0.8036303630363036

Task: turn on the stove view 0 0 100 0 0 initstate 418
Success: True
# episodes completed so far: 607
# successes: 488 (80.4%)
Current task success rate: 1.0
Current total success rate: 0.8039538714991763

Task: turn on the stove view 0 0 100 0 0 initstate 428
Success: True
# episodes completed so far: 608
# successes: 489 (80.4%)
Current task success rate: 1.0
Current total success rate: 0.8042763157894737

Task: turn on the stove view 0 0 100 0 0 initstate 438
Success: False
# episodes completed so far: 609
# successes: 489 (80.3%)
Current task success rate: 0.0
Current total success rate: 0.8029556650246306

Task: turn on the stove view 0 0 100 0 0 initstate 448
Success: True
# episodes completed so far: 610
# successes: 490 (80.3%)
Current task success rate: 1.0
Current total success rate: 0.8032786885245902

Task: turn on the stove view 0 0 100 0 0 initstate 458
Success: True
# episodes completed so far: 611
# successes: 491 (80.4%)
Current task success rate: 1.0
Current total success rate: 0.8036006546644845

Task: turn on the stove view 0 0 100 0 0 initstate 468
Success: True
# episodes completed so far: 612
# successes: 492 (80.4%)
Current task success rate: 1.0
Current total success rate: 0.803921568627451

Task: turn on the stove view 0 0 100 0 0 initstate 478
Success: True
# episodes completed so far: 613
# successes: 493 (80.4%)
Current task success rate: 1.0
Current total success rate: 0.8042414355628059

Task: turn on the stove view 0 0 100 0 0 initstate 488
Success: True
# episodes completed so far: 614
# successes: 494 (80.5%)
Current task success rate: 1.0
Current total success rate: 0.8045602605863192

Task: put the bowl on the plate view 0 0 100 0 0 initstate 19
Success: True
# episodes completed so far: 615
# successes: 495 (80.5%)
Current task success rate: 1.0
Current total success rate: 0.8048780487804879

Task: put the bowl on the plate view 0 0 100 0 0 initstate 69
Success: True
# episodes completed so far: 616
# successes: 496 (80.5%)
Current task success rate: 1.0
Current total success rate: 0.8051948051948052

Task: put the bowl on the plate view 0 0 100 0 0 initstate 89
Success: True
# episodes completed so far: 617
# successes: 497 (80.6%)
Current task success rate: 1.0
Current total success rate: 0.8055105348460292

Task: put the bowl on the plate view 0 0 100 0 0 initstate 109
Success: True
# episodes completed so far: 618
# successes: 498 (80.6%)
Current task success rate: 1.0
Current total success rate: 0.8058252427184466

Task: put the bowl on the plate view 0 0 100 0 0 initstate 119
Success: True
# episodes completed so far: 619
# successes: 499 (80.6%)
Current task success rate: 1.0
Current total success rate: 0.8061389337641357

Task: put the bowl on the plate view 0 0 100 0 0 initstate 129
Success: True
# episodes completed so far: 620
# successes: 500 (80.6%)
Current task success rate: 1.0
Current total success rate: 0.8064516129032258

Task: put the bowl on the plate view 0 0 100 0 0 initstate 139
Success: True
# episodes completed so far: 621
# successes: 501 (80.7%)
Current task success rate: 1.0
Current total success rate: 0.8067632850241546

Task: put the bowl on the plate view 0 0 100 0 0 initstate 149
Success: True
# episodes completed so far: 622
# successes: 502 (80.7%)
Current task success rate: 1.0
Current total success rate: 0.8070739549839229

Task: put the bowl on the plate view 0 0 100 0 0 initstate 159
Success: False
# episodes completed so far: 623
# successes: 502 (80.6%)
Current task success rate: 0.0
Current total success rate: 0.8057784911717496

Task: put the bowl on the plate view 0 0 100 0 0 initstate 169
Success: False
# episodes completed so far: 624
# successes: 502 (80.4%)
Current task success rate: 0.0
Current total success rate: 0.8044871794871795

Task: put the bowl on the plate view 0 0 100 0 0 initstate 199
Success: True
# episodes completed so far: 625
# successes: 503 (80.5%)
Current task success rate: 1.0
Current total success rate: 0.8048

Task: put the bowl on the plate view 0 0 100 0 0 initstate 209
Success: True
# episodes completed so far: 626
# successes: 504 (80.5%)
Current task success rate: 1.0
Current total success rate: 0.805111821086262

Task: put the bowl on the plate view 0 0 100 0 0 initstate 219
Success: True
# episodes completed so far: 627
# successes: 505 (80.5%)
Current task success rate: 1.0
Current total success rate: 0.8054226475279107

Task: put the bowl on the plate view 0 0 100 0 0 initstate 229
Success: True
# episodes completed so far: 628
# successes: 506 (80.6%)
Current task success rate: 1.0
Current total success rate: 0.8057324840764332

Task: put the bowl on the plate view 0 0 100 0 0 initstate 239
Success: True
# episodes completed so far: 629
# successes: 507 (80.6%)
Current task success rate: 1.0
Current total success rate: 0.8060413354531002

Task: put the bowl on the plate view 0 0 100 0 0 initstate 249
Success: True
# episodes completed so far: 630
# successes: 508 (80.6%)
Current task success rate: 1.0
Current total success rate: 0.8063492063492064

Task: put the bowl on the plate view 0 0 100 0 0 initstate 259
Success: True
# episodes completed so far: 631
# successes: 509 (80.7%)
Current task success rate: 1.0
Current total success rate: 0.8066561014263075

Task: put the bowl on the plate view 0 0 100 0 0 initstate 269
Success: True
# episodes completed so far: 632
# successes: 510 (80.7%)
Current task success rate: 1.0
Current total success rate: 0.8069620253164557

Task: put the bowl on the plate view 0 0 100 0 0 initstate 279
Success: True
# episodes completed so far: 633
# successes: 511 (80.7%)
Current task success rate: 1.0
Current total success rate: 0.8072669826224329

Task: put the bowl on the plate view 0 0 100 0 0 initstate 289
Success: True
# episodes completed so far: 634
# successes: 512 (80.8%)
Current task success rate: 1.0
Current total success rate: 0.807570977917981

Task: put the bowl on the plate view 0 0 100 0 0 initstate 299
Success: False
# episodes completed so far: 635
# successes: 512 (80.6%)
Current task success rate: 0.0
Current total success rate: 0.8062992125984252

Task: put the bowl on the plate view 0 0 100 0 0 initstate 309
Success: True
# episodes completed so far: 636
# successes: 513 (80.7%)
Current task success rate: 1.0
Current total success rate: 0.8066037735849056

Task: put the bowl on the plate view 0 0 100 0 0 initstate 319
Success: False
# episodes completed so far: 637
# successes: 513 (80.5%)
Current task success rate: 0.0
Current total success rate: 0.8053375196232339

Task: put the bowl on the plate view 0 0 100 0 0 initstate 329
Success: False
# episodes completed so far: 638
# successes: 513 (80.4%)
Current task success rate: 0.0
Current total success rate: 0.8040752351097179

Task: put the bowl on the plate view 0 0 100 0 0 initstate 369
Success: True
# episodes completed so far: 639
# successes: 514 (80.4%)
Current task success rate: 1.0
Current total success rate: 0.8043818466353677

Task: put the bowl on the plate view 0 0 100 0 0 initstate 379
Success: True
# episodes completed so far: 640
# successes: 515 (80.5%)
Current task success rate: 1.0
Current total success rate: 0.8046875

Task: put the bowl on the plate view 0 0 100 0 0 initstate 389
Success: True
# episodes completed so far: 641
# successes: 516 (80.5%)
Current task success rate: 1.0
Current total success rate: 0.8049921996879875

Task: put the bowl on the plate view 0 0 100 0 0 initstate 409
Success: False
# episodes completed so far: 642
# successes: 516 (80.4%)
Current task success rate: 0.0
Current total success rate: 0.8037383177570093

Task: put the bowl on the plate view 0 0 100 0 0 initstate 419
Success: True
# episodes completed so far: 643
# successes: 517 (80.4%)
Current task success rate: 1.0
Current total success rate: 0.8040435458786936

Task: put the bowl on the plate view 0 0 100 0 0 initstate 429
Success: True
# episodes completed so far: 644
# successes: 518 (80.4%)
Current task success rate: 1.0
Current total success rate: 0.8043478260869565

Task: put the bowl on the plate view 0 0 100 0 0 initstate 439
Success: True
# episodes completed so far: 645
# successes: 519 (80.5%)
Current task success rate: 1.0
Current total success rate: 0.8046511627906977

Task: put the bowl on the plate view 0 0 100 0 0 initstate 449
Success: True
# episodes completed so far: 646
# successes: 520 (80.5%)
Current task success rate: 1.0
Current total success rate: 0.804953560371517

Task: put the bowl on the plate view 0 0 100 0 0 initstate 459
Success: True
# episodes completed so far: 647
# successes: 521 (80.5%)
Current task success rate: 1.0
Current total success rate: 0.8052550231839258

Task: put the bowl on the plate view 0 0 100 0 0 initstate 469
Success: True
# episodes completed so far: 648
# successes: 522 (80.6%)
Current task success rate: 1.0
Current total success rate: 0.8055555555555556

Task: put the bowl on the plate view 0 0 100 0 0 initstate 479
Success: False
# episodes completed so far: 649
# successes: 522 (80.4%)
Current task success rate: 0.0
Current total success rate: 0.8043143297380585

Task: put the bowl on the plate view 0 0 100 0 0 initstate 489
Success: True
# episodes completed so far: 650
# successes: 523 (80.5%)
Current task success rate: 1.0
Current total success rate: 0.8046153846153846

Task: put the bowl on the plate view 0 0 100 0 0 initstate 499
Success: True
# episodes completed so far: 651
# successes: 524 (80.5%)
Current task success rate: 1.0
Current total success rate: 0.804915514592934

Task: put the wine bottle on the rack view 0 0 100 0 0 initstate 10
Success: True
# episodes completed so far: 652
# successes: 525 (80.5%)
Current task success rate: 1.0
Current total success rate: 0.8052147239263804

Task: put the wine bottle on the rack view 0 0 100 0 0 initstate 20
Success: True
# episodes completed so far: 653
# successes: 526 (80.6%)
Current task success rate: 1.0
Current total success rate: 0.8055130168453293

Task: put the wine bottle on the rack view 0 0 100 0 0 initstate 30
Success: True
# episodes completed so far: 654
# successes: 527 (80.6%)
Current task success rate: 1.0
Current total success rate: 0.8058103975535168

Task: put the wine bottle on the rack view 0 0 100 0 0 initstate 40
Success: True
# episodes completed so far: 655
# successes: 528 (80.6%)
Current task success rate: 1.0
Current total success rate: 0.8061068702290076

Task: put the wine bottle on the rack view 0 0 100 0 0 initstate 50
Success: True
# episodes completed so far: 656
# successes: 529 (80.6%)
Current task success rate: 1.0
Current total success rate: 0.8064024390243902

Task: put the wine bottle on the rack view 0 0 100 0 0 initstate 70
Success: True
# episodes completed so far: 657
# successes: 530 (80.7%)
Current task success rate: 1.0
Current total success rate: 0.806697108066971

Task: put the wine bottle on the rack view 0 0 100 0 0 initstate 80
Success: True
# episodes completed so far: 658
# successes: 531 (80.7%)
Current task success rate: 1.0
Current total success rate: 0.8069908814589666

Task: put the wine bottle on the rack view 0 0 100 0 0 initstate 90
Success: True
# episodes completed so far: 659
# successes: 532 (80.7%)
Current task success rate: 1.0
Current total success rate: 0.8072837632776935

Task: put the wine bottle on the rack view 0 0 100 0 0 initstate 110
Success: False
# episodes completed so far: 660
# successes: 532 (80.6%)
Current task success rate: 0.0
Current total success rate: 0.806060606060606

Task: put the wine bottle on the rack view 0 0 100 0 0 initstate 120
Success: False
# episodes completed so far: 661
# successes: 532 (80.5%)
Current task success rate: 0.0
Current total success rate: 0.8048411497730711

Task: put the wine bottle on the rack view 0 0 100 0 0 initstate 130
Success: True
# episodes completed so far: 662
# successes: 533 (80.5%)
Current task success rate: 1.0
Current total success rate: 0.8051359516616314

Task: put the wine bottle on the rack view 0 0 100 0 0 initstate 140
Success: True
# episodes completed so far: 663
# successes: 534 (80.5%)
Current task success rate: 1.0
Current total success rate: 0.8054298642533937

Task: put the wine bottle on the rack view 0 0 100 0 0 initstate 160
Success: False
# episodes completed so far: 664
# successes: 534 (80.4%)
Current task success rate: 0.0
Current total success rate: 0.8042168674698795

Task: put the wine bottle on the rack view 0 0 100 0 0 initstate 170
Success: True
# episodes completed so far: 665
# successes: 535 (80.5%)
Current task success rate: 1.0
Current total success rate: 0.8045112781954887

Task: put the wine bottle on the rack view 0 0 100 0 0 initstate 180
Success: True
# episodes completed so far: 666
# successes: 536 (80.5%)
Current task success rate: 1.0
Current total success rate: 0.8048048048048048

Task: put the wine bottle on the rack view 0 0 100 0 0 initstate 190
Success: False
# episodes completed so far: 667
# successes: 536 (80.4%)
Current task success rate: 0.0
Current total success rate: 0.8035982008995503

Task: put the wine bottle on the rack view 0 0 100 0 0 initstate 200
Success: True
# episodes completed so far: 668
# successes: 537 (80.4%)
Current task success rate: 1.0
Current total success rate: 0.8038922155688623

Task: put the wine bottle on the rack view 0 0 100 0 0 initstate 210
Success: False
# episodes completed so far: 669
# successes: 537 (80.3%)
Current task success rate: 0.0
Current total success rate: 0.8026905829596412

Task: put the wine bottle on the rack view 0 0 100 0 0 initstate 220
Success: True
# episodes completed so far: 670
# successes: 538 (80.3%)
Current task success rate: 1.0
Current total success rate: 0.8029850746268656

Task: put the wine bottle on the rack view 0 0 100 0 0 initstate 230
Success: False
# episodes completed so far: 671
# successes: 538 (80.2%)
Current task success rate: 0.0
Current total success rate: 0.8017883755588674

Task: put the wine bottle on the rack view 0 0 100 0 0 initstate 240
Success: False
# episodes completed so far: 672
# successes: 538 (80.1%)
Current task success rate: 0.0
Current total success rate: 0.8005952380952381

Task: put the wine bottle on the rack view 0 0 100 0 0 initstate 250
Success: False
# episodes completed so far: 673
# successes: 538 (79.9%)
Current task success rate: 0.0
Current total success rate: 0.799405646359584

Task: put the wine bottle on the rack view 0 0 100 0 0 initstate 260
Success: True
# episodes completed so far: 674
# successes: 539 (80.0%)
Current task success rate: 1.0
Current total success rate: 0.7997032640949555

Task: put the wine bottle on the rack view 0 0 100 0 0 initstate 270
Success: False
# episodes completed so far: 675
# successes: 539 (79.9%)
Current task success rate: 0.0
Current total success rate: 0.7985185185185185

Task: put the wine bottle on the rack view 0 0 100 0 0 initstate 280
Success: False
# episodes completed so far: 676
# successes: 539 (79.7%)
Current task success rate: 0.0
Current total success rate: 0.7973372781065089

Task: put the wine bottle on the rack view 0 0 100 0 0 initstate 290
Success: False
# episodes completed so far: 677
# successes: 539 (79.6%)
Current task success rate: 0.0
Current total success rate: 0.7961595273264401

Task: put the wine bottle on the rack view 0 0 100 0 0 initstate 300
Success: False
# episodes completed so far: 678
# successes: 539 (79.5%)
Current task success rate: 0.0
Current total success rate: 0.7949852507374632

Task: put the wine bottle on the rack view 0 0 100 0 0 initstate 360
Success: True
# episodes completed so far: 679
# successes: 540 (79.5%)
Current task success rate: 1.0
Current total success rate: 0.7952871870397643

Task: put the wine bottle on the rack view 0 0 100 0 0 initstate 370
Success: False
# episodes completed so far: 680
# successes: 540 (79.4%)
Current task success rate: 0.0
Current total success rate: 0.7941176470588235

Task: put the wine bottle on the rack view 0 0 100 0 0 initstate 380
Success: True
# episodes completed so far: 681
# successes: 541 (79.4%)
Current task success rate: 1.0
Current total success rate: 0.7944199706314243

Task: put the wine bottle on the rack view 0 0 100 0 0 initstate 390
Success: False
# episodes completed so far: 682
# successes: 541 (79.3%)
Current task success rate: 0.0
Current total success rate: 0.7932551319648093

Task: put the wine bottle on the rack view 0 0 100 0 0 initstate 400
Success: False
# episodes completed so far: 683
# successes: 541 (79.2%)
Current task success rate: 0.0
Current total success rate: 0.7920937042459737

Task: put the wine bottle on the rack view 0 0 100 0 0 initstate 420
Success: False
# episodes completed so far: 684
# successes: 541 (79.1%)
Current task success rate: 0.0
Current total success rate: 0.7909356725146199

Task: put the wine bottle on the rack view 0 0 100 0 0 initstate 440
Success: False
# episodes completed so far: 685
# successes: 541 (79.0%)
Current task success rate: 0.0
Current total success rate: 0.7897810218978102

Task: put the wine bottle on the rack view 0 0 100 0 0 initstate 450
Success: False
# episodes completed so far: 686
# successes: 541 (78.9%)
Current task success rate: 0.0
Current total success rate: 0.7886297376093294

Task: put the wine bottle on the rack view 0 0 100 0 0 initstate 460
Success: False
# episodes completed so far: 687
# successes: 541 (78.7%)
Current task success rate: 0.0
Current total success rate: 0.7874818049490538

Task: put the wine bottle on the rack view 0 0 100 0 0 initstate 480
Success: True
# episodes completed so far: 688
# successes: 542 (78.8%)
Current task success rate: 1.0
Current total success rate: 0.7877906976744186

Task: put the wine bottle on the rack view 0 0 100 0 0 initstate 490
Success: False
# episodes completed so far: 689
# successes: 542 (78.7%)
Current task success rate: 0.0
Current total success rate: 0.7866473149492017

Task: put the wine bottle on the rack view 0 0 100 0 0 initstate 500
Success: True
# episodes completed so far: 690
# successes: 543 (78.7%)
Current task success rate: 1.0
Current total success rate: 0.7869565217391304

Task: open the middle drawer of the cabinet view 0 0 100 2 4 initstate 0
Success: True
# episodes completed so far: 691
# successes: 544 (78.7%)
Current task success rate: 1.0
Current total success rate: 0.7872648335745297

Task: open the middle drawer of the cabinet view 0 0 100 2 6 initstate 0
Success: True
# episodes completed so far: 692
# successes: 545 (78.8%)
Current task success rate: 1.0
Current total success rate: 0.7875722543352601

Task: open the middle drawer of the cabinet view 0 0 100 2 8 initstate 0
Success: True
# episodes completed so far: 693
# successes: 546 (78.8%)
Current task success rate: 1.0
Current total success rate: 0.7878787878787878

Task: open the middle drawer of the cabinet view 0 0 100 2 10 initstate 0
Success: True
# episodes completed so far: 694
# successes: 547 (78.8%)
Current task success rate: 1.0
Current total success rate: 0.7881844380403458

Task: open the middle drawer of the cabinet view 0 0 100 2 350 initstate 0
Success: False
# episodes completed so far: 695
# successes: 547 (78.7%)
Current task success rate: 0.0
Current total success rate: 0.7870503597122303

Task: open the middle drawer of the cabinet view 0 0 100 2 352 initstate 0
Success: False
# episodes completed so far: 696
# successes: 547 (78.6%)
Current task success rate: 0.0
Current total success rate: 0.7859195402298851

Task: open the middle drawer of the cabinet view 0 0 100 2 354 initstate 0
Success: True
# episodes completed so far: 697
# successes: 548 (78.6%)
Current task success rate: 1.0
Current total success rate: 0.7862266857962698

Task: open the middle drawer of the cabinet view 1 15 100 0 0 initstate 0
Success: True
# episodes completed so far: 698
# successes: 549 (78.7%)
Current task success rate: 1.0
Current total success rate: 0.7865329512893983

Task: open the middle drawer of the cabinet view 2 15 100 0 0 initstate 0
Success: True
# episodes completed so far: 699
# successes: 550 (78.7%)
Current task success rate: 1.0
Current total success rate: 0.7868383404864091

Task: open the middle drawer of the cabinet view 4 15 100 0 0 initstate 0
Success: True
# episodes completed so far: 700
# successes: 551 (78.7%)
Current task success rate: 1.0
Current total success rate: 0.7871428571428571

Task: open the middle drawer of the cabinet view 5 15 100 0 0 initstate 0
Success: True
# episodes completed so far: 701
# successes: 552 (78.7%)
Current task success rate: 1.0
Current total success rate: 0.7874465049928673

Task: open the middle drawer of the cabinet view 6 15 100 0 0 initstate 0
Success: True
# episodes completed so far: 702
# successes: 553 (78.8%)
Current task success rate: 1.0
Current total success rate: 0.7877492877492878

Task: open the middle drawer of the cabinet view 7 15 100 0 0 initstate 0
Success: True
# episodes completed so far: 703
# successes: 554 (78.8%)
Current task success rate: 1.0
Current total success rate: 0.7880512091038406

Task: open the middle drawer of the cabinet view 8 15 100 0 0 initstate 0
Success: True
# episodes completed so far: 704
# successes: 555 (78.8%)
Current task success rate: 1.0
Current total success rate: 0.7883522727272727

Task: open the middle drawer of the cabinet view 9 15 100 0 0 initstate 0
Success: True
# episodes completed so far: 705
# successes: 556 (78.9%)
Current task success rate: 1.0
Current total success rate: 0.7886524822695036

Task: open the middle drawer of the cabinet view 10 15 100 0 0 initstate 0
Success: True
# episodes completed so far: 706
# successes: 557 (78.9%)
Current task success rate: 1.0
Current total success rate: 0.7889518413597734

Task: open the middle drawer of the cabinet view 11 15 100 0 0 initstate 0
Success: True
# episodes completed so far: 707
# successes: 558 (78.9%)
Current task success rate: 1.0
Current total success rate: 0.7892503536067893

Task: open the middle drawer of the cabinet view 12 15 100 0 0 initstate 0
Success: False
# episodes completed so far: 708
# successes: 558 (78.8%)
Current task success rate: 0.0
Current total success rate: 0.788135593220339

Task: open the middle drawer of the cabinet view 13 15 100 0 0 initstate 0
Success: False
# episodes completed so far: 709
# successes: 558 (78.7%)
Current task success rate: 0.0
Current total success rate: 0.7870239774330042

Task: open the middle drawer of the cabinet view 14 15 100 0 0 initstate 0
Success: False
# episodes completed so far: 710
# successes: 558 (78.6%)
Current task success rate: 0.0
Current total success rate: 0.7859154929577464

Task: open the middle drawer of the cabinet view 15 15 100 0 0 initstate 0
Success: False
# episodes completed so far: 711
# successes: 558 (78.5%)
Current task success rate: 0.0
Current total success rate: 0.7848101265822784

Task: put the bowl on the stove view 0 0 115 0 0 initstate 0
Success: True
# episodes completed so far: 712
# successes: 559 (78.5%)
Current task success rate: 1.0
Current total success rate: 0.7851123595505618

Task: put the bowl on the stove view 0 0 119 0 0 initstate 0
Success: True
# episodes completed so far: 713
# successes: 560 (78.5%)
Current task success rate: 1.0
Current total success rate: 0.7854137447405329

Task: put the bowl on the stove view 0 0 120 0 0 initstate 0
Success: True
# episodes completed so far: 714
# successes: 561 (78.6%)
Current task success rate: 1.0
Current total success rate: 0.7857142857142857

Task: put the bowl on the stove view 0 0 100 4 6 initstate 0
Success: True
# episodes completed so far: 715
# successes: 562 (78.6%)
Current task success rate: 1.0
Current total success rate: 0.786013986013986

Task: put the bowl on the stove view 0 0 100 4 10 initstate 0
Success: False
# episodes completed so far: 716
# successes: 562 (78.5%)
Current task success rate: 0.0
Current total success rate: 0.7849162011173184

Task: put the bowl on the stove view 0 0 100 4 350 initstate 0
Success: True
# episodes completed so far: 717
# successes: 563 (78.5%)
Current task success rate: 1.0
Current total success rate: 0.7852161785216178

Task: put the bowl on the stove view 0 0 100 4 352 initstate 0
Success: True
# episodes completed so far: 718
# successes: 564 (78.6%)
Current task success rate: 1.0
Current total success rate: 0.7855153203342619

Task: put the bowl on the stove view 16 15 100 0 0 initstate 0
Success: True
# episodes completed so far: 719
# successes: 565 (78.6%)
Current task success rate: 1.0
Current total success rate: 0.7858136300417247

Task: put the bowl on the stove view 17 0 100 0 0 initstate 0
Success: True
# episodes completed so far: 720
# successes: 566 (78.6%)
Current task success rate: 1.0
Current total success rate: 0.7861111111111111

Task: put the bowl on the stove view 17 15 100 0 0 initstate 0
Success: False
# episodes completed so far: 721
# successes: 566 (78.5%)
Current task success rate: 0.0
Current total success rate: 0.7850208044382802

Task: put the bowl on the stove view 18 0 100 0 0 initstate 0
Success: True
# episodes completed so far: 722
# successes: 567 (78.5%)
Current task success rate: 1.0
Current total success rate: 0.7853185595567868

Task: put the bowl on the stove view 18 15 100 0 0 initstate 0
Success: True
# episodes completed so far: 723
# successes: 568 (78.6%)
Current task success rate: 1.0
Current total success rate: 0.7856154910096819

Task: put the bowl on the stove view 19 0 100 0 0 initstate 0
Success: True
# episodes completed so far: 724
# successes: 569 (78.6%)
Current task success rate: 1.0
Current total success rate: 0.7859116022099447

Task: put the bowl on the stove view 19 15 100 0 0 initstate 0
Success: False
# episodes completed so far: 725
# successes: 569 (78.5%)
Current task success rate: 0.0
Current total success rate: 0.7848275862068965

Task: put the bowl on the stove view 20 15 100 0 0 initstate 0
Success: True
# episodes completed so far: 726
# successes: 570 (78.5%)
Current task success rate: 1.0
Current total success rate: 0.7851239669421488

Task: put the bowl on the stove view 21 15 100 0 0 initstate 0
Success: False
# episodes completed so far: 727
# successes: 570 (78.4%)
Current task success rate: 0.0
Current total success rate: 0.7840440165061898

Task: put the bowl on the stove view 22 15 100 0 0 initstate 0
Success: True
# episodes completed so far: 728
# successes: 571 (78.4%)
Current task success rate: 1.0
Current total success rate: 0.7843406593406593

Task: put the bowl on the stove view 23 0 100 0 0 initstate 0
Success: True
# episodes completed so far: 729
# successes: 572 (78.5%)
Current task success rate: 1.0
Current total success rate: 0.7846364883401921

Task: put the bowl on the stove view 23 15 100 0 0 initstate 0
Success: False
# episodes completed so far: 730
# successes: 572 (78.4%)
Current task success rate: 0.0
Current total success rate: 0.7835616438356164

Task: put the bowl on the stove view 24 0 100 0 0 initstate 0
Success: True
# episodes completed so far: 731
# successes: 573 (78.4%)
Current task success rate: 1.0
Current total success rate: 0.7838577291381669

Task: put the bowl on the stove view 24 15 100 0 0 initstate 0
Success: False
# episodes completed so far: 732
# successes: 573 (78.3%)
Current task success rate: 0.0
Current total success rate: 0.7827868852459017

Task: put the bowl on the stove view 25 0 100 0 0 initstate 0
Success: True
# episodes completed so far: 733
# successes: 574 (78.3%)
Current task success rate: 1.0
Current total success rate: 0.7830832196452933

Task: put the bowl on the stove view 25 15 100 0 0 initstate 0
Success: False
# episodes completed so far: 734
# successes: 574 (78.2%)
Current task success rate: 0.0
Current total success rate: 0.782016348773842

Task: put the bowl on the stove view 26 0 100 0 0 initstate 0
Success: True
# episodes completed so far: 735
# successes: 575 (78.2%)
Current task success rate: 1.0
Current total success rate: 0.782312925170068

Task: put the bowl on the stove view 26 15 100 0 0 initstate 0
Success: False
# episodes completed so far: 736
# successes: 575 (78.1%)
Current task success rate: 0.0
Current total success rate: 0.78125

Task: put the bowl on the stove view 27 15 100 0 0 initstate 0
Success: False
# episodes completed so far: 737
# successes: 575 (78.0%)
Current task success rate: 0.0
Current total success rate: 0.7801899592944369

Task: put the bowl on the stove view 28 0 100 0 0 initstate 0
Success: True
# episodes completed so far: 738
# successes: 576 (78.0%)
Current task success rate: 1.0
Current total success rate: 0.7804878048780488

Task: put the bowl on the stove view 28 15 100 0 0 initstate 0
Success: False
# episodes completed so far: 739
# successes: 576 (77.9%)
Current task success rate: 0.0
Current total success rate: 0.7794316644113667

Task: put the bowl on the stove view 29 0 100 0 0 initstate 0
Success: True
# episodes completed so far: 740
# successes: 577 (78.0%)
Current task success rate: 1.0
Current total success rate: 0.7797297297297298

Task: put the bowl on the stove view 29 15 100 0 0 initstate 0
Success: True
# episodes completed so far: 741
# successes: 578 (78.0%)
Current task success rate: 1.0
Current total success rate: 0.7800269905533064

Task: put the bowl on the stove view 30 0 100 0 0 initstate 0
Success: True
# episodes completed so far: 742
# successes: 579 (78.0%)
Current task success rate: 1.0
Current total success rate: 0.7803234501347709

Task: put the bowl on the stove view 30 15 100 0 0 initstate 0
Success: False
# episodes completed so far: 743
# successes: 579 (77.9%)
Current task success rate: 0.0
Current total success rate: 0.7792732166890982

Task: put the wine bottle on top of the cabinet view 0 0 123 0 0 initstate 0
Success: False
# episodes completed so far: 744
# successes: 579 (77.8%)
Current task success rate: 0.0
Current total success rate: 0.7782258064516129

Task: put the wine bottle on top of the cabinet view 0 0 125 0 0 initstate 0
Success: True
# episodes completed so far: 745
# successes: 580 (77.9%)
Current task success rate: 1.0
Current total success rate: 0.7785234899328859

Task: put the wine bottle on top of the cabinet view 0 0 126 0 0 initstate 0
Success: False
# episodes completed so far: 746
# successes: 580 (77.7%)
Current task success rate: 0.0
Current total success rate: 0.7774798927613941

Task: put the wine bottle on top of the cabinet view 0 0 127 0 0 initstate 0
Success: False
# episodes completed so far: 747
# successes: 580 (77.6%)
Current task success rate: 0.0
Current total success rate: 0.7764390896921017

Task: put the wine bottle on top of the cabinet view 0 0 128 0 0 initstate 0
Success: False
# episodes completed so far: 748
# successes: 580 (77.5%)
Current task success rate: 0.0
Current total success rate: 0.7754010695187166

Task: put the wine bottle on top of the cabinet view 0 0 129 0 0 initstate 0
Success: False
# episodes completed so far: 749
# successes: 580 (77.4%)
Current task success rate: 0.0
Current total success rate: 0.774365821094793

Task: put the wine bottle on top of the cabinet view 0 0 130 0 0 initstate 0
Success: False
# episodes completed so far: 750
# successes: 580 (77.3%)
Current task success rate: 0.0
Current total success rate: 0.7733333333333333

Task: put the wine bottle on top of the cabinet view 0 0 100 6 4 initstate 0
Success: True
# episodes completed so far: 751
# successes: 581 (77.4%)
Current task success rate: 1.0
Current total success rate: 0.7736351531291611

Task: put the wine bottle on top of the cabinet view 0 0 100 6 6 initstate 0
Success: True
# episodes completed so far: 752
# successes: 582 (77.4%)
Current task success rate: 1.0
Current total success rate: 0.773936170212766

Task: put the wine bottle on top of the cabinet view 0 0 100 6 10 initstate 0
Success: False
# episodes completed so far: 753
# successes: 582 (77.3%)
Current task success rate: 0.0
Current total success rate: 0.7729083665338645

Task: put the wine bottle on top of the cabinet view 31 0 100 0 0 initstate 0
Success: False
# episodes completed so far: 754
# successes: 582 (77.2%)
Current task success rate: 0.0
Current total success rate: 0.7718832891246684

Task: put the wine bottle on top of the cabinet view 31 15 100 0 0 initstate 0
Success: False
# episodes completed so far: 755
# successes: 582 (77.1%)
Current task success rate: 0.0
Current total success rate: 0.7708609271523179

Task: put the wine bottle on top of the cabinet view 32 0 100 0 0 initstate 0
Success: False
# episodes completed so far: 756
# successes: 582 (77.0%)
Current task success rate: 0.0
Current total success rate: 0.7698412698412699

Task: put the wine bottle on top of the cabinet view 32 15 100 0 0 initstate 0
Success: False
# episodes completed so far: 757
# successes: 582 (76.9%)
Current task success rate: 0.0
Current total success rate: 0.7688243064729194

Task: put the wine bottle on top of the cabinet view 33 0 100 0 0 initstate 0
Success: False
# episodes completed so far: 758
# successes: 582 (76.8%)
Current task success rate: 0.0
Current total success rate: 0.7678100263852242

Task: put the wine bottle on top of the cabinet view 33 15 100 0 0 initstate 0
Success: False
# episodes completed so far: 759
# successes: 582 (76.7%)
Current task success rate: 0.0
Current total success rate: 0.766798418972332

Task: put the wine bottle on top of the cabinet view 34 0 100 0 0 initstate 0
Success: False
# episodes completed so far: 760
# successes: 582 (76.6%)
Current task success rate: 0.0
Current total success rate: 0.7657894736842106

Task: put the wine bottle on top of the cabinet view 34 15 100 0 0 initstate 0
Success: False
# episodes completed so far: 761
# successes: 582 (76.5%)
Current task success rate: 0.0
Current total success rate: 0.7647831800262812

Task: put the wine bottle on top of the cabinet view 35 0 100 0 0 initstate 0
Success: False
# episodes completed so far: 762
# successes: 582 (76.4%)
Current task success rate: 0.0
Current total success rate: 0.7637795275590551

Task: put the wine bottle on top of the cabinet view 35 15 100 0 0 initstate 0
Success: False
# episodes completed so far: 763
# successes: 582 (76.3%)
Current task success rate: 0.0
Current total success rate: 0.762778505897772

Task: put the wine bottle on top of the cabinet view 36 0 100 0 0 initstate 0
Success: True
# episodes completed so far: 764
# successes: 583 (76.3%)
Current task success rate: 1.0
Current total success rate: 0.7630890052356021

Task: put the wine bottle on top of the cabinet view 36 15 100 0 0 initstate 0
Success: False
# episodes completed so far: 765
# successes: 583 (76.2%)
Current task success rate: 0.0
Current total success rate: 0.7620915032679738

Task: put the wine bottle on top of the cabinet view 37 0 100 0 0 initstate 0
Success: True
# episodes completed so far: 766
# successes: 584 (76.2%)
Current task success rate: 1.0
Current total success rate: 0.762402088772846

Task: put the wine bottle on top of the cabinet view 37 15 100 0 0 initstate 0
Success: False
# episodes completed so far: 767
# successes: 584 (76.1%)
Current task success rate: 0.0
Current total success rate: 0.7614080834419817

Task: put the wine bottle on top of the cabinet view 38 0 100 0 0 initstate 0
Success: True
# episodes completed so far: 768
# successes: 585 (76.2%)
Current task success rate: 1.0
Current total success rate: 0.76171875

Task: put the wine bottle on top of the cabinet view 38 15 100 0 0 initstate 0
Success: False
# episodes completed so far: 769
# successes: 585 (76.1%)
Current task success rate: 0.0
Current total success rate: 0.7607282184655396

Task: put the wine bottle on top of the cabinet view 39 0 100 0 0 initstate 0
Success: True
# episodes completed so far: 770
# successes: 586 (76.1%)
Current task success rate: 1.0
Current total success rate: 0.7610389610389611

Task: put the wine bottle on top of the cabinet view 39 15 100 0 0 initstate 0
Success: False
# episodes completed so far: 771
# successes: 586 (76.0%)
Current task success rate: 0.0
Current total success rate: 0.7600518806744487

Task: put the wine bottle on top of the cabinet view 40 0 100 0 0 initstate 0
Success: True
# episodes completed so far: 772
# successes: 587 (76.0%)
Current task success rate: 1.0
Current total success rate: 0.7603626943005182

Task: put the wine bottle on top of the cabinet view 40 15 100 0 0 initstate 0
Success: False
# episodes completed so far: 773
# successes: 587 (75.9%)
Current task success rate: 0.0
Current total success rate: 0.759379042690815

Task: put the wine bottle on top of the cabinet view 41 0 100 0 0 initstate 0
Success: True
# episodes completed so far: 774
# successes: 588 (76.0%)
Current task success rate: 1.0
Current total success rate: 0.7596899224806202

Task: put the wine bottle on top of the cabinet view 41 15 100 0 0 initstate 0
Success: False
# episodes completed so far: 775
# successes: 588 (75.9%)
Current task success rate: 0.0
Current total success rate: 0.7587096774193548

Task: put the wine bottle on top of the cabinet view 42 0 100 0 0 initstate 0
Success: False
# episodes completed so far: 776
# successes: 588 (75.8%)
Current task success rate: 0.0
Current total success rate: 0.7577319587628866

Task: put the wine bottle on top of the cabinet view 42 15 100 0 0 initstate 0
Success: False
# episodes completed so far: 777
# successes: 588 (75.7%)
Current task success rate: 0.0
Current total success rate: 0.7567567567567568

Task: put the wine bottle on top of the cabinet view 43 0 100 0 0 initstate 0
Success: False
# episodes completed so far: 778
# successes: 588 (75.6%)
Current task success rate: 0.0
Current total success rate: 0.7557840616966581

Task: put the wine bottle on top of the cabinet view 43 15 100 0 0 initstate 0
Success: False
# episodes completed so far: 779
# successes: 588 (75.5%)
Current task success rate: 0.0
Current total success rate: 0.754813863928113

Task: put the wine bottle on top of the cabinet view 44 0 100 0 0 initstate 0
Success: True
# episodes completed so far: 780
# successes: 589 (75.5%)
Current task success rate: 1.0
Current total success rate: 0.7551282051282051

Task: put the wine bottle on top of the cabinet view 44 15 100 0 0 initstate 0
Success: False
# episodes completed so far: 781
# successes: 589 (75.4%)
Current task success rate: 0.0
Current total success rate: 0.7541613316261203

Task: put the wine bottle on top of the cabinet view 45 0 100 0 0 initstate 0
Success: False
# episodes completed so far: 782
# successes: 589 (75.3%)
Current task success rate: 0.0
Current total success rate: 0.7531969309462916

Task: put the wine bottle on top of the cabinet view 45 15 100 0 0 initstate 0
Success: False
# episodes completed so far: 783
# successes: 589 (75.2%)
Current task success rate: 0.0
Current total success rate: 0.7522349936143039

Task: open the top drawer and put the bowl inside view 0 0 131 0 0 initstate 0
Success: False
# episodes completed so far: 784
# successes: 589 (75.1%)
Current task success rate: 0.0
Current total success rate: 0.7512755102040817

Task: open the top drawer and put the bowl inside view 0 0 132 0 0 initstate 0
Success: True
# episodes completed so far: 785
# successes: 590 (75.2%)
Current task success rate: 1.0
Current total success rate: 0.7515923566878981

Task: open the top drawer and put the bowl inside view 0 0 133 0 0 initstate 0
Success: False
# episodes completed so far: 786
# successes: 590 (75.1%)
Current task success rate: 0.0
Current total success rate: 0.7506361323155216

Task: open the top drawer and put the bowl inside view 0 0 134 0 0 initstate 0
Success: False
# episodes completed so far: 787
# successes: 590 (75.0%)
Current task success rate: 0.0
Current total success rate: 0.7496823379923762

Task: open the top drawer and put the bowl inside view 0 0 136 0 0 initstate 0
Success: False
# episodes completed so far: 788
# successes: 590 (74.9%)
Current task success rate: 0.0
Current total success rate: 0.748730964467005

Task: open the top drawer and put the bowl inside view 0 0 137 0 0 initstate 0
Success: False
# episodes completed so far: 789
# successes: 590 (74.8%)
Current task success rate: 0.0
Current total success rate: 0.7477820025348543

Task: open the top drawer and put the bowl inside view 0 0 138 0 0 initstate 0
Success: False
# episodes completed so far: 790
# successes: 590 (74.7%)
Current task success rate: 0.0
Current total success rate: 0.7468354430379747

Task: open the top drawer and put the bowl inside view 0 0 140 0 0 initstate 0
Success: False
# episodes completed so far: 791
# successes: 590 (74.6%)
Current task success rate: 0.0
Current total success rate: 0.7458912768647282

Task: open the top drawer and put the bowl inside view 0 0 100 8 2 initstate 0
Success: False
# episodes completed so far: 792
# successes: 590 (74.5%)
Current task success rate: 0.0
Current total success rate: 0.7449494949494949

Task: open the top drawer and put the bowl inside view 0 0 100 8 4 initstate 0
Success: False
# episodes completed so far: 793
# successes: 590 (74.4%)
Current task success rate: 0.0
Current total success rate: 0.7440100882723834

Task: open the top drawer and put the bowl inside view 0 0 100 8 6 initstate 0
Success: False
# episodes completed so far: 794
# successes: 590 (74.3%)
Current task success rate: 0.0
Current total success rate: 0.743073047858942

Task: open the top drawer and put the bowl inside view 0 0 100 8 8 initstate 0
Success: False
# episodes completed so far: 795
# successes: 590 (74.2%)
Current task success rate: 0.0
Current total success rate: 0.7421383647798742

Task: open the top drawer and put the bowl inside view 0 0 100 8 10 initstate 0
Success: False
# episodes completed so far: 796
# successes: 590 (74.1%)
Current task success rate: 0.0
Current total success rate: 0.7412060301507538

Task: open the top drawer and put the bowl inside view 0 0 100 8 350 initstate 0
Success: False
# episodes completed so far: 797
# successes: 590 (74.0%)
Current task success rate: 0.0
Current total success rate: 0.740276035131744

Task: open the top drawer and put the bowl inside view 0 0 100 8 352 initstate 0
Success: False
# episodes completed so far: 798
# successes: 590 (73.9%)
Current task success rate: 0.0
Current total success rate: 0.7393483709273183

Task: open the top drawer and put the bowl inside view 0 0 100 8 354 initstate 0
Success: False
# episodes completed so far: 799
# successes: 590 (73.8%)
Current task success rate: 0.0
Current total success rate: 0.7384230287859824

Task: open the top drawer and put the bowl inside view 0 0 100 8 356 initstate 0
Success: False
# episodes completed so far: 800
# successes: 590 (73.8%)
Current task success rate: 0.0
Current total success rate: 0.7375

Task: open the top drawer and put the bowl inside view 0 0 100 8 358 initstate 0
Success: False
# episodes completed so far: 801
# successes: 590 (73.7%)
Current task success rate: 0.0
Current total success rate: 0.7365792759051186

Task: open the top drawer and put the bowl inside view 46 0 100 0 0 initstate 0
Success: False
# episodes completed so far: 802
# successes: 590 (73.6%)
Current task success rate: 0.0
Current total success rate: 0.7356608478802993

Task: open the top drawer and put the bowl inside view 46 15 100 0 0 initstate 0
Success: False
# episodes completed so far: 803
# successes: 590 (73.5%)
Current task success rate: 0.0
Current total success rate: 0.7347447073474471

Task: open the top drawer and put the bowl inside view 47 0 100 0 0 initstate 0
Success: False
# episodes completed so far: 804
# successes: 590 (73.4%)
Current task success rate: 0.0
Current total success rate: 0.7338308457711443

Task: open the top drawer and put the bowl inside view 47 15 100 0 0 initstate 0
Success: False
# episodes completed so far: 805
# successes: 590 (73.3%)
Current task success rate: 0.0
Current total success rate: 0.7329192546583851

Task: open the top drawer and put the bowl inside view 48 0 100 0 0 initstate 0
Success: False
# episodes completed so far: 806
# successes: 590 (73.2%)
Current task success rate: 0.0
Current total success rate: 0.7320099255583127

Task: open the top drawer and put the bowl inside view 48 15 100 0 0 initstate 0
Success: False
# episodes completed so far: 807
# successes: 590 (73.1%)
Current task success rate: 0.0
Current total success rate: 0.7311028500619579

Task: open the top drawer and put the bowl inside view 49 0 100 0 0 initstate 0
Success: False
# episodes completed so far: 808
# successes: 590 (73.0%)
Current task success rate: 0.0
Current total success rate: 0.7301980198019802

Task: open the top drawer and put the bowl inside view 49 15 100 0 0 initstate 0
Success: False
# episodes completed so far: 809
# successes: 590 (72.9%)
Current task success rate: 0.0
Current total success rate: 0.7292954264524104

Task: open the top drawer and put the bowl inside view 50 0 100 0 0 initstate 0
Success: False
# episodes completed so far: 810
# successes: 590 (72.8%)
Current task success rate: 0.0
Current total success rate: 0.7283950617283951

Task: open the top drawer and put the bowl inside view 50 15 100 0 0 initstate 0
Success: False
# episodes completed so far: 811
# successes: 590 (72.7%)
Current task success rate: 0.0
Current total success rate: 0.7274969173859432

Task: open the top drawer and put the bowl inside view 51 0 100 0 0 initstate 0
Success: False
# episodes completed so far: 812
# successes: 590 (72.7%)
Current task success rate: 0.0
Current total success rate: 0.7266009852216748

Task: open the top drawer and put the bowl inside view 51 15 100 0 0 initstate 0
Success: False
# episodes completed so far: 813
# successes: 590 (72.6%)
Current task success rate: 0.0
Current total success rate: 0.7257072570725708

Task: open the top drawer and put the bowl inside view 52 0 100 0 0 initstate 0
Success: False
# episodes completed so far: 814
# successes: 590 (72.5%)
Current task success rate: 0.0
Current total success rate: 0.7248157248157249

Task: open the top drawer and put the bowl inside view 52 15 100 0 0 initstate 0
Success: False
# episodes completed so far: 815
# successes: 590 (72.4%)
Current task success rate: 0.0
Current total success rate: 0.7239263803680982

Task: open the top drawer and put the bowl inside view 53 0 100 0 0 initstate 0
Success: False
# episodes completed so far: 816
# successes: 590 (72.3%)
Current task success rate: 0.0
Current total success rate: 0.7230392156862745

Task: open the top drawer and put the bowl inside view 53 15 100 0 0 initstate 0
Success: False
# episodes completed so far: 817
# successes: 590 (72.2%)
Current task success rate: 0.0
Current total success rate: 0.7221542227662179

Task: open the top drawer and put the bowl inside view 54 0 100 0 0 initstate 0
Success: False
# episodes completed so far: 818
# successes: 590 (72.1%)
Current task success rate: 0.0
Current total success rate: 0.7212713936430318

Task: open the top drawer and put the bowl inside view 54 15 100 0 0 initstate 0
Success: False
# episodes completed so far: 819
# successes: 590 (72.0%)
Current task success rate: 0.0
Current total success rate: 0.7203907203907204

Task: open the top drawer and put the bowl inside view 55 0 100 0 0 initstate 0
Success: False
# episodes completed so far: 820
# successes: 590 (72.0%)
Current task success rate: 0.0
Current total success rate: 0.7195121951219512

Task: open the top drawer and put the bowl inside view 55 15 100 0 0 initstate 0
Success: False
# episodes completed so far: 821
# successes: 590 (71.9%)
Current task success rate: 0.0
Current total success rate: 0.7186358099878197

Task: open the top drawer and put the bowl inside view 56 0 100 0 0 initstate 0
Success: False
# episodes completed so far: 822
# successes: 590 (71.8%)
Current task success rate: 0.0
Current total success rate: 0.7177615571776156

Task: open the top drawer and put the bowl inside view 56 15 100 0 0 initstate 0
Success: False
# episodes completed so far: 823
# successes: 590 (71.7%)
Current task success rate: 0.0
Current total success rate: 0.7168894289185905

Task: open the top drawer and put the bowl inside view 57 0 100 0 0 initstate 0
Success: True
# episodes completed so far: 824
# successes: 591 (71.7%)
Current task success rate: 1.0
Current total success rate: 0.7172330097087378

Task: open the top drawer and put the bowl inside view 57 15 100 0 0 initstate 0
Success: False
# episodes completed so far: 825
# successes: 591 (71.6%)
Current task success rate: 0.0
Current total success rate: 0.7163636363636363

Task: open the top drawer and put the bowl inside view 58 0 100 0 0 initstate 0
Success: True
# episodes completed so far: 826
# successes: 592 (71.7%)
Current task success rate: 1.0
Current total success rate: 0.7167070217917676

Task: open the top drawer and put the bowl inside view 58 15 100 0 0 initstate 0
Success: False
# episodes completed so far: 827
# successes: 592 (71.6%)
Current task success rate: 0.0
Current total success rate: 0.7158403869407497

Task: open the top drawer and put the bowl inside view 59 0 100 0 0 initstate 0
Success: False
# episodes completed so far: 828
# successes: 592 (71.5%)
Current task success rate: 0.0
Current total success rate: 0.714975845410628

Task: open the top drawer and put the bowl inside view 59 15 100 0 0 initstate 0
Success: False
# episodes completed so far: 829
# successes: 592 (71.4%)
Current task success rate: 0.0
Current total success rate: 0.7141133896260555

Task: open the top drawer and put the bowl inside view 60 0 100 0 0 initstate 0
Success: True
# episodes completed so far: 830
# successes: 593 (71.4%)
Current task success rate: 1.0
Current total success rate: 0.7144578313253012

Task: open the top drawer and put the bowl inside view 60 15 100 0 0 initstate 0
Success: False
# episodes completed so far: 831
# successes: 593 (71.4%)
Current task success rate: 0.0
Current total success rate: 0.7135980746089049

Task: put the bowl on top of the cabinet view 0 0 141 0 0 initstate 0
Success: False
# episodes completed so far: 832
# successes: 593 (71.3%)
Current task success rate: 0.0
Current total success rate: 0.7127403846153846

Task: put the bowl on top of the cabinet view 0 0 142 0 0 initstate 0
Success: False
# episodes completed so far: 833
# successes: 593 (71.2%)
Current task success rate: 0.0
Current total success rate: 0.7118847539015606

Task: put the bowl on top of the cabinet view 0 0 143 0 0 initstate 0
Success: False
# episodes completed so far: 834
# successes: 593 (71.1%)
Current task success rate: 0.0
Current total success rate: 0.7110311750599521

Task: put the bowl on top of the cabinet view 0 0 144 0 0 initstate 0
Success: False
# episodes completed so far: 835
# successes: 593 (71.0%)
Current task success rate: 0.0
Current total success rate: 0.7101796407185629

Task: put the bowl on top of the cabinet view 0 0 145 0 0 initstate 0
Success: False
# episodes completed so far: 836
# successes: 593 (70.9%)
Current task success rate: 0.0
Current total success rate: 0.7093301435406698

Task: put the bowl on top of the cabinet view 0 0 146 0 0 initstate 0
Success: False
# episodes completed so far: 837
# successes: 593 (70.8%)
Current task success rate: 0.0
Current total success rate: 0.7084826762246117

Task: put the bowl on top of the cabinet view 0 0 147 0 0 initstate 0
Success: False
# episodes completed so far: 838
# successes: 593 (70.8%)
Current task success rate: 0.0
Current total success rate: 0.7076372315035799

Task: put the bowl on top of the cabinet view 0 0 148 0 0 initstate 0
Success: False
# episodes completed so far: 839
# successes: 593 (70.7%)
Current task success rate: 0.0
Current total success rate: 0.7067938021454112

Task: put the bowl on top of the cabinet view 0 0 149 0 0 initstate 0
Success: False
# episodes completed so far: 840
# successes: 593 (70.6%)
Current task success rate: 0.0
Current total success rate: 0.705952380952381

Task: put the bowl on top of the cabinet view 0 0 150 0 0 initstate 0
Success: False
# episodes completed so far: 841
# successes: 593 (70.5%)
Current task success rate: 0.0
Current total success rate: 0.7051129607609988

Task: put the bowl on top of the cabinet view 0 0 100 10 2 initstate 0
Success: True
# episodes completed so far: 842
# successes: 594 (70.5%)
Current task success rate: 1.0
Current total success rate: 0.7054631828978623

Task: put the bowl on top of the cabinet view 0 0 100 10 4 initstate 0
Success: True
# episodes completed so far: 843
# successes: 595 (70.6%)
Current task success rate: 1.0
Current total success rate: 0.7058125741399762

Task: put the bowl on top of the cabinet view 0 0 100 10 6 initstate 0
Success: True
# episodes completed so far: 844
# successes: 596 (70.6%)
Current task success rate: 1.0
Current total success rate: 0.7061611374407583

Task: put the bowl on top of the cabinet view 0 0 100 10 8 initstate 0
Success: False
# episodes completed so far: 845
# successes: 596 (70.5%)
Current task success rate: 0.0
Current total success rate: 0.7053254437869823

Task: put the bowl on top of the cabinet view 0 0 100 10 10 initstate 0
Success: False
# episodes completed so far: 846
# successes: 596 (70.4%)
Current task success rate: 0.0
Current total success rate: 0.7044917257683215

Task: put the bowl on top of the cabinet view 0 0 100 10 350 initstate 0
Success: False
# episodes completed so far: 847
# successes: 596 (70.4%)
Current task success rate: 0.0
Current total success rate: 0.7036599763872491

Task: put the bowl on top of the cabinet view 0 0 100 10 352 initstate 0
Success: True
# episodes completed so far: 848
# successes: 597 (70.4%)
Current task success rate: 1.0
Current total success rate: 0.7040094339622641

Task: put the bowl on top of the cabinet view 0 0 100 10 354 initstate 0
Success: True
# episodes completed so far: 849
# successes: 598 (70.4%)
Current task success rate: 1.0
Current total success rate: 0.7043580683156655

Task: put the bowl on top of the cabinet view 0 0 100 10 356 initstate 0
Success: True
# episodes completed so far: 850
# successes: 599 (70.5%)
Current task success rate: 1.0
Current total success rate: 0.7047058823529412

Task: put the bowl on top of the cabinet view 0 0 100 10 358 initstate 0
Success: True
# episodes completed so far: 851
# successes: 600 (70.5%)
Current task success rate: 1.0
Current total success rate: 0.7050528789659224

Task: put the bowl on top of the cabinet view 61 0 100 0 0 initstate 0
Success: False
# episodes completed so far: 852
# successes: 600 (70.4%)
Current task success rate: 0.0
Current total success rate: 0.704225352112676

Task: put the bowl on top of the cabinet view 61 15 100 0 0 initstate 0
Success: True
# episodes completed so far: 853
# successes: 601 (70.5%)
Current task success rate: 1.0
Current total success rate: 0.7045720984759671

Task: put the bowl on top of the cabinet view 62 0 100 0 0 initstate 0
Success: False
# episodes completed so far: 854
# successes: 601 (70.4%)
Current task success rate: 0.0
Current total success rate: 0.7037470725995316

Task: put the bowl on top of the cabinet view 62 15 100 0 0 initstate 0
Success: False
# episodes completed so far: 855
# successes: 601 (70.3%)
Current task success rate: 0.0
Current total success rate: 0.7029239766081872

Task: put the bowl on top of the cabinet view 63 0 100 0 0 initstate 0
Success: True
# episodes completed so far: 856
# successes: 602 (70.3%)
Current task success rate: 1.0
Current total success rate: 0.7032710280373832

Task: put the bowl on top of the cabinet view 63 15 100 0 0 initstate 0
Success: False
# episodes completed so far: 857
# successes: 602 (70.2%)
Current task success rate: 0.0
Current total success rate: 0.7024504084014003

Task: put the bowl on top of the cabinet view 64 0 100 0 0 initstate 0
Success: False
# episodes completed so far: 858
# successes: 602 (70.2%)
Current task success rate: 0.0
Current total success rate: 0.7016317016317016

Task: put the bowl on top of the cabinet view 64 15 100 0 0 initstate 0
Success: False
# episodes completed so far: 859
# successes: 602 (70.1%)
Current task success rate: 0.0
Current total success rate: 0.7008149010477299

Task: put the bowl on top of the cabinet view 65 0 100 0 0 initstate 0
Success: False
# episodes completed so far: 860
# successes: 602 (70.0%)
Current task success rate: 0.0
Current total success rate: 0.7

Task: put the bowl on top of the cabinet view 65 15 100 0 0 initstate 0
Success: True
# episodes completed so far: 861
# successes: 603 (70.0%)
Current task success rate: 1.0
Current total success rate: 0.7003484320557491

Task: put the bowl on top of the cabinet view 66 0 100 0 0 initstate 0
Success: False
# episodes completed so far: 862
# successes: 603 (70.0%)
Current task success rate: 0.0
Current total success rate: 0.6995359628770301

Task: put the bowl on top of the cabinet view 66 15 100 0 0 initstate 0
Success: True
# episodes completed so far: 863
# successes: 604 (70.0%)
Current task success rate: 1.0
Current total success rate: 0.6998841251448435

Task: put the bowl on top of the cabinet view 67 0 100 0 0 initstate 0
Success: True
# episodes completed so far: 864
# successes: 605 (70.0%)
Current task success rate: 1.0
Current total success rate: 0.7002314814814815

Task: put the bowl on top of the cabinet view 67 15 100 0 0 initstate 0
Success: False
# episodes completed so far: 865
# successes: 605 (69.9%)
Current task success rate: 0.0
Current total success rate: 0.6994219653179191

Task: put the bowl on top of the cabinet view 68 0 100 0 0 initstate 0
Success: True
# episodes completed so far: 866
# successes: 606 (70.0%)
Current task success rate: 1.0
Current total success rate: 0.6997690531177829

Task: put the bowl on top of the cabinet view 68 15 100 0 0 initstate 0
Success: False
# episodes completed so far: 867
# successes: 606 (69.9%)
Current task success rate: 0.0
Current total success rate: 0.698961937716263

Task: put the bowl on top of the cabinet view 69 0 100 0 0 initstate 0
Success: True
# episodes completed so far: 868
# successes: 607 (69.9%)
Current task success rate: 1.0
Current total success rate: 0.6993087557603687

Task: put the bowl on top of the cabinet view 69 15 100 0 0 initstate 0
Success: False
# episodes completed so far: 869
# successes: 607 (69.9%)
Current task success rate: 0.0
Current total success rate: 0.6985040276179517

Task: put the bowl on top of the cabinet view 70 0 100 0 0 initstate 0
Success: False
# episodes completed so far: 870
# successes: 607 (69.8%)
Current task success rate: 0.0
Current total success rate: 0.6977011494252874

Task: put the bowl on top of the cabinet view 70 15 100 0 0 initstate 0
Success: False
# episodes completed so far: 871
# successes: 607 (69.7%)
Current task success rate: 0.0
Current total success rate: 0.6969001148105626

Task: put the bowl on top of the cabinet view 71 0 100 0 0 initstate 0
Success: True
# episodes completed so far: 872
# successes: 608 (69.7%)
Current task success rate: 1.0
Current total success rate: 0.6972477064220184

Task: put the bowl on top of the cabinet view 71 15 100 0 0 initstate 0
Success: True
# episodes completed so far: 873
# successes: 609 (69.8%)
Current task success rate: 1.0
Current total success rate: 0.697594501718213

Task: put the bowl on top of the cabinet view 72 0 100 0 0 initstate 0
Success: True
# episodes completed so far: 874
# successes: 610 (69.8%)
Current task success rate: 1.0
Current total success rate: 0.6979405034324943

Task: put the bowl on top of the cabinet view 72 15 100 0 0 initstate 0
Success: False
# episodes completed so far: 875
# successes: 610 (69.7%)
Current task success rate: 0.0
Current total success rate: 0.6971428571428572

Task: put the bowl on top of the cabinet view 73 0 100 0 0 initstate 0
Success: False
# episodes completed so far: 876
# successes: 610 (69.6%)
Current task success rate: 0.0
Current total success rate: 0.6963470319634704

Task: put the bowl on top of the cabinet view 73 15 100 0 0 initstate 0
Success: True
# episodes completed so far: 877
# successes: 611 (69.7%)
Current task success rate: 1.0
Current total success rate: 0.6966932725199544

Task: put the bowl on top of the cabinet view 74 0 100 0 0 initstate 0
Success: True
# episodes completed so far: 878
# successes: 612 (69.7%)
Current task success rate: 1.0
Current total success rate: 0.6970387243735763

Task: put the bowl on top of the cabinet view 74 15 100 0 0 initstate 0
Success: False
# episodes completed so far: 879
# successes: 612 (69.6%)
Current task success rate: 0.0
Current total success rate: 0.6962457337883959

Task: put the bowl on top of the cabinet view 75 0 100 0 0 initstate 0
Success: True
# episodes completed so far: 880
# successes: 613 (69.7%)
Current task success rate: 1.0
Current total success rate: 0.696590909090909

Task: put the bowl on top of the cabinet view 75 15 100 0 0 initstate 0
Success: False
# episodes completed so far: 881
# successes: 613 (69.6%)
Current task success rate: 0.0
Current total success rate: 0.695800227014756

Task: push the plate to the front of the stove view 0 0 151 0 0 initstate 0
Success: False
# episodes completed so far: 882
# successes: 613 (69.5%)
Current task success rate: 0.0
Current total success rate: 0.6950113378684807

Task: push the plate to the front of the stove view 0 0 152 0 0 initstate 0
Success: False
# episodes completed so far: 883
# successes: 613 (69.4%)
Current task success rate: 0.0
Current total success rate: 0.6942242355605889

Task: push the plate to the front of the stove view 0 0 153 0 0 initstate 0
Success: False
# episodes completed so far: 884
# successes: 613 (69.3%)
Current task success rate: 0.0
Current total success rate: 0.6934389140271493

Task: push the plate to the front of the stove view 0 0 154 0 0 initstate 0
Success: False
# episodes completed so far: 885
# successes: 613 (69.3%)
Current task success rate: 0.0
Current total success rate: 0.6926553672316385

Task: push the plate to the front of the stove view 0 0 155 0 0 initstate 0
Success: False
# episodes completed so far: 886
# successes: 613 (69.2%)
Current task success rate: 0.0
Current total success rate: 0.6918735891647856

Task: push the plate to the front of the stove view 0 0 156 0 0 initstate 0
Success: False
# episodes completed so far: 887
# successes: 613 (69.1%)
Current task success rate: 0.0
Current total success rate: 0.6910935738444194

Task: push the plate to the front of the stove view 0 0 157 0 0 initstate 0
Success: False
# episodes completed so far: 888
# successes: 613 (69.0%)
Current task success rate: 0.0
Current total success rate: 0.6903153153153153

Task: push the plate to the front of the stove view 0 0 158 0 0 initstate 0
Success: False
# episodes completed so far: 889
# successes: 613 (69.0%)
Current task success rate: 0.0
Current total success rate: 0.6895388076490439

Task: push the plate to the front of the stove view 0 0 159 0 0 initstate 0
Success: False
# episodes completed so far: 890
# successes: 613 (68.9%)
Current task success rate: 0.0
Current total success rate: 0.6887640449438203

Task: push the plate to the front of the stove view 0 0 160 0 0 initstate 0
Success: False
# episodes completed so far: 891
# successes: 613 (68.8%)
Current task success rate: 0.0
Current total success rate: 0.6879910213243546

Task: push the plate to the front of the stove view 0 0 100 350 4 initstate 0
Success: False
# episodes completed so far: 892
# successes: 613 (68.7%)
Current task success rate: 0.0
Current total success rate: 0.6872197309417041

Task: push the plate to the front of the stove view 0 0 100 350 6 initstate 0
Success: False
# episodes completed so far: 893
# successes: 613 (68.6%)
Current task success rate: 0.0
Current total success rate: 0.6864501679731243

Task: push the plate to the front of the stove view 0 0 100 350 8 initstate 0
Success: False
# episodes completed so far: 894
# successes: 613 (68.6%)
Current task success rate: 0.0
Current total success rate: 0.685682326621924

Task: push the plate to the front of the stove view 0 0 100 350 10 initstate 0
Success: False
# episodes completed so far: 895
# successes: 613 (68.5%)
Current task success rate: 0.0
Current total success rate: 0.6849162011173184

Task: push the plate to the front of the stove view 0 0 100 350 350 initstate 0
Success: False
# episodes completed so far: 896
# successes: 613 (68.4%)
Current task success rate: 0.0
Current total success rate: 0.6841517857142857

Task: push the plate to the front of the stove view 0 0 100 350 352 initstate 0
Success: False
# episodes completed so far: 897
# successes: 613 (68.3%)
Current task success rate: 0.0
Current total success rate: 0.6833890746934225

Task: push the plate to the front of the stove view 0 0 100 350 354 initstate 0
Success: False
# episodes completed so far: 898
# successes: 613 (68.3%)
Current task success rate: 0.0
Current total success rate: 0.6826280623608018

Task: push the plate to the front of the stove view 0 0 100 350 356 initstate 0
Success: False
# episodes completed so far: 899
# successes: 613 (68.2%)
Current task success rate: 0.0
Current total success rate: 0.681868743047831

Task: push the plate to the front of the stove view 0 0 100 350 358 initstate 0
Success: False
# episodes completed so far: 900
# successes: 613 (68.1%)
Current task success rate: 0.0
Current total success rate: 0.6811111111111111

Task: push the plate to the front of the stove view 285 0 100 0 0 initstate 0
Success: False
# episodes completed so far: 901
# successes: 613 (68.0%)
Current task success rate: 0.0
Current total success rate: 0.6803551609322974

Task: push the plate to the front of the stove view 285 15 100 0 0 initstate 0
Success: False
# episodes completed so far: 902
# successes: 613 (68.0%)
Current task success rate: 0.0
Current total success rate: 0.6796008869179601

Task: push the plate to the front of the stove view 286 0 100 0 0 initstate 0
Success: False
# episodes completed so far: 903
# successes: 613 (67.9%)
Current task success rate: 0.0
Current total success rate: 0.6788482834994463

Task: push the plate to the front of the stove view 286 15 100 0 0 initstate 0
Success: False
# episodes completed so far: 904
# successes: 613 (67.8%)
Current task success rate: 0.0
Current total success rate: 0.6780973451327433

Task: push the plate to the front of the stove view 287 0 100 0 0 initstate 0
Success: False
# episodes completed so far: 905
# successes: 613 (67.7%)
Current task success rate: 0.0
Current total success rate: 0.6773480662983425

Task: push the plate to the front of the stove view 287 15 100 0 0 initstate 0
Success: False
# episodes completed so far: 906
# successes: 613 (67.7%)
Current task success rate: 0.0
Current total success rate: 0.6766004415011038

Task: push the plate to the front of the stove view 288 0 100 0 0 initstate 0
Success: False
# episodes completed so far: 907
# successes: 613 (67.6%)
Current task success rate: 0.0
Current total success rate: 0.6758544652701213

Task: push the plate to the front of the stove view 288 15 100 0 0 initstate 0
Success: False
# episodes completed so far: 908
# successes: 613 (67.5%)
Current task success rate: 0.0
Current total success rate: 0.6751101321585903

Task: push the plate to the front of the stove view 289 0 100 0 0 initstate 0
Success: False
# episodes completed so far: 909
# successes: 613 (67.4%)
Current task success rate: 0.0
Current total success rate: 0.6743674367436744

Task: push the plate to the front of the stove view 289 15 100 0 0 initstate 0
Success: False
# episodes completed so far: 910
# successes: 613 (67.4%)
Current task success rate: 0.0
Current total success rate: 0.6736263736263737

Task: push the plate to the front of the stove view 290 0 100 0 0 initstate 0
Success: False
# episodes completed so far: 911
# successes: 613 (67.3%)
Current task success rate: 0.0
Current total success rate: 0.672886937431394

Task: push the plate to the front of the stove view 290 15 100 0 0 initstate 0
Success: False
# episodes completed so far: 912
# successes: 613 (67.2%)
Current task success rate: 0.0
Current total success rate: 0.6721491228070176

Task: push the plate to the front of the stove view 291 0 100 0 0 initstate 0
Success: False
# episodes completed so far: 913
# successes: 613 (67.1%)
Current task success rate: 0.0
Current total success rate: 0.6714129244249726

Task: push the plate to the front of the stove view 291 15 100 0 0 initstate 0
Success: False
# episodes completed so far: 914
# successes: 613 (67.1%)
Current task success rate: 0.0
Current total success rate: 0.6706783369803063

Task: push the plate to the front of the stove view 292 0 100 0 0 initstate 0
Success: False
# episodes completed so far: 915
# successes: 613 (67.0%)
Current task success rate: 0.0
Current total success rate: 0.6699453551912569

Task: push the plate to the front of the stove view 292 15 100 0 0 initstate 0
Success: False
# episodes completed so far: 916
# successes: 613 (66.9%)
Current task success rate: 0.0
Current total success rate: 0.6692139737991266

Task: push the plate to the front of the stove view 293 0 100 0 0 initstate 0
Success: False
# episodes completed so far: 917
# successes: 613 (66.8%)
Current task success rate: 0.0
Current total success rate: 0.6684841875681571

Task: push the plate to the front of the stove view 293 15 100 0 0 initstate 0
Success: False
# episodes completed so far: 918
# successes: 613 (66.8%)
Current task success rate: 0.0
Current total success rate: 0.6677559912854031

Task: push the plate to the front of the stove view 294 0 100 0 0 initstate 0
Success: False
# episodes completed so far: 919
# successes: 613 (66.7%)
Current task success rate: 0.0
Current total success rate: 0.6670293797606094

Task: push the plate to the front of the stove view 294 15 100 0 0 initstate 0
Success: False
# episodes completed so far: 920
# successes: 613 (66.6%)
Current task success rate: 0.0
Current total success rate: 0.6663043478260869

Task: push the plate to the front of the stove view 295 0 100 0 0 initstate 0
Success: False
# episodes completed so far: 921
# successes: 613 (66.6%)
Current task success rate: 0.0
Current total success rate: 0.6655808903365906

Task: push the plate to the front of the stove view 295 15 100 0 0 initstate 0
Success: False
# episodes completed so far: 922
# successes: 613 (66.5%)
Current task success rate: 0.0
Current total success rate: 0.6648590021691974

Task: push the plate to the front of the stove view 296 0 100 0 0 initstate 0
Success: False
# episodes completed so far: 923
# successes: 613 (66.4%)
Current task success rate: 0.0
Current total success rate: 0.6641386782231853

Task: push the plate to the front of the stove view 296 15 100 0 0 initstate 0
Success: False
# episodes completed so far: 924
# successes: 613 (66.3%)
Current task success rate: 0.0
Current total success rate: 0.6634199134199135

Task: push the plate to the front of the stove view 297 0 100 0 0 initstate 0
Success: False
# episodes completed so far: 925
# successes: 613 (66.3%)
Current task success rate: 0.0
Current total success rate: 0.6627027027027027

Task: push the plate to the front of the stove view 297 15 100 0 0 initstate 0
Success: False
# episodes completed so far: 926
# successes: 613 (66.2%)
Current task success rate: 0.0
Current total success rate: 0.661987041036717

Task: push the plate to the front of the stove view 298 0 100 0 0 initstate 0
Success: False
# episodes completed so far: 927
# successes: 613 (66.1%)
Current task success rate: 0.0
Current total success rate: 0.6612729234088457

Task: push the plate to the front of the stove view 298 15 100 0 0 initstate 0
Success: False
# episodes completed so far: 928
# successes: 613 (66.1%)
Current task success rate: 0.0
Current total success rate: 0.6605603448275862

Task: push the plate to the front of the stove view 299 0 100 0 0 initstate 0
Success: False
# episodes completed so far: 929
# successes: 613 (66.0%)
Current task success rate: 0.0
Current total success rate: 0.6598493003229279

Task: push the plate to the front of the stove view 299 15 100 0 0 initstate 0
Success: False
# episodes completed so far: 930
# successes: 613 (65.9%)
Current task success rate: 0.0
Current total success rate: 0.6591397849462366

Task: put the cream cheese in the bowl view 0 0 161 0 0 initstate 0
Success: False
# episodes completed so far: 931
# successes: 613 (65.8%)
Current task success rate: 0.0
Current total success rate: 0.6584317937701396

Task: put the cream cheese in the bowl view 0 0 162 0 0 initstate 0
Success: False
# episodes completed so far: 932
# successes: 613 (65.8%)
Current task success rate: 0.0
Current total success rate: 0.657725321888412

Task: put the cream cheese in the bowl view 0 0 163 0 0 initstate 0
Success: False
# episodes completed so far: 933
# successes: 613 (65.7%)
Current task success rate: 0.0
Current total success rate: 0.6570203644158628

Task: put the cream cheese in the bowl view 0 0 164 0 0 initstate 0
Success: False
# episodes completed so far: 934
# successes: 613 (65.6%)
Current task success rate: 0.0
Current total success rate: 0.6563169164882227

Task: put the cream cheese in the bowl view 0 0 165 0 0 initstate 0
Success: False
# episodes completed so far: 935
# successes: 613 (65.6%)
Current task success rate: 0.0
Current total success rate: 0.6556149732620321

Task: put the cream cheese in the bowl view 0 0 166 0 0 initstate 0
Success: False
# episodes completed so far: 936
# successes: 613 (65.5%)
Current task success rate: 0.0
Current total success rate: 0.6549145299145299

Task: put the cream cheese in the bowl view 0 0 167 0 0 initstate 0
Success: False
# episodes completed so far: 937
# successes: 613 (65.4%)
Current task success rate: 0.0
Current total success rate: 0.6542155816435432

Task: put the cream cheese in the bowl view 0 0 168 0 0 initstate 0
Success: True
# episodes completed so far: 938
# successes: 614 (65.5%)
Current task success rate: 1.0
Current total success rate: 0.6545842217484008

Task: put the cream cheese in the bowl view 0 0 169 0 0 initstate 0
Success: False
# episodes completed so far: 939
# successes: 614 (65.4%)
Current task success rate: 0.0
Current total success rate: 0.6538871139510117

Task: put the cream cheese in the bowl view 0 0 170 0 0 initstate 0
Success: False
# episodes completed so far: 940
# successes: 614 (65.3%)
Current task success rate: 0.0
Current total success rate: 0.6531914893617021

Task: put the cream cheese in the bowl view 0 0 100 352 2 initstate 0
Success: True
# episodes completed so far: 941
# successes: 615 (65.4%)
Current task success rate: 1.0
Current total success rate: 0.6535600425079703

Task: put the cream cheese in the bowl view 0 0 100 352 4 initstate 0
Success: True
# episodes completed so far: 942
# successes: 616 (65.4%)
Current task success rate: 1.0
Current total success rate: 0.6539278131634819

Task: put the cream cheese in the bowl view 0 0 100 352 6 initstate 0
Success: True
# episodes completed so far: 943
# successes: 617 (65.4%)
Current task success rate: 1.0
Current total success rate: 0.6542948038176034

Task: put the cream cheese in the bowl view 0 0 100 352 8 initstate 0
Success: True
# episodes completed so far: 944
# successes: 618 (65.5%)
Current task success rate: 1.0
Current total success rate: 0.6546610169491526

Task: put the cream cheese in the bowl view 0 0 100 352 10 initstate 0
Success: True
# episodes completed so far: 945
# successes: 619 (65.5%)
Current task success rate: 1.0
Current total success rate: 0.6550264550264551

Task: put the cream cheese in the bowl view 0 0 100 352 350 initstate 0
Success: True
# episodes completed so far: 946
# successes: 620 (65.5%)
Current task success rate: 1.0
Current total success rate: 0.6553911205073996

Task: put the cream cheese in the bowl view 0 0 100 352 352 initstate 0
Success: True
# episodes completed so far: 947
# successes: 621 (65.6%)
Current task success rate: 1.0
Current total success rate: 0.6557550158394931

Task: put the cream cheese in the bowl view 0 0 100 352 354 initstate 0
Success: True
# episodes completed so far: 948
# successes: 622 (65.6%)
Current task success rate: 1.0
Current total success rate: 0.6561181434599156

Task: put the cream cheese in the bowl view 0 0 100 352 356 initstate 0
Success: True
# episodes completed so far: 949
# successes: 623 (65.6%)
Current task success rate: 1.0
Current total success rate: 0.6564805057955743

Task: put the cream cheese in the bowl view 0 0 100 352 358 initstate 0
Success: True
# episodes completed so far: 950
# successes: 624 (65.7%)
Current task success rate: 1.0
Current total success rate: 0.6568421052631579

Task: put the cream cheese in the bowl view 300 0 100 0 0 initstate 0
Success: False
# episodes completed so far: 951
# successes: 624 (65.6%)
Current task success rate: 0.0
Current total success rate: 0.6561514195583596

Task: put the cream cheese in the bowl view 300 15 100 0 0 initstate 0
Success: False
# episodes completed so far: 952
# successes: 624 (65.5%)
Current task success rate: 0.0
Current total success rate: 0.6554621848739496

Task: put the cream cheese in the bowl view 301 0 100 0 0 initstate 0
Success: True
# episodes completed so far: 953
# successes: 625 (65.6%)
Current task success rate: 1.0
Current total success rate: 0.6558237145855194

Task: put the cream cheese in the bowl view 301 15 100 0 0 initstate 0
Success: True
# episodes completed so far: 954
# successes: 626 (65.6%)
Current task success rate: 1.0
Current total success rate: 0.6561844863731656

Task: put the cream cheese in the bowl view 302 0 100 0 0 initstate 0
Success: True
# episodes completed so far: 955
# successes: 627 (65.7%)
Current task success rate: 1.0
Current total success rate: 0.6565445026178011

Task: put the cream cheese in the bowl view 302 15 100 0 0 initstate 0
Success: False
# episodes completed so far: 956
# successes: 627 (65.6%)
Current task success rate: 0.0
Current total success rate: 0.6558577405857741

Task: put the cream cheese in the bowl view 303 0 100 0 0 initstate 0
Success: True
# episodes completed so far: 957
# successes: 628 (65.6%)
Current task success rate: 1.0
Current total success rate: 0.6562173458725182

Task: put the cream cheese in the bowl view 303 15 100 0 0 initstate 0
Success: False
# episodes completed so far: 958
# successes: 628 (65.6%)
Current task success rate: 0.0
Current total success rate: 0.6555323590814196

Task: put the cream cheese in the bowl view 304 0 100 0 0 initstate 0
Success: True
# episodes completed so far: 959
# successes: 629 (65.6%)
Current task success rate: 1.0
Current total success rate: 0.6558915537017727

Task: put the cream cheese in the bowl view 304 15 100 0 0 initstate 0
Success: False
# episodes completed so far: 960
# successes: 629 (65.5%)
Current task success rate: 0.0
Current total success rate: 0.6552083333333333

Task: put the cream cheese in the bowl view 305 0 100 0 0 initstate 0
Success: True
# episodes completed so far: 961
# successes: 630 (65.6%)
Current task success rate: 1.0
Current total success rate: 0.6555671175858481

Task: put the cream cheese in the bowl view 305 15 100 0 0 initstate 0
Success: False
# episodes completed so far: 962
# successes: 630 (65.5%)
Current task success rate: 0.0
Current total success rate: 0.6548856548856549

Task: put the cream cheese in the bowl view 306 0 100 0 0 initstate 0
Success: True
# episodes completed so far: 963
# successes: 631 (65.5%)
Current task success rate: 1.0
Current total success rate: 0.6552440290758048

Task: put the cream cheese in the bowl view 306 15 100 0 0 initstate 0
Success: False
# episodes completed so far: 964
# successes: 631 (65.5%)
Current task success rate: 0.0
Current total success rate: 0.6545643153526971

Task: put the cream cheese in the bowl view 307 0 100 0 0 initstate 0
Success: True
# episodes completed so far: 965
# successes: 632 (65.5%)
Current task success rate: 1.0
Current total success rate: 0.6549222797927461

Task: put the cream cheese in the bowl view 307 15 100 0 0 initstate 0
Success: False
# episodes completed so far: 966
# successes: 632 (65.4%)
Current task success rate: 0.0
Current total success rate: 0.6542443064182195

Task: put the cream cheese in the bowl view 308 0 100 0 0 initstate 0
Success: True
# episodes completed so far: 967
# successes: 633 (65.5%)
Current task success rate: 1.0
Current total success rate: 0.6546018614270941

Task: put the cream cheese in the bowl view 308 15 100 0 0 initstate 0
Success: False
# episodes completed so far: 968
# successes: 633 (65.4%)
Current task success rate: 0.0
Current total success rate: 0.6539256198347108

Task: put the cream cheese in the bowl view 309 0 100 0 0 initstate 0
Success: True
# episodes completed so far: 969
# successes: 634 (65.4%)
Current task success rate: 1.0
Current total success rate: 0.6542827657378741

Task: put the cream cheese in the bowl view 309 15 100 0 0 initstate 0
Success: False
# episodes completed so far: 970
# successes: 634 (65.4%)
Current task success rate: 0.0
Current total success rate: 0.6536082474226804

Task: put the cream cheese in the bowl view 310 0 100 0 0 initstate 0
Success: True
# episodes completed so far: 971
# successes: 635 (65.4%)
Current task success rate: 1.0
Current total success rate: 0.6539649845520082

Task: put the cream cheese in the bowl view 310 15 100 0 0 initstate 0
Success: False
# episodes completed so far: 972
# successes: 635 (65.3%)
Current task success rate: 0.0
Current total success rate: 0.6532921810699589

Task: put the cream cheese in the bowl view 311 0 100 0 0 initstate 0
Success: True
# episodes completed so far: 973
# successes: 636 (65.4%)
Current task success rate: 1.0
Current total success rate: 0.6536485097636177

Task: put the cream cheese in the bowl view 311 15 100 0 0 initstate 0
Success: False
# episodes completed so far: 974
# successes: 636 (65.3%)
Current task success rate: 0.0
Current total success rate: 0.6529774127310062

Task: put the cream cheese in the bowl view 312 0 100 0 0 initstate 0
Success: True
# episodes completed so far: 975
# successes: 637 (65.3%)
Current task success rate: 1.0
Current total success rate: 0.6533333333333333

Task: put the cream cheese in the bowl view 313 0 100 0 0 initstate 0
Success: True
# episodes completed so far: 976
# successes: 638 (65.4%)
Current task success rate: 1.0
Current total success rate: 0.6536885245901639

Task: put the cream cheese in the bowl view 313 15 100 0 0 initstate 0
Success: False
# episodes completed so far: 977
# successes: 638 (65.3%)
Current task success rate: 0.0
Current total success rate: 0.6530194472876152

Task: put the cream cheese in the bowl view 314 0 100 0 0 initstate 0
Success: True
# episodes completed so far: 978
# successes: 639 (65.3%)
Current task success rate: 1.0
Current total success rate: 0.6533742331288344

Task: put the cream cheese in the bowl view 314 15 100 0 0 initstate 0
Success: False
# episodes completed so far: 979
# successes: 639 (65.3%)
Current task success rate: 0.0
Current total success rate: 0.6527068437180796

Task: turn on the stove view 0 0 171 0 0 initstate 0
Success: False
# episodes completed so far: 980
# successes: 639 (65.2%)
Current task success rate: 0.0
Current total success rate: 0.6520408163265307

Task: turn on the stove view 0 0 172 0 0 initstate 0
Success: False
# episodes completed so far: 981
# successes: 639 (65.1%)
Current task success rate: 0.0
Current total success rate: 0.6513761467889908

Task: turn on the stove view 0 0 173 0 0 initstate 0
Success: False
# episodes completed so far: 982
# successes: 639 (65.1%)
Current task success rate: 0.0
Current total success rate: 0.6507128309572301

Task: turn on the stove view 0 0 174 0 0 initstate 0
Success: False
# episodes completed so far: 983
# successes: 639 (65.0%)
Current task success rate: 0.0
Current total success rate: 0.6500508646998983

Task: turn on the stove view 0 0 175 0 0 initstate 0
Success: False
# episodes completed so far: 984
# successes: 639 (64.9%)
Current task success rate: 0.0
Current total success rate: 0.649390243902439

Task: turn on the stove view 0 0 176 0 0 initstate 0
Success: False
# episodes completed so far: 985
# successes: 639 (64.9%)
Current task success rate: 0.0
Current total success rate: 0.6487309644670051

Task: turn on the stove view 0 0 177 0 0 initstate 0
Success: False
# episodes completed so far: 986
# successes: 639 (64.8%)
Current task success rate: 0.0
Current total success rate: 0.6480730223123732

Task: turn on the stove view 0 0 178 0 0 initstate 0
Success: False
# episodes completed so far: 987
# successes: 639 (64.7%)
Current task success rate: 0.0
Current total success rate: 0.6474164133738601

Task: turn on the stove view 0 0 179 0 0 initstate 0
Success: False
# episodes completed so far: 988
# successes: 639 (64.7%)
Current task success rate: 0.0
Current total success rate: 0.6467611336032388

Task: turn on the stove view 0 0 180 0 0 initstate 0
Success: False
# episodes completed so far: 989
# successes: 639 (64.6%)
Current task success rate: 0.0
Current total success rate: 0.6461071789686552

Task: turn on the stove view 0 0 100 354 4 initstate 0
Success: True
# episodes completed so far: 990
# successes: 640 (64.6%)
Current task success rate: 1.0
Current total success rate: 0.6464646464646465

Task: turn on the stove view 0 0 100 354 8 initstate 0
Success: False
# episodes completed so far: 991
# successes: 640 (64.6%)
Current task success rate: 0.0
Current total success rate: 0.6458123107971746

Task: turn on the stove view 0 0 100 354 10 initstate 0
Success: True
# episodes completed so far: 992
# successes: 641 (64.6%)
Current task success rate: 1.0
Current total success rate: 0.6461693548387096

Task: turn on the stove view 0 0 100 354 350 initstate 0
Success: False
# episodes completed so far: 993
# successes: 641 (64.6%)
Current task success rate: 0.0
Current total success rate: 0.6455186304128903

Task: turn on the stove view 0 0 100 354 352 initstate 0
Success: True
# episodes completed so far: 994
# successes: 642 (64.6%)
Current task success rate: 1.0
Current total success rate: 0.6458752515090543

Task: turn on the stove view 0 0 100 354 358 initstate 0
Success: True
# episodes completed so far: 995
# successes: 643 (64.6%)
Current task success rate: 1.0
Current total success rate: 0.6462311557788945

Task: turn on the stove view 315 0 100 0 0 initstate 0
Success: True
# episodes completed so far: 996
# successes: 644 (64.7%)
Current task success rate: 1.0
Current total success rate: 0.6465863453815262

Task: turn on the stove view 315 15 100 0 0 initstate 0
Success: True
# episodes completed so far: 997
# successes: 645 (64.7%)
Current task success rate: 1.0
Current total success rate: 0.6469408224674023

Task: turn on the stove view 316 0 100 0 0 initstate 0
Success: True
# episodes completed so far: 998
# successes: 646 (64.7%)
Current task success rate: 1.0
Current total success rate: 0.6472945891783567

Task: turn on the stove view 316 15 100 0 0 initstate 0
Success: True
# episodes completed so far: 999
# successes: 647 (64.8%)
Current task success rate: 1.0
Current total success rate: 0.6476476476476476

Task: turn on the stove view 317 0 100 0 0 initstate 0
Success: True
# episodes completed so far: 1000
# successes: 648 (64.8%)
Current task success rate: 1.0
Current total success rate: 0.648

Task: turn on the stove view 317 15 100 0 0 initstate 0
Success: True
# episodes completed so far: 1001
# successes: 649 (64.8%)
Current task success rate: 1.0
Current total success rate: 0.6483516483516484

Task: turn on the stove view 318 0 100 0 0 initstate 0
Success: True
# episodes completed so far: 1002
# successes: 650 (64.9%)
Current task success rate: 1.0
Current total success rate: 0.6487025948103793

Task: turn on the stove view 318 15 100 0 0 initstate 0
Success: True
# episodes completed so far: 1003
# successes: 651 (64.9%)
Current task success rate: 1.0
Current total success rate: 0.6490528414755733

Task: turn on the stove view 319 0 100 0 0 initstate 0
Success: True
# episodes completed so far: 1004
# successes: 652 (64.9%)
Current task success rate: 1.0
Current total success rate: 0.649402390438247

Task: turn on the stove view 319 15 100 0 0 initstate 0
Success: True
# episodes completed so far: 1005
# successes: 653 (65.0%)
Current task success rate: 1.0
Current total success rate: 0.6497512437810945

Task: turn on the stove view 320 0 100 0 0 initstate 0
Success: True
# episodes completed so far: 1006
# successes: 654 (65.0%)
Current task success rate: 1.0
Current total success rate: 0.6500994035785288

Task: turn on the stove view 320 15 100 0 0 initstate 0
Success: True
# episodes completed so far: 1007
# successes: 655 (65.0%)
Current task success rate: 1.0
Current total success rate: 0.6504468718967229

Task: turn on the stove view 321 0 100 0 0 initstate 0
Success: True
# episodes completed so far: 1008
# successes: 656 (65.1%)
Current task success rate: 1.0
Current total success rate: 0.6507936507936508

Task: turn on the stove view 321 15 100 0 0 initstate 0
Success: True
# episodes completed so far: 1009
# successes: 657 (65.1%)
Current task success rate: 1.0
Current total success rate: 0.6511397423191279

Task: turn on the stove view 322 0 100 0 0 initstate 0
Success: True
# episodes completed so far: 1010
# successes: 658 (65.1%)
Current task success rate: 1.0
Current total success rate: 0.6514851485148515

Task: turn on the stove view 322 15 100 0 0 initstate 0
Success: True
# episodes completed so far: 1011
# successes: 659 (65.2%)
Current task success rate: 1.0
Current total success rate: 0.6518298714144412

Task: turn on the stove view 323 0 100 0 0 initstate 0
Success: True
# episodes completed so far: 1012
# successes: 660 (65.2%)
Current task success rate: 1.0
Current total success rate: 0.6521739130434783

Task: turn on the stove view 323 15 100 0 0 initstate 0
Success: True
# episodes completed so far: 1013
# successes: 661 (65.3%)
Current task success rate: 1.0
Current total success rate: 0.6525172754195459

Task: turn on the stove view 324 0 100 0 0 initstate 0
Success: True
# episodes completed so far: 1014
# successes: 662 (65.3%)
Current task success rate: 1.0
Current total success rate: 0.6528599605522682

Task: turn on the stove view 324 15 100 0 0 initstate 0
Success: True
# episodes completed so far: 1015
# successes: 663 (65.3%)
Current task success rate: 1.0
Current total success rate: 0.6532019704433497

Task: turn on the stove view 325 0 100 0 0 initstate 0
Success: True
# episodes completed so far: 1016
# successes: 664 (65.4%)
Current task success rate: 1.0
Current total success rate: 0.6535433070866141

Task: turn on the stove view 325 15 100 0 0 initstate 0
Success: True
# episodes completed so far: 1017
# successes: 665 (65.4%)
Current task success rate: 1.0
Current total success rate: 0.6538839724680433

Task: turn on the stove view 326 0 100 0 0 initstate 0
Success: True
# episodes completed so far: 1018
# successes: 666 (65.4%)
Current task success rate: 1.0
Current total success rate: 0.6542239685658153

Task: turn on the stove view 326 15 100 0 0 initstate 0
Success: True
# episodes completed so far: 1019
# successes: 667 (65.5%)
Current task success rate: 1.0
Current total success rate: 0.6545632973503435

Task: turn on the stove view 327 0 100 0 0 initstate 0
Success: True
# episodes completed so far: 1020
# successes: 668 (65.5%)
Current task success rate: 1.0
Current total success rate: 0.6549019607843137

Task: turn on the stove view 327 15 100 0 0 initstate 0
Success: True
# episodes completed so far: 1021
# successes: 669 (65.5%)
Current task success rate: 1.0
Current total success rate: 0.6552399608227228

Task: turn on the stove view 328 0 100 0 0 initstate 0
Success: True
# episodes completed so far: 1022
# successes: 670 (65.6%)
Current task success rate: 1.0
Current total success rate: 0.6555772994129159

Task: turn on the stove view 328 15 100 0 0 initstate 0
Success: True
# episodes completed so far: 1023
# successes: 671 (65.6%)
Current task success rate: 1.0
Current total success rate: 0.6559139784946236

Task: turn on the stove view 329 0 100 0 0 initstate 0
Success: True
# episodes completed so far: 1024
# successes: 672 (65.6%)
Current task success rate: 1.0
Current total success rate: 0.65625

Task: turn on the stove view 329 15 100 0 0 initstate 0
Success: True
# episodes completed so far: 1025
# successes: 673 (65.7%)
Current task success rate: 1.0
Current total success rate: 0.6565853658536586

Task: put the bowl on the plate view 0 0 181 0 0 initstate 0
Success: True
# episodes completed so far: 1026
# successes: 674 (65.7%)
Current task success rate: 1.0
Current total success rate: 0.6569200779727096

Task: put the bowl on the plate view 0 0 182 0 0 initstate 0
Success: False
# episodes completed so far: 1027
# successes: 674 (65.6%)
Current task success rate: 0.0
Current total success rate: 0.6562804284323271

Task: put the bowl on the plate view 0 0 183 0 0 initstate 0
Success: True
# episodes completed so far: 1028
# successes: 675 (65.7%)
Current task success rate: 1.0
Current total success rate: 0.6566147859922179

Task: put the bowl on the plate view 0 0 184 0 0 initstate 0
Success: False
# episodes completed so far: 1029
# successes: 675 (65.6%)
Current task success rate: 0.0
Current total success rate: 0.6559766763848397

Task: put the bowl on the plate view 0 0 185 0 0 initstate 0
Success: True
# episodes completed so far: 1030
# successes: 676 (65.6%)
Current task success rate: 1.0
Current total success rate: 0.6563106796116505

Task: put the bowl on the plate view 0 0 186 0 0 initstate 0
Success: True
# episodes completed so far: 1031
# successes: 677 (65.7%)
Current task success rate: 1.0
Current total success rate: 0.6566440349175557

Task: put the bowl on the plate view 0 0 187 0 0 initstate 0
Success: False
# episodes completed so far: 1032
# successes: 677 (65.6%)
Current task success rate: 0.0
Current total success rate: 0.6560077519379846

Task: put the bowl on the plate view 0 0 188 0 0 initstate 0
Success: False
# episodes completed so far: 1033
# successes: 677 (65.5%)
Current task success rate: 0.0
Current total success rate: 0.6553727008712488

Task: put the bowl on the plate view 0 0 189 0 0 initstate 0
Success: False
# episodes completed so far: 1034
# successes: 677 (65.5%)
Current task success rate: 0.0
Current total success rate: 0.6547388781431335

Task: put the bowl on the plate view 0 0 190 0 0 initstate 0
Success: False
# episodes completed so far: 1035
# successes: 677 (65.4%)
Current task success rate: 0.0
Current total success rate: 0.6541062801932367

Task: put the bowl on the plate view 0 0 100 356 8 initstate 0
Success: True
# episodes completed so far: 1036
# successes: 678 (65.4%)
Current task success rate: 1.0
Current total success rate: 0.6544401544401545

Task: put the bowl on the plate view 0 0 100 356 10 initstate 0
Success: True
# episodes completed so far: 1037
# successes: 679 (65.5%)
Current task success rate: 1.0
Current total success rate: 0.6547733847637416

Task: put the bowl on the plate view 0 0 100 356 352 initstate 0
Success: True
# episodes completed so far: 1038
# successes: 680 (65.5%)
Current task success rate: 1.0
Current total success rate: 0.6551059730250481

Task: put the bowl on the plate view 330 0 100 0 0 initstate 0
Success: True
# episodes completed so far: 1039
# successes: 681 (65.5%)
Current task success rate: 1.0
Current total success rate: 0.6554379210779596

Task: put the bowl on the plate view 330 15 100 0 0 initstate 0
Success: True
# episodes completed so far: 1040
# successes: 682 (65.6%)
Current task success rate: 1.0
Current total success rate: 0.6557692307692308

Task: put the bowl on the plate view 332 15 100 0 0 initstate 0
Success: True
# episodes completed so far: 1041
# successes: 683 (65.6%)
Current task success rate: 1.0
Current total success rate: 0.6560999039385207

Task: put the bowl on the plate view 333 15 100 0 0 initstate 0
Success: True
# episodes completed so far: 1042
# successes: 684 (65.6%)
Current task success rate: 1.0
Current total success rate: 0.6564299424184261

Task: put the bowl on the plate view 334 15 100 0 0 initstate 0
Success: False
# episodes completed so far: 1043
# successes: 684 (65.6%)
Current task success rate: 0.0
Current total success rate: 0.6558005752636625

Task: put the bowl on the plate view 335 15 100 0 0 initstate 0
Success: True
# episodes completed so far: 1044
# successes: 685 (65.6%)
Current task success rate: 1.0
Current total success rate: 0.6561302681992337

Task: put the bowl on the plate view 336 15 100 0 0 initstate 0
Success: False
# episodes completed so far: 1045
# successes: 685 (65.6%)
Current task success rate: 0.0
Current total success rate: 0.6555023923444976

Task: put the bowl on the plate view 337 0 100 0 0 initstate 0
Success: True
# episodes completed so far: 1046
# successes: 686 (65.6%)
Current task success rate: 1.0
Current total success rate: 0.655831739961759

Task: put the bowl on the plate view 337 15 100 0 0 initstate 0
Success: True
# episodes completed so far: 1047
# successes: 687 (65.6%)
Current task success rate: 1.0
Current total success rate: 0.6561604584527221

Task: put the bowl on the plate view 338 0 100 0 0 initstate 0
Success: True
# episodes completed so far: 1048
# successes: 688 (65.6%)
Current task success rate: 1.0
Current total success rate: 0.6564885496183206

Task: put the bowl on the plate view 338 15 100 0 0 initstate 0
Success: True
# episodes completed so far: 1049
# successes: 689 (65.7%)
Current task success rate: 1.0
Current total success rate: 0.6568160152526216

Task: put the bowl on the plate view 339 0 100 0 0 initstate 0
Success: True
# episodes completed so far: 1050
# successes: 690 (65.7%)
Current task success rate: 1.0
Current total success rate: 0.6571428571428571

Task: put the bowl on the plate view 339 15 100 0 0 initstate 0
Success: True
# episodes completed so far: 1051
# successes: 691 (65.7%)
Current task success rate: 1.0
Current total success rate: 0.6574690770694577

Task: put the bowl on the plate view 340 15 100 0 0 initstate 0
Success: True
# episodes completed so far: 1052
# successes: 692 (65.8%)
Current task success rate: 1.0
Current total success rate: 0.6577946768060836

Task: put the bowl on the plate view 341 15 100 0 0 initstate 0
Success: True
# episodes completed so far: 1053
# successes: 693 (65.8%)
Current task success rate: 1.0
Current total success rate: 0.6581196581196581

Task: put the bowl on the plate view 342 15 100 0 0 initstate 0
Success: True
# episodes completed so far: 1054
# successes: 694 (65.8%)
Current task success rate: 1.0
Current total success rate: 0.6584440227703985

Task: put the bowl on the plate view 343 15 100 0 0 initstate 0
Success: True
# episodes completed so far: 1055
# successes: 695 (65.9%)
Current task success rate: 1.0
Current total success rate: 0.6587677725118484

Task: put the bowl on the plate view 344 15 100 0 0 initstate 0
Success: True
# episodes completed so far: 1056
# successes: 696 (65.9%)
Current task success rate: 1.0
Current total success rate: 0.6590909090909091

Task: put the wine bottle on the rack view 0 0 191 0 0 initstate 0
Success: False
# episodes completed so far: 1057
# successes: 696 (65.8%)
Current task success rate: 0.0
Current total success rate: 0.6584673604541155

Task: put the wine bottle on the rack view 0 0 192 0 0 initstate 0
Success: False
# episodes completed so far: 1058
# successes: 696 (65.8%)
Current task success rate: 0.0
Current total success rate: 0.6578449905482041

Task: put the wine bottle on the rack view 0 0 193 0 0 initstate 0
Success: False
# episodes completed so far: 1059
# successes: 696 (65.7%)
Current task success rate: 0.0
Current total success rate: 0.6572237960339944

Task: put the wine bottle on the rack view 0 0 194 0 0 initstate 0
Success: False
# episodes completed so far: 1060
# successes: 696 (65.7%)
Current task success rate: 0.0
Current total success rate: 0.6566037735849056

Task: put the wine bottle on the rack view 0 0 195 0 0 initstate 0
Success: False
# episodes completed so far: 1061
# successes: 696 (65.6%)
Current task success rate: 0.0
Current total success rate: 0.6559849198868991

Task: put the wine bottle on the rack view 0 0 196 0 0 initstate 0
Success: False
# episodes completed so far: 1062
# successes: 696 (65.5%)
Current task success rate: 0.0
Current total success rate: 0.655367231638418

Task: put the wine bottle on the rack view 0 0 197 0 0 initstate 0
Success: False
# episodes completed so far: 1063
# successes: 696 (65.5%)
Current task success rate: 0.0
Current total success rate: 0.6547507055503292

Task: put the wine bottle on the rack view 0 0 198 0 0 initstate 0
Success: False
# episodes completed so far: 1064
# successes: 696 (65.4%)
Current task success rate: 0.0
Current total success rate: 0.6541353383458647

Task: put the wine bottle on the rack view 0 0 199 0 0 initstate 0
Success: False
# episodes completed so far: 1065
# successes: 696 (65.4%)
Current task success rate: 0.0
Current total success rate: 0.6535211267605634

Task: put the wine bottle on the rack view 0 0 200 0 0 initstate 0
Success: False
# episodes completed so far: 1066
# successes: 696 (65.3%)
Current task success rate: 0.0
Current total success rate: 0.6529080675422139

Task: put the wine bottle on the rack view 0 0 100 358 2 initstate 0
Success: False
# episodes completed so far: 1067
# successes: 696 (65.2%)
Current task success rate: 0.0
Current total success rate: 0.6522961574507966

Task: put the wine bottle on the rack view 0 0 100 358 4 initstate 0
Success: False
# episodes completed so far: 1068
# successes: 696 (65.2%)
Current task success rate: 0.0
Current total success rate: 0.651685393258427

Task: put the wine bottle on the rack view 0 0 100 358 6 initstate 0
Success: False
# episodes completed so far: 1069
# successes: 696 (65.1%)
Current task success rate: 0.0
Current total success rate: 0.6510757717492984

Task: put the wine bottle on the rack view 0 0 100 358 8 initstate 0
Success: False
# episodes completed so far: 1070
# successes: 696 (65.0%)
Current task success rate: 0.0
Current total success rate: 0.6504672897196262

Task: put the wine bottle on the rack view 0 0 100 358 10 initstate 0
Success: False
# episodes completed so far: 1071
# successes: 696 (65.0%)
Current task success rate: 0.0
Current total success rate: 0.6498599439775911

Task: put the wine bottle on the rack view 0 0 100 358 350 initstate 0
Success: False
# episodes completed so far: 1072
# successes: 696 (64.9%)
Current task success rate: 0.0
Current total success rate: 0.6492537313432836

Task: put the wine bottle on the rack view 0 0 100 358 352 initstate 0
Success: False
# episodes completed so far: 1073
# successes: 696 (64.9%)
Current task success rate: 0.0
Current total success rate: 0.6486486486486487

Task: put the wine bottle on the rack view 0 0 100 358 356 initstate 0
Success: False
# episodes completed so far: 1074
# successes: 696 (64.8%)
Current task success rate: 0.0
Current total success rate: 0.6480446927374302

Task: put the wine bottle on the rack view 0 0 100 358 358 initstate 0
Success: True
# episodes completed so far: 1075
# successes: 697 (64.8%)
Current task success rate: 1.0
Current total success rate: 0.6483720930232558

Task: put the wine bottle on the rack view 345 0 100 0 0 initstate 0
Success: False
# episodes completed so far: 1076
# successes: 697 (64.8%)
Current task success rate: 0.0
Current total success rate: 0.6477695167286245

Task: put the wine bottle on the rack view 345 15 100 0 0 initstate 0
Success: False
# episodes completed so far: 1077
# successes: 697 (64.7%)
Current task success rate: 0.0
Current total success rate: 0.6471680594243269

Task: put the wine bottle on the rack view 346 0 100 0 0 initstate 0
Success: True
# episodes completed so far: 1078
# successes: 698 (64.7%)
Current task success rate: 1.0
Current total success rate: 0.647495361781076

Task: put the wine bottle on the rack view 346 15 100 0 0 initstate 0
Success: False
# episodes completed so far: 1079
# successes: 698 (64.7%)
Current task success rate: 0.0
Current total success rate: 0.6468952734012975

Task: put the wine bottle on the rack view 347 0 100 0 0 initstate 0
Success: False
# episodes completed so far: 1080
# successes: 698 (64.6%)
Current task success rate: 0.0
Current total success rate: 0.6462962962962963

Task: put the wine bottle on the rack view 347 15 100 0 0 initstate 0
Success: False
# episodes completed so far: 1081
# successes: 698 (64.6%)
Current task success rate: 0.0
Current total success rate: 0.6456984273820536

Task: put the wine bottle on the rack view 348 0 100 0 0 initstate 0
Success: False
# episodes completed so far: 1082
# successes: 698 (64.5%)
Current task success rate: 0.0
Current total success rate: 0.6451016635859519

Task: put the wine bottle on the rack view 348 15 100 0 0 initstate 0
Success: False
# episodes completed so far: 1083
# successes: 698 (64.5%)
Current task success rate: 0.0
Current total success rate: 0.644506001846722

Task: put the wine bottle on the rack view 349 0 100 0 0 initstate 0
Success: True
# episodes completed so far: 1084
# successes: 699 (64.5%)
Current task success rate: 1.0
Current total success rate: 0.6448339483394834

Task: put the wine bottle on the rack view 349 15 100 0 0 initstate 0
Success: False
# episodes completed so far: 1085
# successes: 699 (64.4%)
Current task success rate: 0.0
Current total success rate: 0.6442396313364055

Task: put the wine bottle on the rack view 350 15 100 0 0 initstate 0
Success: False
# episodes completed so far: 1086
# successes: 699 (64.4%)
Current task success rate: 0.0
Current total success rate: 0.643646408839779

Task: put the wine bottle on the rack view 351 0 100 0 0 initstate 0
Success: False
# episodes completed so far: 1087
# successes: 699 (64.3%)
Current task success rate: 0.0
Current total success rate: 0.6430542778288868

Task: put the wine bottle on the rack view 351 15 100 0 0 initstate 0
Success: False
# episodes completed so far: 1088
# successes: 699 (64.2%)
Current task success rate: 0.0
Current total success rate: 0.6424632352941176

Task: put the wine bottle on the rack view 352 0 100 0 0 initstate 0
Success: False
# episodes completed so far: 1089
# successes: 699 (64.2%)
Current task success rate: 0.0
Current total success rate: 0.6418732782369146

Task: put the wine bottle on the rack view 352 15 100 0 0 initstate 0
Success: False
# episodes completed so far: 1090
# successes: 699 (64.1%)
Current task success rate: 0.0
Current total success rate: 0.6412844036697247

Task: put the wine bottle on the rack view 353 0 100 0 0 initstate 0
Success: False
# episodes completed so far: 1091
# successes: 699 (64.1%)
Current task success rate: 0.0
Current total success rate: 0.6406966086159487

Task: put the wine bottle on the rack view 353 15 100 0 0 initstate 0
Success: False
# episodes completed so far: 1092
# successes: 699 (64.0%)
Current task success rate: 0.0
Current total success rate: 0.6401098901098901

Task: put the wine bottle on the rack view 354 15 100 0 0 initstate 0
Success: False
# episodes completed so far: 1093
# successes: 699 (64.0%)
Current task success rate: 0.0
Current total success rate: 0.6395242451967064

Task: put the wine bottle on the rack view 355 15 100 0 0 initstate 0
Success: True
# episodes completed so far: 1094
# successes: 700 (64.0%)
Current task success rate: 1.0
Current total success rate: 0.6398537477148081

Task: put the wine bottle on the rack view 356 0 100 0 0 initstate 0
Success: True
# episodes completed so far: 1095
# successes: 701 (64.0%)
Current task success rate: 1.0
Current total success rate: 0.6401826484018265

Task: put the wine bottle on the rack view 356 15 100 0 0 initstate 0
Success: True
# episodes completed so far: 1096
# successes: 702 (64.1%)
Current task success rate: 1.0
Current total success rate: 0.6405109489051095

Task: put the wine bottle on the rack view 357 15 100 0 0 initstate 0
Success: False
# episodes completed so far: 1097
# successes: 702 (64.0%)
Current task success rate: 0.0
Current total success rate: 0.6399270738377393

Task: put the wine bottle on the rack view 359 15 100 0 0 initstate 0
Success: True
# episodes completed so far: 1098
# successes: 703 (64.0%)
Current task success rate: 1.0
Current total success rate: 0.6402550091074681

Task: please make sure the middle drawer of the cabinet is open
Success: True
# episodes completed so far: 1099
# successes: 704 (64.1%)
Current task success rate: 1.0
Current total success rate: 0.640582347588717

Task: after you finish that task your next job is to open the middle drawer of the cabinet
Success: True
# episodes completed so far: 1100
# successes: 705 (64.1%)
Current task success rate: 1.0
Current total success rate: 0.6409090909090909

Task: can you have the middle drawer of the cabinet opened
Success: True
# episodes completed so far: 1101
# successes: 706 (64.1%)
Current task success rate: 1.0
Current total success rate: 0.6412352406902816

Task: open the central storage compartment of the furniture used for keeping files and small items
Success: True
# episodes completed so far: 1102
# successes: 707 (64.2%)
Current task success rate: 1.0
Current total success rate: 0.6415607985480943

Task: draw open the center compartment of the cabinet
Success: True
# episodes completed so far: 1103
# successes: 708 (64.2%)
Current task success rate: 1.0
Current total success rate: 0.641885766092475

Task: its quite stuffy in here maybe opening the middle cabinet drawer would help
Success: True
# episodes completed so far: 1104
# successes: 709 (64.2%)
Current task success rate: 1.0
Current total success rate: 0.6422101449275363

Task: for safety reasons we need to keep the middle cabinet drawer open at all times
Success: True
# episodes completed so far: 1105
# successes: 710 (64.3%)
Current task success rate: 1.0
Current total success rate: 0.6425339366515838

Task: access the central storage compartment situated halfway up the structure designed for storing items
Success: True
# episodes completed so far: 1106
# successes: 711 (64.3%)
Current task success rate: 1.0
Current total success rate: 0.6428571428571429

Task: access the central storage compartment of the furniture used for storing items
Success: True
# episodes completed so far: 1107
# successes: 712 (64.3%)
Current task success rate: 1.0
Current total success rate: 0.6431797651309846

Task: access the central compartment of the cupboard
Success: True
# episodes completed so far: 1108
# successes: 713 (64.4%)
Current task success rate: 1.0
Current total success rate: 0.6435018050541517

Task: pull out the center compartment of the cupboard
Success: True
# episodes completed so far: 1109
# successes: 714 (64.4%)
Current task success rate: 1.0
Current total success rate: 0.6438232642019838

Task: open the cabinets center drawer not the top or bottom just the middle one
Success: True
# episodes completed so far: 1110
# successes: 715 (64.4%)
Current task success rate: 1.0
Current total success rate: 0.6441441441441441

Task: hey there when you get a chance could you open the middle cabinet drawer
Success: True
# episodes completed so far: 1111
# successes: 716 (64.4%)
Current task success rate: 1.0
Current total success rate: 0.6444644464446445

Task: could you ensure the middle drawer of the cabinet is open please
Success: True
# episodes completed so far: 1112
# successes: 717 (64.5%)
Current task success rate: 1.0
Current total success rate: 0.6447841726618705

Task: would you mind opening the cabinets middle drawer id really appreciate it
Success: True
# episodes completed so far: 1113
# successes: 718 (64.5%)
Current task success rate: 1.0
Current total success rate: 0.6451033243486074

Task: could you please open the middle drawer of the cabinet for me
Success: True
# episodes completed so far: 1114
# successes: 719 (64.5%)
Current task success rate: 1.0
Current total success rate: 0.6454219030520646

Task: could you get the middle drawer of the cabinet open please
Success: True
# episodes completed so far: 1115
# successes: 720 (64.6%)
Current task success rate: 1.0
Current total success rate: 0.6457399103139013

Task: pull out the central storage compartment of the furniture piece used for storing items
Success: True
# episodes completed so far: 1116
# successes: 721 (64.6%)
Current task success rate: 1.0
Current total success rate: 0.6460573476702509

Task: slide out the central storage compartment of the wooden structure designed for holding items
Success: True
# episodes completed so far: 1117
# successes: 722 (64.6%)
Current task success rate: 1.0
Current total success rate: 0.6463742166517458

Task: pull out the central sliding storage compartment of the furniture used for storing items
Success: True
# episodes completed so far: 1118
# successes: 723 (64.7%)
Current task success rate: 1.0
Current total success rate: 0.646690518783542

Task: could you make sure the middle drawer of the cabinet is open
Success: True
# episodes completed so far: 1119
# successes: 724 (64.7%)
Current task success rate: 1.0
Current total success rate: 0.6470062555853441

Task: the middle drawer of the cabinet seems stuck could you try opening it
Success: True
# episodes completed so far: 1120
# successes: 725 (64.7%)
Current task success rate: 1.0
Current total success rate: 0.6473214285714286

Task: please open the middle drawer of the cabinet but dont touch anything inside
Success: True
# episodes completed so far: 1121
# successes: 726 (64.8%)
Current task success rate: 1.0
Current total success rate: 0.647636039250669

Task: open the center storage compartment of the furniture used for storing items
Success: True
# episodes completed so far: 1122
# successes: 727 (64.8%)
Current task success rate: 1.0
Current total success rate: 0.6479500891265597

Task: access the center compartment of the cupboard
Success: True
# episodes completed so far: 1123
# successes: 728 (64.8%)
Current task success rate: 1.0
Current total success rate: 0.6482635796972396

Task: pull out the center drawer of the cupboard
Success: True
# episodes completed so far: 1124
# successes: 729 (64.9%)
Current task success rate: 1.0
Current total success rate: 0.6485765124555161

Task: open the middle drawer of the cabinet carefully making sure not to disturb the others
Success: True
# episodes completed so far: 1125
# successes: 730 (64.9%)
Current task success rate: 1.0
Current total success rate: 0.6488888888888888

Task: before you start cooking remember to open the middle drawer of the cabinet first
Success: True
# episodes completed so far: 1126
# successes: 731 (64.9%)
Current task success rate: 1.0
Current total success rate: 0.6492007104795737

Task: pull out the central storage compartment in the piece of furniture used for storing items
Success: True
# episodes completed so far: 1127
# successes: 732 (65.0%)
Current task success rate: 1.0
Current total success rate: 0.6495119787045253

Task: slide out the central compartment of the cupboard
Success: True
# episodes completed so far: 1128
# successes: 733 (65.0%)
Current task success rate: 1.0
Current total success rate: 0.649822695035461

Task: open the central storage compartment of the wooden furniture typically used for storing items
Success: True
# episodes completed so far: 1129
# successes: 734 (65.0%)
Current task success rate: 1.0
Current total success rate: 0.650132860938884

Task: open the middle drawer of the cabinet the one right between the top and bottom ones
Success: True
# episodes completed so far: 1130
# successes: 735 (65.0%)
Current task success rate: 1.0
Current total success rate: 0.6504424778761062

Task: open the middle drawer of the cabinet slowly and check if everything is in order
Success: False
# episodes completed so far: 1131
# successes: 735 (65.0%)
Current task success rate: 0.0
Current total success rate: 0.649867374005305

Task: access the central storage compartment of the furniture used for storing items
Success: True
# episodes completed so far: 1132
# successes: 736 (65.0%)
Current task success rate: 1.0
Current total success rate: 0.6501766784452296

Task: the middle drawer in the cabinet contains important items please open it now
Success: True
# episodes completed so far: 1133
# successes: 737 (65.0%)
Current task success rate: 1.0
Current total success rate: 0.6504854368932039

Task: open the central storage compartment of the furniture piece used for keeping documents and miscellaneous items
Success: True
# episodes completed so far: 1134
# successes: 738 (65.1%)
Current task success rate: 1.0
Current total success rate: 0.6507936507936508

Task: pull out the central compartment of the cupboard
Success: True
# episodes completed so far: 1135
# successes: 739 (65.1%)
Current task success rate: 1.0
Current total success rate: 0.6511013215859031

Task: access the center compartment of the cabinet
Success: True
# episodes completed so far: 1136
# successes: 740 (65.1%)
Current task success rate: 1.0
Current total success rate: 0.6514084507042254

Task: open the center storage compartment of the furniture designed for storing items
Success: True
# episodes completed so far: 1137
# successes: 741 (65.2%)
Current task success rate: 1.0
Current total success rate: 0.6517150395778364

Task: pull out the central storage compartment in the furniture used for storing items
Success: True
# episodes completed so far: 1138
# successes: 742 (65.2%)
Current task success rate: 1.0
Current total success rate: 0.6520210896309314

Task: slide open the center storage compartment of the furniture piece used for storing items
Success: True
# episodes completed so far: 1139
# successes: 743 (65.2%)
Current task success rate: 1.0
Current total success rate: 0.6523266022827041

Task: open the central compartment for storage located at the midpoint of the furniture designed for holding items
Success: True
# episodes completed so far: 1140
# successes: 744 (65.3%)
Current task success rate: 1.0
Current total success rate: 0.6526315789473685

Task: i need to access something so kindly open the middle drawer of the cabinet
Success: True
# episodes completed so far: 1141
# successes: 745 (65.3%)
Current task success rate: 1.0
Current total success rate: 0.6529360210341806

Task: open the middle drawer of the cabinet the one with the silverware in it
Success: False
# episodes completed so far: 1142
# successes: 745 (65.2%)
Current task success rate: 0.0
Current total success rate: 0.6523642732049036

Task: could you get the middle drawer of the cabinet open for me
Success: True
# episodes completed so far: 1143
# successes: 746 (65.3%)
Current task success rate: 1.0
Current total success rate: 0.652668416447944

Task: slide out the central compartment of the cupboard
Success: True
# episodes completed so far: 1144
# successes: 747 (65.3%)
Current task success rate: 1.0
Current total success rate: 0.652972027972028

Task: place the round deep dish used for serving food onto the appliance used for cooking
Success: True
# episodes completed so far: 1145
# successes: 748 (65.3%)
Current task success rate: 1.0
Current total success rate: 0.6532751091703056

Task: place the rounded cooking container on the cooking appliance
Success: True
# episodes completed so far: 1146
# successes: 749 (65.4%)
Current task success rate: 1.0
Current total success rate: 0.6535776614310645

Task: place the rounded food preparation vessel on the cooking appliance
Success: True
# episodes completed so far: 1147
# successes: 750 (65.4%)
Current task success rate: 1.0
Current total success rate: 0.6538796861377506

Task: place the bowl on the stove
Success: True
# episodes completed so far: 1148
# successes: 751 (65.4%)
Current task success rate: 1.0
Current total success rate: 0.6541811846689896

Task: please place the bowl on the stove
Success: True
# episodes completed so far: 1149
# successes: 752 (65.4%)
Current task success rate: 1.0
Current total success rate: 0.6544821583986075

Task: i need the bowl placed on the stove
Success: True
# episodes completed so far: 1150
# successes: 753 (65.5%)
Current task success rate: 1.0
Current total success rate: 0.6547826086956522

Task: place the bowl on the stove please its time to start cooking
Success: True
# episodes completed so far: 1151
# successes: 754 (65.5%)
Current task success rate: 1.0
Current total success rate: 0.6550825369244135

Task: after washing the bowl please put it on the stove for the next step
Success: True
# episodes completed so far: 1152
# successes: 755 (65.5%)
Current task success rate: 1.0
Current total success rate: 0.6553819444444444

Task: position the dish on the cooktop
Success: True
# episodes completed so far: 1153
# successes: 756 (65.6%)
Current task success rate: 1.0
Current total success rate: 0.6556808326105811

Task: place the rounded vessel for mixing food on the cooking appliance
Success: True
# episodes completed so far: 1154
# successes: 757 (65.6%)
Current task success rate: 1.0
Current total success rate: 0.6559792027729636

Task: id like it if you could place the bowl on the stove
Success: True
# episodes completed so far: 1155
# successes: 758 (65.6%)
Current task success rate: 1.0
Current total success rate: 0.6562770562770562

Task: kindly place the bowl on the stove
Success: True
# episodes completed so far: 1156
# successes: 759 (65.7%)
Current task success rate: 1.0
Current total success rate: 0.6565743944636678

Task: position the container used for mixing ingredients on the appliance used for cooking
Success: True
# episodes completed so far: 1157
# successes: 760 (65.7%)
Current task success rate: 1.0
Current total success rate: 0.6568712186689715

Task: would you mind putting the bowl on the stove the sauce needs to thicken
Success: True
# episodes completed so far: 1158
# successes: 761 (65.7%)
Current task success rate: 1.0
Current total success rate: 0.657167530224525

Task: put the bowl on the stove gently its still hot from the dishwasher
Success: True
# episodes completed so far: 1159
# successes: 762 (65.7%)
Current task success rate: 1.0
Current total success rate: 0.6574633304572908

Task: place the rounded container for food preparation on the cooking appliance
Success: True
# episodes completed so far: 1160
# successes: 763 (65.8%)
Current task success rate: 1.0
Current total success rate: 0.6577586206896552

Task: the bowl should be placed on the stove before we proceed with mixing
Success: True
# episodes completed so far: 1161
# successes: 764 (65.8%)
Current task success rate: 1.0
Current total success rate: 0.6580534022394487

Task: place the container used for mixing ingredients on the cooking appliance
Success: True
# episodes completed so far: 1162
# successes: 765 (65.8%)
Current task success rate: 1.0
Current total success rate: 0.6583476764199656

Task: put the bowl on the stove now were running behind schedule for dinner
Success: True
# episodes completed so far: 1163
# successes: 766 (65.9%)
Current task success rate: 1.0
Current total success rate: 0.6586414445399829

Task: could you place the wine bottle on top of the cabinet for me please
Success: True
# episodes completed so far: 1164
# successes: 767 (65.9%)
Current task success rate: 1.0
Current total success rate: 0.6589347079037801

Task: before leaving dont forget to put the wine bottle on top of the cabinet
Success: True
# episodes completed so far: 1165
# successes: 768 (65.9%)
Current task success rate: 1.0
Current total success rate: 0.6592274678111588

Task: the 2018 merlot needs to be stored properly so put it on the cabinet top
Success: False
# episodes completed so far: 1166
# successes: 768 (65.9%)
Current task success rate: 0.0
Current total success rate: 0.6586620926243568

Task: set the wine container atop the cupboard
Success: True
# episodes completed so far: 1167
# successes: 769 (65.9%)
Current task success rate: 1.0
Current total success rate: 0.6589545844044559

Task: position the wine bottle atop the cupboard
Success: True
# episodes completed so far: 1168
# successes: 770 (65.9%)
Current task success rate: 1.0
Current total success rate: 0.6592465753424658

Task: for safety reasons make sure to place the wine bottle on top of the cabinet
Success: True
# episodes completed so far: 1169
# successes: 771 (66.0%)
Current task success rate: 1.0
Current total success rate: 0.6595380667236954

Task: for better organization put the wine bottle on the cabinets top surface
Success: True
# episodes completed so far: 1170
# successes: 772 (66.0%)
Current task success rate: 1.0
Current total success rate: 0.6598290598290598

Task: place the container filled with an alcoholic beverage made from fermented grapes atop the tall storage furniture usually found in the kitchen or dining area
Success: False
# episodes completed so far: 1171
# successes: 772 (65.9%)
Current task success rate: 0.0
Current total success rate: 0.659265584970111

Task: put the wine bottle on the cabinets top shelf where we always store it
Success: True
# episodes completed so far: 1172
# successes: 773 (66.0%)
Current task success rate: 1.0
Current total success rate: 0.659556313993174

Task: place the container that holds the fermented grape beverage above the storage unit in the kitchen
Success: False
# episodes completed so far: 1173
# successes: 773 (65.9%)
Current task success rate: 0.0
Current total success rate: 0.658994032395567

Task: position the glass container of fermented grapes atop the storage unit for dishes and utensils
Success: False
# episodes completed so far: 1174
# successes: 773 (65.8%)
Current task success rate: 0.0
Current total success rate: 0.6584327086882453

Task: place the vessel containing fermented grapes on the highest storage unit in the room
Success: False
# episodes completed so far: 1175
# successes: 773 (65.8%)
Current task success rate: 0.0
Current total success rate: 0.6578723404255319

Task: after dinner remember to put the wine bottle on top of the kitchen cabinet
Success: True
# episodes completed so far: 1176
# successes: 774 (65.8%)
Current task success rate: 1.0
Current total success rate: 0.6581632653061225

Task: for optimal storage conditions the wine bottle belongs on the cabinet top
Success: True
# episodes completed so far: 1177
# successes: 775 (65.8%)
Current task success rate: 1.0
Current total success rate: 0.6584536958368734

Task: ensure the wine bottle is placed atop the cabinet
Success: True
# episodes completed so far: 1178
# successes: 776 (65.9%)
Current task success rate: 1.0
Current total success rate: 0.6587436332767402

Task: place the container of fermented grape liquid on the elevated storage unit
Success: True
# episodes completed so far: 1179
# successes: 777 (65.9%)
Current task success rate: 1.0
Current total success rate: 0.6590330788804071

Task: ensure the wine bottle is placed on top of the cabinet
Success: True
# episodes completed so far: 1180
# successes: 778 (65.9%)
Current task success rate: 1.0
Current total success rate: 0.6593220338983051

Task: place the wine bottle on top of the cabinet please
Success: True
# episodes completed so far: 1181
# successes: 779 (66.0%)
Current task success rate: 1.0
Current total success rate: 0.65961049957663

Task: place the container holding fermented grapes atop the storage unit often found in kitchens or dining areas
Success: False
# episodes completed so far: 1182
# successes: 779 (65.9%)
Current task success rate: 0.0
Current total success rate: 0.6590524534686971

Task: position the wine container atop the cupboard
Success: True
# episodes completed so far: 1183
# successes: 780 (65.9%)
Current task success rate: 1.0
Current total success rate: 0.6593406593406593

Task: could you place the wine bottle on the top of the cabinet
Success: True
# episodes completed so far: 1184
# successes: 781 (66.0%)
Current task success rate: 1.0
Current total success rate: 0.6596283783783784

Task: to keep it out of reach place the wine bottle on the upper part of the cabinet
Success: True
# episodes completed so far: 1185
# successes: 782 (66.0%)
Current task success rate: 1.0
Current total success rate: 0.659915611814346

Task: our storage protocol requires you to put the wine bottle on the cabinets top
Success: True
# episodes completed so far: 1186
# successes: 783 (66.0%)
Current task success rate: 1.0
Current total success rate: 0.6602023608768971

Task: place the vessel containing fermented grapes on the uppermost storage unit in the room
Success: False
# episodes completed so far: 1187
# successes: 783 (66.0%)
Current task success rate: 0.0
Current total success rate: 0.6596461668070767

Task: place the wine container atop the cupboard
Success: True
# episodes completed so far: 1188
# successes: 784 (66.0%)
Current task success rate: 1.0
Current total success rate: 0.6599326599326599

Task: can you place the wine bottle on top of the cabinet for me please
Success: True
# episodes completed so far: 1189
# successes: 785 (66.0%)
Current task success rate: 1.0
Current total success rate: 0.6602186711522288

Task: position the wine container atop the cupboard
Success: True
# episodes completed so far: 1190
# successes: 786 (66.1%)
Current task success rate: 1.0
Current total success rate: 0.6605042016806723

Task: could you ensure the wine bottle ends up on top of the cabinet
Success: True
# episodes completed so far: 1191
# successes: 787 (66.1%)
Current task success rate: 1.0
Current total success rate: 0.6607892527287993

Task: to prevent spills carefully place the wine bottle on the cabinets surface
Success: True
# episodes completed so far: 1192
# successes: 788 (66.1%)
Current task success rate: 1.0
Current total success rate: 0.6610738255033557

Task: posit the wine container atop the cupboard
Success: True
# episodes completed so far: 1193
# successes: 789 (66.1%)
Current task success rate: 1.0
Current total success rate: 0.6613579212070411

Task: place the wine container atop the cupboard
Success: True
# episodes completed so far: 1194
# successes: 790 (66.2%)
Current task success rate: 1.0
Current total success rate: 0.661641541038526

Task: place the container of fermented grape beverage on the upper storage unit
Success: True
# episodes completed so far: 1195
# successes: 791 (66.2%)
Current task success rate: 1.0
Current total success rate: 0.6619246861924686

Task: set the wine vessel on top of the cupboard
Success: True
# episodes completed so far: 1196
# successes: 792 (66.2%)
Current task success rate: 1.0
Current total success rate: 0.6622073578595318

Task: put the wine bottle up high the cabinet top is the perfect spot for it
Success: True
# episodes completed so far: 1197
# successes: 793 (66.2%)
Current task success rate: 1.0
Current total success rate: 0.6624895572263994

Task: place the glass container holding fermented grapes atop the storage furniture used for keeping dishware and other kitchen items
Success: False
# episodes completed so far: 1198
# successes: 793 (66.2%)
Current task success rate: 0.0
Current total success rate: 0.6619365609348915

Task: to maintain our kitchens organization the wine bottle goes on the cabinet top
Success: True
# episodes completed so far: 1199
# successes: 794 (66.2%)
Current task success rate: 1.0
Current total success rate: 0.6622185154295246

Task: place the wine bottle on top of the cabinet
Success: True
# episodes completed so far: 1200
# successes: 795 (66.2%)
Current task success rate: 1.0
Current total success rate: 0.6625

Task: the red wine bottle should be placed on the highest point of the cabinet
Success: True
# episodes completed so far: 1201
# successes: 796 (66.3%)
Current task success rate: 1.0
Current total success rate: 0.6627810158201499

Task: place the container holding fermented grape drink on the upper storage unit
Success: False
# episodes completed so far: 1202
# successes: 796 (66.2%)
Current task success rate: 0.0
Current total success rate: 0.6622296173044925

Task: when you get a chance would you mind opening the top drawer to store the bowl inside
Success: True
# episodes completed so far: 1203
# successes: 797 (66.3%)
Current task success rate: 1.0
Current total success rate: 0.6625103906899418

Task: your next task is simple open that top drawer and place the bowl inside neatly
Success: True
# episodes completed so far: 1204
# successes: 798 (66.3%)
Current task success rate: 1.0
Current total success rate: 0.6627906976744186

Task: pull out the uppermost storage compartment and place the round dish for eating within it
Success: True
# episodes completed so far: 1205
# successes: 799 (66.3%)
Current task success rate: 1.0
Current total success rate: 0.6630705394190871

Task: the weathers nice today perfect time to open the top drawer and put the bowl inside
Success: True
# episodes completed so far: 1206
# successes: 800 (66.3%)
Current task success rate: 1.0
Current total success rate: 0.6633499170812603

Task: for maximum efficiency open just the top drawer and place the bowl inside carefully
Success: True
# episodes completed so far: 1207
# successes: 801 (66.4%)
Current task success rate: 1.0
Current total success rate: 0.6636288318144159

Task: pull open the uppermost storage compartment and place the rounded vessel for food within
Success: True
# episodes completed so far: 1208
# successes: 802 (66.4%)
Current task success rate: 1.0
Current total success rate: 0.6639072847682119

Task: slide out the uppermost storage compartment and place the dish used for eating cereal inside
Success: True
# episodes completed so far: 1209
# successes: 803 (66.4%)
Current task success rate: 1.0
Current total success rate: 0.664185277088503

Task: pull open the uppermost sliding storage compartment and place the rounded dish within
Success: True
# episodes completed so far: 1210
# successes: 804 (66.4%)
Current task success rate: 1.0
Current total success rate: 0.6644628099173554

Task: unlock the upper drawer and place the dish within
Success: True
# episodes completed so far: 1211
# successes: 805 (66.5%)
Current task success rate: 1.0
Current total success rate: 0.6647398843930635

Task: the bowl needs to be stored simply open the top drawer and place it inside
Success: True
# episodes completed so far: 1212
# successes: 806 (66.5%)
Current task success rate: 1.0
Current total success rate: 0.665016501650165

Task: could you do me a favor open the top drawer right now to put the bowl inside
Success: True
# episodes completed so far: 1213
# successes: 807 (66.5%)
Current task success rate: 1.0
Current total success rate: 0.6652926628194559

Task: pull out the uppermost storage compartment and place the round dish used for eating within it
Success: True
# episodes completed so far: 1214
# successes: 808 (66.6%)
Current task success rate: 1.0
Current total success rate: 0.6655683690280065

Task: pull open the uppermost sliding storage compartment and place the rounded dish within
Success: True
# episodes completed so far: 1215
# successes: 809 (66.6%)
Current task success rate: 1.0
Current total success rate: 0.665843621399177

Task: pull out the uppermost sliding storage compartment and place the rounded dish receptacle within it
Success: True
# episodes completed so far: 1216
# successes: 810 (66.6%)
Current task success rate: 1.0
Current total success rate: 0.6661184210526315

Task: open the uppermost sliding storage compartment and place the rounded dish for eating within
Success: True
# episodes completed so far: 1217
# successes: 811 (66.6%)
Current task success rate: 1.0
Current total success rate: 0.666392769104355

Task: could you place the bowl in the top drawer for me please
Success: False
# episodes completed so far: 1218
# successes: 811 (66.6%)
Current task success rate: 0.0
Current total success rate: 0.6658456486042693

Task: i prefer organization so please open the top drawer and put the bowl inside its spot
Success: True
# episodes completed so far: 1219
# successes: 812 (66.6%)
Current task success rate: 1.0
Current total success rate: 0.6661197703035275

Task: unlock the upper drawer and place the dish within
Success: True
# episodes completed so far: 1220
# successes: 813 (66.6%)
Current task success rate: 1.0
Current total success rate: 0.6663934426229509

Task: slide out the uppermost storage compartment and place the rounded dish within
Success: True
# episodes completed so far: 1221
# successes: 814 (66.7%)
Current task success rate: 1.0
Current total success rate: 0.6666666666666666

Task: could you make sure the bowl is placed in the top drawer
Success: False
# episodes completed so far: 1222
# successes: 814 (66.6%)
Current task success rate: 0.0
Current total success rate: 0.6661211129296236

Task: open the top drawer not the bottom one and then put the bowl inside
Success: True
# episodes completed so far: 1223
# successes: 815 (66.6%)
Current task success rate: 1.0
Current total success rate: 0.6663941128372853

Task: good morning could you please open the top drawer and place the bowl inside
Success: True
# episodes completed so far: 1224
# successes: 816 (66.7%)
Current task success rate: 1.0
Current total success rate: 0.6666666666666666

Task: slide out the upper drawer and place the dish within
Success: True
# episodes completed so far: 1225
# successes: 817 (66.7%)
Current task success rate: 1.0
Current total success rate: 0.6669387755102041

Task: pull out the uppermost sliding storage compartment and place the round dish used for eating within it
Success: True
# episodes completed so far: 1226
# successes: 818 (66.7%)
Current task success rate: 1.0
Current total success rate: 0.66721044045677

Task: remember our organization system please open the top drawer and place the bowl inside
Success: True
# episodes completed so far: 1227
# successes: 819 (66.7%)
Current task success rate: 1.0
Current total success rate: 0.6674816625916871

Task: open the uppermost sliding storage compartment and place the round dish within
Success: True
# episodes completed so far: 1228
# successes: 820 (66.8%)
Current task success rate: 1.0
Current total success rate: 0.6677524429967426

Task: slide the upper drawer and place the dish within
Success: True
# episodes completed so far: 1229
# successes: 821 (66.8%)
Current task success rate: 1.0
Current total success rate: 0.6680227827502034

Task: slide out the upper drawer and place the dish within
Success: True
# episodes completed so far: 1230
# successes: 822 (66.8%)
Current task success rate: 1.0
Current total success rate: 0.6682926829268293

Task: open the uppermost sliding storage compartment and place the rounded vessel for holding food within
Success: True
# episodes completed so far: 1231
# successes: 823 (66.9%)
Current task success rate: 1.0
Current total success rate: 0.6685621445978879

Task: the bowl goes in the top drawer not the cabinet so open it and put inside now
Success: False
# episodes completed so far: 1232
# successes: 823 (66.8%)
Current task success rate: 0.0
Current total success rate: 0.6680194805194806

Task: id like you to place the bowl in the top drawer
Success: False
# episodes completed so far: 1233
# successes: 823 (66.7%)
Current task success rate: 0.0
Current total success rate: 0.667477696674777

Task: pull open the uppermost sliding storage compartment and place the rounded dish inside
Success: True
# episodes completed so far: 1234
# successes: 824 (66.8%)
Current task success rate: 1.0
Current total success rate: 0.6677471636952999

Task: open the top drawer the one with the handle and insert the bowl inside please
Success: True
# episodes completed so far: 1235
# successes: 825 (66.8%)
Current task success rate: 1.0
Current total success rate: 0.6680161943319838

Task: slide open the upper drawer and place the dish within
Success: True
# episodes completed so far: 1236
# successes: 826 (66.8%)
Current task success rate: 1.0
Current total success rate: 0.6682847896440129

Task: before lunch make sure to open the top drawer and put the bowl inside it properly
Success: True
# episodes completed so far: 1237
# successes: 827 (66.9%)
Current task success rate: 1.0
Current total success rate: 0.6685529506871464

Task: can you place the bowl in the top drawer for me
Success: False
# episodes completed so far: 1238
# successes: 827 (66.8%)
Current task success rate: 0.0
Current total success rate: 0.6680129240710824

Task: could you please place the bowl in the top drawer
Success: False
# episodes completed so far: 1239
# successes: 827 (66.7%)
Current task success rate: 0.0
Current total success rate: 0.6674737691686844

Task: after washing the bowl remember to open the top drawer and put it inside immediately
Success: True
# episodes completed so far: 1240
# successes: 828 (66.8%)
Current task success rate: 1.0
Current total success rate: 0.667741935483871

Task: open the highest sliding storage compartment and place the round dish used for eating or serving food within it
Success: True
# episodes completed so far: 1241
# successes: 829 (66.8%)
Current task success rate: 1.0
Current total success rate: 0.6680096696212732

Task: open the uppermost storage compartment and place the round dish used for eating or serving food within
Success: True
# episodes completed so far: 1242
# successes: 830 (66.8%)
Current task success rate: 1.0
Current total success rate: 0.6682769726247987

Task: i need the bowl placed inside the top drawer
Success: False
# episodes completed so far: 1243
# successes: 830 (66.8%)
Current task success rate: 0.0
Current total success rate: 0.667739340305712

Task: pull out the uppermost sliding storage compartment and place the round dish used for eating into it
Success: True
# episodes completed so far: 1244
# successes: 831 (66.8%)
Current task success rate: 1.0
Current total success rate: 0.6680064308681672

Task: for proper storage always open the top drawer and place bowls like this one inside
Success: True
# episodes completed so far: 1245
# successes: 832 (66.8%)
Current task success rate: 1.0
Current total success rate: 0.668273092369478

Task: please store the bowl in the top drawer
Success: False
# episodes completed so far: 1246
# successes: 832 (66.8%)
Current task success rate: 0.0
Current total success rate: 0.6677367576243981

Task: slide the upper drawer out and place the dish within
Success: True
# episodes completed so far: 1247
# successes: 833 (66.8%)
Current task success rate: 1.0
Current total success rate: 0.6680032076984763

Task: pull out the upper drawer and place the dish within
Success: True
# episodes completed so far: 1248
# successes: 834 (66.8%)
Current task success rate: 1.0
Current total success rate: 0.6682692307692307

Task: before guests arrive quickly open the top drawer and stash the bowl inside
Success: True
# episodes completed so far: 1249
# successes: 835 (66.9%)
Current task success rate: 1.0
Current total success rate: 0.6685348278622898

Task: pull open the upper drawer and place the dish within
Success: True
# episodes completed so far: 1250
# successes: 836 (66.9%)
Current task success rate: 1.0
Current total success rate: 0.6688

Task: dont forget open the top drawer first then put the bowl inside before closing it
Success: True
# episodes completed so far: 1251
# successes: 837 (66.9%)
Current task success rate: 1.0
Current total success rate: 0.6690647482014388

Task: please ensure the bowl is placed inside the top drawer
Success: False
# episodes completed so far: 1252
# successes: 837 (66.9%)
Current task success rate: 0.0
Current total success rate: 0.6685303514376997

Task: could you place the bowl up on the cabinet for me please
Success: True
# episodes completed so far: 1253
# successes: 838 (66.9%)
Current task success rate: 1.0
Current total success rate: 0.6687948922585794

Task: position the dish on the surface of the cupboard
Success: True
# episodes completed so far: 1254
# successes: 839 (66.9%)
Current task success rate: 1.0
Current total success rate: 0.6690590111642744

Task: position the round deep dish used for food servings onto the higher storage unit often used for keeping kitchen items
Success: True
# episodes completed so far: 1255
# successes: 840 (66.9%)
Current task success rate: 1.0
Current total success rate: 0.6693227091633466

Task: were reorganizing all bowls now go on top of the cabinet instead of in it
Success: True
# episodes completed so far: 1256
# successes: 841 (67.0%)
Current task success rate: 1.0
Current total success rate: 0.6695859872611465

Task: set the dish atop the cupboard
Success: True
# episodes completed so far: 1257
# successes: 842 (67.0%)
Current task success rate: 1.0
Current total success rate: 0.669848846459825

Task: i need that counter space cleared so please relocate the bowl to the cabinet top
Success: True
# episodes completed so far: 1258
# successes: 843 (67.0%)
Current task success rate: 1.0
Current total success rate: 0.6701112877583466

Task: could you place the bowl on top of the cabinet for me
Success: True
# episodes completed so far: 1259
# successes: 844 (67.0%)
Current task success rate: 1.0
Current total success rate: 0.670373312152502

Task: for safety reasons put that glass bowl on the cabinet where it wont get knocked over
Success: True
# episodes completed so far: 1260
# successes: 845 (67.1%)
Current task success rate: 1.0
Current total success rate: 0.6706349206349206

Task: for better organization place the bowl on the cabinets top surface
Success: True
# episodes completed so far: 1261
# successes: 846 (67.1%)
Current task success rate: 1.0
Current total success rate: 0.6708961141950832

Task: position the basin atop the cupboard
Success: True
# episodes completed so far: 1262
# successes: 847 (67.1%)
Current task success rate: 1.0
Current total success rate: 0.6711568938193344

Task: place the rounded container used for holding food on the higher storage unit often found in kitchens
Success: False
# episodes completed so far: 1263
# successes: 847 (67.1%)
Current task success rate: 0.0
Current total success rate: 0.6706254948535234

Task: place the rounded dishholding vessel on the higher storage structure
Success: True
# episodes completed so far: 1264
# successes: 848 (67.1%)
Current task success rate: 1.0
Current total success rate: 0.6708860759493671

Task: place the rounded container used for holding food on the upper storage unit typically found in kitchens
Success: False
# episodes completed so far: 1265
# successes: 848 (67.0%)
Current task success rate: 0.0
Current total success rate: 0.6703557312252965

Task: place the bowl up on the cabinet
Success: True
# episodes completed so far: 1266
# successes: 849 (67.1%)
Current task success rate: 1.0
Current total success rate: 0.6706161137440758

Task: place the rounded container for food on the elevated storage structure
Success: True
# episodes completed so far: 1267
# successes: 850 (67.1%)
Current task success rate: 1.0
Current total success rate: 0.6708760852407262

Task: the cabinet top is designated for bowl storage please place it there
Success: False
# episodes completed so far: 1268
# successes: 850 (67.0%)
Current task success rate: 0.0
Current total success rate: 0.6703470031545742

Task: place the rounded container used for holding food above the tall storage unit often used for storing dishes and other kitchen items
Success: False
# episodes completed so far: 1269
# successes: 850 (67.0%)
Current task success rate: 0.0
Current total success rate: 0.6698187549251379

Task: position the bowl atop the cupboard
Success: True
# episodes completed so far: 1270
# successes: 851 (67.0%)
Current task success rate: 1.0
Current total success rate: 0.6700787401574804

Task: after drying the bowl your next task is to put it on the cabinet
Success: True
# episodes completed so far: 1271
# successes: 852 (67.0%)
Current task success rate: 1.0
Current total success rate: 0.6703383162863886

Task: the bowl is in your way just put it up on the cabinet out of the way
Success: True
# episodes completed so far: 1272
# successes: 853 (67.1%)
Current task success rate: 1.0
Current total success rate: 0.6705974842767296

Task: before dinner remember to put the mixing bowl on top of the cabinet
Success: True
# episodes completed so far: 1273
# successes: 854 (67.1%)
Current task success rate: 1.0
Current total success rate: 0.6708562450903378

Task: place the bowl on the top of the cabinet
Success: True
# episodes completed so far: 1274
# successes: 855 (67.1%)
Current task success rate: 1.0
Current total success rate: 0.6711145996860283

Task: could you put the bowl on top of the cabinet its looking a bit cluttered down here
Success: True
# episodes completed so far: 1275
# successes: 856 (67.1%)
Current task success rate: 1.0
Current total success rate: 0.6713725490196079

Task: place the basin on the upper surface of the cupboard
Success: True
# episodes completed so far: 1276
# successes: 857 (67.2%)
Current task success rate: 1.0
Current total success rate: 0.6716300940438872

Task: place the round container used for holding food items on the upper storage unit typically found in kitchens
Success: False
# episodes completed so far: 1277
# successes: 857 (67.1%)
Current task success rate: 0.0
Current total success rate: 0.6711041503523885

Task: gently place the bowl on the cabinet making sure its centered and secure
Success: True
# episodes completed so far: 1278
# successes: 858 (67.1%)
Current task success rate: 1.0
Current total success rate: 0.6713615023474179

Task: position the rounded container for food on the elevated storage unit
Success: False
# episodes completed so far: 1279
# successes: 858 (67.1%)
Current task success rate: 0.0
Current total success rate: 0.6708365910867865

Task: place the round container used for holding food onto the higher storage area for kitchen items
Success: True
# episodes completed so far: 1280
# successes: 859 (67.1%)
Current task success rate: 1.0
Current total success rate: 0.67109375

Task: the cat cant reach the cabinet top so thats where the bowl should go
Success: False
# episodes completed so far: 1281
# successes: 859 (67.1%)
Current task success rate: 0.0
Current total success rate: 0.6705698672911787

Task: place the rounded container for holding food onto the elevated storage unit often found in kitchens
Success: True
# episodes completed so far: 1282
# successes: 860 (67.1%)
Current task success rate: 1.0
Current total success rate: 0.6708268330733229

Task: the bowl belongs on the cabinet please place it up there when you get a chance
Success: True
# episodes completed so far: 1283
# successes: 861 (67.1%)
Current task success rate: 1.0
Current total success rate: 0.6710833982852689

Task: place the bowl on the highest shelf please
Success: True
# episodes completed so far: 1284
# successes: 862 (67.1%)
Current task success rate: 1.0
Current total success rate: 0.6713395638629284

Task: can you make sure the bowl is placed on top of the cabinet
Success: True
# episodes completed so far: 1285
# successes: 863 (67.2%)
Current task success rate: 1.0
Current total success rate: 0.6715953307392996

Task: would you mind placing the bowl on top of the cabinet
Success: True
# episodes completed so far: 1286
# successes: 864 (67.2%)
Current task success rate: 1.0
Current total success rate: 0.671850699844479

Task: place the rounded container used for holding food above the storage unit where items are typically kept out of immediate reach
Success: False
# episodes completed so far: 1287
# successes: 864 (67.1%)
Current task success rate: 0.0
Current total success rate: 0.6713286713286714

Task: place the rounded container used for holding food items onto the higher storage area typically found in kitchens
Success: False
# episodes completed so far: 1288
# successes: 864 (67.1%)
Current task success rate: 0.0
Current total success rate: 0.6708074534161491

Task: position the rounded vessel for containing food on the higher storage unit typically found in kitchens
Success: False
# episodes completed so far: 1289
# successes: 864 (67.0%)
Current task success rate: 0.0
Current total success rate: 0.6702870442203258

Task: place the dish on the upper part of the cupboard
Success: True
# episodes completed so far: 1290
# successes: 865 (67.1%)
Current task success rate: 1.0
Current total success rate: 0.6705426356589147

Task: place the dish above the cupboard
Success: True
# episodes completed so far: 1291
# successes: 866 (67.1%)
Current task success rate: 1.0
Current total success rate: 0.6707978311386522

Task: after you finish washing it put the bowl on top of the cabinet where we usually store it
Success: True
# episodes completed so far: 1292
# successes: 867 (67.1%)
Current task success rate: 1.0
Current total success rate: 0.6710526315789473

Task: ensure the bowl is placed on top of the cabinet
Success: False
# episodes completed so far: 1293
# successes: 867 (67.1%)
Current task success rate: 0.0
Current total success rate: 0.6705336426914154

Task: please ensure the bowl is placed on top of the cabinet
Success: True
# episodes completed so far: 1294
# successes: 868 (67.1%)
Current task success rate: 1.0
Current total success rate: 0.6707882534775889

Task: place the rounded vessel used for containing food onto the elevated storage structure
Success: True
# episodes completed so far: 1295
# successes: 869 (67.1%)
Current task success rate: 1.0
Current total success rate: 0.6710424710424711

Task: put the bowl on the cabinet carefully its an antique from grandma
Success: True
# episodes completed so far: 1296
# successes: 870 (67.1%)
Current task success rate: 1.0
Current total success rate: 0.6712962962962963

Task: could you please push the plate to the front of the stove i need it for cooking
Success: True
# episodes completed so far: 1297
# successes: 871 (67.2%)
Current task success rate: 1.0
Current total success rate: 0.6715497301464919

Task: move the dish toward the front of the cooker
Success: False
# episodes completed so far: 1298
# successes: 871 (67.1%)
Current task success rate: 0.0
Current total success rate: 0.6710323574730355

Task: slide the dish to the forefront of the cooker
Success: False
# episodes completed so far: 1299
# successes: 871 (67.1%)
Current task success rate: 0.0
Current total success rate: 0.6705157813702848

Task: the plate needs to be closer to the heat please push it to the front of the stove
Success: False
# episodes completed so far: 1300
# successes: 871 (67.0%)
Current task success rate: 0.0
Current total success rate: 0.67

Task: thrust the dish to the forefront of the cooker
Success: False
# episodes completed so far: 1301
# successes: 871 (66.9%)
Current task success rate: 0.0
Current total success rate: 0.6694850115295926

Task: push the plate to the front of the stove but leave the bowls where they are
Success: False
# episodes completed so far: 1302
# successes: 871 (66.9%)
Current task success rate: 0.0
Current total success rate: 0.6689708141321045

Task: push the plate to the front of the stove carefully making sure not to drop it
Success: True
# episodes completed so far: 1303
# successes: 872 (66.9%)
Current task success rate: 1.0
Current total success rate: 0.6692248656945511

Task: make sure the plate is at the front of the stove
Success: False
# episodes completed so far: 1304
# successes: 872 (66.9%)
Current task success rate: 0.0
Current total success rate: 0.6687116564417178

Task: nudge the dish toward the forefront of the cooker
Success: False
# episodes completed so far: 1305
# successes: 872 (66.8%)
Current task success rate: 0.0
Current total success rate: 0.668199233716475

Task: push the flat piece of kitchenware used for eating meals to the edge facing the cook in the cooking appliance
Success: True
# episodes completed so far: 1306
# successes: 873 (66.8%)
Current task success rate: 1.0
Current total success rate: 0.6684532924961715

Task: push the flat round dish used for serving food to the front of the cooking appliance
Success: False
# episodes completed so far: 1307
# successes: 873 (66.8%)
Current task success rate: 0.0
Current total success rate: 0.6679418515684774

Task: slide the flat dishware in the direction where the cooking area begins
Success: False
# episodes completed so far: 1308
# successes: 873 (66.7%)
Current task success rate: 0.0
Current total success rate: 0.6674311926605505

Task: could you help me push the plate to the front of the stove im busy chopping vegetables
Success: True
# episodes completed so far: 1309
# successes: 874 (66.8%)
Current task success rate: 1.0
Current total success rate: 0.6676852559205501

Task: push the plate to the front of the stove but dont move any other kitchenware
Success: True
# episodes completed so far: 1310
# successes: 875 (66.8%)
Current task success rate: 1.0
Current total success rate: 0.6679389312977099

Task: please place the plate at the front of the stove
Success: False
# episodes completed so far: 1311
# successes: 875 (66.7%)
Current task success rate: 0.0
Current total success rate: 0.6674294431731502

Task: slide the dish toward the front of the cooker
Success: False
# episodes completed so far: 1312
# successes: 875 (66.7%)
Current task success rate: 0.0
Current total success rate: 0.666920731707317

Task: slide the flat dishware to the forward section of the cooking appliance
Success: False
# episodes completed so far: 1313
# successes: 875 (66.6%)
Current task success rate: 0.0
Current total success rate: 0.6664127951256664

Task: for safety reasons always push the plate to the front of the stove when cooking
Success: True
# episodes completed so far: 1314
# successes: 876 (66.7%)
Current task success rate: 1.0
Current total success rate: 0.6666666666666666

Task: push the flat round item used for meals to the front of the cooking appliance
Success: True
# episodes completed so far: 1315
# successes: 877 (66.7%)
Current task success rate: 1.0
Current total success rate: 0.6669201520912548

Task: the recipe says we need the plate at the front of the stove please move it there
Success: True
# episodes completed so far: 1316
# successes: 878 (66.7%)
Current task success rate: 1.0
Current total success rate: 0.6671732522796353

Task: nudge the plate to the forefront of the cooking range
Success: True
# episodes completed so far: 1317
# successes: 879 (66.7%)
Current task success rate: 1.0
Current total success rate: 0.6674259681093394

Task: push the flat dishware to the front of the cooking appliance
Success: False
# episodes completed so far: 1318
# successes: 879 (66.7%)
Current task success rate: 0.0
Current total success rate: 0.6669195751138088

Task: im preparing a special dish so please push the plate to the front of the stove
Success: False
# episodes completed so far: 1319
# successes: 879 (66.6%)
Current task success rate: 0.0
Current total success rate: 0.6664139499620925

Task: push the flat dishware item to the front of the cooking appliance
Success: True
# episodes completed so far: 1320
# successes: 880 (66.7%)
Current task success rate: 1.0
Current total success rate: 0.6666666666666666

Task: slide the dish toward the front of the cooktop
Success: False
# episodes completed so far: 1321
# successes: 880 (66.6%)
Current task success rate: 0.0
Current total success rate: 0.6661619984859954

Task: push the flat surface used for holding food to the front of the appliance for cooking
Success: False
# episodes completed so far: 1322
# successes: 880 (66.6%)
Current task success rate: 0.0
Current total success rate: 0.6656580937972768

Task: push the dinnerware item to the front of the cooking appliance
Success: False
# episodes completed so far: 1323
# successes: 880 (66.5%)
Current task success rate: 0.0
Current total success rate: 0.6651549508692366

Task: can you move the plate to the front of the stove for me
Success: True
# episodes completed so far: 1324
# successes: 881 (66.5%)
Current task success rate: 1.0
Current total success rate: 0.6654078549848943

Task: can you make sure the plate is at the front of the stove
Success: True
# episodes completed so far: 1325
# successes: 882 (66.6%)
Current task success rate: 1.0
Current total success rate: 0.6656603773584906

Task: for better heat distribution please push the plate to the front of the stove
Success: True
# episodes completed so far: 1326
# successes: 883 (66.6%)
Current task success rate: 1.0
Current total success rate: 0.6659125188536953

Task: i prefer the plate at the front of the stove could you push it there for me
Success: True
# episodes completed so far: 1327
# successes: 884 (66.6%)
Current task success rate: 1.0
Current total success rate: 0.6661642803315749

Task: push the plate to the front of the stove but make sure its not blocking the controls
Success: True
# episodes completed so far: 1328
# successes: 885 (66.6%)
Current task success rate: 1.0
Current total success rate: 0.6664156626506024

Task: move the dishware towards the forward part of the cooking appliance
Success: False
# episodes completed so far: 1329
# successes: 885 (66.6%)
Current task success rate: 0.0
Current total success rate: 0.6659142212189616

Task: slide the flat dishware to the area closest to the cooking appliances handle
Success: False
# episodes completed so far: 1330
# successes: 885 (66.5%)
Current task success rate: 0.0
Current total success rate: 0.6654135338345865

Task: nudge the dish toward the front of the cooker
Success: False
# episodes completed so far: 1331
# successes: 885 (66.5%)
Current task success rate: 0.0
Current total success rate: 0.6649135987978964

Task: could you please place the plate at the front edge of the stove
Success: False
# episodes completed so far: 1332
# successes: 885 (66.4%)
Current task success rate: 0.0
Current total success rate: 0.6644144144144144

Task: before turning on the burner push the plate to the front of the stove
Success: False
# episodes completed so far: 1333
# successes: 885 (66.4%)
Current task success rate: 0.0
Current total success rate: 0.6639159789947486

Task: slide the flat surface used for serving food toward the cooking appliances forward section
Success: False
# episodes completed so far: 1334
# successes: 885 (66.3%)
Current task success rate: 0.0
Current total success rate: 0.6634182908545727

Task: could you move the plate to the front of the stove
Success: True
# episodes completed so far: 1335
# successes: 886 (66.4%)
Current task success rate: 1.0
Current total success rate: 0.6636704119850187

Task: could you put the cream cheese into the bowl
Success: True
# episodes completed so far: 1336
# successes: 887 (66.4%)
Current task success rate: 1.0
Current total success rate: 0.6639221556886228

Task: place the cream cheese inside the dish
Success: True
# episodes completed so far: 1337
# successes: 888 (66.4%)
Current task success rate: 1.0
Current total success rate: 0.6641735228122663

Task: put the cream cheese in the bowl now and well mix it later with other components
Success: True
# episodes completed so far: 1338
# successes: 889 (66.4%)
Current task success rate: 1.0
Current total success rate: 0.6644245142002989

Task: deposit the spreadable dairy product into the mixing container
Success: True
# episodes completed so far: 1339
# successes: 890 (66.5%)
Current task success rate: 1.0
Current total success rate: 0.6646751306945482

Task: place the spreadable dairy product in the mixing container
Success: True
# episodes completed so far: 1340
# successes: 891 (66.5%)
Current task success rate: 1.0
Current total success rate: 0.6649253731343283

Task: would you mind putting the cream cheese in the mixing bowl for me
Success: True
# episodes completed so far: 1341
# successes: 892 (66.5%)
Current task success rate: 1.0
Current total success rate: 0.6651752423564504

Task: have the cream cheese in the bowl
Success: True
# episodes completed so far: 1342
# successes: 893 (66.5%)
Current task success rate: 1.0
Current total success rate: 0.665424739195231

Task: put the cream cheese in the bowl immediately but dont touch the butter yet
Success: True
# episodes completed so far: 1343
# successes: 894 (66.6%)
Current task success rate: 1.0
Current total success rate: 0.6656738644825019

Task: could you do me a favor and put the cream cheese in the large mixing bowl
Success: True
# episodes completed so far: 1344
# successes: 895 (66.6%)
Current task success rate: 1.0
Current total success rate: 0.6659226190476191

Task: would you be so kind as to put the cream cheese in the ceramic bowl on the counter
Success: True
# episodes completed so far: 1345
# successes: 896 (66.6%)
Current task success rate: 1.0
Current total success rate: 0.6661710037174721

Task: place the spreadable dairy product into the dish commonly used for mixing ingredients
Success: True
# episodes completed so far: 1346
# successes: 897 (66.6%)
Current task success rate: 1.0
Current total success rate: 0.6664190193164933

Task: place the spreadable dairy product into the mixing vessel
Success: True
# episodes completed so far: 1347
# successes: 898 (66.7%)
Current task success rate: 1.0
Current total success rate: 0.6666666666666666

Task: insert the cream cheese into the mixing bowl
Success: True
# episodes completed so far: 1348
# successes: 899 (66.7%)
Current task success rate: 1.0
Current total success rate: 0.6669139465875371

Task: place the spreadable dairy product into the mixing container
Success: True
# episodes completed so far: 1349
# successes: 900 (66.7%)
Current task success rate: 1.0
Current total success rate: 0.6671608598962194

Task: insert the cream cheese into the basin
Success: True
# episodes completed so far: 1350
# successes: 901 (66.7%)
Current task success rate: 1.0
Current total success rate: 0.6674074074074074

Task: place the cream cheese into the bowl
Success: True
# episodes completed so far: 1351
# successes: 902 (66.8%)
Current task success rate: 1.0
Current total success rate: 0.6676535899333826

Task: before we continue please put the cream cheese in the bowl on your left
Success: True
# episodes completed so far: 1352
# successes: 903 (66.8%)
Current task success rate: 1.0
Current total success rate: 0.6678994082840237

Task: insert the spreadable dairy product into the mixing container
Success: True
# episodes completed so far: 1353
# successes: 904 (66.8%)
Current task success rate: 1.0
Current total success rate: 0.6681448632668144

Task: i remember you like baking could you put the cream cheese in the bowl first
Success: True
# episodes completed so far: 1354
# successes: 905 (66.8%)
Current task success rate: 1.0
Current total success rate: 0.6683899556868538

Task: put the soft spreadable dairy product inside the rounded dish used for mixing ingredients
Success: True
# episodes completed so far: 1355
# successes: 906 (66.9%)
Current task success rate: 1.0
Current total success rate: 0.6686346863468635

Task: on this lovely morning could you please put the cream cheese in the bowl
Success: True
# episodes completed so far: 1356
# successes: 907 (66.9%)
Current task success rate: 1.0
Current total success rate: 0.6688790560471977

Task: insert the spreadable dairy product into the rounded kitchen vessel
Success: True
# episodes completed so far: 1357
# successes: 908 (66.9%)
Current task success rate: 1.0
Current total success rate: 0.6691230655858511

Task: could you ensure the cream cheese ends up in the bowl
Success: True
# episodes completed so far: 1358
# successes: 909 (66.9%)
Current task success rate: 1.0
Current total success rate: 0.6693667157584683

Task: place the spreadable dairy product into the rounded kitchen vessel
Success: True
# episodes completed so far: 1359
# successes: 910 (67.0%)
Current task success rate: 1.0
Current total success rate: 0.6696100073583517

Task: place the spreadable dairy product inside the rounded kitchen vessel
Success: True
# episodes completed so far: 1360
# successes: 911 (67.0%)
Current task success rate: 1.0
Current total success rate: 0.6698529411764705

Task: put the cream cheese in the bowl thats the most important step in this recipe
Success: True
# episodes completed so far: 1361
# successes: 912 (67.0%)
Current task success rate: 1.0
Current total success rate: 0.6700955180014695

Task: insert the spread made from cultured milk into the rounded container used for mixing ingredients
Success: False
# episodes completed so far: 1362
# successes: 912 (67.0%)
Current task success rate: 0.0
Current total success rate: 0.6696035242290749

Task: for perfect results make sure to put all the cream cheese in the bowl
Success: True
# episodes completed so far: 1363
# successes: 913 (67.0%)
Current task success rate: 1.0
Current total success rate: 0.6698459280997799

Task: place the cream cheese into the bowl
Success: True
# episodes completed so far: 1364
# successes: 914 (67.0%)
Current task success rate: 1.0
Current total success rate: 0.6700879765395894

Task: deposit the cream cheese into the bowl
Success: True
# episodes completed so far: 1365
# successes: 915 (67.0%)
Current task success rate: 1.0
Current total success rate: 0.6703296703296703

Task: can you put the cream cheese in the bowl
Success: True
# episodes completed so far: 1366
# successes: 916 (67.1%)
Current task success rate: 1.0
Current total success rate: 0.6705710102489019

Task: place the spreadable dairy product into the dish used for mixing or serving foods
Success: True
# episodes completed so far: 1367
# successes: 917 (67.1%)
Current task success rate: 1.0
Current total success rate: 0.6708119970738844

Task: place the spreadable dairy product into the rounded kitchen vessel
Success: True
# episodes completed so far: 1368
# successes: 918 (67.1%)
Current task success rate: 1.0
Current total success rate: 0.6710526315789473

Task: the instructions say we should put exactly 8 ounces of cream cheese in the bowl
Success: True
# episodes completed so far: 1369
# successes: 919 (67.1%)
Current task success rate: 1.0
Current total success rate: 0.6712929145361578

Task: for our cheesecake preparation begin by putting the cream cheese in the bowl
Success: True
# episodes completed so far: 1370
# successes: 920 (67.2%)
Current task success rate: 1.0
Current total success rate: 0.6715328467153284

Task: could you place the cream cheese in the bowl please
Success: True
# episodes completed so far: 1371
# successes: 921 (67.2%)
Current task success rate: 1.0
Current total success rate: 0.6717724288840262

Task: insert the cream cheese into the bowl
Success: True
# episodes completed so far: 1372
# successes: 922 (67.2%)
Current task success rate: 1.0
Current total success rate: 0.6720116618075802

Task: as part of our cooking process we need to put the cream cheese in the bowl now
Success: True
# episodes completed so far: 1373
# successes: 923 (67.2%)
Current task success rate: 1.0
Current total success rate: 0.6722505462490895

Task: have the cream cheese in the bowl for me will you
Success: True
# episodes completed so far: 1374
# successes: 924 (67.2%)
Current task success rate: 1.0
Current total success rate: 0.6724890829694323

Task: for the recipe the first step is to put the cream cheese in the bowl
Success: True
# episodes completed so far: 1375
# successes: 925 (67.3%)
Current task success rate: 1.0
Current total success rate: 0.6727272727272727

Task: after washing your hands please put the cream cheese in the stainless steel bowl
Success: True
# episodes completed so far: 1376
# successes: 926 (67.3%)
Current task success rate: 1.0
Current total success rate: 0.6729651162790697

Task: can you place the cream cheese in the bowl
Success: True
# episodes completed so far: 1377
# successes: 927 (67.3%)
Current task success rate: 1.0
Current total success rate: 0.673202614379085

Task: ensure the cream cheese is in the bowl
Success: True
# episodes completed so far: 1378
# successes: 928 (67.3%)
Current task success rate: 1.0
Current total success rate: 0.6734397677793904

Task: place the spreadable dairy product into the deep rounded dish
Success: True
# episodes completed so far: 1379
# successes: 929 (67.4%)
Current task success rate: 1.0
Current total success rate: 0.6736765772298767

Task: put the cream cheese in the bowl carefully but dont spill it on the counter
Success: True
# episodes completed so far: 1380
# successes: 930 (67.4%)
Current task success rate: 1.0
Current total success rate: 0.6739130434782609

Task: place the cream cheese into the bowl
Success: True
# episodes completed so far: 1381
# successes: 931 (67.4%)
Current task success rate: 1.0
Current total success rate: 0.6741491672700941

Task: could i ask you to make sure the cream cheese ends up in the bowl
Success: True
# episodes completed so far: 1382
# successes: 932 (67.4%)
Current task success rate: 1.0
Current total success rate: 0.6743849493487699

Task: hey chef your next task is to put the cream cheese in that big bowl over there
Success: True
# episodes completed so far: 1383
# successes: 933 (67.5%)
Current task success rate: 1.0
Current total success rate: 0.6746203904555315

Task: ignite the cooking appliance
Success: True
# episodes completed so far: 1384
# successes: 934 (67.5%)
Current task success rate: 1.0
Current total success rate: 0.6748554913294798

Task: activate the appliance used for cooking meals
Success: True
# episodes completed so far: 1385
# successes: 935 (67.5%)
Current task success rate: 1.0
Current total success rate: 0.6750902527075813

Task: lets make some magic happen start by turning on the stove
Success: True
# episodes completed so far: 1386
# successes: 936 (67.5%)
Current task success rate: 1.0
Current total success rate: 0.6753246753246753

Task: id like you to get the stove heating up please
Success: True
# episodes completed so far: 1387
# successes: 937 (67.6%)
Current task success rate: 1.0
Current total success rate: 0.6755587599134824

Task: id appreciate it if you could turn on the stove right away
Success: True
# episodes completed so far: 1388
# successes: 938 (67.6%)
Current task success rate: 1.0
Current total success rate: 0.6757925072046109

Task: activate the appliance used for cooking meals
Success: True
# episodes completed so far: 1389
# successes: 939 (67.6%)
Current task success rate: 1.0
Current total success rate: 0.6760259179265659

Task: id like you to heat up the stove
Success: True
# episodes completed so far: 1390
# successes: 940 (67.6%)
Current task success rate: 1.0
Current total success rate: 0.6762589928057554

Task: i need the stove turned on please
Success: True
# episodes completed so far: 1391
# successes: 941 (67.6%)
Current task success rate: 1.0
Current total success rate: 0.676491732566499

Task: activate the appliance used for cooking
Success: True
# episodes completed so far: 1392
# successes: 942 (67.7%)
Current task success rate: 1.0
Current total success rate: 0.6767241379310345

Task: activate the home cooking appliance
Success: True
# episodes completed so far: 1393
# successes: 943 (67.7%)
Current task success rate: 1.0
Current total success rate: 0.6769562096195262

Task: could you heat up the stove for me please
Success: True
# episodes completed so far: 1394
# successes: 944 (67.7%)
Current task success rate: 1.0
Current total success rate: 0.6771879483500718

Task: activate the appliance used for cooking food
Success: True
# episodes completed so far: 1395
# successes: 945 (67.7%)
Current task success rate: 1.0
Current total success rate: 0.6774193548387096

Task: for safety reasons please make sure to turn on the stove properly
Success: True
# episodes completed so far: 1396
# successes: 946 (67.8%)
Current task success rate: 1.0
Current total success rate: 0.6776504297994269

Task: as part of our cooking routine please turn on the stove first
Success: True
# episodes completed so far: 1397
# successes: 947 (67.8%)
Current task success rate: 1.0
Current total success rate: 0.677881173944166

Task: good morning could you please turn on the stove for me
Success: True
# episodes completed so far: 1398
# successes: 948 (67.8%)
Current task success rate: 1.0
Current total success rate: 0.6781115879828327

Task: would you mind turning on the stove i need to prepare dinner
Success: True
# episodes completed so far: 1399
# successes: 949 (67.8%)
Current task success rate: 1.0
Current total success rate: 0.6783416726233024

Task: activate the cooking appliance
Success: True
# episodes completed so far: 1400
# successes: 950 (67.9%)
Current task success rate: 1.0
Current total success rate: 0.6785714285714286

Task: can you make sure the stove is on please
Success: True
# episodes completed so far: 1401
# successes: 951 (67.9%)
Current task success rate: 1.0
Current total success rate: 0.6788008565310493

Task: activate the appliance used for cooking
Success: True
# episodes completed so far: 1402
# successes: 952 (67.9%)
Current task success rate: 1.0
Current total success rate: 0.6790299572039943

Task: could you heat up the stove for me
Success: True
# episodes completed so far: 1403
# successes: 953 (67.9%)
Current task success rate: 1.0
Current total success rate: 0.6792587312900926

Task: for perfect cooking results begin by turning on the stove properly
Success: True
# episodes completed so far: 1404
# successes: 954 (67.9%)
Current task success rate: 1.0
Current total success rate: 0.6794871794871795

Task: activate the kitchen appliance used for cooking
Success: True
# episodes completed so far: 1405
# successes: 955 (68.0%)
Current task success rate: 1.0
Current total success rate: 0.6797153024911032

Task: could you ensure the stove is turned on please
Success: True
# episodes completed so far: 1406
# successes: 956 (68.0%)
Current task success rate: 1.0
Current total success rate: 0.6799431009957326

Task: please make sure the stove is turned on
Success: True
# episodes completed so far: 1407
# successes: 957 (68.0%)
Current task success rate: 1.0
Current total success rate: 0.6801705756929638

Task: attention please the next task is to turn on the stove immediately
Success: True
# episodes completed so far: 1408
# successes: 958 (68.0%)
Current task success rate: 1.0
Current total success rate: 0.6803977272727273

Task: im busy with other things can you handle turning on the stove
Success: True
# episodes completed so far: 1409
# successes: 959 (68.1%)
Current task success rate: 1.0
Current total success rate: 0.680624556422995

Task: the recipe says our first step is to turn on the stove
Success: True
# episodes completed so far: 1410
# successes: 960 (68.1%)
Current task success rate: 1.0
Current total success rate: 0.6808510638297872

Task: its time to start cooking so go ahead and turn on the stove
Success: True
# episodes completed so far: 1411
# successes: 961 (68.1%)
Current task success rate: 1.0
Current total success rate: 0.6810772501771793

Task: activate the appliance used for cooking food
Success: True
# episodes completed so far: 1412
# successes: 962 (68.1%)
Current task success rate: 1.0
Current total success rate: 0.6813031161473088

Task: could you make sure the stove is turned on please
Success: True
# episodes completed so far: 1413
# successes: 963 (68.2%)
Current task success rate: 1.0
Current total success rate: 0.6815286624203821

Task: switch on the burner
Success: True
# episodes completed so far: 1414
# successes: 964 (68.2%)
Current task success rate: 1.0
Current total success rate: 0.6817538896746818

Task: activate the cooktop
Success: True
# episodes completed so far: 1415
# successes: 965 (68.2%)
Current task success rate: 1.0
Current total success rate: 0.6819787985865724

Task: activate the cooking appliance for heating food
Success: True
# episodes completed so far: 1416
# successes: 966 (68.2%)
Current task success rate: 1.0
Current total success rate: 0.6822033898305084

Task: id like you to have the stove turned on please
Success: True
# episodes completed so far: 1417
# successes: 967 (68.2%)
Current task success rate: 1.0
Current total success rate: 0.6824276640790402

Task: activate the kitchen appliance used for cooking food
Success: True
# episodes completed so far: 1418
# successes: 968 (68.3%)
Current task success rate: 1.0
Current total success rate: 0.6826516220028209

Task: ill prepare the ingredients while you turn on the stove okay
Success: True
# episodes completed so far: 1419
# successes: 969 (68.3%)
Current task success rate: 1.0
Current total success rate: 0.6828752642706131

Task: activate the cooker
Success: True
# episodes completed so far: 1420
# successes: 970 (68.3%)
Current task success rate: 1.0
Current total success rate: 0.6830985915492958

Task: activate the cooking appliances heat source
Success: True
# episodes completed so far: 1421
# successes: 971 (68.3%)
Current task success rate: 1.0
Current total success rate: 0.6833216045038705

Task: the stove needs to be turned on before we can cook anything
Success: True
# episodes completed so far: 1422
# successes: 972 (68.4%)
Current task success rate: 1.0
Current total success rate: 0.6835443037974683

Task: ignite the appliance used for cooking
Success: True
# episodes completed so far: 1423
# successes: 973 (68.4%)
Current task success rate: 1.0
Current total success rate: 0.6837666900913563

Task: could you kindly put the bowl onto the plate for me
Success: True
# episodes completed so far: 1424
# successes: 974 (68.4%)
Current task success rate: 1.0
Current total success rate: 0.6839887640449438

Task: place the rounded dish used for eating cereal inside the flat dish often used for serving meals
Success: True
# episodes completed so far: 1425
# successes: 975 (68.4%)
Current task success rate: 1.0
Current total success rate: 0.6842105263157895

Task: could you place the bowl onto the plate
Success: True
# episodes completed so far: 1426
# successes: 976 (68.4%)
Current task success rate: 1.0
Current total success rate: 0.6844319775596073

Task: put the bowl on the plate now and well add the silverware later
Success: True
# episodes completed so far: 1427
# successes: 977 (68.5%)
Current task success rate: 1.0
Current total success rate: 0.6846531184302733

Task: could you put the bowl on the plate please
Success: True
# episodes completed so far: 1428
# successes: 978 (68.5%)
Current task success rate: 1.0
Current total success rate: 0.6848739495798319

Task: place the rounded container used for mixing ingredients on the flat dish used for serving food
Success: True
# episodes completed so far: 1429
# successes: 979 (68.5%)
Current task success rate: 1.0
Current total success rate: 0.6850944716585025

Task: place the rounded foodholding container on the flat dish for serving
Success: True
# episodes completed so far: 1430
# successes: 980 (68.5%)
Current task success rate: 1.0
Current total success rate: 0.6853146853146853

Task: set the bowl on the plate
Success: True
# episodes completed so far: 1431
# successes: 981 (68.6%)
Current task success rate: 1.0
Current total success rate: 0.6855345911949685

Task: place the curved container for food onto the flat dish typically used for serving
Success: True
# episodes completed so far: 1432
# successes: 982 (68.6%)
Current task success rate: 1.0
Current total success rate: 0.6857541899441341

Task: put the bowl on the plate but dont stack anything else on top
Success: True
# episodes completed so far: 1433
# successes: 983 (68.6%)
Current task success rate: 1.0
Current total success rate: 0.685973482205164

Task: could you place the bowl onto the plate please
Success: True
# episodes completed so far: 1434
# successes: 984 (68.6%)
Current task success rate: 1.0
Current total success rate: 0.6861924686192469

Task: the chef recommends you put the bowl on the plate before adding food
Success: True
# episodes completed so far: 1435
# successes: 985 (68.6%)
Current task success rate: 1.0
Current total success rate: 0.686411149825784

Task: place the concave dishware used for serving food onto the larger flat dishware often used as a base for meal courses
Success: True
# episodes completed so far: 1436
# successes: 986 (68.7%)
Current task success rate: 1.0
Current total success rate: 0.6866295264623955

Task: in our kitchen we always put the bowl on the plate for consistency
Success: True
# episodes completed so far: 1437
# successes: 987 (68.7%)
Current task success rate: 1.0
Current total success rate: 0.6868475991649269

Task: can you place the bowl on top of the plate
Success: True
# episodes completed so far: 1438
# successes: 988 (68.7%)
Current task success rate: 1.0
Current total success rate: 0.6870653685674548

Task: place the rounded container used for eating into the flat dish typically used as a base for a meal
Success: True
# episodes completed so far: 1439
# successes: 989 (68.7%)
Current task success rate: 1.0
Current total success rate: 0.6872828353022933

Task: for proper table setting always put the bowl on the plate
Success: True
# episodes completed so far: 1440
# successes: 990 (68.8%)
Current task success rate: 1.0
Current total success rate: 0.6875

Task: position the rounded dish used for mixing or holding food items onto the flat dish typically used for serving meals
Success: True
# episodes completed so far: 1441
# successes: 991 (68.8%)
Current task success rate: 1.0
Current total success rate: 0.6877168632893824

Task: place the rounded food container on the flat dish designed for dining
Success: True
# episodes completed so far: 1442
# successes: 992 (68.8%)
Current task success rate: 1.0
Current total success rate: 0.6879334257975035

Task: can you place the bowl on the plate
Success: True
# episodes completed so far: 1443
# successes: 993 (68.8%)
Current task success rate: 1.0
Current total success rate: 0.6881496881496881

Task: could i have the bowl placed on top of the plate
Success: True
# episodes completed so far: 1444
# successes: 994 (68.8%)
Current task success rate: 1.0
Current total success rate: 0.6883656509695291

Task: for better presentation put the bowl carefully on the plate
Success: True
# episodes completed so far: 1445
# successes: 995 (68.9%)
Current task success rate: 1.0
Current total success rate: 0.6885813148788927

Task: could you place the bowl right on top of the plate
Success: True
# episodes completed so far: 1446
# successes: 996 (68.9%)
Current task success rate: 1.0
Current total success rate: 0.6887966804979253

Task: place the bowl on top of the plate
Success: True
# episodes completed so far: 1447
# successes: 997 (68.9%)
Current task success rate: 1.0
Current total success rate: 0.6890117484450587

Task: the proper way to serve this dish is to put the bowl on the plate before bringing it out
Success: True
# episodes completed so far: 1448
# successes: 998 (68.9%)
Current task success rate: 1.0
Current total success rate: 0.6892265193370166

Task: could you place the bowl directly on the plate
Success: True
# episodes completed so far: 1449
# successes: 999 (68.9%)
Current task success rate: 1.0
Current total success rate: 0.6894409937888198

Task: please place the bowl on top of the plate
Success: True
# episodes completed so far: 1450
# successes: 1000 (69.0%)
Current task success rate: 1.0
Current total success rate: 0.6896551724137931

Task: make sure the bowl ends up on the plate
Success: True
# episodes completed so far: 1451
# successes: 1001 (69.0%)
Current task success rate: 1.0
Current total success rate: 0.6898690558235699

Task: place the rounded container for food on the flat dish for serving
Success: True
# episodes completed so far: 1452
# successes: 1002 (69.0%)
Current task success rate: 1.0
Current total success rate: 0.6900826446280992

Task: place the rounded container commonly used for holding food onto the flat dish often used as a base for serving meals
Success: True
# episodes completed so far: 1453
# successes: 1003 (69.0%)
Current task success rate: 1.0
Current total success rate: 0.6902959394356504

Task: place the round dish used for eating soup or cereal onto the flat dish usually used for main course servings
Success: True
# episodes completed so far: 1454
# successes: 1004 (69.1%)
Current task success rate: 1.0
Current total success rate: 0.6905089408528198

Task: could you place the bowl on the plate please
Success: True
# episodes completed so far: 1455
# successes: 1005 (69.1%)
Current task success rate: 1.0
Current total success rate: 0.6907216494845361

Task: could you set the bowl on top of the plate
Success: True
# episodes completed so far: 1456
# successes: 1006 (69.1%)
Current task success rate: 1.0
Current total success rate: 0.6909340659340659

Task: make sure the bowl ends up positioned on the plate
Success: True
# episodes completed so far: 1457
# successes: 1007 (69.1%)
Current task success rate: 1.0
Current total success rate: 0.6911461908030199

Task: please have the bowl placed on top of the plate
Success: True
# episodes completed so far: 1458
# successes: 1008 (69.1%)
Current task success rate: 1.0
Current total success rate: 0.691358024691358

Task: could we place the wine bottle in the rack
Success: True
# episodes completed so far: 1459
# successes: 1009 (69.2%)
Current task success rate: 1.0
Current total success rate: 0.6915695681973955

Task: could you put the wine bottle on the rack we want to keep it at the right angle
Success: True
# episodes completed so far: 1460
# successes: 1010 (69.2%)
Current task success rate: 1.0
Current total success rate: 0.6917808219178082

Task: could you place the wine bottle on the rack please
Success: True
# episodes completed so far: 1461
# successes: 1011 (69.2%)
Current task success rate: 1.0
Current total success rate: 0.6919917864476386

Task: place the glass container of aged grape beverage on the storage framework designed for holding such items
Success: False
# episodes completed so far: 1462
# successes: 1011 (69.2%)
Current task success rate: 0.0
Current total success rate: 0.6915184678522572

Task: could you please place the wine bottle on the rack
Success: True
# episodes completed so far: 1463
# successes: 1012 (69.2%)
Current task success rate: 1.0
Current total success rate: 0.6917293233082706

Task: place the container of fermented grape juice onto the storage structure designed for holding such items
Success: True
# episodes completed so far: 1464
# successes: 1013 (69.2%)
Current task success rate: 1.0
Current total success rate: 0.6919398907103825

Task: for our wine collections organization put this bottle on the third shelf of the rack
Success: True
# episodes completed so far: 1465
# successes: 1014 (69.2%)
Current task success rate: 1.0
Current total success rate: 0.6921501706484642

Task: make sure the wine bottle is resting on the rack
Success: True
# episodes completed so far: 1466
# successes: 1015 (69.2%)
Current task success rate: 1.0
Current total success rate: 0.6923601637107776

Task: make sure the wine bottle is on the rack
Success: True
# episodes completed so far: 1467
# successes: 1016 (69.3%)
Current task success rate: 1.0
Current total success rate: 0.6925698704839809

Task: place the container holding the fermented grape beverage on the storage unit designed for holding such containers
Success: False
# episodes completed so far: 1468
# successes: 1016 (69.2%)
Current task success rate: 0.0
Current total success rate: 0.6920980926430518

Task: the wine bottle belongs on the rack please place it there carefully
Success: True
# episodes completed so far: 1469
# successes: 1017 (69.2%)
Current task success rate: 1.0
Current total success rate: 0.6923076923076923

Task: put the wine bottle on the rack but be careful not to disturb the other bottles
Success: True
# episodes completed so far: 1470
# successes: 1018 (69.3%)
Current task success rate: 1.0
Current total success rate: 0.6925170068027211

Task: position the container for the fermented grape beverage into the storage structure designed for holding such items
Success: False
# episodes completed so far: 1471
# successes: 1018 (69.2%)
Current task success rate: 0.0
Current total success rate: 0.6920462270564242

Task: ensure the wine bottle is stored on the rack
Success: True
# episodes completed so far: 1472
# successes: 1019 (69.2%)
Current task success rate: 1.0
Current total success rate: 0.6922554347826086

Task: could you make sure the wine bottle is placed on the rack
Success: True
# episodes completed so far: 1473
# successes: 1020 (69.2%)
Current task success rate: 1.0
Current total success rate: 0.6924643584521385

Task: put the wine bottle on the wooden rack in the kitchen just like we always do
Success: True
# episodes completed so far: 1474
# successes: 1021 (69.3%)
Current task success rate: 1.0
Current total success rate: 0.6926729986431479

Task: instead of leaving it on the table put the wine bottle on the rack where it belongs
Success: True
# episodes completed so far: 1475
# successes: 1022 (69.3%)
Current task success rate: 1.0
Current total success rate: 0.6928813559322033

Task: our guests are arriving soon please put the wine bottle on the rack to chill
Success: True
# episodes completed so far: 1476
# successes: 1023 (69.3%)
Current task success rate: 1.0
Current total success rate: 0.693089430894309

Task: make sure the wine bottle is placed on the rack
Success: True
# episodes completed so far: 1477
# successes: 1024 (69.3%)
Current task success rate: 1.0
Current total success rate: 0.6932972241029113

Task: after uncorking please put the wine bottle on the rack to maintain its quality
Success: True
# episodes completed so far: 1478
# successes: 1025 (69.4%)
Current task success rate: 1.0
Current total success rate: 0.6935047361299053

Task: position the container of fermented grapes on the storage structure for similar items
Success: False
# episodes completed so far: 1479
# successes: 1025 (69.3%)
Current task success rate: 0.0
Current total success rate: 0.6930358350236646

Task: place the glass container of fermented grapes on the storage structure designed for holding such items
Success: False
# episodes completed so far: 1480
# successes: 1025 (69.3%)
Current task success rate: 0.0
Current total success rate: 0.6925675675675675

Task: could you place the wine bottle in the rack for storage
Success: True
# episodes completed so far: 1481
# successes: 1026 (69.3%)
Current task success rate: 1.0
Current total success rate: 0.6927751519243754

Task: dont just set it anywhere put the wine bottle on the rack as we discussed
Success: True
# episodes completed so far: 1482
# successes: 1027 (69.3%)
Current task success rate: 1.0
Current total success rate: 0.6929824561403509

Task: the party preparations include putting the wine bottle on the rack can you handle that
Success: True
# episodes completed so far: 1483
# successes: 1028 (69.3%)
Current task success rate: 1.0
Current total success rate: 0.6931894807821982

Task: position the container with fermented grape drink onto the storage unit designed for holding such containers
Success: False
# episodes completed so far: 1484
# successes: 1028 (69.3%)
Current task success rate: 0.0
Current total success rate: 0.692722371967655

Task: place the wine bottle on the rack please its important to store it properly
Success: True
# episodes completed so far: 1485
# successes: 1029 (69.3%)
Current task success rate: 1.0
Current total success rate: 0.692929292929293

Task: make sure the wine bottle ends up securely placed on the rack
Success: True
# episodes completed so far: 1486
# successes: 1030 (69.3%)
Current task success rate: 1.0
Current total success rate: 0.693135935397039

Task: place the container of fermented grape drink onto the storage structure designed for holding such items
Success: True
# episodes completed so far: 1487
# successes: 1031 (69.3%)
Current task success rate: 1.0
Current total success rate: 0.6933422999327505

Task: put the wine bottle on the rack but make sure its the one in the dining room
Success: True
# episodes completed so far: 1488
# successes: 1032 (69.4%)
Current task success rate: 1.0
Current total success rate: 0.6935483870967742

Task: place the container of fermented grapes on the storage structure designed for holding such items
Success: False
# episodes completed so far: 1489
# successes: 1032 (69.3%)
Current task success rate: 0.0
Current total success rate: 0.6930826057756884

Task: the 2018 cabernet should be stored properly put the bottle on the rack now
Success: False
# episodes completed so far: 1490
# successes: 1032 (69.3%)
Current task success rate: 0.0
Current total success rate: 0.6926174496644295

Task: make sure the wine bottle ends up on the rack
Success: True
# episodes completed so far: 1491
# successes: 1033 (69.3%)
Current task success rate: 1.0
Current total success rate: 0.6928236083165661

Task: position the container holding the fermented grape beverage on the storage structure designed for organizing such containers
Success: False
# episodes completed so far: 1492
# successes: 1033 (69.2%)
Current task success rate: 0.0
Current total success rate: 0.6923592493297587

Task: place the glass container of fermented grapes on the storage framework designed for holding such items
Success: False
# episodes completed so far: 1493
# successes: 1033 (69.2%)
Current task success rate: 0.0
Current total success rate: 0.6918955123911588

Task: place the glass container of fermented grapes onto the storage framework designed for holding such containers
Success: False
# episodes completed so far: 1494
# successes: 1033 (69.1%)
Current task success rate: 0.0
Current total success rate: 0.6914323962516734

Task: for proper wine storage please place the bottle on the rack horizontally
Success: True
# episodes completed so far: 1495
# successes: 1034 (69.2%)
Current task success rate: 1.0
Current total success rate: 0.691638795986622

Task: the red wine needs to breathe start by putting the bottle on the rack
Success: True
# episodes completed so far: 1496
# successes: 1035 (69.2%)
Current task success rate: 1.0
Current total success rate: 0.6918449197860963

Task: place the container for aged grape beverage into the storage framework designed for holding such containers
Success: False
# episodes completed so far: 1497
# successes: 1035 (69.1%)
Current task success rate: 0.0
Current total success rate: 0.6913827655310621

Task: ensure the wine bottle is placed on the rack
Success: True
# episodes completed so far: 1498
# successes: 1036 (69.2%)
Current task success rate: 1.0
Current total success rate: 0.6915887850467289

Task: after dinner dont forget to put the wine bottle on the rack for storage
Success: True
# episodes completed so far: 1499
# successes: 1037 (69.2%)
Current task success rate: 1.0
Current total success rate: 0.6917945296864576

Task: place the wine container in the holder
Success: False
# episodes completed so far: 1500
# successes: 1037 (69.1%)
Current task success rate: 0.0
Current total success rate: 0.6913333333333334

Task: place the glass container for aged grape beverage onto the storage framework designed for such items
Success: False
# episodes completed so far: 1501
# successes: 1037 (69.1%)
Current task success rate: 0.0
Current total success rate: 0.6908727514990006

Task: position the glass container of fermented grape liquid onto the storage structure designed for holding such items
Success: False
# episodes completed so far: 1502
# successes: 1037 (69.0%)
Current task success rate: 0.0
Current total success rate: 0.6904127829560586

Task: before you leave remember to put the wine bottle on the rack near the window
Success: True
# episodes completed so far: 1503
# successes: 1038 (69.1%)
Current task success rate: 1.0
Current total success rate: 0.6906187624750499

Task: could you make sure the wine bottle ends up on the rack
Success: True
# episodes completed so far: 1504
# successes: 1039 (69.1%)
Current task success rate: 1.0
Current total success rate: 0.6908244680851063

Task: ensure the wine bottle is placed securely on the rack
Success: True
# episodes completed so far: 1505
# successes: 1040 (69.1%)
Current task success rate: 1.0
Current total success rate: 0.6910299003322259

Task: could you place the wine bottle in the rack
Success: True
# episodes completed so far: 1506
# successes: 1041 (69.1%)
Current task success rate: 1.0
Current total success rate: 0.6912350597609562

Task: could you ensure the wine bottle ends up on the rack
Success: True
# episodes completed so far: 1507
# successes: 1042 (69.1%)
Current task success rate: 1.0
Current total success rate: 0.6914399469143995

Task: place the glass container of fermented grapes onto the storage unit designed for holding such items
Success: False
# episodes completed so far: 1508
# successes: 1042 (69.1%)
Current task success rate: 0.0
Current total success rate: 0.6909814323607427

Task: open the middle drawer of the cabinet view 0 0 100 0 0 initstate 0 noise 1
Success: True
# episodes completed so far: 1509
# successes: 1043 (69.1%)
Current task success rate: 1.0
Current total success rate: 0.6911862160371107

Task: open the middle drawer of the cabinet view 0 0 100 0 0 initstate 0 noise 2
Success: True
# episodes completed so far: 1510
# successes: 1044 (69.1%)
Current task success rate: 1.0
Current total success rate: 0.6913907284768211

Task: open the middle drawer of the cabinet view 0 0 100 0 0 initstate 0 noise 3
Success: True
# episodes completed so far: 1511
# successes: 1045 (69.2%)
Current task success rate: 1.0
Current total success rate: 0.6915949702183984

Task: open the middle drawer of the cabinet view 0 0 100 0 0 initstate 0 noise 4
Success: True
# episodes completed so far: 1512
# successes: 1046 (69.2%)
Current task success rate: 1.0
Current total success rate: 0.6917989417989417

Task: open the middle drawer of the cabinet view 0 0 100 0 0 initstate 0 noise 5
Success: True
# episodes completed so far: 1513
# successes: 1047 (69.2%)
Current task success rate: 1.0
Current total success rate: 0.6920026437541309

Task: open the middle drawer of the cabinet view 0 0 100 0 0 initstate 0 noise 6
Success: True
# episodes completed so far: 1514
# successes: 1048 (69.2%)
Current task success rate: 1.0
Current total success rate: 0.6922060766182299

Task: open the middle drawer of the cabinet view 0 0 100 0 0 initstate 0 noise 7
Success: True
# episodes completed so far: 1515
# successes: 1049 (69.2%)
Current task success rate: 1.0
Current total success rate: 0.6924092409240924

Task: open the middle drawer of the cabinet view 0 0 100 0 0 initstate 0 noise 8
Success: True
# episodes completed so far: 1516
# successes: 1050 (69.3%)
Current task success rate: 1.0
Current total success rate: 0.6926121372031663

Task: open the middle drawer of the cabinet view 0 0 100 0 0 initstate 0 noise 9
Success: True
# episodes completed so far: 1517
# successes: 1051 (69.3%)
Current task success rate: 1.0
Current total success rate: 0.6928147659854977

Task: open the middle drawer of the cabinet view 0 0 100 0 0 initstate 0 noise 10
Success: True
# episodes completed so far: 1518
# successes: 1052 (69.3%)
Current task success rate: 1.0
Current total success rate: 0.6930171277997365

Task: open the middle drawer of the cabinet view 0 0 100 0 0 initstate 0 noise 12
Success: True
# episodes completed so far: 1519
# successes: 1053 (69.3%)
Current task success rate: 1.0
Current total success rate: 0.6932192231731402

Task: open the middle drawer of the cabinet view 0 0 100 0 0 initstate 0 noise 13
Success: True
# episodes completed so far: 1520
# successes: 1054 (69.3%)
Current task success rate: 1.0
Current total success rate: 0.6934210526315789

Task: open the middle drawer of the cabinet view 0 0 100 0 0 initstate 0 noise 14
Success: True
# episodes completed so far: 1521
# successes: 1055 (69.4%)
Current task success rate: 1.0
Current total success rate: 0.6936226166995397

Task: open the middle drawer of the cabinet view 0 0 100 0 0 initstate 0 noise 15
Success: True
# episodes completed so far: 1522
# successes: 1056 (69.4%)
Current task success rate: 1.0
Current total success rate: 0.6938239159001314

Task: open the middle drawer of the cabinet view 0 0 100 0 0 initstate 0 noise 16
Success: False
# episodes completed so far: 1523
# successes: 1056 (69.3%)
Current task success rate: 0.0
Current total success rate: 0.6933683519369666

Task: open the middle drawer of the cabinet view 0 0 100 0 0 initstate 0 noise 17
Success: True
# episodes completed so far: 1524
# successes: 1057 (69.4%)
Current task success rate: 1.0
Current total success rate: 0.6935695538057742

Task: open the middle drawer of the cabinet view 0 0 100 0 0 initstate 0 noise 18
Success: True
# episodes completed so far: 1525
# successes: 1058 (69.4%)
Current task success rate: 1.0
Current total success rate: 0.6937704918032787

Task: open the middle drawer of the cabinet view 0 0 100 0 0 initstate 0 noise 19
Success: True
# episodes completed so far: 1526
# successes: 1059 (69.4%)
Current task success rate: 1.0
Current total success rate: 0.6939711664482306

Task: open the middle drawer of the cabinet view 0 0 100 0 0 initstate 0 noise 20
Success: True
# episodes completed so far: 1527
# successes: 1060 (69.4%)
Current task success rate: 1.0
Current total success rate: 0.6941715782580222

Task: open the middle drawer of the cabinet view 0 0 100 0 0 initstate 0 noise 21
Success: True
# episodes completed so far: 1528
# successes: 1061 (69.4%)
Current task success rate: 1.0
Current total success rate: 0.694371727748691

Task: open the middle drawer of the cabinet view 0 0 100 0 0 initstate 0 noise 23
Success: True
# episodes completed so far: 1529
# successes: 1062 (69.5%)
Current task success rate: 1.0
Current total success rate: 0.6945716154349247

Task: open the middle drawer of the cabinet view 0 0 100 0 0 initstate 0 noise 24
Success: True
# episodes completed so far: 1530
# successes: 1063 (69.5%)
Current task success rate: 1.0
Current total success rate: 0.6947712418300653

Task: open the middle drawer of the cabinet view 0 0 100 0 0 initstate 0 noise 25
Success: True
# episodes completed so far: 1531
# successes: 1064 (69.5%)
Current task success rate: 1.0
Current total success rate: 0.6949706074461136

Task: open the middle drawer of the cabinet view 0 0 100 0 0 initstate 0 noise 26
Success: True
# episodes completed so far: 1532
# successes: 1065 (69.5%)
Current task success rate: 1.0
Current total success rate: 0.6951697127937336

Task: open the middle drawer of the cabinet view 0 0 100 0 0 initstate 0 noise 27
Success: True
# episodes completed so far: 1533
# successes: 1066 (69.5%)
Current task success rate: 1.0
Current total success rate: 0.695368558382257

Task: open the middle drawer of the cabinet view 0 0 100 0 0 initstate 0 noise 28
Success: True
# episodes completed so far: 1534
# successes: 1067 (69.6%)
Current task success rate: 1.0
Current total success rate: 0.6955671447196871

Task: open the middle drawer of the cabinet view 0 0 100 0 0 initstate 0 noise 35
Success: True
# episodes completed so far: 1535
# successes: 1068 (69.6%)
Current task success rate: 1.0
Current total success rate: 0.6957654723127036

Task: open the middle drawer of the cabinet view 0 0 100 0 0 initstate 0 noise 36
Success: True
# episodes completed so far: 1536
# successes: 1069 (69.6%)
Current task success rate: 1.0
Current total success rate: 0.6959635416666666

Task: open the middle drawer of the cabinet view 0 0 100 0 0 initstate 0 noise 37
Success: True
# episodes completed so far: 1537
# successes: 1070 (69.6%)
Current task success rate: 1.0
Current total success rate: 0.6961613532856213

Task: open the middle drawer of the cabinet view 0 0 100 0 0 initstate 0 noise 38
Success: True
# episodes completed so far: 1538
# successes: 1071 (69.6%)
Current task success rate: 1.0
Current total success rate: 0.6963589076723017

Task: open the middle drawer of the cabinet view 0 0 100 0 0 initstate 0 noise 39
Success: True
# episodes completed so far: 1539
# successes: 1072 (69.7%)
Current task success rate: 1.0
Current total success rate: 0.6965562053281351

Task: open the middle drawer of the cabinet view 0 0 100 0 0 initstate 0 noise 40
Success: True
# episodes completed so far: 1540
# successes: 1073 (69.7%)
Current task success rate: 1.0
Current total success rate: 0.6967532467532468

Task: open the middle drawer of the cabinet view 0 0 100 0 0 initstate 0 noise 41
Success: True
# episodes completed so far: 1541
# successes: 1074 (69.7%)
Current task success rate: 1.0
Current total success rate: 0.6969500324464634

Task: open the middle drawer of the cabinet view 0 0 100 0 0 initstate 0 noise 42
Success: True
# episodes completed so far: 1542
# successes: 1075 (69.7%)
Current task success rate: 1.0
Current total success rate: 0.6971465629053177

Task: open the middle drawer of the cabinet view 0 0 100 0 0 initstate 0 noise 43
Success: True
# episodes completed so far: 1543
# successes: 1076 (69.7%)
Current task success rate: 1.0
Current total success rate: 0.6973428386260532

Task: open the middle drawer of the cabinet view 0 0 100 0 0 initstate 0 noise 44
Success: True
# episodes completed so far: 1544
# successes: 1077 (69.8%)
Current task success rate: 1.0
Current total success rate: 0.697538860103627

Task: open the middle drawer of the cabinet view 0 0 100 0 0 initstate 0 noise 45
Success: True
# episodes completed so far: 1545
# successes: 1078 (69.8%)
Current task success rate: 1.0
Current total success rate: 0.6977346278317152

Task: open the middle drawer of the cabinet view 0 0 100 0 0 initstate 0 noise 46
Success: True
# episodes completed so far: 1546
# successes: 1079 (69.8%)
Current task success rate: 1.0
Current total success rate: 0.6979301423027167

Task: open the middle drawer of the cabinet view 0 0 100 0 0 initstate 0 noise 47
Success: True
# episodes completed so far: 1547
# successes: 1080 (69.8%)
Current task success rate: 1.0
Current total success rate: 0.6981254040077569

Task: open the middle drawer of the cabinet view 0 0 100 0 0 initstate 0 noise 48
Success: True
# episodes completed so far: 1548
# successes: 1081 (69.8%)
Current task success rate: 1.0
Current total success rate: 0.6983204134366925

Task: open the middle drawer of the cabinet view 0 0 100 0 0 initstate 0 noise 49
Success: True
# episodes completed so far: 1549
# successes: 1082 (69.9%)
Current task success rate: 1.0
Current total success rate: 0.6985151710781149

Task: open the middle drawer of the cabinet view 0 0 100 0 0 initstate 0 noise 50
Success: True
# episodes completed so far: 1550
# successes: 1083 (69.9%)
Current task success rate: 1.0
Current total success rate: 0.6987096774193549

Task: put the bowl on the stove view 0 0 100 0 0 initstate 0 noise 4
Success: True
# episodes completed so far: 1551
# successes: 1084 (69.9%)
Current task success rate: 1.0
Current total success rate: 0.6989039329464861

Task: put the bowl on the stove view 0 0 100 0 0 initstate 0 noise 5
Success: True
# episodes completed so far: 1552
# successes: 1085 (69.9%)
Current task success rate: 1.0
Current total success rate: 0.6990979381443299

Task: put the bowl on the stove view 0 0 100 0 0 initstate 0 noise 6
Success: True
# episodes completed so far: 1553
# successes: 1086 (69.9%)
Current task success rate: 1.0
Current total success rate: 0.6992916934964585

Task: put the bowl on the stove view 0 0 100 0 0 initstate 0 noise 7
Success: True
# episodes completed so far: 1554
# successes: 1087 (69.9%)
Current task success rate: 1.0
Current total success rate: 0.6994851994851995

Task: put the bowl on the stove view 0 0 100 0 0 initstate 0 noise 8
Success: True
# episodes completed so far: 1555
# successes: 1088 (70.0%)
Current task success rate: 1.0
Current total success rate: 0.6996784565916399

Task: put the bowl on the stove view 0 0 100 0 0 initstate 0 noise 9
Success: True
# episodes completed so far: 1556
# successes: 1089 (70.0%)
Current task success rate: 1.0
Current total success rate: 0.6998714652956298

Task: put the bowl on the stove view 0 0 100 0 0 initstate 0 noise 13
Success: True
# episodes completed so far: 1557
# successes: 1090 (70.0%)
Current task success rate: 1.0
Current total success rate: 0.7000642260757868

Task: put the bowl on the stove view 0 0 100 0 0 initstate 0 noise 14
Success: True
# episodes completed so far: 1558
# successes: 1091 (70.0%)
Current task success rate: 1.0
Current total success rate: 0.7002567394094994

Task: put the bowl on the stove view 0 0 100 0 0 initstate 0 noise 15
Success: True
# episodes completed so far: 1559
# successes: 1092 (70.0%)
Current task success rate: 1.0
Current total success rate: 0.7004490057729313

Task: put the bowl on the stove view 0 0 100 0 0 initstate 0 noise 16
Success: True
# episodes completed so far: 1560
# successes: 1093 (70.1%)
Current task success rate: 1.0
Current total success rate: 0.7006410256410256

Task: put the bowl on the stove view 0 0 100 0 0 initstate 0 noise 17
Success: True
# episodes completed so far: 1561
# successes: 1094 (70.1%)
Current task success rate: 1.0
Current total success rate: 0.700832799487508

Task: put the bowl on the stove view 0 0 100 0 0 initstate 0 noise 18
Success: True
# episodes completed so far: 1562
# successes: 1095 (70.1%)
Current task success rate: 1.0
Current total success rate: 0.7010243277848912

Task: put the bowl on the stove view 0 0 100 0 0 initstate 0 noise 19
Success: True
# episodes completed so far: 1563
# successes: 1096 (70.1%)
Current task success rate: 1.0
Current total success rate: 0.7012156110044786

Task: put the bowl on the stove view 0 0 100 0 0 initstate 0 noise 20
Success: False
# episodes completed so far: 1564
# successes: 1096 (70.1%)
Current task success rate: 0.0
Current total success rate: 0.7007672634271099

Task: put the bowl on the stove view 0 0 100 0 0 initstate 0 noise 25
Success: True
# episodes completed so far: 1565
# successes: 1097 (70.1%)
Current task success rate: 1.0
Current total success rate: 0.7009584664536741

Task: put the bowl on the stove view 0 0 100 0 0 initstate 0 noise 26
Success: True
# episodes completed so far: 1566
# successes: 1098 (70.1%)
Current task success rate: 1.0
Current total success rate: 0.7011494252873564

Task: put the bowl on the stove view 0 0 100 0 0 initstate 0 noise 27
Success: True
# episodes completed so far: 1567
# successes: 1099 (70.1%)
Current task success rate: 1.0
Current total success rate: 0.7013401403956605

Task: put the bowl on the stove view 0 0 100 0 0 initstate 0 noise 28
Success: True
# episodes completed so far: 1568
# successes: 1100 (70.2%)
Current task success rate: 1.0
Current total success rate: 0.701530612244898

Task: put the bowl on the stove view 0 0 100 0 0 initstate 0 noise 29
Success: False
# episodes completed so far: 1569
# successes: 1100 (70.1%)
Current task success rate: 0.0
Current total success rate: 0.7010834926704907

Task: put the bowl on the stove view 0 0 100 0 0 initstate 0 noise 36
Success: True
# episodes completed so far: 1570
# successes: 1101 (70.1%)
Current task success rate: 1.0
Current total success rate: 0.7012738853503184

Task: put the bowl on the stove view 0 0 100 0 0 initstate 0 noise 37
Success: True
# episodes completed so far: 1571
# successes: 1102 (70.1%)
Current task success rate: 1.0
Current total success rate: 0.7014640356460853

Task: put the bowl on the stove view 0 0 100 0 0 initstate 0 noise 38
Success: True
# episodes completed so far: 1572
# successes: 1103 (70.2%)
Current task success rate: 1.0
Current total success rate: 0.7016539440203562

Task: put the bowl on the stove view 0 0 100 0 0 initstate 0 noise 43
Success: True
# episodes completed so far: 1573
# successes: 1104 (70.2%)
Current task success rate: 1.0
Current total success rate: 0.7018436109345201

Task: put the bowl on the stove view 0 0 100 0 0 initstate 0 noise 44
Success: True
# episodes completed so far: 1574
# successes: 1105 (70.2%)
Current task success rate: 1.0
Current total success rate: 0.7020330368487929

Task: put the bowl on the stove view 0 0 100 0 0 initstate 0 noise 45
Success: True
# episodes completed so far: 1575
# successes: 1106 (70.2%)
Current task success rate: 1.0
Current total success rate: 0.7022222222222222

Task: put the bowl on the stove view 0 0 100 0 0 initstate 0 noise 46
Success: True
# episodes completed so far: 1576
# successes: 1107 (70.2%)
Current task success rate: 1.0
Current total success rate: 0.7024111675126904

Task: put the bowl on the stove view 0 0 100 0 0 initstate 0 noise 48
Success: True
# episodes completed so far: 1577
# successes: 1108 (70.3%)
Current task success rate: 1.0
Current total success rate: 0.7025998731769182

Task: put the bowl on the stove view 0 0 100 0 0 initstate 0 noise 49
Success: True
# episodes completed so far: 1578
# successes: 1109 (70.3%)
Current task success rate: 1.0
Current total success rate: 0.7027883396704689

Task: put the bowl on the stove view 0 0 100 0 0 initstate 0 noise 50
Success: True
# episodes completed so far: 1579
# successes: 1110 (70.3%)
Current task success rate: 1.0
Current total success rate: 0.7029765674477517

Task: put the wine bottle on top of the cabinet view 0 0 100 0 0 initstate 0 noise 1
Success: True
# episodes completed so far: 1580
# successes: 1111 (70.3%)
Current task success rate: 1.0
Current total success rate: 0.7031645569620253

Task: put the wine bottle on top of the cabinet view 0 0 100 0 0 initstate 0 noise 3
Success: True
# episodes completed so far: 1581
# successes: 1112 (70.3%)
Current task success rate: 1.0
Current total success rate: 0.7033523086654017

Task: put the wine bottle on top of the cabinet view 0 0 100 0 0 initstate 0 noise 4
Success: True
# episodes completed so far: 1582
# successes: 1113 (70.4%)
Current task success rate: 1.0
Current total success rate: 0.7035398230088495

Task: put the wine bottle on top of the cabinet view 0 0 100 0 0 initstate 0 noise 5
Success: True
# episodes completed so far: 1583
# successes: 1114 (70.4%)
Current task success rate: 1.0
Current total success rate: 0.7037271004421983

Task: put the wine bottle on top of the cabinet view 0 0 100 0 0 initstate 0 noise 6
Success: True
# episodes completed so far: 1584
# successes: 1115 (70.4%)
Current task success rate: 1.0
Current total success rate: 0.7039141414141414

Task: put the wine bottle on top of the cabinet view 0 0 100 0 0 initstate 0 noise 7
Success: True
# episodes completed so far: 1585
# successes: 1116 (70.4%)
Current task success rate: 1.0
Current total success rate: 0.7041009463722397

Task: put the wine bottle on top of the cabinet view 0 0 100 0 0 initstate 0 noise 8
Success: True
# episodes completed so far: 1586
# successes: 1117 (70.4%)
Current task success rate: 1.0
Current total success rate: 0.7042875157629256

Task: put the wine bottle on top of the cabinet view 0 0 100 0 0 initstate 0 noise 9
Success: True
# episodes completed so far: 1587
# successes: 1118 (70.4%)
Current task success rate: 1.0
Current total success rate: 0.704473850031506

Task: put the wine bottle on top of the cabinet view 0 0 100 0 0 initstate 0 noise 10
Success: True
# episodes completed so far: 1588
# successes: 1119 (70.5%)
Current task success rate: 1.0
Current total success rate: 0.7046599496221663

Task: put the wine bottle on top of the cabinet view 0 0 100 0 0 initstate 0 noise 11
Success: True
# episodes completed so far: 1589
# successes: 1120 (70.5%)
Current task success rate: 1.0
Current total success rate: 0.7048458149779736

Task: put the wine bottle on top of the cabinet view 0 0 100 0 0 initstate 0 noise 13
Success: True
# episodes completed so far: 1590
# successes: 1121 (70.5%)
Current task success rate: 1.0
Current total success rate: 0.7050314465408805

Task: put the wine bottle on top of the cabinet view 0 0 100 0 0 initstate 0 noise 14
Success: True
# episodes completed so far: 1591
# successes: 1122 (70.5%)
Current task success rate: 1.0
Current total success rate: 0.7052168447517285

Task: put the wine bottle on top of the cabinet view 0 0 100 0 0 initstate 0 noise 15
Success: True
# episodes completed so far: 1592
# successes: 1123 (70.5%)
Current task success rate: 1.0
Current total success rate: 0.7054020100502513

Task: put the wine bottle on top of the cabinet view 0 0 100 0 0 initstate 0 noise 16
Success: False
# episodes completed so far: 1593
# successes: 1123 (70.5%)
Current task success rate: 0.0
Current total success rate: 0.7049591964846202

Task: put the wine bottle on top of the cabinet view 0 0 100 0 0 initstate 0 noise 17
Success: False
# episodes completed so far: 1594
# successes: 1123 (70.5%)
Current task success rate: 0.0
Current total success rate: 0.704516938519448

Task: put the wine bottle on top of the cabinet view 0 0 100 0 0 initstate 0 noise 18
Success: True
# episodes completed so far: 1595
# successes: 1124 (70.5%)
Current task success rate: 1.0
Current total success rate: 0.7047021943573668

Task: put the wine bottle on top of the cabinet view 0 0 100 0 0 initstate 0 noise 20
Success: True
# episodes completed so far: 1596
# successes: 1125 (70.5%)
Current task success rate: 1.0
Current total success rate: 0.7048872180451128

Task: put the wine bottle on top of the cabinet view 0 0 100 0 0 initstate 0 noise 22
Success: True
# episodes completed so far: 1597
# successes: 1126 (70.5%)
Current task success rate: 1.0
Current total success rate: 0.7050720100187852

Task: put the wine bottle on top of the cabinet view 0 0 100 0 0 initstate 0 noise 25
Success: True
# episodes completed so far: 1598
# successes: 1127 (70.5%)
Current task success rate: 1.0
Current total success rate: 0.7052565707133918

Task: put the wine bottle on top of the cabinet view 0 0 100 0 0 initstate 0 noise 27
Success: False
# episodes completed so far: 1599
# successes: 1127 (70.5%)
Current task success rate: 0.0
Current total success rate: 0.7048155096935584

Task: put the wine bottle on top of the cabinet view 0 0 100 0 0 initstate 0 noise 28
Success: False
# episodes completed so far: 1600
# successes: 1127 (70.4%)
Current task success rate: 0.0
Current total success rate: 0.704375

Task: put the wine bottle on top of the cabinet view 0 0 100 0 0 initstate 0 noise 29
Success: False
# episodes completed so far: 1601
# successes: 1127 (70.4%)
Current task success rate: 0.0
Current total success rate: 0.7039350405996252

Task: put the wine bottle on top of the cabinet view 0 0 100 0 0 initstate 0 noise 30
Success: False
# episodes completed so far: 1602
# successes: 1127 (70.3%)
Current task success rate: 0.0
Current total success rate: 0.7034956304619226

Task: put the wine bottle on top of the cabinet view 0 0 100 0 0 initstate 0 noise 31
Success: True
# episodes completed so far: 1603
# successes: 1128 (70.4%)
Current task success rate: 1.0
Current total success rate: 0.7036805988771054

Task: put the wine bottle on top of the cabinet view 0 0 100 0 0 initstate 0 noise 36
Success: True
# episodes completed so far: 1604
# successes: 1129 (70.4%)
Current task success rate: 1.0
Current total success rate: 0.7038653366583542

Task: put the wine bottle on top of the cabinet view 0 0 100 0 0 initstate 0 noise 37
Success: True
# episodes completed so far: 1605
# successes: 1130 (70.4%)
Current task success rate: 1.0
Current total success rate: 0.7040498442367601

Task: put the wine bottle on top of the cabinet view 0 0 100 0 0 initstate 0 noise 38
Success: True
# episodes completed so far: 1606
# successes: 1131 (70.4%)
Current task success rate: 1.0
Current total success rate: 0.7042341220423413

Task: put the wine bottle on top of the cabinet view 0 0 100 0 0 initstate 0 noise 39
Success: True
# episodes completed so far: 1607
# successes: 1132 (70.4%)
Current task success rate: 1.0
Current total success rate: 0.7044181705040448

Task: put the wine bottle on top of the cabinet view 0 0 100 0 0 initstate 0 noise 40
Success: False
# episodes completed so far: 1608
# successes: 1132 (70.4%)
Current task success rate: 0.0
Current total success rate: 0.7039800995024875

Task: put the wine bottle on top of the cabinet view 0 0 100 0 0 initstate 0 noise 41
Success: True
# episodes completed so far: 1609
# successes: 1133 (70.4%)
Current task success rate: 1.0
Current total success rate: 0.704164077066501

Task: put the wine bottle on top of the cabinet view 0 0 100 0 0 initstate 0 noise 43
Success: True
# episodes completed so far: 1610
# successes: 1134 (70.4%)
Current task success rate: 1.0
Current total success rate: 0.7043478260869566

Task: put the wine bottle on top of the cabinet view 0 0 100 0 0 initstate 0 noise 44
Success: True
# episodes completed so far: 1611
# successes: 1135 (70.5%)
Current task success rate: 1.0
Current total success rate: 0.7045313469894475

Task: put the wine bottle on top of the cabinet view 0 0 100 0 0 initstate 0 noise 45
Success: True
# episodes completed so far: 1612
# successes: 1136 (70.5%)
Current task success rate: 1.0
Current total success rate: 0.7047146401985112

Task: put the wine bottle on top of the cabinet view 0 0 100 0 0 initstate 0 noise 46
Success: False
# episodes completed so far: 1613
# successes: 1136 (70.4%)
Current task success rate: 0.0
Current total success rate: 0.7042777433353998

Task: put the wine bottle on top of the cabinet view 0 0 100 0 0 initstate 0 noise 47
Success: False
# episodes completed so far: 1614
# successes: 1136 (70.4%)
Current task success rate: 0.0
Current total success rate: 0.7038413878562577

Task: put the wine bottle on top of the cabinet view 0 0 100 0 0 initstate 0 noise 48
Success: False
# episodes completed so far: 1615
# successes: 1136 (70.3%)
Current task success rate: 0.0
Current total success rate: 0.7034055727554179

Task: put the wine bottle on top of the cabinet view 0 0 100 0 0 initstate 0 noise 49
Success: True
# episodes completed so far: 1616
# successes: 1137 (70.4%)
Current task success rate: 1.0
Current total success rate: 0.7035891089108911

Task: put the wine bottle on top of the cabinet view 0 0 100 0 0 initstate 0 noise 50
Success: False
# episodes completed so far: 1617
# successes: 1137 (70.3%)
Current task success rate: 0.0
Current total success rate: 0.7031539888682746

Task: open the top drawer and put the bowl inside view 0 0 100 0 0 initstate 0 noise 1
Success: True
# episodes completed so far: 1618
# successes: 1138 (70.3%)
Current task success rate: 1.0
Current total success rate: 0.7033374536464772

Task: open the top drawer and put the bowl inside view 0 0 100 0 0 initstate 0 noise 2
Success: True
# episodes completed so far: 1619
# successes: 1139 (70.4%)
Current task success rate: 1.0
Current total success rate: 0.7035206917850525

Task: open the top drawer and put the bowl inside view 0 0 100 0 0 initstate 0 noise 3
Success: True
# episodes completed so far: 1620
# successes: 1140 (70.4%)
Current task success rate: 1.0
Current total success rate: 0.7037037037037037

Task: open the top drawer and put the bowl inside view 0 0 100 0 0 initstate 0 noise 5
Success: True
# episodes completed so far: 1621
# successes: 1141 (70.4%)
Current task success rate: 1.0
Current total success rate: 0.7038864898210981

Task: open the top drawer and put the bowl inside view 0 0 100 0 0 initstate 0 noise 7
Success: True
# episodes completed so far: 1622
# successes: 1142 (70.4%)
Current task success rate: 1.0
Current total success rate: 0.7040690505548706

Task: open the top drawer and put the bowl inside view 0 0 100 0 0 initstate 0 noise 8
Success: False
# episodes completed so far: 1623
# successes: 1142 (70.4%)
Current task success rate: 0.0
Current total success rate: 0.7036352433764633

Task: open the top drawer and put the bowl inside view 0 0 100 0 0 initstate 0 noise 9
Success: False
# episodes completed so far: 1624
# successes: 1142 (70.3%)
Current task success rate: 0.0
Current total success rate: 0.7032019704433498

Task: open the top drawer and put the bowl inside view 0 0 100 0 0 initstate 0 noise 10
Success: False
# episodes completed so far: 1625
# successes: 1142 (70.3%)
Current task success rate: 0.0
Current total success rate: 0.7027692307692308

Task: open the top drawer and put the bowl inside view 0 0 100 0 0 initstate 0 noise 11
Success: True
# episodes completed so far: 1626
# successes: 1143 (70.3%)
Current task success rate: 1.0
Current total success rate: 0.7029520295202952

Task: open the top drawer and put the bowl inside view 0 0 100 0 0 initstate 0 noise 13
Success: True
# episodes completed so far: 1627
# successes: 1144 (70.3%)
Current task success rate: 1.0
Current total success rate: 0.7031346035648433

Task: open the top drawer and put the bowl inside view 0 0 100 0 0 initstate 0 noise 14
Success: False
# episodes completed so far: 1628
# successes: 1144 (70.3%)
Current task success rate: 0.0
Current total success rate: 0.7027027027027027

Task: open the top drawer and put the bowl inside view 0 0 100 0 0 initstate 0 noise 15
Success: False
# episodes completed so far: 1629
# successes: 1144 (70.2%)
Current task success rate: 0.0
Current total success rate: 0.7022713321055862

Task: open the top drawer and put the bowl inside view 0 0 100 0 0 initstate 0 noise 16
Success: False
# episodes completed so far: 1630
# successes: 1144 (70.2%)
Current task success rate: 0.0
Current total success rate: 0.701840490797546

Task: open the top drawer and put the bowl inside view 0 0 100 0 0 initstate 0 noise 17
Success: False
# episodes completed so far: 1631
# successes: 1144 (70.1%)
Current task success rate: 0.0
Current total success rate: 0.7014101778050276

Task: open the top drawer and put the bowl inside view 0 0 100 0 0 initstate 0 noise 19
Success: False
# episodes completed so far: 1632
# successes: 1144 (70.1%)
Current task success rate: 0.0
Current total success rate: 0.7009803921568627

Task: open the top drawer and put the bowl inside view 0 0 100 0 0 initstate 0 noise 20
Success: False
# episodes completed so far: 1633
# successes: 1144 (70.1%)
Current task success rate: 0.0
Current total success rate: 0.7005511328842621

Task: open the top drawer and put the bowl inside view 0 0 100 0 0 initstate 0 noise 21
Success: True
# episodes completed so far: 1634
# successes: 1145 (70.1%)
Current task success rate: 1.0
Current total success rate: 0.700734394124847

Task: open the top drawer and put the bowl inside view 0 0 100 0 0 initstate 0 noise 22
Success: True
# episodes completed so far: 1635
# successes: 1146 (70.1%)
Current task success rate: 1.0
Current total success rate: 0.7009174311926606

Task: open the top drawer and put the bowl inside view 0 0 100 0 0 initstate 0 noise 23
Success: True
# episodes completed so far: 1636
# successes: 1147 (70.1%)
Current task success rate: 1.0
Current total success rate: 0.7011002444987775

Task: open the top drawer and put the bowl inside view 0 0 100 0 0 initstate 0 noise 25
Success: False
# episodes completed so far: 1637
# successes: 1147 (70.1%)
Current task success rate: 0.0
Current total success rate: 0.7006719609040929

Task: open the top drawer and put the bowl inside view 0 0 100 0 0 initstate 0 noise 27
Success: False
# episodes completed so far: 1638
# successes: 1147 (70.0%)
Current task success rate: 0.0
Current total success rate: 0.7002442002442002

Task: open the top drawer and put the bowl inside view 0 0 100 0 0 initstate 0 noise 28
Success: False
# episodes completed so far: 1639
# successes: 1147 (70.0%)
Current task success rate: 0.0
Current total success rate: 0.699816961561928

Task: open the top drawer and put the bowl inside view 0 0 100 0 0 initstate 0 noise 30
Success: False
# episodes completed so far: 1640
# successes: 1147 (69.9%)
Current task success rate: 0.0
Current total success rate: 0.699390243902439

Task: open the top drawer and put the bowl inside view 0 0 100 0 0 initstate 0 noise 31
Success: True
# episodes completed so far: 1641
# successes: 1148 (70.0%)
Current task success rate: 1.0
Current total success rate: 0.6995734308348568

Task: open the top drawer and put the bowl inside view 0 0 100 0 0 initstate 0 noise 32
Success: True
# episodes completed so far: 1642
# successes: 1149 (70.0%)
Current task success rate: 1.0
Current total success rate: 0.6997563946406821

Task: open the top drawer and put the bowl inside view 0 0 100 0 0 initstate 0 noise 33
Success: True
# episodes completed so far: 1643
# successes: 1150 (70.0%)
Current task success rate: 1.0
Current total success rate: 0.699939135727328

Task: open the top drawer and put the bowl inside view 0 0 100 0 0 initstate 0 noise 35
Success: True
# episodes completed so far: 1644
# successes: 1151 (70.0%)
Current task success rate: 1.0
Current total success rate: 0.7001216545012166

Task: open the top drawer and put the bowl inside view 0 0 100 0 0 initstate 0 noise 36
Success: True
# episodes completed so far: 1645
# successes: 1152 (70.0%)
Current task success rate: 1.0
Current total success rate: 0.7003039513677811

Task: open the top drawer and put the bowl inside view 0 0 100 0 0 initstate 0 noise 37
Success: True
# episodes completed so far: 1646
# successes: 1153 (70.0%)
Current task success rate: 1.0
Current total success rate: 0.7004860267314702

Task: open the top drawer and put the bowl inside view 0 0 100 0 0 initstate 0 noise 38
Success: False
# episodes completed so far: 1647
# successes: 1153 (70.0%)
Current task success rate: 0.0
Current total success rate: 0.7000607164541591

Task: open the top drawer and put the bowl inside view 0 0 100 0 0 initstate 0 noise 40
Success: False
# episodes completed so far: 1648
# successes: 1153 (70.0%)
Current task success rate: 0.0
Current total success rate: 0.6996359223300971

Task: open the top drawer and put the bowl inside view 0 0 100 0 0 initstate 0 noise 41
Success: True
# episodes completed so far: 1649
# successes: 1154 (70.0%)
Current task success rate: 1.0
Current total success rate: 0.6998180715585203

Task: open the top drawer and put the bowl inside view 0 0 100 0 0 initstate 0 noise 42
Success: True
# episodes completed so far: 1650
# successes: 1155 (70.0%)
Current task success rate: 1.0
Current total success rate: 0.7

Task: open the top drawer and put the bowl inside view 0 0 100 0 0 initstate 0 noise 43
Success: False
# episodes completed so far: 1651
# successes: 1155 (70.0%)
Current task success rate: 0.0
Current total success rate: 0.6995760145366444

Task: open the top drawer and put the bowl inside view 0 0 100 0 0 initstate 0 noise 44
Success: True
# episodes completed so far: 1652
# successes: 1156 (70.0%)
Current task success rate: 1.0
Current total success rate: 0.6997578692493946

Task: open the top drawer and put the bowl inside view 0 0 100 0 0 initstate 0 noise 45
Success: False
# episodes completed so far: 1653
# successes: 1156 (69.9%)
Current task success rate: 0.0
Current total success rate: 0.6993345432546885

Task: open the top drawer and put the bowl inside view 0 0 100 0 0 initstate 0 noise 46
Success: False
# episodes completed so far: 1654
# successes: 1156 (69.9%)
Current task success rate: 0.0
Current total success rate: 0.6989117291414753

Task: open the top drawer and put the bowl inside view 0 0 100 0 0 initstate 0 noise 47
Success: False
# episodes completed so far: 1655
# successes: 1156 (69.8%)
Current task success rate: 0.0
Current total success rate: 0.6984894259818731

Task: open the top drawer and put the bowl inside view 0 0 100 0 0 initstate 0 noise 48
Success: False
# episodes completed so far: 1656
# successes: 1156 (69.8%)
Current task success rate: 0.0
Current total success rate: 0.6980676328502415

Task: open the top drawer and put the bowl inside view 0 0 100 0 0 initstate 0 noise 49
Success: False
# episodes completed so far: 1657
# successes: 1156 (69.8%)
Current task success rate: 0.0
Current total success rate: 0.6976463488231744

Task: open the top drawer and put the bowl inside view 0 0 100 0 0 initstate 0 noise 50
Success: False
# episodes completed so far: 1658
# successes: 1156 (69.7%)
Current task success rate: 0.0
Current total success rate: 0.6972255729794934

Task: put the bowl on top of the cabinet view 0 0 100 0 0 initstate 0 noise 1
Success: True
# episodes completed so far: 1659
# successes: 1157 (69.7%)
Current task success rate: 1.0
Current total success rate: 0.6974080771549126

Task: put the bowl on top of the cabinet view 0 0 100 0 0 initstate 0 noise 2
Success: True
# episodes completed so far: 1660
# successes: 1158 (69.8%)
Current task success rate: 1.0
Current total success rate: 0.6975903614457831

Task: put the bowl on top of the cabinet view 0 0 100 0 0 initstate 0 noise 4
Success: True
# episodes completed so far: 1661
# successes: 1159 (69.8%)
Current task success rate: 1.0
Current total success rate: 0.6977724262492474

Task: put the bowl on top of the cabinet view 0 0 100 0 0 initstate 0 noise 5
Success: True
# episodes completed so far: 1662
# successes: 1160 (69.8%)
Current task success rate: 1.0
Current total success rate: 0.6979542719614922

Task: put the bowl on top of the cabinet view 0 0 100 0 0 initstate 0 noise 6
Success: False
# episodes completed so far: 1663
# successes: 1160 (69.8%)
Current task success rate: 0.0
Current total success rate: 0.6975345760673481

Task: put the bowl on top of the cabinet view 0 0 100 0 0 initstate 0 noise 7
Success: True
# episodes completed so far: 1664
# successes: 1161 (69.8%)
Current task success rate: 1.0
Current total success rate: 0.6977163461538461

Task: put the bowl on top of the cabinet view 0 0 100 0 0 initstate 0 noise 8
Success: True
# episodes completed so far: 1665
# successes: 1162 (69.8%)
Current task success rate: 1.0
Current total success rate: 0.6978978978978979

Task: put the bowl on top of the cabinet view 0 0 100 0 0 initstate 0 noise 9
Success: True
# episodes completed so far: 1666
# successes: 1163 (69.8%)
Current task success rate: 1.0
Current total success rate: 0.698079231692677

Task: put the bowl on top of the cabinet view 0 0 100 0 0 initstate 0 noise 10
Success: True
# episodes completed so far: 1667
# successes: 1164 (69.8%)
Current task success rate: 1.0
Current total success rate: 0.6982603479304139

Task: put the bowl on top of the cabinet view 0 0 100 0 0 initstate 0 noise 11
Success: True
# episodes completed so far: 1668
# successes: 1165 (69.8%)
Current task success rate: 1.0
Current total success rate: 0.6984412470023981

Task: put the bowl on top of the cabinet view 0 0 100 0 0 initstate 0 noise 12
Success: True
# episodes completed so far: 1669
# successes: 1166 (69.9%)
Current task success rate: 1.0
Current total success rate: 0.6986219292989815

Task: put the bowl on top of the cabinet view 0 0 100 0 0 initstate 0 noise 13
Success: True
# episodes completed so far: 1670
# successes: 1167 (69.9%)
Current task success rate: 1.0
Current total success rate: 0.6988023952095809

Task: put the bowl on top of the cabinet view 0 0 100 0 0 initstate 0 noise 14
Success: True
# episodes completed so far: 1671
# successes: 1168 (69.9%)
Current task success rate: 1.0
Current total success rate: 0.698982645122681

Task: put the bowl on top of the cabinet view 0 0 100 0 0 initstate 0 noise 15
Success: True
# episodes completed so far: 1672
# successes: 1169 (69.9%)
Current task success rate: 1.0
Current total success rate: 0.6991626794258373

Task: put the bowl on top of the cabinet view 0 0 100 0 0 initstate 0 noise 16
Success: True
# episodes completed so far: 1673
# successes: 1170 (69.9%)
Current task success rate: 1.0
Current total success rate: 0.6993424985056784

Task: put the bowl on top of the cabinet view 0 0 100 0 0 initstate 0 noise 17
Success: True
# episodes completed so far: 1674
# successes: 1171 (70.0%)
Current task success rate: 1.0
Current total success rate: 0.6995221027479092

Task: put the bowl on top of the cabinet view 0 0 100 0 0 initstate 0 noise 18
Success: True
# episodes completed so far: 1675
# successes: 1172 (70.0%)
Current task success rate: 1.0
Current total success rate: 0.6997014925373134

Task: put the bowl on top of the cabinet view 0 0 100 0 0 initstate 0 noise 19
Success: True
# episodes completed so far: 1676
# successes: 1173 (70.0%)
Current task success rate: 1.0
Current total success rate: 0.6998806682577565

Task: put the bowl on top of the cabinet view 0 0 100 0 0 initstate 0 noise 20
Success: True
# episodes completed so far: 1677
# successes: 1174 (70.0%)
Current task success rate: 1.0
Current total success rate: 0.7000596302921884

Task: put the bowl on top of the cabinet view 0 0 100 0 0 initstate 0 noise 21
Success: True
# episodes completed so far: 1678
# successes: 1175 (70.0%)
Current task success rate: 1.0
Current total success rate: 0.700238379022646

Task: put the bowl on top of the cabinet view 0 0 100 0 0 initstate 0 noise 22
Success: True
# episodes completed so far: 1679
# successes: 1176 (70.0%)
Current task success rate: 1.0
Current total success rate: 0.7004169148302561

Task: put the bowl on top of the cabinet view 0 0 100 0 0 initstate 0 noise 23
Success: True
# episodes completed so far: 1680
# successes: 1177 (70.1%)
Current task success rate: 1.0
Current total success rate: 0.700595238095238

Task: put the bowl on top of the cabinet view 0 0 100 0 0 initstate 0 noise 25
Success: True
# episodes completed so far: 1681
# successes: 1178 (70.1%)
Current task success rate: 1.0
Current total success rate: 0.7007733491969066

Task: put the bowl on top of the cabinet view 0 0 100 0 0 initstate 0 noise 26
Success: True
# episodes completed so far: 1682
# successes: 1179 (70.1%)
Current task success rate: 1.0
Current total success rate: 0.7009512485136742

Task: put the bowl on top of the cabinet view 0 0 100 0 0 initstate 0 noise 27
Success: True
# episodes completed so far: 1683
# successes: 1180 (70.1%)
Current task success rate: 1.0
Current total success rate: 0.7011289364230541

Task: put the bowl on top of the cabinet view 0 0 100 0 0 initstate 0 noise 28
Success: True
# episodes completed so far: 1684
# successes: 1181 (70.1%)
Current task success rate: 1.0
Current total success rate: 0.7013064133016627

Task: put the bowl on top of the cabinet view 0 0 100 0 0 initstate 0 noise 29
Success: True
# episodes completed so far: 1685
# successes: 1182 (70.1%)
Current task success rate: 1.0
Current total success rate: 0.7014836795252225

Task: put the bowl on top of the cabinet view 0 0 100 0 0 initstate 0 noise 30
Success: True
# episodes completed so far: 1686
# successes: 1183 (70.2%)
Current task success rate: 1.0
Current total success rate: 0.7016607354685647

Task: put the bowl on top of the cabinet view 0 0 100 0 0 initstate 0 noise 32
Success: True
# episodes completed so far: 1687
# successes: 1184 (70.2%)
Current task success rate: 1.0
Current total success rate: 0.7018375815056312

Task: put the bowl on top of the cabinet view 0 0 100 0 0 initstate 0 noise 33
Success: True
# episodes completed so far: 1688
# successes: 1185 (70.2%)
Current task success rate: 1.0
Current total success rate: 0.7020142180094787

Task: put the bowl on top of the cabinet view 0 0 100 0 0 initstate 0 noise 34
Success: True
# episodes completed so far: 1689
# successes: 1186 (70.2%)
Current task success rate: 1.0
Current total success rate: 0.7021906453522795

Task: put the bowl on top of the cabinet view 0 0 100 0 0 initstate 0 noise 35
Success: True
# episodes completed so far: 1690
# successes: 1187 (70.2%)
Current task success rate: 1.0
Current total success rate: 0.7023668639053254

Task: put the bowl on top of the cabinet view 0 0 100 0 0 initstate 0 noise 36
Success: True
# episodes completed so far: 1691
# successes: 1188 (70.3%)
Current task success rate: 1.0
Current total success rate: 0.7025428740390302

Task: put the bowl on top of the cabinet view 0 0 100 0 0 initstate 0 noise 37
Success: False
# episodes completed so far: 1692
# successes: 1188 (70.2%)
Current task success rate: 0.0
Current total success rate: 0.7021276595744681

Task: put the bowl on top of the cabinet view 0 0 100 0 0 initstate 0 noise 38
Success: True
# episodes completed so far: 1693
# successes: 1189 (70.2%)
Current task success rate: 1.0
Current total success rate: 0.7023036030714708

Task: put the bowl on top of the cabinet view 0 0 100 0 0 initstate 0 noise 39
Success: True
# episodes completed so far: 1694
# successes: 1190 (70.2%)
Current task success rate: 1.0
Current total success rate: 0.7024793388429752

Task: put the bowl on top of the cabinet view 0 0 100 0 0 initstate 0 noise 40
Success: True
# episodes completed so far: 1695
# successes: 1191 (70.3%)
Current task success rate: 1.0
Current total success rate: 0.7026548672566372

Task: put the bowl on top of the cabinet view 0 0 100 0 0 initstate 0 noise 41
Success: True
# episodes completed so far: 1696
# successes: 1192 (70.3%)
Current task success rate: 1.0
Current total success rate: 0.7028301886792453

Task: put the bowl on top of the cabinet view 0 0 100 0 0 initstate 0 noise 42
Success: True
# episodes completed so far: 1697
# successes: 1193 (70.3%)
Current task success rate: 1.0
Current total success rate: 0.7030053034767236

Task: put the bowl on top of the cabinet view 0 0 100 0 0 initstate 0 noise 43
Success: True
# episodes completed so far: 1698
# successes: 1194 (70.3%)
Current task success rate: 1.0
Current total success rate: 0.7031802120141343

Task: put the bowl on top of the cabinet view 0 0 100 0 0 initstate 0 noise 44
Success: True
# episodes completed so far: 1699
# successes: 1195 (70.3%)
Current task success rate: 1.0
Current total success rate: 0.7033549146556798

Task: put the bowl on top of the cabinet view 0 0 100 0 0 initstate 0 noise 45
Success: True
# episodes completed so far: 1700
# successes: 1196 (70.4%)
Current task success rate: 1.0
Current total success rate: 0.7035294117647058

Task: put the bowl on top of the cabinet view 0 0 100 0 0 initstate 0 noise 47
Success: True
# episodes completed so far: 1701
# successes: 1197 (70.4%)
Current task success rate: 1.0
Current total success rate: 0.7037037037037037

Task: put the bowl on top of the cabinet view 0 0 100 0 0 initstate 0 noise 48
Success: True
# episodes completed so far: 1702
# successes: 1198 (70.4%)
Current task success rate: 1.0
Current total success rate: 0.7038777908343126

Task: put the bowl on top of the cabinet view 0 0 100 0 0 initstate 0 noise 49
Success: True
# episodes completed so far: 1703
# successes: 1199 (70.4%)
Current task success rate: 1.0
Current total success rate: 0.7040516735173223

Task: put the bowl on top of the cabinet view 0 0 100 0 0 initstate 0 noise 50
Success: True
# episodes completed so far: 1704
# successes: 1200 (70.4%)
Current task success rate: 1.0
Current total success rate: 0.704225352112676

Task: push the plate to the front of the stove view 0 0 100 0 0 initstate 0 noise 3
Success: True
# episodes completed so far: 1705
# successes: 1201 (70.4%)
Current task success rate: 1.0
Current total success rate: 0.7043988269794721

Task: push the plate to the front of the stove view 0 0 100 0 0 initstate 0 noise 4
Success: True
# episodes completed so far: 1706
# successes: 1202 (70.5%)
Current task success rate: 1.0
Current total success rate: 0.7045720984759671

Task: push the plate to the front of the stove view 0 0 100 0 0 initstate 0 noise 5
Success: True
# episodes completed so far: 1707
# successes: 1203 (70.5%)
Current task success rate: 1.0
Current total success rate: 0.7047451669595782

Task: push the plate to the front of the stove view 0 0 100 0 0 initstate 0 noise 6
Success: True
# episodes completed so far: 1708
# successes: 1204 (70.5%)
Current task success rate: 1.0
Current total success rate: 0.7049180327868853

Task: push the plate to the front of the stove view 0 0 100 0 0 initstate 0 noise 7
Success: False
# episodes completed so far: 1709
# successes: 1204 (70.5%)
Current task success rate: 0.0
Current total success rate: 0.7045055588063195

Task: push the plate to the front of the stove view 0 0 100 0 0 initstate 0 noise 8
Success: False
# episodes completed so far: 1710
# successes: 1204 (70.4%)
Current task success rate: 0.0
Current total success rate: 0.704093567251462

Task: push the plate to the front of the stove view 0 0 100 0 0 initstate 0 noise 10
Success: False
# episodes completed so far: 1711
# successes: 1204 (70.4%)
Current task success rate: 0.0
Current total success rate: 0.7036820572764465

Task: push the plate to the front of the stove view 0 0 100 0 0 initstate 0 noise 11
Success: True
# episodes completed so far: 1712
# successes: 1205 (70.4%)
Current task success rate: 1.0
Current total success rate: 0.7038551401869159

Task: push the plate to the front of the stove view 0 0 100 0 0 initstate 0 noise 13
Success: False
# episodes completed so far: 1713
# successes: 1205 (70.3%)
Current task success rate: 0.0
Current total success rate: 0.7034442498540572

Task: push the plate to the front of the stove view 0 0 100 0 0 initstate 0 noise 14
Success: False
# episodes completed so far: 1714
# successes: 1205 (70.3%)
Current task success rate: 0.0
Current total success rate: 0.7030338389731622

Task: push the plate to the front of the stove view 0 0 100 0 0 initstate 0 noise 15
Success: False
# episodes completed so far: 1715
# successes: 1205 (70.3%)
Current task success rate: 0.0
Current total success rate: 0.7026239067055393

Task: push the plate to the front of the stove view 0 0 100 0 0 initstate 0 noise 17
Success: False
# episodes completed so far: 1716
# successes: 1205 (70.2%)
Current task success rate: 0.0
Current total success rate: 0.7022144522144522

Task: push the plate to the front of the stove view 0 0 100 0 0 initstate 0 noise 19
Success: False
# episodes completed so far: 1717
# successes: 1205 (70.2%)
Current task success rate: 0.0
Current total success rate: 0.7018054746651136

Task: push the plate to the front of the stove view 0 0 100 0 0 initstate 0 noise 20
Success: False
# episodes completed so far: 1718
# successes: 1205 (70.1%)
Current task success rate: 0.0
Current total success rate: 0.7013969732246799

Task: push the plate to the front of the stove view 0 0 100 0 0 initstate 0 noise 24
Success: False
# episodes completed so far: 1719
# successes: 1205 (70.1%)
Current task success rate: 0.0
Current total success rate: 0.7009889470622455

Task: push the plate to the front of the stove view 0 0 100 0 0 initstate 0 noise 25
Success: False
# episodes completed so far: 1720
# successes: 1205 (70.1%)
Current task success rate: 0.0
Current total success rate: 0.7005813953488372

Task: push the plate to the front of the stove view 0 0 100 0 0 initstate 0 noise 26
Success: True
# episodes completed so far: 1721
# successes: 1206 (70.1%)
Current task success rate: 1.0
Current total success rate: 0.7007553747821035

Task: push the plate to the front of the stove view 0 0 100 0 0 initstate 0 noise 27
Success: False
# episodes completed so far: 1722
# successes: 1206 (70.0%)
Current task success rate: 0.0
Current total success rate: 0.7003484320557491

Task: push the plate to the front of the stove view 0 0 100 0 0 initstate 0 noise 28
Success: False
# episodes completed so far: 1723
# successes: 1206 (70.0%)
Current task success rate: 0.0
Current total success rate: 0.6999419616947186

Task: push the plate to the front of the stove view 0 0 100 0 0 initstate 0 noise 30
Success: False
# episodes completed so far: 1724
# successes: 1206 (70.0%)
Current task success rate: 0.0
Current total success rate: 0.6995359628770301

Task: push the plate to the front of the stove view 0 0 100 0 0 initstate 0 noise 36
Success: False
# episodes completed so far: 1725
# successes: 1206 (69.9%)
Current task success rate: 0.0
Current total success rate: 0.6991304347826087

Task: push the plate to the front of the stove view 0 0 100 0 0 initstate 0 noise 37
Success: False
# episodes completed so far: 1726
# successes: 1206 (69.9%)
Current task success rate: 0.0
Current total success rate: 0.6987253765932793

Task: push the plate to the front of the stove view 0 0 100 0 0 initstate 0 noise 38
Success: False
# episodes completed so far: 1727
# successes: 1206 (69.8%)
Current task success rate: 0.0
Current total success rate: 0.698320787492762

Task: push the plate to the front of the stove view 0 0 100 0 0 initstate 0 noise 39
Success: False
# episodes completed so far: 1728
# successes: 1206 (69.8%)
Current task success rate: 0.0
Current total success rate: 0.6979166666666666

Task: push the plate to the front of the stove view 0 0 100 0 0 initstate 0 noise 40
Success: False
# episodes completed so far: 1729
# successes: 1206 (69.8%)
Current task success rate: 0.0
Current total success rate: 0.6975130133024869

Task: push the plate to the front of the stove view 0 0 100 0 0 initstate 0 noise 43
Success: True
# episodes completed so far: 1730
# successes: 1207 (69.8%)
Current task success rate: 1.0
Current total success rate: 0.6976878612716763

Task: push the plate to the front of the stove view 0 0 100 0 0 initstate 0 noise 44
Success: False
# episodes completed so far: 1731
# successes: 1207 (69.7%)
Current task success rate: 0.0
Current total success rate: 0.6972848064702484

Task: push the plate to the front of the stove view 0 0 100 0 0 initstate 0 noise 45
Success: False
# episodes completed so far: 1732
# successes: 1207 (69.7%)
Current task success rate: 0.0
Current total success rate: 0.6968822170900693

Task: push the plate to the front of the stove view 0 0 100 0 0 initstate 0 noise 46
Success: True
# episodes completed so far: 1733
# successes: 1208 (69.7%)
Current task success rate: 1.0
Current total success rate: 0.6970571263704558

Task: push the plate to the front of the stove view 0 0 100 0 0 initstate 0 noise 47
Success: False
# episodes completed so far: 1734
# successes: 1208 (69.7%)
Current task success rate: 0.0
Current total success rate: 0.6966551326412919

Task: push the plate to the front of the stove view 0 0 100 0 0 initstate 0 noise 48
Success: False
# episodes completed so far: 1735
# successes: 1208 (69.6%)
Current task success rate: 0.0
Current total success rate: 0.6962536023054755

Task: push the plate to the front of the stove view 0 0 100 0 0 initstate 0 noise 49
Success: False
# episodes completed so far: 1736
# successes: 1208 (69.6%)
Current task success rate: 0.0
Current total success rate: 0.695852534562212

Task: push the plate to the front of the stove view 0 0 100 0 0 initstate 0 noise 50
Success: False
# episodes completed so far: 1737
# successes: 1208 (69.5%)
Current task success rate: 0.0
Current total success rate: 0.6954519286125503

Task: put the cream cheese in the bowl view 0 0 100 0 0 initstate 0 noise 1
Success: True
# episodes completed so far: 1738
# successes: 1209 (69.6%)
Current task success rate: 1.0
Current total success rate: 0.6956271576524741

Task: put the cream cheese in the bowl view 0 0 100 0 0 initstate 0 noise 3
Success: True
# episodes completed so far: 1739
# successes: 1210 (69.6%)
Current task success rate: 1.0
Current total success rate: 0.6958021851638873

Task: put the cream cheese in the bowl view 0 0 100 0 0 initstate 0 noise 4
Success: True
# episodes completed so far: 1740
# successes: 1211 (69.6%)
Current task success rate: 1.0
Current total success rate: 0.6959770114942528

Task: put the cream cheese in the bowl view 0 0 100 0 0 initstate 0 noise 5
Success: True
# episodes completed so far: 1741
# successes: 1212 (69.6%)
Current task success rate: 1.0
Current total success rate: 0.6961516369902355

Task: put the cream cheese in the bowl view 0 0 100 0 0 initstate 0 noise 6
Success: True
# episodes completed so far: 1742
# successes: 1213 (69.6%)
Current task success rate: 1.0
Current total success rate: 0.6963260619977037

Task: put the cream cheese in the bowl view 0 0 100 0 0 initstate 0 noise 7
Success: True
# episodes completed so far: 1743
# successes: 1214 (69.7%)
Current task success rate: 1.0
Current total success rate: 0.6965002868617326

Task: put the cream cheese in the bowl view 0 0 100 0 0 initstate 0 noise 8
Success: True
# episodes completed so far: 1744
# successes: 1215 (69.7%)
Current task success rate: 1.0
Current total success rate: 0.6966743119266054

Task: put the cream cheese in the bowl view 0 0 100 0 0 initstate 0 noise 9
Success: True
# episodes completed so far: 1745
# successes: 1216 (69.7%)
Current task success rate: 1.0
Current total success rate: 0.6968481375358166

Task: put the cream cheese in the bowl view 0 0 100 0 0 initstate 0 noise 10
Success: True
# episodes completed so far: 1746
# successes: 1217 (69.7%)
Current task success rate: 1.0
Current total success rate: 0.6970217640320733

Task: put the cream cheese in the bowl view 0 0 100 0 0 initstate 0 noise 11
Success: True
# episodes completed so far: 1747
# successes: 1218 (69.7%)
Current task success rate: 1.0
Current total success rate: 0.6971951917572983

Task: put the cream cheese in the bowl view 0 0 100 0 0 initstate 0 noise 12
Success: True
# episodes completed so far: 1748
# successes: 1219 (69.7%)
Current task success rate: 1.0
Current total success rate: 0.6973684210526315

Task: put the cream cheese in the bowl view 0 0 100 0 0 initstate 0 noise 14
Success: True
# episodes completed so far: 1749
# successes: 1220 (69.8%)
Current task success rate: 1.0
Current total success rate: 0.6975414522584333

Task: put the cream cheese in the bowl view 0 0 100 0 0 initstate 0 noise 16
Success: True
# episodes completed so far: 1750
# successes: 1221 (69.8%)
Current task success rate: 1.0
Current total success rate: 0.6977142857142857

Task: put the cream cheese in the bowl view 0 0 100 0 0 initstate 0 noise 17
Success: True
# episodes completed so far: 1751
# successes: 1222 (69.8%)
Current task success rate: 1.0
Current total success rate: 0.6978869217589948

Task: put the cream cheese in the bowl view 0 0 100 0 0 initstate 0 noise 18
Success: False
# episodes completed so far: 1752
# successes: 1222 (69.7%)
Current task success rate: 0.0
Current total success rate: 0.6974885844748858

Task: put the cream cheese in the bowl view 0 0 100 0 0 initstate 0 noise 19
Success: False
# episodes completed so far: 1753
# successes: 1222 (69.7%)
Current task success rate: 0.0
Current total success rate: 0.6970907016543069

Task: put the cream cheese in the bowl view 0 0 100 0 0 initstate 0 noise 20
Success: True
# episodes completed so far: 1754
# successes: 1223 (69.7%)
Current task success rate: 1.0
Current total success rate: 0.6972633979475484

Task: put the cream cheese in the bowl view 0 0 100 0 0 initstate 0 noise 21
Success: True
# episodes completed so far: 1755
# successes: 1224 (69.7%)
Current task success rate: 1.0
Current total success rate: 0.6974358974358974

Task: put the cream cheese in the bowl view 0 0 100 0 0 initstate 0 noise 22
Success: True
# episodes completed so far: 1756
# successes: 1225 (69.8%)
Current task success rate: 1.0
Current total success rate: 0.6976082004555809

Task: put the cream cheese in the bowl view 0 0 100 0 0 initstate 0 noise 23
Success: True
# episodes completed so far: 1757
# successes: 1226 (69.8%)
Current task success rate: 1.0
Current total success rate: 0.6977803073420603

Task: put the cream cheese in the bowl view 0 0 100 0 0 initstate 0 noise 24
Success: True
# episodes completed so far: 1758
# successes: 1227 (69.8%)
Current task success rate: 1.0
Current total success rate: 0.6979522184300341

Task: put the cream cheese in the bowl view 0 0 100 0 0 initstate 0 noise 25
Success: True
# episodes completed so far: 1759
# successes: 1228 (69.8%)
Current task success rate: 1.0
Current total success rate: 0.6981239340534394

Task: put the cream cheese in the bowl view 0 0 100 0 0 initstate 0 noise 26
Success: True
# episodes completed so far: 1760
# successes: 1229 (69.8%)
Current task success rate: 1.0
Current total success rate: 0.6982954545454545

Task: put the cream cheese in the bowl view 0 0 100 0 0 initstate 0 noise 27
Success: True
# episodes completed so far: 1761
# successes: 1230 (69.8%)
Current task success rate: 1.0
Current total success rate: 0.6984667802385008

Task: put the cream cheese in the bowl view 0 0 100 0 0 initstate 0 noise 28
Success: True
# episodes completed so far: 1762
# successes: 1231 (69.9%)
Current task success rate: 1.0
Current total success rate: 0.6986379114642451

Task: put the cream cheese in the bowl view 0 0 100 0 0 initstate 0 noise 29
Success: True
# episodes completed so far: 1763
# successes: 1232 (69.9%)
Current task success rate: 1.0
Current total success rate: 0.6988088485536018

Task: put the cream cheese in the bowl view 0 0 100 0 0 initstate 0 noise 30
Success: True
# episodes completed so far: 1764
# successes: 1233 (69.9%)
Current task success rate: 1.0
Current total success rate: 0.6989795918367347

Task: put the cream cheese in the bowl view 0 0 100 0 0 initstate 0 noise 31
Success: True
# episodes completed so far: 1765
# successes: 1234 (69.9%)
Current task success rate: 1.0
Current total success rate: 0.6991501416430594

Task: put the cream cheese in the bowl view 0 0 100 0 0 initstate 0 noise 32
Success: True
# episodes completed so far: 1766
# successes: 1235 (69.9%)
Current task success rate: 1.0
Current total success rate: 0.6993204983012458

Task: put the cream cheese in the bowl view 0 0 100 0 0 initstate 0 noise 33
Success: True
# episodes completed so far: 1767
# successes: 1236 (69.9%)
Current task success rate: 1.0
Current total success rate: 0.6994906621392191

Task: put the cream cheese in the bowl view 0 0 100 0 0 initstate 0 noise 34
Success: True
# episodes completed so far: 1768
# successes: 1237 (70.0%)
Current task success rate: 1.0
Current total success rate: 0.6996606334841629

Task: put the cream cheese in the bowl view 0 0 100 0 0 initstate 0 noise 35
Success: True
# episodes completed so far: 1769
# successes: 1238 (70.0%)
Current task success rate: 1.0
Current total success rate: 0.6998304126625212

Task: put the cream cheese in the bowl view 0 0 100 0 0 initstate 0 noise 36
Success: True
# episodes completed so far: 1770
# successes: 1239 (70.0%)
Current task success rate: 1.0
Current total success rate: 0.7

Task: put the cream cheese in the bowl view 0 0 100 0 0 initstate 0 noise 37
Success: True
# episodes completed so far: 1771
# successes: 1240 (70.0%)
Current task success rate: 1.0
Current total success rate: 0.7001693958215698

Task: put the cream cheese in the bowl view 0 0 100 0 0 initstate 0 noise 38
Success: True
# episodes completed so far: 1772
# successes: 1241 (70.0%)
Current task success rate: 1.0
Current total success rate: 0.7003386004514672

Task: put the cream cheese in the bowl view 0 0 100 0 0 initstate 0 noise 39
Success: True
# episodes completed so far: 1773
# successes: 1242 (70.1%)
Current task success rate: 1.0
Current total success rate: 0.700507614213198

Task: put the cream cheese in the bowl view 0 0 100 0 0 initstate 0 noise 40
Success: True
# episodes completed so far: 1774
# successes: 1243 (70.1%)
Current task success rate: 1.0
Current total success rate: 0.7006764374295378

Task: put the cream cheese in the bowl view 0 0 100 0 0 initstate 0 noise 41
Success: True
# episodes completed so far: 1775
# successes: 1244 (70.1%)
Current task success rate: 1.0
Current total success rate: 0.7008450704225352

Task: put the cream cheese in the bowl view 0 0 100 0 0 initstate 0 noise 42
Success: True
# episodes completed so far: 1776
# successes: 1245 (70.1%)
Current task success rate: 1.0
Current total success rate: 0.7010135135135135

Task: put the cream cheese in the bowl view 0 0 100 0 0 initstate 0 noise 43
Success: True
# episodes completed so far: 1777
# successes: 1246 (70.1%)
Current task success rate: 1.0
Current total success rate: 0.7011817670230726

Task: put the cream cheese in the bowl view 0 0 100 0 0 initstate 0 noise 44
Success: True
# episodes completed so far: 1778
# successes: 1247 (70.1%)
Current task success rate: 1.0
Current total success rate: 0.7013498312710911

Task: put the cream cheese in the bowl view 0 0 100 0 0 initstate 0 noise 45
Success: True
# episodes completed so far: 1779
# successes: 1248 (70.2%)
Current task success rate: 1.0
Current total success rate: 0.7015177065767285

Task: put the cream cheese in the bowl view 0 0 100 0 0 initstate 0 noise 46
Success: True
# episodes completed so far: 1780
# successes: 1249 (70.2%)
Current task success rate: 1.0
Current total success rate: 0.7016853932584269

Task: put the cream cheese in the bowl view 0 0 100 0 0 initstate 0 noise 47
Success: True
# episodes completed so far: 1781
# successes: 1250 (70.2%)
Current task success rate: 1.0
Current total success rate: 0.7018528916339135

Task: put the cream cheese in the bowl view 0 0 100 0 0 initstate 0 noise 48
Success: True
# episodes completed so far: 1782
# successes: 1251 (70.2%)
Current task success rate: 1.0
Current total success rate: 0.702020202020202

Task: put the cream cheese in the bowl view 0 0 100 0 0 initstate 0 noise 49
Success: True
# episodes completed so far: 1783
# successes: 1252 (70.2%)
Current task success rate: 1.0
Current total success rate: 0.702187324733595

Task: put the cream cheese in the bowl view 0 0 100 0 0 initstate 0 noise 50
Success: True
# episodes completed so far: 1784
# successes: 1253 (70.2%)
Current task success rate: 1.0
Current total success rate: 0.702354260089686

Task: turn on the stove view 0 0 100 0 0 initstate 0 noise 5
Success: True
# episodes completed so far: 1785
# successes: 1254 (70.3%)
Current task success rate: 1.0
Current total success rate: 0.7025210084033613

Task: turn on the stove view 0 0 100 0 0 initstate 0 noise 6
Success: True
# episodes completed so far: 1786
# successes: 1255 (70.3%)
Current task success rate: 1.0
Current total success rate: 0.7026875699888018

Task: turn on the stove view 0 0 100 0 0 initstate 0 noise 7
Success: True
# episodes completed so far: 1787
# successes: 1256 (70.3%)
Current task success rate: 1.0
Current total success rate: 0.7028539451594852

Task: turn on the stove view 0 0 100 0 0 initstate 0 noise 8
Success: True
# episodes completed so far: 1788
# successes: 1257 (70.3%)
Current task success rate: 1.0
Current total success rate: 0.7030201342281879

Task: turn on the stove view 0 0 100 0 0 initstate 0 noise 9
Success: True
# episodes completed so far: 1789
# successes: 1258 (70.3%)
Current task success rate: 1.0
Current total success rate: 0.7031861375069871

Task: turn on the stove view 0 0 100 0 0 initstate 0 noise 10
Success: True
# episodes completed so far: 1790
# successes: 1259 (70.3%)
Current task success rate: 1.0
Current total success rate: 0.7033519553072626

Task: turn on the stove view 0 0 100 0 0 initstate 0 noise 13
Success: True
# episodes completed so far: 1791
# successes: 1260 (70.4%)
Current task success rate: 1.0
Current total success rate: 0.7035175879396985

Task: turn on the stove view 0 0 100 0 0 initstate 0 noise 14
Success: True
# episodes completed so far: 1792
# successes: 1261 (70.4%)
Current task success rate: 1.0
Current total success rate: 0.7036830357142857

Task: turn on the stove view 0 0 100 0 0 initstate 0 noise 15
Success: True
# episodes completed so far: 1793
# successes: 1262 (70.4%)
Current task success rate: 1.0
Current total success rate: 0.7038482989403235

Task: turn on the stove view 0 0 100 0 0 initstate 0 noise 17
Success: True
# episodes completed so far: 1794
# successes: 1263 (70.4%)
Current task success rate: 1.0
Current total success rate: 0.7040133779264214

Task: turn on the stove view 0 0 100 0 0 initstate 0 noise 18
Success: True
# episodes completed so far: 1795
# successes: 1264 (70.4%)
Current task success rate: 1.0
Current total success rate: 0.7041782729805014

Task: turn on the stove view 0 0 100 0 0 initstate 0 noise 19
Success: True
# episodes completed so far: 1796
# successes: 1265 (70.4%)
Current task success rate: 1.0
Current total success rate: 0.7043429844097996

Task: turn on the stove view 0 0 100 0 0 initstate 0 noise 20
Success: True
# episodes completed so far: 1797
# successes: 1266 (70.5%)
Current task success rate: 1.0
Current total success rate: 0.7045075125208681

Task: turn on the stove view 0 0 100 0 0 initstate 0 noise 27
Success: True
# episodes completed so far: 1798
# successes: 1267 (70.5%)
Current task success rate: 1.0
Current total success rate: 0.7046718576195773

Task: turn on the stove view 0 0 100 0 0 initstate 0 noise 28
Success: True
# episodes completed so far: 1799
# successes: 1268 (70.5%)
Current task success rate: 1.0
Current total success rate: 0.7048360200111173

Task: turn on the stove view 0 0 100 0 0 initstate 0 noise 29
Success: True
# episodes completed so far: 1800
# successes: 1269 (70.5%)
Current task success rate: 1.0
Current total success rate: 0.705

Task: turn on the stove view 0 0 100 0 0 initstate 0 noise 30
Success: True
# episodes completed so far: 1801
# successes: 1270 (70.5%)
Current task success rate: 1.0
Current total success rate: 0.7051637978900611

Task: turn on the stove view 0 0 100 0 0 initstate 0 noise 37
Success: True
# episodes completed so far: 1802
# successes: 1271 (70.5%)
Current task success rate: 1.0
Current total success rate: 0.7053274139844617

Task: turn on the stove view 0 0 100 0 0 initstate 0 noise 38
Success: True
# episodes completed so far: 1803
# successes: 1272 (70.5%)
Current task success rate: 1.0
Current total success rate: 0.7054908485856906

Task: turn on the stove view 0 0 100 0 0 initstate 0 noise 39
Success: True
# episodes completed so far: 1804
# successes: 1273 (70.6%)
Current task success rate: 1.0
Current total success rate: 0.7056541019955654

Task: turn on the stove view 0 0 100 0 0 initstate 0 noise 40
Success: True
# episodes completed so far: 1805
# successes: 1274 (70.6%)
Current task success rate: 1.0
Current total success rate: 0.7058171745152355

Task: turn on the stove view 0 0 100 0 0 initstate 0 noise 43
Success: True
# episodes completed so far: 1806
# successes: 1275 (70.6%)
Current task success rate: 1.0
Current total success rate: 0.7059800664451827

Task: turn on the stove view 0 0 100 0 0 initstate 0 noise 44
Success: True
# episodes completed so far: 1807
# successes: 1276 (70.6%)
Current task success rate: 1.0
Current total success rate: 0.7061427780852241

Task: turn on the stove view 0 0 100 0 0 initstate 0 noise 45
Success: True
# episodes completed so far: 1808
# successes: 1277 (70.6%)
Current task success rate: 1.0
Current total success rate: 0.7063053097345132

Task: turn on the stove view 0 0 100 0 0 initstate 0 noise 46
Success: True
# episodes completed so far: 1809
# successes: 1278 (70.6%)
Current task success rate: 1.0
Current total success rate: 0.7064676616915423

Task: turn on the stove view 0 0 100 0 0 initstate 0 noise 47
Success: True
# episodes completed so far: 1810
# successes: 1279 (70.7%)
Current task success rate: 1.0
Current total success rate: 0.7066298342541436

Task: turn on the stove view 0 0 100 0 0 initstate 0 noise 48
Success: True
# episodes completed so far: 1811
# successes: 1280 (70.7%)
Current task success rate: 1.0
Current total success rate: 0.706791827719492

Task: turn on the stove view 0 0 100 0 0 initstate 0 noise 49
Success: True
# episodes completed so far: 1812
# successes: 1281 (70.7%)
Current task success rate: 1.0
Current total success rate: 0.706953642384106

Task: turn on the stove view 0 0 100 0 0 initstate 0 noise 50
Success: True
# episodes completed so far: 1813
# successes: 1282 (70.7%)
Current task success rate: 1.0
Current total success rate: 0.7071152785438499

Task: put the bowl on the plate view 0 0 100 0 0 initstate 0 noise 4
Success: True
# episodes completed so far: 1814
# successes: 1283 (70.7%)
Current task success rate: 1.0
Current total success rate: 0.7072767364939361

Task: put the bowl on the plate view 0 0 100 0 0 initstate 0 noise 5
Success: True
# episodes completed so far: 1815
# successes: 1284 (70.7%)
Current task success rate: 1.0
Current total success rate: 0.7074380165289256

Task: put the bowl on the plate view 0 0 100 0 0 initstate 0 noise 6
Success: True
# episodes completed so far: 1816
# successes: 1285 (70.8%)
Current task success rate: 1.0
Current total success rate: 0.7075991189427313

Task: put the bowl on the plate view 0 0 100 0 0 initstate 0 noise 7
Success: True
# episodes completed so far: 1817
# successes: 1286 (70.8%)
Current task success rate: 1.0
Current total success rate: 0.7077600440286186

Task: put the bowl on the plate view 0 0 100 0 0 initstate 0 noise 8
Success: True
# episodes completed so far: 1818
# successes: 1287 (70.8%)
Current task success rate: 1.0
Current total success rate: 0.7079207920792079

Task: put the bowl on the plate view 0 0 100 0 0 initstate 0 noise 9
Success: True
# episodes completed so far: 1819
# successes: 1288 (70.8%)
Current task success rate: 1.0
Current total success rate: 0.7080813633864761

Task: put the bowl on the plate view 0 0 100 0 0 initstate 0 noise 13
Success: True
# episodes completed so far: 1820
# successes: 1289 (70.8%)
Current task success rate: 1.0
Current total success rate: 0.7082417582417583

Task: put the bowl on the plate view 0 0 100 0 0 initstate 0 noise 14
Success: True
# episodes completed so far: 1821
# successes: 1290 (70.8%)
Current task success rate: 1.0
Current total success rate: 0.7084019769357496

Task: put the bowl on the plate view 0 0 100 0 0 initstate 0 noise 15
Success: True
# episodes completed so far: 1822
# successes: 1291 (70.9%)
Current task success rate: 1.0
Current total success rate: 0.7085620197585072

Task: put the bowl on the plate view 0 0 100 0 0 initstate 0 noise 16
Success: True
# episodes completed so far: 1823
# successes: 1292 (70.9%)
Current task success rate: 1.0
Current total success rate: 0.7087218869994515

Task: put the bowl on the plate view 0 0 100 0 0 initstate 0 noise 17
Success: True
# episodes completed so far: 1824
# successes: 1293 (70.9%)
Current task success rate: 1.0
Current total success rate: 0.7088815789473685

Task: put the bowl on the plate view 0 0 100 0 0 initstate 0 noise 18
Success: True
# episodes completed so far: 1825
# successes: 1294 (70.9%)
Current task success rate: 1.0
Current total success rate: 0.709041095890411

Task: put the bowl on the plate view 0 0 100 0 0 initstate 0 noise 19
Success: True
# episodes completed so far: 1826
# successes: 1295 (70.9%)
Current task success rate: 1.0
Current total success rate: 0.7092004381161008

Task: put the bowl on the plate view 0 0 100 0 0 initstate 0 noise 20
Success: True
# episodes completed so far: 1827
# successes: 1296 (70.9%)
Current task success rate: 1.0
Current total success rate: 0.7093596059113301

Task: put the bowl on the plate view 0 0 100 0 0 initstate 0 noise 26
Success: True
# episodes completed so far: 1828
# successes: 1297 (71.0%)
Current task success rate: 1.0
Current total success rate: 0.7095185995623632

Task: put the bowl on the plate view 0 0 100 0 0 initstate 0 noise 27
Success: True
# episodes completed so far: 1829
# successes: 1298 (71.0%)
Current task success rate: 1.0
Current total success rate: 0.7096774193548387

Task: put the bowl on the plate view 0 0 100 0 0 initstate 0 noise 28
Success: True
# episodes completed so far: 1830
# successes: 1299 (71.0%)
Current task success rate: 1.0
Current total success rate: 0.7098360655737705

Task: put the bowl on the plate view 0 0 100 0 0 initstate 0 noise 29
Success: True
# episodes completed so far: 1831
# successes: 1300 (71.0%)
Current task success rate: 1.0
Current total success rate: 0.70999453850355

Task: put the bowl on the plate view 0 0 100 0 0 initstate 0 noise 30
Success: True
# episodes completed so far: 1832
# successes: 1301 (71.0%)
Current task success rate: 1.0
Current total success rate: 0.7101528384279476

Task: put the bowl on the plate view 0 0 100 0 0 initstate 0 noise 37
Success: True
# episodes completed so far: 1833
# successes: 1302 (71.0%)
Current task success rate: 1.0
Current total success rate: 0.7103109656301145

Task: put the bowl on the plate view 0 0 100 0 0 initstate 0 noise 38
Success: True
# episodes completed so far: 1834
# successes: 1303 (71.0%)
Current task success rate: 1.0
Current total success rate: 0.7104689203925845

Task: put the bowl on the plate view 0 0 100 0 0 initstate 0 noise 39
Success: True
# episodes completed so far: 1835
# successes: 1304 (71.1%)
Current task success rate: 1.0
Current total success rate: 0.7106267029972752

Task: put the bowl on the plate view 0 0 100 0 0 initstate 0 noise 41
Success: True
# episodes completed so far: 1836
# successes: 1305 (71.1%)
Current task success rate: 1.0
Current total success rate: 0.7107843137254902

Task: put the bowl on the plate view 0 0 100 0 0 initstate 0 noise 42
Success: True
# episodes completed so far: 1837
# successes: 1306 (71.1%)
Current task success rate: 1.0
Current total success rate: 0.7109417528579205

Task: put the bowl on the plate view 0 0 100 0 0 initstate 0 noise 43
Success: True
# episodes completed so far: 1838
# successes: 1307 (71.1%)
Current task success rate: 1.0
Current total success rate: 0.7110990206746464

Task: put the bowl on the plate view 0 0 100 0 0 initstate 0 noise 44
Success: True
# episodes completed so far: 1839
# successes: 1308 (71.1%)
Current task success rate: 1.0
Current total success rate: 0.7112561174551386

Task: put the bowl on the plate view 0 0 100 0 0 initstate 0 noise 45
Success: True
# episodes completed so far: 1840
# successes: 1309 (71.1%)
Current task success rate: 1.0
Current total success rate: 0.7114130434782608

Task: put the bowl on the plate view 0 0 100 0 0 initstate 0 noise 46
Success: True
# episodes completed so far: 1841
# successes: 1310 (71.2%)
Current task success rate: 1.0
Current total success rate: 0.7115697990222705

Task: put the bowl on the plate view 0 0 100 0 0 initstate 0 noise 47
Success: True
# episodes completed so far: 1842
# successes: 1311 (71.2%)
Current task success rate: 1.0
Current total success rate: 0.7117263843648208

Task: put the bowl on the plate view 0 0 100 0 0 initstate 0 noise 48
Success: True
# episodes completed so far: 1843
# successes: 1312 (71.2%)
Current task success rate: 1.0
Current total success rate: 0.7118827997829625

Task: put the bowl on the plate view 0 0 100 0 0 initstate 0 noise 49
Success: True
# episodes completed so far: 1844
# successes: 1313 (71.2%)
Current task success rate: 1.0
Current total success rate: 0.7120390455531453

Task: put the bowl on the plate view 0 0 100 0 0 initstate 0 noise 50
Success: True
# episodes completed so far: 1845
# successes: 1314 (71.2%)
Current task success rate: 1.0
Current total success rate: 0.7121951219512195

Task: put the wine bottle on the rack view 0 0 100 0 0 initstate 0 noise 1
Success: True
# episodes completed so far: 1846
# successes: 1315 (71.2%)
Current task success rate: 1.0
Current total success rate: 0.7123510292524377

Task: put the wine bottle on the rack view 0 0 100 0 0 initstate 0 noise 2
Success: True
# episodes completed so far: 1847
# successes: 1316 (71.3%)
Current task success rate: 1.0
Current total success rate: 0.7125067677314564

Task: put the wine bottle on the rack view 0 0 100 0 0 initstate 0 noise 3
Success: True
# episodes completed so far: 1848
# successes: 1317 (71.3%)
Current task success rate: 1.0
Current total success rate: 0.7126623376623377

Task: put the wine bottle on the rack view 0 0 100 0 0 initstate 0 noise 4
Success: True
# episodes completed so far: 1849
# successes: 1318 (71.3%)
Current task success rate: 1.0
Current total success rate: 0.7128177393185505

Task: put the wine bottle on the rack view 0 0 100 0 0 initstate 0 noise 5
Success: False
# episodes completed so far: 1850
# successes: 1318 (71.2%)
Current task success rate: 0.0
Current total success rate: 0.7124324324324325

Task: put the wine bottle on the rack view 0 0 100 0 0 initstate 0 noise 6
Success: False
# episodes completed so far: 1851
# successes: 1318 (71.2%)
Current task success rate: 0.0
Current total success rate: 0.7120475418692599

Task: put the wine bottle on the rack view 0 0 100 0 0 initstate 0 noise 7
Success: False
# episodes completed so far: 1852
# successes: 1318 (71.2%)
Current task success rate: 0.0
Current total success rate: 0.7116630669546437

Task: put the wine bottle on the rack view 0 0 100 0 0 initstate 0 noise 8
Success: False
# episodes completed so far: 1853
# successes: 1318 (71.1%)
Current task success rate: 0.0
Current total success rate: 0.7112790070156503

Task: put the wine bottle on the rack view 0 0 100 0 0 initstate 0 noise 9
Success: False
# episodes completed so far: 1854
# successes: 1318 (71.1%)
Current task success rate: 0.0
Current total success rate: 0.7108953613807982

Task: put the wine bottle on the rack view 0 0 100 0 0 initstate 0 noise 10
Success: False
# episodes completed so far: 1855
# successes: 1318 (71.1%)
Current task success rate: 0.0
Current total success rate: 0.7105121293800539

Task: put the wine bottle on the rack view 0 0 100 0 0 initstate 0 noise 11
Success: True
# episodes completed so far: 1856
# successes: 1319 (71.1%)
Current task success rate: 1.0
Current total success rate: 0.7106681034482759

Task: put the wine bottle on the rack view 0 0 100 0 0 initstate 0 noise 12
Success: False
# episodes completed so far: 1857
# successes: 1319 (71.0%)
Current task success rate: 0.0
Current total success rate: 0.7102854065697362

Task: put the wine bottle on the rack view 0 0 100 0 0 initstate 0 noise 13
Success: False
# episodes completed so far: 1858
# successes: 1319 (71.0%)
Current task success rate: 0.0
Current total success rate: 0.709903121636168

Task: put the wine bottle on the rack view 0 0 100 0 0 initstate 0 noise 14
Success: False
# episodes completed so far: 1859
# successes: 1319 (71.0%)
Current task success rate: 0.0
Current total success rate: 0.7095212479827865

Task: put the wine bottle on the rack view 0 0 100 0 0 initstate 0 noise 15
Success: False
# episodes completed so far: 1860
# successes: 1319 (70.9%)
Current task success rate: 0.0
Current total success rate: 0.7091397849462365

Task: put the wine bottle on the rack view 0 0 100 0 0 initstate 0 noise 16
Success: False
# episodes completed so far: 1861
# successes: 1319 (70.9%)
Current task success rate: 0.0
Current total success rate: 0.7087587318645889

Task: put the wine bottle on the rack view 0 0 100 0 0 initstate 0 noise 18
Success: False
# episodes completed so far: 1862
# successes: 1319 (70.8%)
Current task success rate: 0.0
Current total success rate: 0.7083780880773362

Task: put the wine bottle on the rack view 0 0 100 0 0 initstate 0 noise 19
Success: False
# episodes completed so far: 1863
# successes: 1319 (70.8%)
Current task success rate: 0.0
Current total success rate: 0.7079978529253892

Task: put the wine bottle on the rack view 0 0 100 0 0 initstate 0 noise 20
Success: False
# episodes completed so far: 1864
# successes: 1319 (70.8%)
Current task success rate: 0.0
Current total success rate: 0.7076180257510729

Task: put the wine bottle on the rack view 0 0 100 0 0 initstate 0 noise 23
Success: False
# episodes completed so far: 1865
# successes: 1319 (70.7%)
Current task success rate: 0.0
Current total success rate: 0.7072386058981234

Task: put the wine bottle on the rack view 0 0 100 0 0 initstate 0 noise 24
Success: False
# episodes completed so far: 1866
# successes: 1319 (70.7%)
Current task success rate: 0.0
Current total success rate: 0.7068595927116827

Task: put the wine bottle on the rack view 0 0 100 0 0 initstate 0 noise 25
Success: False
# episodes completed so far: 1867
# successes: 1319 (70.6%)
Current task success rate: 0.0
Current total success rate: 0.7064809855382967

Task: put the wine bottle on the rack view 0 0 100 0 0 initstate 0 noise 26
Success: False
# episodes completed so far: 1868
# successes: 1319 (70.6%)
Current task success rate: 0.0
Current total success rate: 0.7061027837259101

Task: put the wine bottle on the rack view 0 0 100 0 0 initstate 0 noise 27
Success: False
# episodes completed so far: 1869
# successes: 1319 (70.6%)
Current task success rate: 0.0
Current total success rate: 0.7057249866238631

Task: put the wine bottle on the rack view 0 0 100 0 0 initstate 0 noise 28
Success: False
# episodes completed so far: 1870
# successes: 1319 (70.5%)
Current task success rate: 0.0
Current total success rate: 0.7053475935828877

Task: put the wine bottle on the rack view 0 0 100 0 0 initstate 0 noise 29
Success: False
# episodes completed so far: 1871
# successes: 1319 (70.5%)
Current task success rate: 0.0
Current total success rate: 0.7049706039551042

Task: put the wine bottle on the rack view 0 0 100 0 0 initstate 0 noise 30
Success: False
# episodes completed so far: 1872
# successes: 1319 (70.5%)
Current task success rate: 0.0
Current total success rate: 0.7045940170940171

Task: put the wine bottle on the rack view 0 0 100 0 0 initstate 0 noise 32
Success: True
# episodes completed so far: 1873
# successes: 1320 (70.5%)
Current task success rate: 1.0
Current total success rate: 0.7047517351841964

Task: put the wine bottle on the rack view 0 0 100 0 0 initstate 0 noise 33
Success: True
# episodes completed so far: 1874
# successes: 1321 (70.5%)
Current task success rate: 1.0
Current total success rate: 0.7049092849519744

Task: put the wine bottle on the rack view 0 0 100 0 0 initstate 0 noise 34
Success: True
# episodes completed so far: 1875
# successes: 1322 (70.5%)
Current task success rate: 1.0
Current total success rate: 0.7050666666666666

Task: put the wine bottle on the rack view 0 0 100 0 0 initstate 0 noise 35
Success: True
# episodes completed so far: 1876
# successes: 1323 (70.5%)
Current task success rate: 1.0
Current total success rate: 0.7052238805970149

Task: put the wine bottle on the rack view 0 0 100 0 0 initstate 0 noise 36
Success: True
# episodes completed so far: 1877
# successes: 1324 (70.5%)
Current task success rate: 1.0
Current total success rate: 0.705380927011188

Task: put the wine bottle on the rack view 0 0 100 0 0 initstate 0 noise 37
Success: False
# episodes completed so far: 1878
# successes: 1324 (70.5%)
Current task success rate: 0.0
Current total success rate: 0.7050053248136315

Task: put the wine bottle on the rack view 0 0 100 0 0 initstate 0 noise 41
Success: True
# episodes completed so far: 1879
# successes: 1325 (70.5%)
Current task success rate: 1.0
Current total success rate: 0.7051623203831825

Task: put the wine bottle on the rack view 0 0 100 0 0 initstate 0 noise 43
Success: False
# episodes completed so far: 1880
# successes: 1325 (70.5%)
Current task success rate: 0.0
Current total success rate: 0.7047872340425532

Task: put the wine bottle on the rack view 0 0 100 0 0 initstate 0 noise 44
Success: False
# episodes completed so far: 1881
# successes: 1325 (70.4%)
Current task success rate: 0.0
Current total success rate: 0.7044125465178097

Task: put the wine bottle on the rack view 0 0 100 0 0 initstate 0 noise 45
Success: False
# episodes completed so far: 1882
# successes: 1325 (70.4%)
Current task success rate: 0.0
Current total success rate: 0.70403825717322

Task: put the wine bottle on the rack view 0 0 100 0 0 initstate 0 noise 46
Success: False
# episodes completed so far: 1883
# successes: 1325 (70.4%)
Current task success rate: 0.0
Current total success rate: 0.7036643653744026

Task: put the wine bottle on the rack view 0 0 100 0 0 initstate 0 noise 47
Success: False
# episodes completed so far: 1884
# successes: 1325 (70.3%)
Current task success rate: 0.0
Current total success rate: 0.7032908704883227

Task: put the wine bottle on the rack view 0 0 100 0 0 initstate 0 noise 48
Success: False
# episodes completed so far: 1885
# successes: 1325 (70.3%)
Current task success rate: 0.0
Current total success rate: 0.7029177718832891

Task: put the wine bottle on the rack view 0 0 100 0 0 initstate 0 noise 49
Success: False
# episodes completed so far: 1886
# successes: 1325 (70.3%)
Current task success rate: 0.0
Current total success rate: 0.7025450689289502

Task: put the wine bottle on the rack view 0 0 100 0 0 initstate 0 noise 50
Success: False
# episodes completed so far: 1887
# successes: 1325 (70.2%)
Current task success rate: 0.0
Current total success rate: 0.7021727609962904

Task: open the middle drawer of the cabinet add 10
Success: False
# episodes completed so far: 1888
# successes: 1325 (70.2%)
Current task success rate: 0.0
Current total success rate: 0.7018008474576272

Task: open the middle drawer of the cabinet add 11
Success: False
# episodes completed so far: 1889
# successes: 1325 (70.1%)
Current task success rate: 0.0
Current total success rate: 0.7014293276866067

Task: open the middle drawer of the cabinet add 12
Success: False
# episodes completed so far: 1890
# successes: 1325 (70.1%)
Current task success rate: 0.0
Current total success rate: 0.701058201058201

Task: open the middle drawer of the cabinet add 13
Success: True
# episodes completed so far: 1891
# successes: 1326 (70.1%)
Current task success rate: 1.0
Current total success rate: 0.701216287678477

Task: open the middle drawer of the cabinet add 14
Success: False
# episodes completed so far: 1892
# successes: 1326 (70.1%)
Current task success rate: 0.0
Current total success rate: 0.7008456659619451

Task: open the middle drawer of the cabinet add 15
Success: False
# episodes completed so far: 1893
# successes: 1326 (70.0%)
Current task success rate: 0.0
Current total success rate: 0.7004754358161648

Task: open the middle drawer of the cabinet add 16
Success: False
# episodes completed so far: 1894
# successes: 1326 (70.0%)
Current task success rate: 0.0
Current total success rate: 0.7001055966209081

Task: open the middle drawer of the cabinet add 18
Success: False
# episodes completed so far: 1895
# successes: 1326 (70.0%)
Current task success rate: 0.0
Current total success rate: 0.6997361477572559

Task: open the middle drawer of the cabinet add 19
Success: False
# episodes completed so far: 1896
# successes: 1326 (69.9%)
Current task success rate: 0.0
Current total success rate: 0.6993670886075949

Task: open the middle drawer of the cabinet add 2
Success: False
# episodes completed so far: 1897
# successes: 1326 (69.9%)
Current task success rate: 0.0
Current total success rate: 0.6989984185556142

Task: open the middle drawer of the cabinet add 20
Success: True
# episodes completed so far: 1898
# successes: 1327 (69.9%)
Current task success rate: 1.0
Current total success rate: 0.6991570073761855

Task: open the middle drawer of the cabinet add 21
Success: False
# episodes completed so far: 1899
# successes: 1327 (69.9%)
Current task success rate: 0.0
Current total success rate: 0.6987888362295945

Task: open the middle drawer of the cabinet add 22
Success: False
# episodes completed so far: 1900
# successes: 1327 (69.8%)
Current task success rate: 0.0
Current total success rate: 0.6984210526315789

Task: open the middle drawer of the cabinet add 23
Success: False
# episodes completed so far: 1901
# successes: 1327 (69.8%)
Current task success rate: 0.0
Current total success rate: 0.6980536559705418

Task: open the middle drawer of the cabinet add 24
Success: False
# episodes completed so far: 1902
# successes: 1327 (69.8%)
Current task success rate: 0.0
Current total success rate: 0.6976866456361724

Task: open the middle drawer of the cabinet add 25
Success: False
# episodes completed so far: 1903
# successes: 1327 (69.7%)
Current task success rate: 0.0
Current total success rate: 0.697320021019443

Task: open the middle drawer of the cabinet add 26
Success: True
# episodes completed so far: 1904
# successes: 1328 (69.7%)
Current task success rate: 1.0
Current total success rate: 0.6974789915966386

Task: open the middle drawer of the cabinet add 27
Success: False
# episodes completed so far: 1905
# successes: 1328 (69.7%)
Current task success rate: 0.0
Current total success rate: 0.6971128608923884

Task: open the middle drawer of the cabinet add 28
Success: False
# episodes completed so far: 1906
# successes: 1328 (69.7%)
Current task success rate: 0.0
Current total success rate: 0.6967471143756558

Task: open the middle drawer of the cabinet add 29
Success: False
# episodes completed so far: 1907
# successes: 1328 (69.6%)
Current task success rate: 0.0
Current total success rate: 0.6963817514420556

Task: open the middle drawer of the cabinet add 30
Success: False
# episodes completed so far: 1908
# successes: 1328 (69.6%)
Current task success rate: 0.0
Current total success rate: 0.6960167714884696

Task: open the middle drawer of the cabinet add 5
Success: False
# episodes completed so far: 1909
# successes: 1328 (69.6%)
Current task success rate: 0.0
Current total success rate: 0.6956521739130435

Task: open the middle drawer of the cabinet add 7
Success: False
# episodes completed so far: 1910
# successes: 1328 (69.5%)
Current task success rate: 0.0
Current total success rate: 0.6952879581151833

Task: open the middle drawer of the cabinet add 8
Success: False
# episodes completed so far: 1911
# successes: 1328 (69.5%)
Current task success rate: 0.0
Current total success rate: 0.6949241234955521

Task: open the middle drawer of the cabinet add 9
Success: False
# episodes completed so far: 1912
# successes: 1328 (69.5%)
Current task success rate: 0.0
Current total success rate: 0.694560669456067

Task: open the middle drawer of the cabinet moved level1 sample1
Success: True
# episodes completed so far: 1913
# successes: 1329 (69.5%)
Current task success rate: 1.0
Current total success rate: 0.694720334553058

Task: open the middle drawer of the cabinet moved level1 sample2
Success: True
# episodes completed so far: 1914
# successes: 1330 (69.5%)
Current task success rate: 1.0
Current total success rate: 0.6948798328108673

Task: open the middle drawer of the cabinet moved level1 sample3
Success: False
# episodes completed so far: 1915
# successes: 1330 (69.5%)
Current task success rate: 0.0
Current total success rate: 0.6945169712793734

Task: open the middle drawer of the cabinet moved level1 sample4
Success: True
# episodes completed so far: 1916
# successes: 1331 (69.5%)
Current task success rate: 1.0
Current total success rate: 0.6946764091858038

Task: open the middle drawer of the cabinet moved level2 sample1
Success: False
# episodes completed so far: 1917
# successes: 1331 (69.4%)
Current task success rate: 0.0
Current total success rate: 0.6943140323422013

Task: open the middle drawer of the cabinet moved level2 sample2
Success: True
# episodes completed so far: 1918
# successes: 1332 (69.4%)
Current task success rate: 1.0
Current total success rate: 0.694473409801877

Task: open the middle drawer of the cabinet moved level2 sample4
Success: True
# episodes completed so far: 1919
# successes: 1333 (69.5%)
Current task success rate: 1.0
Current total success rate: 0.6946326211568525

Task: open the middle drawer of the cabinet moved level3 sample1
Success: True
# episodes completed so far: 1920
# successes: 1334 (69.5%)
Current task success rate: 1.0
Current total success rate: 0.6947916666666667

Task: open the middle drawer of the cabinet moved level3 sample2
Success: False
# episodes completed so far: 1921
# successes: 1334 (69.4%)
Current task success rate: 0.0
Current total success rate: 0.6944299843831337

Task: open the middle drawer of the cabinet moved level3 sample3
Success: True
# episodes completed so far: 1922
# successes: 1335 (69.5%)
Current task success rate: 1.0
Current total success rate: 0.6945889698231009

Task: open the middle drawer of the cabinet moved level3 sample4
Success: False
# episodes completed so far: 1923
# successes: 1335 (69.4%)
Current task success rate: 0.0
Current total success rate: 0.6942277691107644

Task: open the middle drawer of the cabinet moved level4 sample1
Success: True
# episodes completed so far: 1924
# successes: 1336 (69.4%)
Current task success rate: 1.0
Current total success rate: 0.6943866943866944

Task: open the middle drawer of the cabinet moved level4 sample2
Success: False
# episodes completed so far: 1925
# successes: 1336 (69.4%)
Current task success rate: 0.0
Current total success rate: 0.694025974025974

Task: open the middle drawer of the cabinet moved level4 sample3
Success: False
# episodes completed so far: 1926
# successes: 1336 (69.4%)
Current task success rate: 0.0
Current total success rate: 0.6936656282450675

Task: open the middle drawer of the cabinet moved level4 sample4
Success: True
# episodes completed so far: 1927
# successes: 1337 (69.4%)
Current task success rate: 1.0
Current total success rate: 0.6938245978204463

Task: open the middle drawer of the cabinet moved level5 sample1
Success: False
# episodes completed so far: 1928
# successes: 1337 (69.3%)
Current task success rate: 0.0
Current total success rate: 0.6934647302904564

Task: open the middle drawer of the cabinet moved level5 sample2
Success: False
# episodes completed so far: 1929
# successes: 1337 (69.3%)
Current task success rate: 0.0
Current total success rate: 0.6931052358735096

Task: open the middle drawer of the cabinet moved level5 sample3
Success: False
# episodes completed so far: 1930
# successes: 1337 (69.3%)
Current task success rate: 0.0
Current total success rate: 0.6927461139896373

Task: open the middle drawer of the cabinet moved level5 sample4
Success: False
# episodes completed so far: 1931
# successes: 1337 (69.2%)
Current task success rate: 0.0
Current total success rate: 0.6923873640600725

Task: open the top drawer and put the bowl inside add 10
Success: True
# episodes completed so far: 1932
# successes: 1338 (69.3%)
Current task success rate: 1.0
Current total success rate: 0.6925465838509317

Task: open the top drawer and put the bowl inside add 11
Success: True
# episodes completed so far: 1933
# successes: 1339 (69.3%)
Current task success rate: 1.0
Current total success rate: 0.6927056389032592

Task: open the top drawer and put the bowl inside add 13
Success: True
# episodes completed so far: 1934
# successes: 1340 (69.3%)
Current task success rate: 1.0
Current total success rate: 0.6928645294725957

Task: open the top drawer and put the bowl inside add 14
Success: True
# episodes completed so far: 1935
# successes: 1341 (69.3%)
Current task success rate: 1.0
Current total success rate: 0.6930232558139535

Task: open the top drawer and put the bowl inside add 15
Success: True
# episodes completed so far: 1936
# successes: 1342 (69.3%)
Current task success rate: 1.0
Current total success rate: 0.6931818181818182

Task: open the top drawer and put the bowl inside add 16
Success: True
# episodes completed so far: 1937
# successes: 1343 (69.3%)
Current task success rate: 1.0
Current total success rate: 0.6933402168301497

Task: open the top drawer and put the bowl inside add 17
Success: True
# episodes completed so far: 1938
# successes: 1344 (69.3%)
Current task success rate: 1.0
Current total success rate: 0.6934984520123839

Task: open the top drawer and put the bowl inside add 18
Success: True
# episodes completed so far: 1939
# successes: 1345 (69.4%)
Current task success rate: 1.0
Current total success rate: 0.6936565239814337

Task: open the top drawer and put the bowl inside add 19
Success: True
# episodes completed so far: 1940
# successes: 1346 (69.4%)
Current task success rate: 1.0
Current total success rate: 0.6938144329896907

Task: open the top drawer and put the bowl inside add 2
Success: True
# episodes completed so far: 1941
# successes: 1347 (69.4%)
Current task success rate: 1.0
Current total success rate: 0.6939721792890263

Task: open the top drawer and put the bowl inside add 20
Success: True
# episodes completed so far: 1942
# successes: 1348 (69.4%)
Current task success rate: 1.0
Current total success rate: 0.694129763130793

Task: open the top drawer and put the bowl inside add 22
Success: True
# episodes completed so far: 1943
# successes: 1349 (69.4%)
Current task success rate: 1.0
Current total success rate: 0.6942871847658261

Task: open the top drawer and put the bowl inside add 23
Success: True
# episodes completed so far: 1944
# successes: 1350 (69.4%)
Current task success rate: 1.0
Current total success rate: 0.6944444444444444

Task: open the top drawer and put the bowl inside add 24
Success: False
# episodes completed so far: 1945
# successes: 1350 (69.4%)
Current task success rate: 0.0
Current total success rate: 0.6940874035989717

Task: open the top drawer and put the bowl inside add 25
Success: True
# episodes completed so far: 1946
# successes: 1351 (69.4%)
Current task success rate: 1.0
Current total success rate: 0.6942446043165468

Task: open the top drawer and put the bowl inside add 26
Success: True
# episodes completed so far: 1947
# successes: 1352 (69.4%)
Current task success rate: 1.0
Current total success rate: 0.6944016435541859

Task: open the top drawer and put the bowl inside add 27
Success: False
# episodes completed so far: 1948
# successes: 1352 (69.4%)
Current task success rate: 0.0
Current total success rate: 0.6940451745379876

Task: open the top drawer and put the bowl inside add 28
Success: True
# episodes completed so far: 1949
# successes: 1353 (69.4%)
Current task success rate: 1.0
Current total success rate: 0.694202154951257

Task: open the top drawer and put the bowl inside add 29
Success: True
# episodes completed so far: 1950
# successes: 1354 (69.4%)
Current task success rate: 1.0
Current total success rate: 0.6943589743589743

Task: open the top drawer and put the bowl inside add 3
Success: True
# episodes completed so far: 1951
# successes: 1355 (69.5%)
Current task success rate: 1.0
Current total success rate: 0.6945156330087134

Task: open the top drawer and put the bowl inside add 30
Success: True
# episodes completed so far: 1952
# successes: 1356 (69.5%)
Current task success rate: 1.0
Current total success rate: 0.694672131147541

Task: open the top drawer and put the bowl inside add 4
Success: True
# episodes completed so far: 1953
# successes: 1357 (69.5%)
Current task success rate: 1.0
Current total success rate: 0.6948284690220174

Task: open the top drawer and put the bowl inside add 5
Success: True
# episodes completed so far: 1954
# successes: 1358 (69.5%)
Current task success rate: 1.0
Current total success rate: 0.6949846468781986

Task: open the top drawer and put the bowl inside add 6
Success: True
# episodes completed so far: 1955
# successes: 1359 (69.5%)
Current task success rate: 1.0
Current total success rate: 0.6951406649616368

Task: open the top drawer and put the bowl inside add 7
Success: True
# episodes completed so far: 1956
# successes: 1360 (69.5%)
Current task success rate: 1.0
Current total success rate: 0.6952965235173824

Task: open the top drawer and put the bowl inside add 8
Success: True
# episodes completed so far: 1957
# successes: 1361 (69.5%)
Current task success rate: 1.0
Current total success rate: 0.6954522227899846

Task: open the top drawer and put the bowl inside add 9
Success: True
# episodes completed so far: 1958
# successes: 1362 (69.6%)
Current task success rate: 1.0
Current total success rate: 0.6956077630234934

Task: open the top drawer and put the bowl inside moved level1 sample1
Success: False
# episodes completed so far: 1959
# successes: 1362 (69.5%)
Current task success rate: 0.0
Current total success rate: 0.6952526799387443

Task: open the top drawer and put the bowl inside moved level1 sample2
Success: False
# episodes completed so far: 1960
# successes: 1362 (69.5%)
Current task success rate: 0.0
Current total success rate: 0.6948979591836735

Task: open the top drawer and put the bowl inside moved level1 sample4
Success: False
# episodes completed so far: 1961
# successes: 1362 (69.5%)
Current task success rate: 0.0
Current total success rate: 0.6945436002039775

Task: open the top drawer and put the bowl inside moved level2 sample1
Success: False
# episodes completed so far: 1962
# successes: 1362 (69.4%)
Current task success rate: 0.0
Current total success rate: 0.6941896024464832

Task: open the top drawer and put the bowl inside moved level2 sample3
Success: False
# episodes completed so far: 1963
# successes: 1362 (69.4%)
Current task success rate: 0.0
Current total success rate: 0.6938359653591442

Task: open the top drawer and put the bowl inside moved level2 sample4
Success: False
# episodes completed so far: 1964
# successes: 1362 (69.3%)
Current task success rate: 0.0
Current total success rate: 0.6934826883910387

Task: open the top drawer and put the bowl inside moved level3 sample1
Success: False
# episodes completed so far: 1965
# successes: 1362 (69.3%)
Current task success rate: 0.0
Current total success rate: 0.6931297709923664

Task: open the top drawer and put the bowl inside moved level3 sample2
Success: False
# episodes completed so far: 1966
# successes: 1362 (69.3%)
Current task success rate: 0.0
Current total success rate: 0.6927772126144456

Task: open the top drawer and put the bowl inside moved level3 sample3
Success: False
# episodes completed so far: 1967
# successes: 1362 (69.2%)
Current task success rate: 0.0
Current total success rate: 0.6924250127097102

Task: open the top drawer and put the bowl inside moved level3 sample4
Success: False
# episodes completed so far: 1968
# successes: 1362 (69.2%)
Current task success rate: 0.0
Current total success rate: 0.6920731707317073

Task: open the top drawer and put the bowl inside moved level4 sample1
Success: True
# episodes completed so far: 1969
# successes: 1363 (69.2%)
Current task success rate: 1.0
Current total success rate: 0.6922295581513459

Task: open the top drawer and put the bowl inside moved level4 sample2
Success: False
# episodes completed so far: 1970
# successes: 1363 (69.2%)
Current task success rate: 0.0
Current total success rate: 0.6918781725888324

Task: open the top drawer and put the bowl inside moved level4 sample3
Success: False
# episodes completed so far: 1971
# successes: 1363 (69.2%)
Current task success rate: 0.0
Current total success rate: 0.6915271435819381

Task: open the top drawer and put the bowl inside moved level4 sample4
Success: False
# episodes completed so far: 1972
# successes: 1363 (69.1%)
Current task success rate: 0.0
Current total success rate: 0.6911764705882353

Task: open the top drawer and put the bowl inside moved level5 sample1
Success: False
# episodes completed so far: 1973
# successes: 1363 (69.1%)
Current task success rate: 0.0
Current total success rate: 0.6908261530663964

Task: open the top drawer and put the bowl inside moved level5 sample2
Success: False
# episodes completed so far: 1974
# successes: 1363 (69.0%)
Current task success rate: 0.0
Current total success rate: 0.6904761904761905

Task: open the top drawer and put the bowl inside moved level5 sample3
Success: False
# episodes completed so far: 1975
# successes: 1363 (69.0%)
Current task success rate: 0.0
Current total success rate: 0.690126582278481

Task: open the top drawer and put the bowl inside moved level5 sample4
Success: False
# episodes completed so far: 1976
# successes: 1363 (69.0%)
Current task success rate: 0.0
Current total success rate: 0.6897773279352226

Task: push the plate to the front of the stove add 1
Success: False
# episodes completed so far: 1977
# successes: 1363 (68.9%)
Current task success rate: 0.0
Current total success rate: 0.6894284269094588

Task: push the plate to the front of the stove add 10
Success: True
# episodes completed so far: 1978
# successes: 1364 (69.0%)
Current task success rate: 1.0
Current total success rate: 0.6895854398382204

Task: push the plate to the front of the stove add 11
Success: True
# episodes completed so far: 1979
# successes: 1365 (69.0%)
Current task success rate: 1.0
Current total success rate: 0.6897422940879232

Task: push the plate to the front of the stove add 12
Success: False
# episodes completed so far: 1980
# successes: 1365 (68.9%)
Current task success rate: 0.0
Current total success rate: 0.6893939393939394

Task: push the plate to the front of the stove add 14
Success: True
# episodes completed so far: 1981
# successes: 1366 (69.0%)
Current task success rate: 1.0
Current total success rate: 0.6895507319535588

Task: push the plate to the front of the stove add 15
Success: True
# episodes completed so far: 1982
# successes: 1367 (69.0%)
Current task success rate: 1.0
Current total success rate: 0.6897073662966701

Task: push the plate to the front of the stove add 16
Success: False
# episodes completed so far: 1983
# successes: 1367 (68.9%)
Current task success rate: 0.0
Current total success rate: 0.6893595562279374

Task: push the plate to the front of the stove add 17
Success: False
# episodes completed so far: 1984
# successes: 1367 (68.9%)
Current task success rate: 0.0
Current total success rate: 0.6890120967741935

Task: push the plate to the front of the stove add 18
Success: True
# episodes completed so far: 1985
# successes: 1368 (68.9%)
Current task success rate: 1.0
Current total success rate: 0.6891687657430731

Task: push the plate to the front of the stove add 19
Success: True
# episodes completed so far: 1986
# successes: 1369 (68.9%)
Current task success rate: 1.0
Current total success rate: 0.68932527693857

Task: push the plate to the front of the stove add 2
Success: True
# episodes completed so far: 1987
# successes: 1370 (68.9%)
Current task success rate: 1.0
Current total success rate: 0.6894816305988928

Task: push the plate to the front of the stove add 21
Success: True
# episodes completed so far: 1988
# successes: 1371 (69.0%)
Current task success rate: 1.0
Current total success rate: 0.6896378269617707

Task: push the plate to the front of the stove add 22
Success: False
# episodes completed so far: 1989
# successes: 1371 (68.9%)
Current task success rate: 0.0
Current total success rate: 0.6892911010558069

Task: push the plate to the front of the stove add 23
Success: False
# episodes completed so far: 1990
# successes: 1371 (68.9%)
Current task success rate: 0.0
Current total success rate: 0.6889447236180904

Task: push the plate to the front of the stove add 24
Success: True
# episodes completed so far: 1991
# successes: 1372 (68.9%)
Current task success rate: 1.0
Current total success rate: 0.6891009542943245

Task: push the plate to the front of the stove add 25
Success: True
# episodes completed so far: 1992
# successes: 1373 (68.9%)
Current task success rate: 1.0
Current total success rate: 0.6892570281124498

Task: push the plate to the front of the stove add 26
Success: True
# episodes completed so far: 1993
# successes: 1374 (68.9%)
Current task success rate: 1.0
Current total success rate: 0.68941294530858

Task: push the plate to the front of the stove add 27
Success: False
# episodes completed so far: 1994
# successes: 1374 (68.9%)
Current task success rate: 0.0
Current total success rate: 0.6890672016048145

Task: push the plate to the front of the stove add 28
Success: False
# episodes completed so far: 1995
# successes: 1374 (68.9%)
Current task success rate: 0.0
Current total success rate: 0.6887218045112782

Task: push the plate to the front of the stove add 29
Success: False
# episodes completed so far: 1996
# successes: 1374 (68.8%)
Current task success rate: 0.0
Current total success rate: 0.688376753507014

Task: push the plate to the front of the stove add 3
Success: True
# episodes completed so far: 1997
# successes: 1375 (68.9%)
Current task success rate: 1.0
Current total success rate: 0.6885327991987982

Task: push the plate to the front of the stove add 30
Success: True
# episodes completed so far: 1998
# successes: 1376 (68.9%)
Current task success rate: 1.0
Current total success rate: 0.6886886886886887

Task: push the plate to the front of the stove add 5
Success: True
# episodes completed so far: 1999
# successes: 1377 (68.9%)
Current task success rate: 1.0
Current total success rate: 0.6888444222111055

Task: push the plate to the front of the stove add 6
Success: True
# episodes completed so far: 2000
# successes: 1378 (68.9%)
Current task success rate: 1.0
Current total success rate: 0.689

Task: push the plate to the front of the stove add 7
Success: True
# episodes completed so far: 2001
# successes: 1379 (68.9%)
Current task success rate: 1.0
Current total success rate: 0.6891554222888556

Task: push the plate to the front of the stove add 8
Success: True
# episodes completed so far: 2002
# successes: 1380 (68.9%)
Current task success rate: 1.0
Current total success rate: 0.6893106893106893

Task: push the plate to the front of the stove add 9
Success: True
# episodes completed so far: 2003
# successes: 1381 (68.9%)
Current task success rate: 1.0
Current total success rate: 0.6894658012980529

Task: push the plate to the front of the stove moved level1 sample2
Success: True
# episodes completed so far: 2004
# successes: 1382 (69.0%)
Current task success rate: 1.0
Current total success rate: 0.689620758483034

Task: push the plate to the front of the stove moved level1 sample3
Success: True
# episodes completed so far: 2005
# successes: 1383 (69.0%)
Current task success rate: 1.0
Current total success rate: 0.6897755610972569

Task: push the plate to the front of the stove moved level1 sample4
Success: True
# episodes completed so far: 2006
# successes: 1384 (69.0%)
Current task success rate: 1.0
Current total success rate: 0.6899302093718843

Task: push the plate to the front of the stove moved level2 sample1
Success: True
# episodes completed so far: 2007
# successes: 1385 (69.0%)
Current task success rate: 1.0
Current total success rate: 0.6900847035376183

Task: push the plate to the front of the stove moved level2 sample2
Success: True
# episodes completed so far: 2008
# successes: 1386 (69.0%)
Current task success rate: 1.0
Current total success rate: 0.6902390438247012

Task: push the plate to the front of the stove moved level2 sample3
Success: False
# episodes completed so far: 2009
# successes: 1386 (69.0%)
Current task success rate: 0.0
Current total success rate: 0.6898954703832753

Task: push the plate to the front of the stove moved level2 sample4
Success: True
# episodes completed so far: 2010
# successes: 1387 (69.0%)
Current task success rate: 1.0
Current total success rate: 0.6900497512437811

Task: push the plate to the front of the stove moved level3 sample1
Success: False
# episodes completed so far: 2011
# successes: 1387 (69.0%)
Current task success rate: 0.0
Current total success rate: 0.6897066136250621

Task: push the plate to the front of the stove moved level3 sample2
Success: False
# episodes completed so far: 2012
# successes: 1387 (68.9%)
Current task success rate: 0.0
Current total success rate: 0.6893638170974155

Task: push the plate to the front of the stove moved level3 sample3
Success: False
# episodes completed so far: 2013
# successes: 1387 (68.9%)
Current task success rate: 0.0
Current total success rate: 0.6890213611525087

Task: push the plate to the front of the stove moved level3 sample4
Success: False
# episodes completed so far: 2014
# successes: 1387 (68.9%)
Current task success rate: 0.0
Current total success rate: 0.6886792452830188

Task: push the plate to the front of the stove moved level4 sample1
Success: False
# episodes completed so far: 2015
# successes: 1387 (68.8%)
Current task success rate: 0.0
Current total success rate: 0.6883374689826303

Task: push the plate to the front of the stove moved level4 sample2
Success: False
# episodes completed so far: 2016
# successes: 1387 (68.8%)
Current task success rate: 0.0
Current total success rate: 0.6879960317460317

Task: push the plate to the front of the stove moved level4 sample3
Success: False
# episodes completed so far: 2017
# successes: 1387 (68.8%)
Current task success rate: 0.0
Current total success rate: 0.6876549330689142

Task: push the plate to the front of the stove moved level4 sample4
Success: True
# episodes completed so far: 2018
# successes: 1388 (68.8%)
Current task success rate: 1.0
Current total success rate: 0.6878097125867195

Task: push the plate to the front of the stove moved level5 sample1
Success: False
# episodes completed so far: 2019
# successes: 1388 (68.7%)
Current task success rate: 0.0
Current total success rate: 0.6874690440812283

Task: push the plate to the front of the stove moved level5 sample2
Success: True
# episodes completed so far: 2020
# successes: 1389 (68.8%)
Current task success rate: 1.0
Current total success rate: 0.6876237623762376

Task: push the plate to the front of the stove moved level5 sample3
Success: False
# episodes completed so far: 2021
# successes: 1389 (68.7%)
Current task success rate: 0.0
Current total success rate: 0.6872835230084117

Task: push the plate to the front of the stove moved level5 sample4
Success: False
# episodes completed so far: 2022
# successes: 1389 (68.7%)
Current task success rate: 0.0
Current total success rate: 0.6869436201780416

Task: put the bowl on the plate add 1
Success: True
# episodes completed so far: 2023
# successes: 1390 (68.7%)
Current task success rate: 1.0
Current total success rate: 0.6870983687592684

Task: put the bowl on the plate add 10
Success: True
# episodes completed so far: 2024
# successes: 1391 (68.7%)
Current task success rate: 1.0
Current total success rate: 0.6872529644268774

Task: put the bowl on the plate add 12
Success: True
# episodes completed so far: 2025
# successes: 1392 (68.7%)
Current task success rate: 1.0
Current total success rate: 0.6874074074074074

Task: put the bowl on the plate add 13
Success: True
# episodes completed so far: 2026
# successes: 1393 (68.8%)
Current task success rate: 1.0
Current total success rate: 0.6875616979269497

Task: put the bowl on the plate add 14
Success: True
# episodes completed so far: 2027
# successes: 1394 (68.8%)
Current task success rate: 1.0
Current total success rate: 0.6877158362111495

Task: put the bowl on the plate add 15
Success: True
# episodes completed so far: 2028
# successes: 1395 (68.8%)
Current task success rate: 1.0
Current total success rate: 0.6878698224852071

Task: put the bowl on the plate add 16
Success: True
# episodes completed so far: 2029
# successes: 1396 (68.8%)
Current task success rate: 1.0
Current total success rate: 0.6880236569738788

Task: put the bowl on the plate add 17
Success: True
# episodes completed so far: 2030
# successes: 1397 (68.8%)
Current task success rate: 1.0
Current total success rate: 0.6881773399014778

Task: put the bowl on the plate add 18
Success: True
# episodes completed so far: 2031
# successes: 1398 (68.8%)
Current task success rate: 1.0
Current total success rate: 0.6883308714918759

Task: put the bowl on the plate add 19
Success: True
# episodes completed so far: 2032
# successes: 1399 (68.8%)
Current task success rate: 1.0
Current total success rate: 0.6884842519685039

Task: put the bowl on the plate add 20
Success: True
# episodes completed so far: 2033
# successes: 1400 (68.9%)
Current task success rate: 1.0
Current total success rate: 0.6886374815543532

Task: put the bowl on the plate add 21
Success: True
# episodes completed so far: 2034
# successes: 1401 (68.9%)
Current task success rate: 1.0
Current total success rate: 0.6887905604719764

Task: put the bowl on the plate add 22
Success: True
# episodes completed so far: 2035
# successes: 1402 (68.9%)
Current task success rate: 1.0
Current total success rate: 0.6889434889434889

Task: put the bowl on the plate add 23
Success: True
# episodes completed so far: 2036
# successes: 1403 (68.9%)
Current task success rate: 1.0
Current total success rate: 0.6890962671905697

Task: put the bowl on the plate add 24
Success: True
# episodes completed so far: 2037
# successes: 1404 (68.9%)
Current task success rate: 1.0
Current total success rate: 0.6892488954344624

Task: put the bowl on the plate add 25
Success: True
# episodes completed so far: 2038
# successes: 1405 (68.9%)
Current task success rate: 1.0
Current total success rate: 0.6894013738959764

Task: put the bowl on the plate add 26
Success: True
# episodes completed so far: 2039
# successes: 1406 (69.0%)
Current task success rate: 1.0
Current total success rate: 0.689553702795488

Task: put the bowl on the plate add 27
Success: True
# episodes completed so far: 2040
# successes: 1407 (69.0%)
Current task success rate: 1.0
Current total success rate: 0.6897058823529412

Task: put the bowl on the plate add 28
Success: True
# episodes completed so far: 2041
# successes: 1408 (69.0%)
Current task success rate: 1.0
Current total success rate: 0.6898579127878491

Task: put the bowl on the plate add 29
Success: True
# episodes completed so far: 2042
# successes: 1409 (69.0%)
Current task success rate: 1.0
Current total success rate: 0.6900097943192948

Task: put the bowl on the plate add 3
Success: True
# episodes completed so far: 2043
# successes: 1410 (69.0%)
Current task success rate: 1.0
Current total success rate: 0.6901615271659325

Task: put the bowl on the plate add 30
Success: True
# episodes completed so far: 2044
# successes: 1411 (69.0%)
Current task success rate: 1.0
Current total success rate: 0.6903131115459883

Task: put the bowl on the plate add 4
Success: True
# episodes completed so far: 2045
# successes: 1412 (69.0%)
Current task success rate: 1.0
Current total success rate: 0.6904645476772616

Task: put the bowl on the plate add 5
Success: True
# episodes completed so far: 2046
# successes: 1413 (69.1%)
Current task success rate: 1.0
Current total success rate: 0.6906158357771262

Task: put the bowl on the plate add 9
Success: True
# episodes completed so far: 2047
# successes: 1414 (69.1%)
Current task success rate: 1.0
Current total success rate: 0.6907669760625306

Task: put the bowl on the plate moved level1 sample1
Success: False
# episodes completed so far: 2048
# successes: 1414 (69.0%)
Current task success rate: 0.0
Current total success rate: 0.6904296875

Task: put the bowl on the plate moved level1 sample2
Success: False
# episodes completed so far: 2049
# successes: 1414 (69.0%)
Current task success rate: 0.0
Current total success rate: 0.690092728160078

Task: put the bowl on the plate moved level1 sample3
Success: False
# episodes completed so far: 2050
# successes: 1414 (69.0%)
Current task success rate: 0.0
Current total success rate: 0.6897560975609756

Task: put the bowl on the plate moved level1 sample4
Success: False
# episodes completed so far: 2051
# successes: 1414 (68.9%)
Current task success rate: 0.0
Current total success rate: 0.689419795221843

Task: put the bowl on the plate moved level2 sample1
Success: False
# episodes completed so far: 2052
# successes: 1414 (68.9%)
Current task success rate: 0.0
Current total success rate: 0.6890838206627681

Task: put the bowl on the plate moved level2 sample2
Success: False
# episodes completed so far: 2053
# successes: 1414 (68.9%)
Current task success rate: 0.0
Current total success rate: 0.6887481734047735

Task: put the bowl on the plate moved level2 sample3
Success: False
# episodes completed so far: 2054
# successes: 1414 (68.8%)
Current task success rate: 0.0
Current total success rate: 0.688412852969815

Task: put the bowl on the plate moved level2 sample4
Success: False
# episodes completed so far: 2055
# successes: 1414 (68.8%)
Current task success rate: 0.0
Current total success rate: 0.6880778588807785

Task: put the bowl on the plate moved level3 sample1
Success: False
# episodes completed so far: 2056
# successes: 1414 (68.8%)
Current task success rate: 0.0
Current total success rate: 0.6877431906614786

Task: put the bowl on the plate moved level3 sample3
Success: False
# episodes completed so far: 2057
# successes: 1414 (68.7%)
Current task success rate: 0.0
Current total success rate: 0.6874088478366553

Task: put the bowl on the plate moved level3 sample4
Success: False
# episodes completed so far: 2058
# successes: 1414 (68.7%)
Current task success rate: 0.0
Current total success rate: 0.6870748299319728

Task: put the bowl on the plate moved level4 sample1
Success: False
# episodes completed so far: 2059
# successes: 1414 (68.7%)
Current task success rate: 0.0
Current total success rate: 0.6867411364740165

Task: put the bowl on the plate moved level4 sample2
Success: False
# episodes completed so far: 2060
# successes: 1414 (68.6%)
Current task success rate: 0.0
Current total success rate: 0.6864077669902913

Task: put the bowl on the plate moved level4 sample3
Success: False
# episodes completed so far: 2061
# successes: 1414 (68.6%)
Current task success rate: 0.0
Current total success rate: 0.6860747210092188

Task: put the bowl on the plate moved level4 sample4
Success: False
# episodes completed so far: 2062
# successes: 1414 (68.6%)
Current task success rate: 0.0
Current total success rate: 0.6857419980601358

Task: put the bowl on the plate moved level5 sample1
Success: False
# episodes completed so far: 2063
# successes: 1414 (68.5%)
Current task success rate: 0.0
Current total success rate: 0.6854095976732913

Task: put the bowl on the plate moved level5 sample2
Success: False
# episodes completed so far: 2064
# successes: 1414 (68.5%)
Current task success rate: 0.0
Current total success rate: 0.685077519379845

Task: put the bowl on the plate moved level5 sample3
Success: False
# episodes completed so far: 2065
# successes: 1414 (68.5%)
Current task success rate: 0.0
Current total success rate: 0.6847457627118644

Task: put the bowl on the plate moved level5 sample4
Success: False
# episodes completed so far: 2066
# successes: 1414 (68.4%)
Current task success rate: 0.0
Current total success rate: 0.6844143272023233

Task: put the bowl on the stove add 14
Success: True
# episodes completed so far: 2067
# successes: 1415 (68.5%)
Current task success rate: 1.0
Current total success rate: 0.6845670053217223

Task: put the bowl on the stove add 18
Success: True
# episodes completed so far: 2068
# successes: 1416 (68.5%)
Current task success rate: 1.0
Current total success rate: 0.6847195357833655

Task: put the bowl on the stove add 22
Success: True
# episodes completed so far: 2069
# successes: 1417 (68.5%)
Current task success rate: 1.0
Current total success rate: 0.6848719188013533

Task: put the bowl on the stove add 24
Success: True
# episodes completed so far: 2070
# successes: 1418 (68.5%)
Current task success rate: 1.0
Current total success rate: 0.6850241545893719

Task: put the bowl on the stove add 25
Success: True
# episodes completed so far: 2071
# successes: 1419 (68.5%)
Current task success rate: 1.0
Current total success rate: 0.6851762433606953

Task: put the bowl on the stove add 26
Success: True
# episodes completed so far: 2072
# successes: 1420 (68.5%)
Current task success rate: 1.0
Current total success rate: 0.6853281853281853

Task: put the bowl on the stove add 27
Success: True
# episodes completed so far: 2073
# successes: 1421 (68.5%)
Current task success rate: 1.0
Current total success rate: 0.6854799807042933

Task: put the bowl on the stove add 28
Success: True
# episodes completed so far: 2074
# successes: 1422 (68.6%)
Current task success rate: 1.0
Current total success rate: 0.6856316297010607

Task: put the bowl on the stove add 29
Success: True
# episodes completed so far: 2075
# successes: 1423 (68.6%)
Current task success rate: 1.0
Current total success rate: 0.6857831325301205

Task: put the bowl on the stove add 30
Success: True
# episodes completed so far: 2076
# successes: 1424 (68.6%)
Current task success rate: 1.0
Current total success rate: 0.6859344894026975

Task: put the bowl on the stove moved level1 sample3
Success: False
# episodes completed so far: 2077
# successes: 1424 (68.6%)
Current task success rate: 0.0
Current total success rate: 0.6856042368801155

Task: put the bowl on the stove moved level1 sample4
Success: False
# episodes completed so far: 2078
# successes: 1424 (68.5%)
Current task success rate: 0.0
Current total success rate: 0.685274302213667

Task: put the bowl on the stove moved level2 sample1
Success: False
# episodes completed so far: 2079
# successes: 1424 (68.5%)
Current task success rate: 0.0
Current total success rate: 0.684944684944685

Task: put the bowl on the stove moved level2 sample2
Success: False
# episodes completed so far: 2080
# successes: 1424 (68.5%)
Current task success rate: 0.0
Current total success rate: 0.6846153846153846

Task: put the bowl on the stove moved level2 sample3
Success: False
# episodes completed so far: 2081
# successes: 1424 (68.4%)
Current task success rate: 0.0
Current total success rate: 0.6842864007688612

Task: put the bowl on the stove moved level2 sample4
Success: False
# episodes completed so far: 2082
# successes: 1424 (68.4%)
Current task success rate: 0.0
Current total success rate: 0.6839577329490875

Task: put the bowl on the stove moved level3 sample1
Success: False
# episodes completed so far: 2083
# successes: 1424 (68.4%)
Current task success rate: 0.0
Current total success rate: 0.6836293807009122

Task: put the bowl on the stove moved level3 sample2
Success: False
# episodes completed so far: 2084
# successes: 1424 (68.3%)
Current task success rate: 0.0
Current total success rate: 0.6833013435700576

Task: put the bowl on the stove moved level3 sample3
Success: False
# episodes completed so far: 2085
# successes: 1424 (68.3%)
Current task success rate: 0.0
Current total success rate: 0.6829736211031175

Task: put the bowl on the stove moved level3 sample4
Success: False
# episodes completed so far: 2086
# successes: 1424 (68.3%)
Current task success rate: 0.0
Current total success rate: 0.6826462128475551

Task: put the bowl on the stove moved level4 sample1
Success: False
# episodes completed so far: 2087
# successes: 1424 (68.2%)
Current task success rate: 0.0
Current total success rate: 0.682319118351701

Task: put the bowl on the stove moved level4 sample2
Success: False
# episodes completed so far: 2088
# successes: 1424 (68.2%)
Current task success rate: 0.0
Current total success rate: 0.6819923371647509

Task: put the bowl on the stove moved level4 sample3
Success: False
# episodes completed so far: 2089
# successes: 1424 (68.2%)
Current task success rate: 0.0
Current total success rate: 0.681665868836764

Task: put the bowl on the stove moved level4 sample4
Success: False
# episodes completed so far: 2090
# successes: 1424 (68.1%)
Current task success rate: 0.0
Current total success rate: 0.6813397129186602

Task: put the bowl on the stove moved level5 sample1
Success: False
# episodes completed so far: 2091
# successes: 1424 (68.1%)
Current task success rate: 0.0
Current total success rate: 0.681013868962219

Task: put the bowl on the stove moved level5 sample2
Success: False
# episodes completed so far: 2092
# successes: 1424 (68.1%)
Current task success rate: 0.0
Current total success rate: 0.6806883365200764

Task: put the bowl on the stove moved level5 sample3
Success: False
# episodes completed so far: 2093
# successes: 1424 (68.0%)
Current task success rate: 0.0
Current total success rate: 0.6803631151457239

Task: put the bowl on the stove moved level5 sample4
Success: False
# episodes completed so far: 2094
# successes: 1424 (68.0%)
Current task success rate: 0.0
Current total success rate: 0.6800382043935053

Task: put the bowl on top of the cabinet add 10
Success: True
# episodes completed so far: 2095
# successes: 1425 (68.0%)
Current task success rate: 1.0
Current total success rate: 0.6801909307875895

Task: put the bowl on top of the cabinet add 15
Success: True
# episodes completed so far: 2096
# successes: 1426 (68.0%)
Current task success rate: 1.0
Current total success rate: 0.6803435114503816

Task: put the bowl on top of the cabinet add 16
Success: True
# episodes completed so far: 2097
# successes: 1427 (68.0%)
Current task success rate: 1.0
Current total success rate: 0.6804959465903672

Task: put the bowl on top of the cabinet add 17
Success: True
# episodes completed so far: 2098
# successes: 1428 (68.1%)
Current task success rate: 1.0
Current total success rate: 0.680648236415634

Task: put the bowl on top of the cabinet add 18
Success: True
# episodes completed so far: 2099
# successes: 1429 (68.1%)
Current task success rate: 1.0
Current total success rate: 0.6808003811338733

Task: put the bowl on top of the cabinet add 19
Success: True
# episodes completed so far: 2100
# successes: 1430 (68.1%)
Current task success rate: 1.0
Current total success rate: 0.680952380952381

Task: put the bowl on top of the cabinet add 20
Success: True
# episodes completed so far: 2101
# successes: 1431 (68.1%)
Current task success rate: 1.0
Current total success rate: 0.681104236078058

Task: put the bowl on top of the cabinet add 22
Success: True
# episodes completed so far: 2102
# successes: 1432 (68.1%)
Current task success rate: 1.0
Current total success rate: 0.681255946717412

Task: put the bowl on top of the cabinet add 23
Success: True
# episodes completed so far: 2103
# successes: 1433 (68.1%)
Current task success rate: 1.0
Current total success rate: 0.6814075130765573

Task: put the bowl on top of the cabinet add 24
Success: True
# episodes completed so far: 2104
# successes: 1434 (68.2%)
Current task success rate: 1.0
Current total success rate: 0.6815589353612167

Task: put the bowl on top of the cabinet add 25
Success: True
# episodes completed so far: 2105
# successes: 1435 (68.2%)
Current task success rate: 1.0
Current total success rate: 0.6817102137767221

Task: put the bowl on top of the cabinet add 26
Success: True
# episodes completed so far: 2106
# successes: 1436 (68.2%)
Current task success rate: 1.0
Current total success rate: 0.6818613485280152

Task: put the bowl on top of the cabinet add 27
Success: True
# episodes completed so far: 2107
# successes: 1437 (68.2%)
Current task success rate: 1.0
Current total success rate: 0.6820123398196488

Task: put the bowl on top of the cabinet add 28
Success: True
# episodes completed so far: 2108
# successes: 1438 (68.2%)
Current task success rate: 1.0
Current total success rate: 0.6821631878557874

Task: put the bowl on top of the cabinet add 29
Success: True
# episodes completed so far: 2109
# successes: 1439 (68.2%)
Current task success rate: 1.0
Current total success rate: 0.6823138928402086

Task: put the bowl on top of the cabinet add 30
Success: True
# episodes completed so far: 2110
# successes: 1440 (68.2%)
Current task success rate: 1.0
Current total success rate: 0.6824644549763034

Task: put the bowl on top of the cabinet moved level1 sample1
Success: False
# episodes completed so far: 2111
# successes: 1440 (68.2%)
Current task success rate: 0.0
Current total success rate: 0.6821411653244908

Task: put the bowl on top of the cabinet moved level1 sample2
Success: False
# episodes completed so far: 2112
# successes: 1440 (68.2%)
Current task success rate: 0.0
Current total success rate: 0.6818181818181818

Task: put the bowl on top of the cabinet moved level1 sample3
Success: False
# episodes completed so far: 2113
# successes: 1440 (68.1%)
Current task success rate: 0.0
Current total success rate: 0.6814955040227165

Task: put the bowl on top of the cabinet moved level1 sample4
Success: False
# episodes completed so far: 2114
# successes: 1440 (68.1%)
Current task success rate: 0.0
Current total success rate: 0.6811731315042573

Task: put the bowl on top of the cabinet moved level2 sample1
Success: False
# episodes completed so far: 2115
# successes: 1440 (68.1%)
Current task success rate: 0.0
Current total success rate: 0.6808510638297872

Task: put the bowl on top of the cabinet moved level2 sample2
Success: False
# episodes completed so far: 2116
# successes: 1440 (68.1%)
Current task success rate: 0.0
Current total success rate: 0.6805293005671077

Task: put the bowl on top of the cabinet moved level2 sample3
Success: False
# episodes completed so far: 2117
# successes: 1440 (68.0%)
Current task success rate: 0.0
Current total success rate: 0.680207841284837

Task: put the bowl on top of the cabinet moved level2 sample4
Success: False
# episodes completed so far: 2118
# successes: 1440 (68.0%)
Current task success rate: 0.0
Current total success rate: 0.6798866855524079

Task: put the bowl on top of the cabinet moved level3 sample2
Success: False
# episodes completed so far: 2119
# successes: 1440 (68.0%)
Current task success rate: 0.0
Current total success rate: 0.6795658329400661

Task: put the bowl on top of the cabinet moved level3 sample3
Success: False
# episodes completed so far: 2120
# successes: 1440 (67.9%)
Current task success rate: 0.0
Current total success rate: 0.6792452830188679

Task: put the bowl on top of the cabinet moved level3 sample4
Success: False
# episodes completed so far: 2121
# successes: 1440 (67.9%)
Current task success rate: 0.0
Current total success rate: 0.6789250353606789

Task: put the bowl on top of the cabinet moved level4 sample2
Success: False
# episodes completed so far: 2122
# successes: 1440 (67.9%)
Current task success rate: 0.0
Current total success rate: 0.6786050895381716

Task: put the bowl on top of the cabinet moved level4 sample3
Success: False
# episodes completed so far: 2123
# successes: 1440 (67.8%)
Current task success rate: 0.0
Current total success rate: 0.6782854451248234

Task: put the bowl on top of the cabinet moved level4 sample4
Success: False
# episodes completed so far: 2124
# successes: 1440 (67.8%)
Current task success rate: 0.0
Current total success rate: 0.6779661016949152

Task: put the bowl on top of the cabinet moved level5 sample1
Success: False
# episodes completed so far: 2125
# successes: 1440 (67.8%)
Current task success rate: 0.0
Current total success rate: 0.6776470588235294

Task: put the bowl on top of the cabinet moved level5 sample2
Success: False
# episodes completed so far: 2126
# successes: 1440 (67.7%)
Current task success rate: 0.0
Current total success rate: 0.6773283160865475

Task: put the bowl on top of the cabinet moved level5 sample3
Success: False
# episodes completed so far: 2127
# successes: 1440 (67.7%)
Current task success rate: 0.0
Current total success rate: 0.6770098730606487

Task: put the bowl on top of the cabinet moved level5 sample4
Success: False
# episodes completed so far: 2128
# successes: 1440 (67.7%)
Current task success rate: 0.0
Current total success rate: 0.6766917293233082

Task: put the cream cheese in the bowl add 10
Success: True
# episodes completed so far: 2129
# successes: 1441 (67.7%)
Current task success rate: 1.0
Current total success rate: 0.6768435885392203

Task: put the cream cheese in the bowl add 11
Success: True
# episodes completed so far: 2130
# successes: 1442 (67.7%)
Current task success rate: 1.0
Current total success rate: 0.6769953051643193

Task: put the cream cheese in the bowl add 12
Success: True
# episodes completed so far: 2131
# successes: 1443 (67.7%)
Current task success rate: 1.0
Current total success rate: 0.677146879399343

Task: put the cream cheese in the bowl add 13
Success: True
# episodes completed so far: 2132
# successes: 1444 (67.7%)
Current task success rate: 1.0
Current total success rate: 0.6772983114446529

Task: put the cream cheese in the bowl add 14
Success: True
# episodes completed so far: 2133
# successes: 1445 (67.7%)
Current task success rate: 1.0
Current total success rate: 0.6774496015002344

Task: put the cream cheese in the bowl add 16
Success: True
# episodes completed so far: 2134
# successes: 1446 (67.8%)
Current task success rate: 1.0
Current total success rate: 0.6776007497656982

Task: put the cream cheese in the bowl add 17
Success: True
# episodes completed so far: 2135
# successes: 1447 (67.8%)
Current task success rate: 1.0
Current total success rate: 0.6777517564402811

Task: put the cream cheese in the bowl add 18
Success: True
# episodes completed so far: 2136
# successes: 1448 (67.8%)
Current task success rate: 1.0
Current total success rate: 0.6779026217228464

Task: put the cream cheese in the bowl add 19
Success: True
# episodes completed so far: 2137
# successes: 1449 (67.8%)
Current task success rate: 1.0
Current total success rate: 0.6780533458118858

Task: put the cream cheese in the bowl add 20
Success: True
# episodes completed so far: 2138
# successes: 1450 (67.8%)
Current task success rate: 1.0
Current total success rate: 0.6782039289055192

Task: put the cream cheese in the bowl add 21
Success: True
# episodes completed so far: 2139
# successes: 1451 (67.8%)
Current task success rate: 1.0
Current total success rate: 0.678354371201496

Task: put the cream cheese in the bowl add 22
Success: True
# episodes completed so far: 2140
# successes: 1452 (67.9%)
Current task success rate: 1.0
Current total success rate: 0.6785046728971963

Task: put the cream cheese in the bowl add 23
Success: True
# episodes completed so far: 2141
# successes: 1453 (67.9%)
Current task success rate: 1.0
Current total success rate: 0.678654834189631

Task: put the cream cheese in the bowl add 24
Success: True
# episodes completed so far: 2142
# successes: 1454 (67.9%)
Current task success rate: 1.0
Current total success rate: 0.6788048552754435

Task: put the cream cheese in the bowl add 25
Success: True
# episodes completed so far: 2143
# successes: 1455 (67.9%)
Current task success rate: 1.0
Current total success rate: 0.67895473635091

Task: put the cream cheese in the bowl add 26
Success: True
# episodes completed so far: 2144
# successes: 1456 (67.9%)
Current task success rate: 1.0
Current total success rate: 0.6791044776119403

Task: put the cream cheese in the bowl add 27
Success: True
# episodes completed so far: 2145
# successes: 1457 (67.9%)
Current task success rate: 1.0
Current total success rate: 0.6792540792540792

Task: put the cream cheese in the bowl add 28
Success: True
# episodes completed so far: 2146
# successes: 1458 (67.9%)
Current task success rate: 1.0
Current total success rate: 0.679403541472507

Task: put the cream cheese in the bowl add 29
Success: True
# episodes completed so far: 2147
# successes: 1459 (68.0%)
Current task success rate: 1.0
Current total success rate: 0.6795528644620401

Task: put the cream cheese in the bowl add 3
Success: True
# episodes completed so far: 2148
# successes: 1460 (68.0%)
Current task success rate: 1.0
Current total success rate: 0.6797020484171322

Task: put the cream cheese in the bowl add 30
Success: True
# episodes completed so far: 2149
# successes: 1461 (68.0%)
Current task success rate: 1.0
Current total success rate: 0.6798510935318753

Task: put the cream cheese in the bowl add 4
Success: True
# episodes completed so far: 2150
# successes: 1462 (68.0%)
Current task success rate: 1.0
Current total success rate: 0.68

Task: put the cream cheese in the bowl add 5
Success: True
# episodes completed so far: 2151
# successes: 1463 (68.0%)
Current task success rate: 1.0
Current total success rate: 0.6801487680148768

Task: put the cream cheese in the bowl add 8
Success: True
# episodes completed so far: 2152
# successes: 1464 (68.0%)
Current task success rate: 1.0
Current total success rate: 0.6802973977695167

Task: put the cream cheese in the bowl add 9
Success: True
# episodes completed so far: 2153
# successes: 1465 (68.0%)
Current task success rate: 1.0
Current total success rate: 0.6804458894565723

Task: put the cream cheese in the bowl moved level1 sample1
Success: False
# episodes completed so far: 2154
# successes: 1465 (68.0%)
Current task success rate: 0.0
Current total success rate: 0.680129990714949

Task: put the cream cheese in the bowl moved level1 sample2
Success: False
# episodes completed so far: 2155
# successes: 1465 (68.0%)
Current task success rate: 0.0
Current total success rate: 0.679814385150812

Task: put the cream cheese in the bowl moved level1 sample4
Success: False
# episodes completed so far: 2156
# successes: 1465 (67.9%)
Current task success rate: 0.0
Current total success rate: 0.6794990723562152

Task: put the cream cheese in the bowl moved level2 sample1
Success: False
# episodes completed so far: 2157
# successes: 1465 (67.9%)
Current task success rate: 0.0
Current total success rate: 0.6791840519239685

Task: put the cream cheese in the bowl moved level2 sample2
Success: False
# episodes completed so far: 2158
# successes: 1465 (67.9%)
Current task success rate: 0.0
Current total success rate: 0.6788693234476367

Task: put the cream cheese in the bowl moved level2 sample3
Success: False
# episodes completed so far: 2159
# successes: 1465 (67.9%)
Current task success rate: 0.0
Current total success rate: 0.6785548865215377

Task: put the cream cheese in the bowl moved level2 sample4
Success: False
# episodes completed so far: 2160
# successes: 1465 (67.8%)
Current task success rate: 0.0
Current total success rate: 0.6782407407407407

Task: put the cream cheese in the bowl moved level3 sample1
Success: False
# episodes completed so far: 2161
# successes: 1465 (67.8%)
Current task success rate: 0.0
Current total success rate: 0.6779268857010643

Task: put the cream cheese in the bowl moved level3 sample2
Success: False
# episodes completed so far: 2162
# successes: 1465 (67.8%)
Current task success rate: 0.0
Current total success rate: 0.6776133209990749

Task: put the cream cheese in the bowl moved level3 sample3
Success: False
# episodes completed so far: 2163
# successes: 1465 (67.7%)
Current task success rate: 0.0
Current total success rate: 0.6773000462320851

Task: put the cream cheese in the bowl moved level3 sample4
Success: False
# episodes completed so far: 2164
# successes: 1465 (67.7%)
Current task success rate: 0.0
Current total success rate: 0.6769870609981515

Task: put the cream cheese in the bowl moved level4 sample1
Success: True
# episodes completed so far: 2165
# successes: 1466 (67.7%)
Current task success rate: 1.0
Current total success rate: 0.6771362586605081

Task: put the cream cheese in the bowl moved level4 sample2
Success: False
# episodes completed so far: 2166
# successes: 1466 (67.7%)
Current task success rate: 0.0
Current total success rate: 0.6768236380424746

Task: put the cream cheese in the bowl moved level4 sample3
Success: False
# episodes completed so far: 2167
# successes: 1466 (67.7%)
Current task success rate: 0.0
Current total success rate: 0.6765113059529303

Task: put the cream cheese in the bowl moved level5 sample1
Success: False
# episodes completed so far: 2168
# successes: 1466 (67.6%)
Current task success rate: 0.0
Current total success rate: 0.6761992619926199

Task: put the cream cheese in the bowl moved level5 sample2
Success: False
# episodes completed so far: 2169
# successes: 1466 (67.6%)
Current task success rate: 0.0
Current total success rate: 0.6758875057630245

Task: put the cream cheese in the bowl moved level5 sample3
Success: False
# episodes completed so far: 2170
# successes: 1466 (67.6%)
Current task success rate: 0.0
Current total success rate: 0.6755760368663595

Task: put the cream cheese in the bowl moved level5 sample4
Success: False
# episodes completed so far: 2171
# successes: 1466 (67.5%)
Current task success rate: 0.0
Current total success rate: 0.6752648549055734

Task: put the wine bottle on the rack add 1
Success: True
# episodes completed so far: 2172
# successes: 1467 (67.5%)
Current task success rate: 1.0
Current total success rate: 0.675414364640884

Task: put the wine bottle on the rack add 10
Success: True
# episodes completed so far: 2173
# successes: 1468 (67.6%)
Current task success rate: 1.0
Current total success rate: 0.6755637367694431

Task: put the wine bottle on the rack add 11
Success: True
# episodes completed so far: 2174
# successes: 1469 (67.6%)
Current task success rate: 1.0
Current total success rate: 0.6757129714811407

Task: put the wine bottle on the rack add 12
Success: True
# episodes completed so far: 2175
# successes: 1470 (67.6%)
Current task success rate: 1.0
Current total success rate: 0.6758620689655173

Task: put the wine bottle on the rack add 13
Success: True
# episodes completed so far: 2176
# successes: 1471 (67.6%)
Current task success rate: 1.0
Current total success rate: 0.6760110294117647

Task: put the wine bottle on the rack add 14
Success: True
# episodes completed so far: 2177
# successes: 1472 (67.6%)
Current task success rate: 1.0
Current total success rate: 0.6761598530087276

Task: put the wine bottle on the rack add 15
Success: True
# episodes completed so far: 2178
# successes: 1473 (67.6%)
Current task success rate: 1.0
Current total success rate: 0.6763085399449036

Task: put the wine bottle on the rack add 16
Success: True
# episodes completed so far: 2179
# successes: 1474 (67.6%)
Current task success rate: 1.0
Current total success rate: 0.6764570904084443

Task: put the wine bottle on the rack add 17
Success: True
# episodes completed so far: 2180
# successes: 1475 (67.7%)
Current task success rate: 1.0
Current total success rate: 0.676605504587156

Task: put the wine bottle on the rack add 18
Success: True
# episodes completed so far: 2181
# successes: 1476 (67.7%)
Current task success rate: 1.0
Current total success rate: 0.6767537826685007

Task: put the wine bottle on the rack add 19
Success: True
# episodes completed so far: 2182
# successes: 1477 (67.7%)
Current task success rate: 1.0
Current total success rate: 0.6769019248395967

Task: put the wine bottle on the rack add 2
Success: True
# episodes completed so far: 2183
# successes: 1478 (67.7%)
Current task success rate: 1.0
Current total success rate: 0.6770499312872195

Task: put the wine bottle on the rack add 20
Success: True
# episodes completed so far: 2184
# successes: 1479 (67.7%)
Current task success rate: 1.0
Current total success rate: 0.6771978021978022

Task: put the wine bottle on the rack add 21
Success: True
# episodes completed so far: 2185
# successes: 1480 (67.7%)
Current task success rate: 1.0
Current total success rate: 0.6773455377574371

Task: put the wine bottle on the rack add 22
Success: True
# episodes completed so far: 2186
# successes: 1481 (67.7%)
Current task success rate: 1.0
Current total success rate: 0.6774931381518756

Task: put the wine bottle on the rack add 23
Success: True
# episodes completed so far: 2187
# successes: 1482 (67.8%)
Current task success rate: 1.0
Current total success rate: 0.6776406035665294

Task: put the wine bottle on the rack add 24
Success: True
# episodes completed so far: 2188
# successes: 1483 (67.8%)
Current task success rate: 1.0
Current total success rate: 0.6777879341864717

Task: put the wine bottle on the rack add 25
Success: True
# episodes completed so far: 2189
# successes: 1484 (67.8%)
Current task success rate: 1.0
Current total success rate: 0.6779351301964367

Task: put the wine bottle on the rack add 26
Success: True
# episodes completed so far: 2190
# successes: 1485 (67.8%)
Current task success rate: 1.0
Current total success rate: 0.678082191780822

Task: put the wine bottle on the rack add 27
Success: True
# episodes completed so far: 2191
# successes: 1486 (67.8%)
Current task success rate: 1.0
Current total success rate: 0.6782291191236878

Task: put the wine bottle on the rack add 28
Success: True
# episodes completed so far: 2192
# successes: 1487 (67.8%)
Current task success rate: 1.0
Current total success rate: 0.6783759124087592

Task: put the wine bottle on the rack add 29
Success: True
# episodes completed so far: 2193
# successes: 1488 (67.9%)
Current task success rate: 1.0
Current total success rate: 0.6785225718194254

Task: put the wine bottle on the rack add 3
Success: True
# episodes completed so far: 2194
# successes: 1489 (67.9%)
Current task success rate: 1.0
Current total success rate: 0.678669097538742

Task: put the wine bottle on the rack add 30
Success: True
# episodes completed so far: 2195
# successes: 1490 (67.9%)
Current task success rate: 1.0
Current total success rate: 0.6788154897494305

Task: put the wine bottle on the rack add 4
Success: True
# episodes completed so far: 2196
# successes: 1491 (67.9%)
Current task success rate: 1.0
Current total success rate: 0.6789617486338798

Task: put the wine bottle on the rack add 5
Success: False
# episodes completed so far: 2197
# successes: 1491 (67.9%)
Current task success rate: 0.0
Current total success rate: 0.6786527082385071

Task: put the wine bottle on the rack add 6
Success: True
# episodes completed so far: 2198
# successes: 1492 (67.9%)
Current task success rate: 1.0
Current total success rate: 0.6787989080982711

Task: put the wine bottle on the rack add 7
Success: True
# episodes completed so far: 2199
# successes: 1493 (67.9%)
Current task success rate: 1.0
Current total success rate: 0.6789449749886312

Task: put the wine bottle on the rack add 8
Success: False
# episodes completed so far: 2200
# successes: 1493 (67.9%)
Current task success rate: 0.0
Current total success rate: 0.6786363636363636

Task: put the wine bottle on the rack add 9
Success: True
# episodes completed so far: 2201
# successes: 1494 (67.9%)
Current task success rate: 1.0
Current total success rate: 0.6787823716492504

Task: put the wine bottle on the rack moved level1 sample1
Success: False
# episodes completed so far: 2202
# successes: 1494 (67.8%)
Current task success rate: 0.0
Current total success rate: 0.6784741144414169

Task: put the wine bottle on the rack moved level1 sample2
Success: False
# episodes completed so far: 2203
# successes: 1494 (67.8%)
Current task success rate: 0.0
Current total success rate: 0.6781661370857921

Task: put the wine bottle on the rack moved level1 sample3
Success: False
# episodes completed so far: 2204
# successes: 1494 (67.8%)
Current task success rate: 0.0
Current total success rate: 0.677858439201452

Task: put the wine bottle on the rack moved level1 sample4
Success: False
# episodes completed so far: 2205
# successes: 1494 (67.8%)
Current task success rate: 0.0
Current total success rate: 0.6775510204081633

Task: put the wine bottle on the rack moved level2 sample1
Success: False
# episodes completed so far: 2206
# successes: 1494 (67.7%)
Current task success rate: 0.0
Current total success rate: 0.6772438803263826

Task: put the wine bottle on the rack moved level2 sample2
Success: False
# episodes completed so far: 2207
# successes: 1494 (67.7%)
Current task success rate: 0.0
Current total success rate: 0.6769370185772542

Task: put the wine bottle on the rack moved level2 sample3
Success: False
# episodes completed so far: 2208
# successes: 1494 (67.7%)
Current task success rate: 0.0
Current total success rate: 0.6766304347826086

Task: put the wine bottle on the rack moved level2 sample4
Success: False
# episodes completed so far: 2209
# successes: 1494 (67.6%)
Current task success rate: 0.0
Current total success rate: 0.6763241285649615

Task: put the wine bottle on the rack moved level3 sample1
Success: False
# episodes completed so far: 2210
# successes: 1494 (67.6%)
Current task success rate: 0.0
Current total success rate: 0.6760180995475114

Task: put the wine bottle on the rack moved level3 sample2
Success: False
# episodes completed so far: 2211
# successes: 1494 (67.6%)
Current task success rate: 0.0
Current total success rate: 0.6757123473541384

Task: put the wine bottle on the rack moved level3 sample3
Success: False
# episodes completed so far: 2212
# successes: 1494 (67.5%)
Current task success rate: 0.0
Current total success rate: 0.6754068716094033

Task: put the wine bottle on the rack moved level3 sample4
Success: True
# episodes completed so far: 2213
# successes: 1495 (67.6%)
Current task success rate: 1.0
Current total success rate: 0.675553547220967

Task: put the wine bottle on the rack moved level4 sample1
Success: False
# episodes completed so far: 2214
# successes: 1495 (67.5%)
Current task success rate: 0.0
Current total success rate: 0.6752484191508582

Task: put the wine bottle on the rack moved level4 sample3
Success: False
# episodes completed so far: 2215
# successes: 1495 (67.5%)
Current task success rate: 0.0
Current total success rate: 0.6749435665914221

Task: put the wine bottle on the rack moved level4 sample4
Success: False
# episodes completed so far: 2216
# successes: 1495 (67.5%)
Current task success rate: 0.0
Current total success rate: 0.6746389891696751

Task: put the wine bottle on the rack moved level5 sample1
Success: False
# episodes completed so far: 2217
# successes: 1495 (67.4%)
Current task success rate: 0.0
Current total success rate: 0.6743346865133063

Task: put the wine bottle on the rack moved level5 sample2
Success: False
# episodes completed so far: 2218
# successes: 1495 (67.4%)
Current task success rate: 0.0
Current total success rate: 0.6740306582506763

Task: put the wine bottle on the rack moved level5 sample3
Success: False
# episodes completed so far: 2219
# successes: 1495 (67.4%)
Current task success rate: 0.0
Current total success rate: 0.6737269040108157

Task: put the wine bottle on the rack moved level5 sample4
Success: False
# episodes completed so far: 2220
# successes: 1495 (67.3%)
Current task success rate: 0.0
Current total success rate: 0.6734234234234234

Task: put the wine bottle on top of the cabinet add 10
Success: True
# episodes completed so far: 2221
# successes: 1496 (67.4%)
Current task success rate: 1.0
Current total success rate: 0.6735704637550652

Task: put the wine bottle on top of the cabinet add 12
Success: True
# episodes completed so far: 2222
# successes: 1497 (67.4%)
Current task success rate: 1.0
Current total success rate: 0.6737173717371737

Task: put the wine bottle on top of the cabinet add 13
Success: True
# episodes completed so far: 2223
# successes: 1498 (67.4%)
Current task success rate: 1.0
Current total success rate: 0.6738641475483581

Task: put the wine bottle on top of the cabinet add 14
Success: True
# episodes completed so far: 2224
# successes: 1499 (67.4%)
Current task success rate: 1.0
Current total success rate: 0.6740107913669064

Task: put the wine bottle on top of the cabinet add 15
Success: True
# episodes completed so far: 2225
# successes: 1500 (67.4%)
Current task success rate: 1.0
Current total success rate: 0.6741573033707865

Task: put the wine bottle on top of the cabinet add 16
Success: True
# episodes completed so far: 2226
# successes: 1501 (67.4%)
Current task success rate: 1.0
Current total success rate: 0.674303683737646

Task: put the wine bottle on top of the cabinet add 17
Success: True
# episodes completed so far: 2227
# successes: 1502 (67.4%)
Current task success rate: 1.0
Current total success rate: 0.6744499326448137

Task: put the wine bottle on top of the cabinet add 18
Success: True
# episodes completed so far: 2228
# successes: 1503 (67.5%)
Current task success rate: 1.0
Current total success rate: 0.6745960502692998

Task: put the wine bottle on top of the cabinet add 19
Success: True
# episodes completed so far: 2229
# successes: 1504 (67.5%)
Current task success rate: 1.0
Current total success rate: 0.6747420367877972

Task: put the wine bottle on top of the cabinet add 20
Success: True
# episodes completed so far: 2230
# successes: 1505 (67.5%)
Current task success rate: 1.0
Current total success rate: 0.6748878923766816

Task: put the wine bottle on top of the cabinet add 21
Success: True
# episodes completed so far: 2231
# successes: 1506 (67.5%)
Current task success rate: 1.0
Current total success rate: 0.6750336172120126

Task: put the wine bottle on top of the cabinet add 22
Success: True
# episodes completed so far: 2232
# successes: 1507 (67.5%)
Current task success rate: 1.0
Current total success rate: 0.6751792114695341

Task: put the wine bottle on top of the cabinet add 24
Success: True
# episodes completed so far: 2233
# successes: 1508 (67.5%)
Current task success rate: 1.0
Current total success rate: 0.6753246753246753

Task: put the wine bottle on top of the cabinet add 25
Success: True
# episodes completed so far: 2234
# successes: 1509 (67.5%)
Current task success rate: 1.0
Current total success rate: 0.6754700089525515

Task: put the wine bottle on top of the cabinet add 26
Success: True
# episodes completed so far: 2235
# successes: 1510 (67.6%)
Current task success rate: 1.0
Current total success rate: 0.6756152125279642

Task: put the wine bottle on top of the cabinet add 27
Success: True
# episodes completed so far: 2236
# successes: 1511 (67.6%)
Current task success rate: 1.0
Current total success rate: 0.6757602862254025

Task: put the wine bottle on top of the cabinet add 28
Success: True
# episodes completed so far: 2237
# successes: 1512 (67.6%)
Current task success rate: 1.0
Current total success rate: 0.6759052302190434

Task: put the wine bottle on top of the cabinet add 29
Success: True
# episodes completed so far: 2238
# successes: 1513 (67.6%)
Current task success rate: 1.0
Current total success rate: 0.6760500446827524

Task: put the wine bottle on top of the cabinet add 30
Success: True
# episodes completed so far: 2239
# successes: 1514 (67.6%)
Current task success rate: 1.0
Current total success rate: 0.6761947297900849

Task: put the wine bottle on top of the cabinet add 4
Success: True
# episodes completed so far: 2240
# successes: 1515 (67.6%)
Current task success rate: 1.0
Current total success rate: 0.6763392857142857

Task: put the wine bottle on top of the cabinet add 5
Success: True
# episodes completed so far: 2241
# successes: 1516 (67.6%)
Current task success rate: 1.0
Current total success rate: 0.676483712628291

Task: put the wine bottle on top of the cabinet add 6
Success: True
# episodes completed so far: 2242
# successes: 1517 (67.7%)
Current task success rate: 1.0
Current total success rate: 0.6766280107047279

Task: put the wine bottle on top of the cabinet add 7
Success: True
# episodes completed so far: 2243
# successes: 1518 (67.7%)
Current task success rate: 1.0
Current total success rate: 0.6767721801159162

Task: put the wine bottle on top of the cabinet add 8
Success: True
# episodes completed so far: 2244
# successes: 1519 (67.7%)
Current task success rate: 1.0
Current total success rate: 0.6769162210338681

Task: put the wine bottle on top of the cabinet add 9
Success: True
# episodes completed so far: 2245
# successes: 1520 (67.7%)
Current task success rate: 1.0
Current total success rate: 0.6770601336302895

Task: put the wine bottle on top of the cabinet moved level1 sample1
Success: False
# episodes completed so far: 2246
# successes: 1520 (67.7%)
Current task success rate: 0.0
Current total success rate: 0.6767586821015138

Task: put the wine bottle on top of the cabinet moved level1 sample2
Success: True
# episodes completed so far: 2247
# successes: 1521 (67.7%)
Current task success rate: 1.0
Current total success rate: 0.6769025367156208

Task: put the wine bottle on top of the cabinet moved level1 sample3
Success: False
# episodes completed so far: 2248
# successes: 1521 (67.7%)
Current task success rate: 0.0
Current total success rate: 0.6766014234875445

Task: put the wine bottle on top of the cabinet moved level1 sample4
Success: False
# episodes completed so far: 2249
# successes: 1521 (67.6%)
Current task success rate: 0.0
Current total success rate: 0.6763005780346821

Task: put the wine bottle on top of the cabinet moved level2 sample1
Success: True
# episodes completed so far: 2250
# successes: 1522 (67.6%)
Current task success rate: 1.0
Current total success rate: 0.6764444444444444

Task: put the wine bottle on top of the cabinet moved level2 sample2
Success: True
# episodes completed so far: 2251
# successes: 1523 (67.7%)
Current task success rate: 1.0
Current total success rate: 0.6765881830297645

Task: put the wine bottle on top of the cabinet moved level2 sample3
Success: False
# episodes completed so far: 2252
# successes: 1523 (67.6%)
Current task success rate: 0.0
Current total success rate: 0.6762877442273535

Task: put the wine bottle on top of the cabinet moved level2 sample4
Success: True
# episodes completed so far: 2253
# successes: 1524 (67.6%)
Current task success rate: 1.0
Current total success rate: 0.6764314247669774

Task: put the wine bottle on top of the cabinet moved level3 sample1
Success: False
# episodes completed so far: 2254
# successes: 1524 (67.6%)
Current task success rate: 0.0
Current total success rate: 0.676131322094055

Task: put the wine bottle on top of the cabinet moved level3 sample2
Success: True
# episodes completed so far: 2255
# successes: 1525 (67.6%)
Current task success rate: 1.0
Current total success rate: 0.6762749445676275

Task: put the wine bottle on top of the cabinet moved level3 sample3
Success: False
# episodes completed so far: 2256
# successes: 1525 (67.6%)
Current task success rate: 0.0
Current total success rate: 0.6759751773049646

Task: put the wine bottle on top of the cabinet moved level3 sample4
Success: True
# episodes completed so far: 2257
# successes: 1526 (67.6%)
Current task success rate: 1.0
Current total success rate: 0.6761187416925122

Task: put the wine bottle on top of the cabinet moved level4 sample1
Success: False
# episodes completed so far: 2258
# successes: 1526 (67.6%)
Current task success rate: 0.0
Current total success rate: 0.6758193091231178

Task: put the wine bottle on top of the cabinet moved level4 sample2
Success: True
# episodes completed so far: 2259
# successes: 1527 (67.6%)
Current task success rate: 1.0
Current total success rate: 0.6759628154050464

Task: put the wine bottle on top of the cabinet moved level4 sample3
Success: True
# episodes completed so far: 2260
# successes: 1528 (67.6%)
Current task success rate: 1.0
Current total success rate: 0.6761061946902654

Task: put the wine bottle on top of the cabinet moved level4 sample4
Success: False
# episodes completed so far: 2261
# successes: 1528 (67.6%)
Current task success rate: 0.0
Current total success rate: 0.6758071649712517

Task: put the wine bottle on top of the cabinet moved level5 sample2
Success: False
# episodes completed so far: 2262
# successes: 1528 (67.6%)
Current task success rate: 0.0
Current total success rate: 0.6755083996463307

Task: put the wine bottle on top of the cabinet moved level5 sample3
Success: False
# episodes completed so far: 2263
# successes: 1528 (67.5%)
Current task success rate: 0.0
Current total success rate: 0.6752098983650022

Task: put the wine bottle on top of the cabinet moved level5 sample4
Success: False
# episodes completed so far: 2264
# successes: 1528 (67.5%)
Current task success rate: 0.0
Current total success rate: 0.6749116607773852

Task: turn on the stove add 1
Success: True
# episodes completed so far: 2265
# successes: 1529 (67.5%)
Current task success rate: 1.0
Current total success rate: 0.6750551876379691

Task: turn on the stove add 10
Success: True
# episodes completed so far: 2266
# successes: 1530 (67.5%)
Current task success rate: 1.0
Current total success rate: 0.675198587819947

Task: turn on the stove add 11
Success: True
# episodes completed so far: 2267
# successes: 1531 (67.5%)
Current task success rate: 1.0
Current total success rate: 0.6753418614909572

Task: turn on the stove add 12
Success: True
# episodes completed so far: 2268
# successes: 1532 (67.5%)
Current task success rate: 1.0
Current total success rate: 0.6754850088183422

Task: turn on the stove add 13
Success: True
# episodes completed so far: 2269
# successes: 1533 (67.6%)
Current task success rate: 1.0
Current total success rate: 0.6756280299691494

Task: turn on the stove add 14
Success: True
# episodes completed so far: 2270
# successes: 1534 (67.6%)
Current task success rate: 1.0
Current total success rate: 0.6757709251101321

Task: turn on the stove add 15
Success: True
# episodes completed so far: 2271
# successes: 1535 (67.6%)
Current task success rate: 1.0
Current total success rate: 0.6759136944077498

Task: turn on the stove add 16
Success: True
# episodes completed so far: 2272
# successes: 1536 (67.6%)
Current task success rate: 1.0
Current total success rate: 0.676056338028169

Task: turn on the stove add 17
Success: True
# episodes completed so far: 2273
# successes: 1537 (67.6%)
Current task success rate: 1.0
Current total success rate: 0.6761988561372635

Task: turn on the stove add 18
Success: True
# episodes completed so far: 2274
# successes: 1538 (67.6%)
Current task success rate: 1.0
Current total success rate: 0.6763412489006156

Task: turn on the stove add 19
Success: True
# episodes completed so far: 2275
# successes: 1539 (67.6%)
Current task success rate: 1.0
Current total success rate: 0.6764835164835165

Task: turn on the stove add 2
Success: True
# episodes completed so far: 2276
# successes: 1540 (67.7%)
Current task success rate: 1.0
Current total success rate: 0.6766256590509666

Task: turn on the stove add 20
Success: True
# episodes completed so far: 2277
# successes: 1541 (67.7%)
Current task success rate: 1.0
Current total success rate: 0.6767676767676768

Task: turn on the stove add 21
Success: True
# episodes completed so far: 2278
# successes: 1542 (67.7%)
Current task success rate: 1.0
Current total success rate: 0.6769095697980685

Task: turn on the stove add 22
Success: True
# episodes completed so far: 2279
# successes: 1543 (67.7%)
Current task success rate: 1.0
Current total success rate: 0.6770513383062747

Task: turn on the stove add 23
Success: True
# episodes completed so far: 2280
# successes: 1544 (67.7%)
Current task success rate: 1.0
Current total success rate: 0.6771929824561403

Task: turn on the stove add 24
Success: True
# episodes completed so far: 2281
# successes: 1545 (67.7%)
Current task success rate: 1.0
Current total success rate: 0.6773345024112232

Task: turn on the stove add 25
Success: True
# episodes completed so far: 2282
# successes: 1546 (67.7%)
Current task success rate: 1.0
Current total success rate: 0.677475898334794

Task: turn on the stove add 26
Success: True
# episodes completed so far: 2283
# successes: 1547 (67.8%)
Current task success rate: 1.0
Current total success rate: 0.6776171703898379

Task: turn on the stove add 27
Success: True
# episodes completed so far: 2284
# successes: 1548 (67.8%)
Current task success rate: 1.0
Current total success rate: 0.6777583187390543

Task: turn on the stove add 28
Success: True
# episodes completed so far: 2285
# successes: 1549 (67.8%)
Current task success rate: 1.0
Current total success rate: 0.6778993435448578

Task: turn on the stove add 29
Success: True
# episodes completed so far: 2286
# successes: 1550 (67.8%)
Current task success rate: 1.0
Current total success rate: 0.6780402449693789

Task: turn on the stove add 3
Success: True
# episodes completed so far: 2287
# successes: 1551 (67.8%)
Current task success rate: 1.0
Current total success rate: 0.6781810231744644

Task: turn on the stove add 30
Success: True
# episodes completed so far: 2288
# successes: 1552 (67.8%)
Current task success rate: 1.0
Current total success rate: 0.6783216783216783

Task: turn on the stove add 4
Success: True
# episodes completed so far: 2289
# successes: 1553 (67.8%)
Current task success rate: 1.0
Current total success rate: 0.6784622105723023

Task: turn on the stove add 5
Success: True
# episodes completed so far: 2290
# successes: 1554 (67.9%)
Current task success rate: 1.0
Current total success rate: 0.6786026200873363

Task: turn on the stove add 6
Success: True
# episodes completed so far: 2291
# successes: 1555 (67.9%)
Current task success rate: 1.0
Current total success rate: 0.678742907027499

Task: turn on the stove add 7
Success: True
# episodes completed so far: 2292
# successes: 1556 (67.9%)
Current task success rate: 1.0
Current total success rate: 0.6788830715532286

Task: turn on the stove add 8
Success: True
# episodes completed so far: 2293
# successes: 1557 (67.9%)
Current task success rate: 1.0
Current total success rate: 0.6790231138246838

Task: turn on the stove add 9
Success: True
# episodes completed so far: 2294
# successes: 1558 (67.9%)
Current task success rate: 1.0
Current total success rate: 0.6791630340017437

Task: turn on the stove moved level1 sample1
Success: True
# episodes completed so far: 2295
# successes: 1559 (67.9%)
Current task success rate: 1.0
Current total success rate: 0.6793028322440087

Task: turn on the stove moved level1 sample2
Success: False
# episodes completed so far: 2296
# successes: 1559 (67.9%)
Current task success rate: 0.0
Current total success rate: 0.679006968641115

Task: turn on the stove moved level1 sample3
Success: True
# episodes completed so far: 2297
# successes: 1560 (67.9%)
Current task success rate: 1.0
Current total success rate: 0.6791467131040487

Task: turn on the stove moved level1 sample4
Success: True
# episodes completed so far: 2298
# successes: 1561 (67.9%)
Current task success rate: 1.0
Current total success rate: 0.6792863359442994

Task: turn on the stove moved level2 sample1
Success: True
# episodes completed so far: 2299
# successes: 1562 (67.9%)
Current task success rate: 1.0
Current total success rate: 0.6794258373205742

Task: turn on the stove moved level2 sample2
Success: True
# episodes completed so far: 2300
# successes: 1563 (68.0%)
Current task success rate: 1.0
Current total success rate: 0.6795652173913044

Task: turn on the stove moved level2 sample4
Success: True
# episodes completed so far: 2301
# successes: 1564 (68.0%)
Current task success rate: 1.0
Current total success rate: 0.6797044763146458

Task: turn on the stove moved level3 sample1
Success: True
# episodes completed so far: 2302
# successes: 1565 (68.0%)
Current task success rate: 1.0
Current total success rate: 0.6798436142484796

Task: turn on the stove moved level3 sample2
Success: True
# episodes completed so far: 2303
# successes: 1566 (68.0%)
Current task success rate: 1.0
Current total success rate: 0.6799826313504125

Task: turn on the stove moved level3 sample3
Success: True
# episodes completed so far: 2304
# successes: 1567 (68.0%)
Current task success rate: 1.0
Current total success rate: 0.6801215277777778

Task: turn on the stove moved level3 sample4
Success: True
# episodes completed so far: 2305
# successes: 1568 (68.0%)
Current task success rate: 1.0
Current total success rate: 0.6802603036876356

Task: turn on the stove moved level4 sample1
Success: True
# episodes completed so far: 2306
# successes: 1569 (68.0%)
Current task success rate: 1.0
Current total success rate: 0.6803989592367736

Task: turn on the stove moved level4 sample2
Success: True
# episodes completed so far: 2307
# successes: 1570 (68.1%)
Current task success rate: 1.0
Current total success rate: 0.6805374945817079

Task: turn on the stove moved level4 sample3
Success: True
# episodes completed so far: 2308
# successes: 1571 (68.1%)
Current task success rate: 1.0
Current total success rate: 0.6806759098786829

Task: turn on the stove moved level4 sample4
Success: True
# episodes completed so far: 2309
# successes: 1572 (68.1%)
Current task success rate: 1.0
Current total success rate: 0.6808142052836725

Task: turn on the stove moved level5 sample1
Success: True
# episodes completed so far: 2310
# successes: 1573 (68.1%)
Current task success rate: 1.0
Current total success rate: 0.680952380952381

Task: turn on the stove moved level5 sample3
Success: False
# episodes completed so far: 2311
# successes: 1573 (68.1%)
Current task success rate: 0.0
Current total success rate: 0.680657723929035

Task: turn on the stove moved level5 sample4
Success: True
# episodes completed so far: 2312
# successes: 1574 (68.1%)
Current task success rate: 1.0
Current total success rate: 0.6807958477508651

Task: open the middle drawer of the cabinet light 1
Success: True
# episodes completed so far: 2313
# successes: 1575 (68.1%)
Current task success rate: 1.0
Current total success rate: 0.6809338521400778

Task: open the middle drawer of the cabinet light 10
Success: True
# episodes completed so far: 2314
# successes: 1576 (68.1%)
Current task success rate: 1.0
Current total success rate: 0.6810717372515125

Task: open the middle drawer of the cabinet light 11
Success: True
# episodes completed so far: 2315
# successes: 1577 (68.1%)
Current task success rate: 1.0
Current total success rate: 0.6812095032397408

Task: open the middle drawer of the cabinet light 12
Success: True
# episodes completed so far: 2316
# successes: 1578 (68.1%)
Current task success rate: 1.0
Current total success rate: 0.6813471502590673

Task: open the middle drawer of the cabinet light 13
Success: True
# episodes completed so far: 2317
# successes: 1579 (68.1%)
Current task success rate: 1.0
Current total success rate: 0.6814846784635304

Task: open the middle drawer of the cabinet light 14
Success: True
# episodes completed so far: 2318
# successes: 1580 (68.2%)
Current task success rate: 1.0
Current total success rate: 0.6816220880069025

Task: open the middle drawer of the cabinet light 15
Success: True
# episodes completed so far: 2319
# successes: 1581 (68.2%)
Current task success rate: 1.0
Current total success rate: 0.6817593790426908

Task: open the middle drawer of the cabinet light 16
Success: True
# episodes completed so far: 2320
# successes: 1582 (68.2%)
Current task success rate: 1.0
Current total success rate: 0.6818965517241379

Task: open the middle drawer of the cabinet light 17
Success: True
# episodes completed so far: 2321
# successes: 1583 (68.2%)
Current task success rate: 1.0
Current total success rate: 0.6820336062042223

Task: open the middle drawer of the cabinet light 18
Success: True
# episodes completed so far: 2322
# successes: 1584 (68.2%)
Current task success rate: 1.0
Current total success rate: 0.6821705426356589

Task: open the middle drawer of the cabinet light 19
Success: True
# episodes completed so far: 2323
# successes: 1585 (68.2%)
Current task success rate: 1.0
Current total success rate: 0.6823073611708997

Task: open the middle drawer of the cabinet light 2
Success: True
# episodes completed so far: 2324
# successes: 1586 (68.2%)
Current task success rate: 1.0
Current total success rate: 0.6824440619621343

Task: open the middle drawer of the cabinet light 20
Success: True
# episodes completed so far: 2325
# successes: 1587 (68.3%)
Current task success rate: 1.0
Current total success rate: 0.6825806451612904

Task: open the middle drawer of the cabinet light 21
Success: True
# episodes completed so far: 2326
# successes: 1588 (68.3%)
Current task success rate: 1.0
Current total success rate: 0.6827171109200344

Task: open the middle drawer of the cabinet light 24
Success: True
# episodes completed so far: 2327
# successes: 1589 (68.3%)
Current task success rate: 1.0
Current total success rate: 0.6828534593897723

Task: open the middle drawer of the cabinet light 25
Success: True
# episodes completed so far: 2328
# successes: 1590 (68.3%)
Current task success rate: 1.0
Current total success rate: 0.6829896907216495

Task: open the middle drawer of the cabinet light 26
Success: True
# episodes completed so far: 2329
# successes: 1591 (68.3%)
Current task success rate: 1.0
Current total success rate: 0.6831258050665522

Task: open the middle drawer of the cabinet light 27
Success: True
# episodes completed so far: 2330
# successes: 1592 (68.3%)
Current task success rate: 1.0
Current total success rate: 0.6832618025751073

Task: open the middle drawer of the cabinet light 28
Success: True
# episodes completed so far: 2331
# successes: 1593 (68.3%)
Current task success rate: 1.0
Current total success rate: 0.6833976833976834

Task: open the middle drawer of the cabinet light 29
Success: True
# episodes completed so far: 2332
# successes: 1594 (68.4%)
Current task success rate: 1.0
Current total success rate: 0.6835334476843911

Task: open the middle drawer of the cabinet light 3
Success: True
# episodes completed so far: 2333
# successes: 1595 (68.4%)
Current task success rate: 1.0
Current total success rate: 0.6836690955850836

Task: open the middle drawer of the cabinet light 30
Success: True
# episodes completed so far: 2334
# successes: 1596 (68.4%)
Current task success rate: 1.0
Current total success rate: 0.6838046272493573

Task: open the middle drawer of the cabinet light 31
Success: True
# episodes completed so far: 2335
# successes: 1597 (68.4%)
Current task success rate: 1.0
Current total success rate: 0.6839400428265524

Task: open the middle drawer of the cabinet light 33
Success: True
# episodes completed so far: 2336
# successes: 1598 (68.4%)
Current task success rate: 1.0
Current total success rate: 0.6840753424657534

Task: open the middle drawer of the cabinet light 34
Success: True
# episodes completed so far: 2337
# successes: 1599 (68.4%)
Current task success rate: 1.0
Current total success rate: 0.6842105263157895

Task: open the middle drawer of the cabinet light 35
Success: True
# episodes completed so far: 2338
# successes: 1600 (68.4%)
Current task success rate: 1.0
Current total success rate: 0.6843455945252352

Task: open the middle drawer of the cabinet light 36
Success: True
# episodes completed so far: 2339
# successes: 1601 (68.4%)
Current task success rate: 1.0
Current total success rate: 0.6844805472424113

Task: open the middle drawer of the cabinet light 38
Success: True
# episodes completed so far: 2340
# successes: 1602 (68.5%)
Current task success rate: 1.0
Current total success rate: 0.6846153846153846

Task: open the middle drawer of the cabinet light 4
Success: True
# episodes completed so far: 2341
# successes: 1603 (68.5%)
Current task success rate: 1.0
Current total success rate: 0.6847501067919692

Task: open the middle drawer of the cabinet light 41
Success: True
# episodes completed so far: 2342
# successes: 1604 (68.5%)
Current task success rate: 1.0
Current total success rate: 0.6848847139197267

Task: open the middle drawer of the cabinet light 42
Success: True
# episodes completed so far: 2343
# successes: 1605 (68.5%)
Current task success rate: 1.0
Current total success rate: 0.6850192061459667

Task: open the middle drawer of the cabinet light 43
Success: True
# episodes completed so far: 2344
# successes: 1606 (68.5%)
Current task success rate: 1.0
Current total success rate: 0.6851535836177475

Task: open the middle drawer of the cabinet light 45
Success: True
# episodes completed so far: 2345
# successes: 1607 (68.5%)
Current task success rate: 1.0
Current total success rate: 0.6852878464818764

Task: open the middle drawer of the cabinet light 46
Success: True
# episodes completed so far: 2346
# successes: 1608 (68.5%)
Current task success rate: 1.0
Current total success rate: 0.6854219948849105

Task: open the middle drawer of the cabinet light 47
Success: True
# episodes completed so far: 2347
# successes: 1609 (68.6%)
Current task success rate: 1.0
Current total success rate: 0.6855560289731573

Task: open the middle drawer of the cabinet light 48
Success: True
# episodes completed so far: 2348
# successes: 1610 (68.6%)
Current task success rate: 1.0
Current total success rate: 0.6856899488926746

Task: open the middle drawer of the cabinet light 49
Success: True
# episodes completed so far: 2349
# successes: 1611 (68.6%)
Current task success rate: 1.0
Current total success rate: 0.685823754789272

Task: open the middle drawer of the cabinet light 5
Success: True
# episodes completed so far: 2350
# successes: 1612 (68.6%)
Current task success rate: 1.0
Current total success rate: 0.6859574468085107

Task: open the middle drawer of the cabinet light 50
Success: True
# episodes completed so far: 2351
# successes: 1613 (68.6%)
Current task success rate: 1.0
Current total success rate: 0.686091025095704

Task: open the middle drawer of the cabinet light 7
Success: True
# episodes completed so far: 2352
# successes: 1614 (68.6%)
Current task success rate: 1.0
Current total success rate: 0.6862244897959183

Task: open the middle drawer of the cabinet light 8
Success: True
# episodes completed so far: 2353
# successes: 1615 (68.6%)
Current task success rate: 1.0
Current total success rate: 0.6863578410539737

Task: open the middle drawer of the cabinet light 9
Success: True
# episodes completed so far: 2354
# successes: 1616 (68.6%)
Current task success rate: 1.0
Current total success rate: 0.6864910790144435

Task: open the top drawer and put the bowl inside light 1
Success: True
# episodes completed so far: 2355
# successes: 1617 (68.7%)
Current task success rate: 1.0
Current total success rate: 0.686624203821656

Task: open the top drawer and put the bowl inside light 10
Success: True
# episodes completed so far: 2356
# successes: 1618 (68.7%)
Current task success rate: 1.0
Current total success rate: 0.6867572156196944

Task: open the top drawer and put the bowl inside light 11
Success: True
# episodes completed so far: 2357
# successes: 1619 (68.7%)
Current task success rate: 1.0
Current total success rate: 0.6868901145523971

Task: open the top drawer and put the bowl inside light 12
Success: True
# episodes completed so far: 2358
# successes: 1620 (68.7%)
Current task success rate: 1.0
Current total success rate: 0.6870229007633588

Task: open the top drawer and put the bowl inside light 13
Success: True
# episodes completed so far: 2359
# successes: 1621 (68.7%)
Current task success rate: 1.0
Current total success rate: 0.6871555743959304

Task: open the top drawer and put the bowl inside light 14
Success: True
# episodes completed so far: 2360
# successes: 1622 (68.7%)
Current task success rate: 1.0
Current total success rate: 0.6872881355932203

Task: open the top drawer and put the bowl inside light 15
Success: True
# episodes completed so far: 2361
# successes: 1623 (68.7%)
Current task success rate: 1.0
Current total success rate: 0.6874205844980941

Task: open the top drawer and put the bowl inside light 16
Success: True
# episodes completed so far: 2362
# successes: 1624 (68.8%)
Current task success rate: 1.0
Current total success rate: 0.6875529212531752

Task: open the top drawer and put the bowl inside light 17
Success: True
# episodes completed so far: 2363
# successes: 1625 (68.8%)
Current task success rate: 1.0
Current total success rate: 0.6876851460008464

Task: open the top drawer and put the bowl inside light 18
Success: True
# episodes completed so far: 2364
# successes: 1626 (68.8%)
Current task success rate: 1.0
Current total success rate: 0.6878172588832487

Task: open the top drawer and put the bowl inside light 19
Success: False
# episodes completed so far: 2365
# successes: 1626 (68.8%)
Current task success rate: 0.0
Current total success rate: 0.6875264270613107

Task: open the top drawer and put the bowl inside light 2
Success: True
# episodes completed so far: 2366
# successes: 1627 (68.8%)
Current task success rate: 1.0
Current total success rate: 0.687658495350803

Task: open the top drawer and put the bowl inside light 20
Success: True
# episodes completed so far: 2367
# successes: 1628 (68.8%)
Current task success rate: 1.0
Current total success rate: 0.6877904520490071

Task: open the top drawer and put the bowl inside light 21
Success: True
# episodes completed so far: 2368
# successes: 1629 (68.8%)
Current task success rate: 1.0
Current total success rate: 0.6879222972972973

Task: open the top drawer and put the bowl inside light 22
Success: True
# episodes completed so far: 2369
# successes: 1630 (68.8%)
Current task success rate: 1.0
Current total success rate: 0.6880540312368087

Task: open the top drawer and put the bowl inside light 23
Success: True
# episodes completed so far: 2370
# successes: 1631 (68.8%)
Current task success rate: 1.0
Current total success rate: 0.6881856540084388

Task: open the top drawer and put the bowl inside light 24
Success: True
# episodes completed so far: 2371
# successes: 1632 (68.8%)
Current task success rate: 1.0
Current total success rate: 0.6883171657528468

Task: open the top drawer and put the bowl inside light 25
Success: True
# episodes completed so far: 2372
# successes: 1633 (68.8%)
Current task success rate: 1.0
Current total success rate: 0.6884485666104553

Task: open the top drawer and put the bowl inside light 26
Success: True
# episodes completed so far: 2373
# successes: 1634 (68.9%)
Current task success rate: 1.0
Current total success rate: 0.6885798567214496

Task: open the top drawer and put the bowl inside light 27
Success: True
# episodes completed so far: 2374
# successes: 1635 (68.9%)
Current task success rate: 1.0
Current total success rate: 0.6887110362257792

Task: open the top drawer and put the bowl inside light 28
Success: True
# episodes completed so far: 2375
# successes: 1636 (68.9%)
Current task success rate: 1.0
Current total success rate: 0.6888421052631579

Task: open the top drawer and put the bowl inside light 29
Success: True
# episodes completed so far: 2376
# successes: 1637 (68.9%)
Current task success rate: 1.0
Current total success rate: 0.688973063973064

Task: open the top drawer and put the bowl inside light 3
Success: False
# episodes completed so far: 2377
# successes: 1637 (68.9%)
Current task success rate: 0.0
Current total success rate: 0.6886832141354648

Task: open the top drawer and put the bowl inside light 30
Success: True
# episodes completed so far: 2378
# successes: 1638 (68.9%)
Current task success rate: 1.0
Current total success rate: 0.6888141295206055

Task: open the top drawer and put the bowl inside light 31
Success: True
# episodes completed so far: 2379
# successes: 1639 (68.9%)
Current task success rate: 1.0
Current total success rate: 0.6889449348465742

Task: open the top drawer and put the bowl inside light 32
Success: True
# episodes completed so far: 2380
# successes: 1640 (68.9%)
Current task success rate: 1.0
Current total success rate: 0.6890756302521008

Task: open the top drawer and put the bowl inside light 33
Success: True
# episodes completed so far: 2381
# successes: 1641 (68.9%)
Current task success rate: 1.0
Current total success rate: 0.6892062158756825

Task: open the top drawer and put the bowl inside light 34
Success: True
# episodes completed so far: 2382
# successes: 1642 (68.9%)
Current task success rate: 1.0
Current total success rate: 0.6893366918555835

Task: open the top drawer and put the bowl inside light 35
Success: True
# episodes completed so far: 2383
# successes: 1643 (68.9%)
Current task success rate: 1.0
Current total success rate: 0.6894670583298363

Task: open the top drawer and put the bowl inside light 36
Success: True
# episodes completed so far: 2384
# successes: 1644 (69.0%)
Current task success rate: 1.0
Current total success rate: 0.6895973154362416

Task: open the top drawer and put the bowl inside light 37
Success: True
# episodes completed so far: 2385
# successes: 1645 (69.0%)
Current task success rate: 1.0
Current total success rate: 0.689727463312369

Task: open the top drawer and put the bowl inside light 38
Success: True
# episodes completed so far: 2386
# successes: 1646 (69.0%)
Current task success rate: 1.0
Current total success rate: 0.6898575020955574

Task: open the top drawer and put the bowl inside light 39
Success: True
# episodes completed so far: 2387
# successes: 1647 (69.0%)
Current task success rate: 1.0
Current total success rate: 0.6899874319229158

Task: open the top drawer and put the bowl inside light 4
Success: True
# episodes completed so far: 2388
# successes: 1648 (69.0%)
Current task success rate: 1.0
Current total success rate: 0.6901172529313233

Task: open the top drawer and put the bowl inside light 40
Success: True
# episodes completed so far: 2389
# successes: 1649 (69.0%)
Current task success rate: 1.0
Current total success rate: 0.6902469652574299

Task: open the top drawer and put the bowl inside light 41
Success: True
# episodes completed so far: 2390
# successes: 1650 (69.0%)
Current task success rate: 1.0
Current total success rate: 0.6903765690376569

Task: open the top drawer and put the bowl inside light 42
Success: True
# episodes completed so far: 2391
# successes: 1651 (69.1%)
Current task success rate: 1.0
Current total success rate: 0.6905060644081974

Task: open the top drawer and put the bowl inside light 43
Success: True
# episodes completed so far: 2392
# successes: 1652 (69.1%)
Current task success rate: 1.0
Current total success rate: 0.6906354515050167

Task: open the top drawer and put the bowl inside light 44
Success: True
# episodes completed so far: 2393
# successes: 1653 (69.1%)
Current task success rate: 1.0
Current total success rate: 0.6907647304638529

Task: open the top drawer and put the bowl inside light 45
Success: True
# episodes completed so far: 2394
# successes: 1654 (69.1%)
Current task success rate: 1.0
Current total success rate: 0.6908939014202172

Task: open the top drawer and put the bowl inside light 46
Success: True
# episodes completed so far: 2395
# successes: 1655 (69.1%)
Current task success rate: 1.0
Current total success rate: 0.6910229645093946

Task: open the top drawer and put the bowl inside light 47
Success: True
# episodes completed so far: 2396
# successes: 1656 (69.1%)
Current task success rate: 1.0
Current total success rate: 0.6911519198664441

Task: open the top drawer and put the bowl inside light 48
Success: True
# episodes completed so far: 2397
# successes: 1657 (69.1%)
Current task success rate: 1.0
Current total success rate: 0.6912807676261994

Task: open the top drawer and put the bowl inside light 49
Success: True
# episodes completed so far: 2398
# successes: 1658 (69.1%)
Current task success rate: 1.0
Current total success rate: 0.6914095079232694

Task: open the top drawer and put the bowl inside light 5
Success: True
# episodes completed so far: 2399
# successes: 1659 (69.2%)
Current task success rate: 1.0
Current total success rate: 0.6915381408920384

Task: open the top drawer and put the bowl inside light 50
Success: True
# episodes completed so far: 2400
# successes: 1660 (69.2%)
Current task success rate: 1.0
Current total success rate: 0.6916666666666667

Task: open the top drawer and put the bowl inside light 6
Success: True
# episodes completed so far: 2401
# successes: 1661 (69.2%)
Current task success rate: 1.0
Current total success rate: 0.6917950853810912

Task: open the top drawer and put the bowl inside light 7
Success: True
# episodes completed so far: 2402
# successes: 1662 (69.2%)
Current task success rate: 1.0
Current total success rate: 0.6919233971690258

Task: open the top drawer and put the bowl inside light 8
Success: True
# episodes completed so far: 2403
# successes: 1663 (69.2%)
Current task success rate: 1.0
Current total success rate: 0.6920516021639617

Task: open the top drawer and put the bowl inside light 9
Success: True
# episodes completed so far: 2404
# successes: 1664 (69.2%)
Current task success rate: 1.0
Current total success rate: 0.6921797004991681

Task: push the plate to the front of the stove light 1
Success: True
# episodes completed so far: 2405
# successes: 1665 (69.2%)
Current task success rate: 1.0
Current total success rate: 0.6923076923076923

Task: push the plate to the front of the stove light 10
Success: True
# episodes completed so far: 2406
# successes: 1666 (69.2%)
Current task success rate: 1.0
Current total success rate: 0.6924355777223608

Task: push the plate to the front of the stove light 11
Success: True
# episodes completed so far: 2407
# successes: 1667 (69.3%)
Current task success rate: 1.0
Current total success rate: 0.692563356875779

Task: push the plate to the front of the stove light 13
Success: True
# episodes completed so far: 2408
# successes: 1668 (69.3%)
Current task success rate: 1.0
Current total success rate: 0.6926910299003323

Task: push the plate to the front of the stove light 15
Success: True
# episodes completed so far: 2409
# successes: 1669 (69.3%)
Current task success rate: 1.0
Current total success rate: 0.6928185969281859

Task: push the plate to the front of the stove light 17
Success: True
# episodes completed so far: 2410
# successes: 1670 (69.3%)
Current task success rate: 1.0
Current total success rate: 0.6929460580912863

Task: push the plate to the front of the stove light 19
Success: True
# episodes completed so far: 2411
# successes: 1671 (69.3%)
Current task success rate: 1.0
Current total success rate: 0.6930734135213604

Task: push the plate to the front of the stove light 2
Success: True
# episodes completed so far: 2412
# successes: 1672 (69.3%)
Current task success rate: 1.0
Current total success rate: 0.693200663349917

Task: push the plate to the front of the stove light 21
Success: True
# episodes completed so far: 2413
# successes: 1673 (69.3%)
Current task success rate: 1.0
Current total success rate: 0.693327807708247

Task: push the plate to the front of the stove light 22
Success: True
# episodes completed so far: 2414
# successes: 1674 (69.3%)
Current task success rate: 1.0
Current total success rate: 0.6934548467274234

Task: push the plate to the front of the stove light 23
Success: True
# episodes completed so far: 2415
# successes: 1675 (69.4%)
Current task success rate: 1.0
Current total success rate: 0.6935817805383023

Task: push the plate to the front of the stove light 24
Success: True
# episodes completed so far: 2416
# successes: 1676 (69.4%)
Current task success rate: 1.0
Current total success rate: 0.6937086092715232

Task: push the plate to the front of the stove light 26
Success: True
# episodes completed so far: 2417
# successes: 1677 (69.4%)
Current task success rate: 1.0
Current total success rate: 0.6938353330575093

Task: push the plate to the front of the stove light 27
Success: True
# episodes completed so far: 2418
# successes: 1678 (69.4%)
Current task success rate: 1.0
Current total success rate: 0.6939619520264682

Task: push the plate to the front of the stove light 28
Success: True
# episodes completed so far: 2419
# successes: 1679 (69.4%)
Current task success rate: 1.0
Current total success rate: 0.6940884663083919

Task: push the plate to the front of the stove light 29
Success: True
# episodes completed so far: 2420
# successes: 1680 (69.4%)
Current task success rate: 1.0
Current total success rate: 0.6942148760330579

Task: push the plate to the front of the stove light 30
Success: True
# episodes completed so far: 2421
# successes: 1681 (69.4%)
Current task success rate: 1.0
Current total success rate: 0.6943411813300289

Task: push the plate to the front of the stove light 31
Success: True
# episodes completed so far: 2422
# successes: 1682 (69.4%)
Current task success rate: 1.0
Current total success rate: 0.694467382328654

Task: push the plate to the front of the stove light 32
Success: True
# episodes completed so far: 2423
# successes: 1683 (69.5%)
Current task success rate: 1.0
Current total success rate: 0.6945934791580685

Task: push the plate to the front of the stove light 33
Success: True
# episodes completed so far: 2424
# successes: 1684 (69.5%)
Current task success rate: 1.0
Current total success rate: 0.6947194719471947

Task: push the plate to the front of the stove light 34
Success: True
# episodes completed so far: 2425
# successes: 1685 (69.5%)
Current task success rate: 1.0
Current total success rate: 0.6948453608247422

Task: push the plate to the front of the stove light 35
Success: True
# episodes completed so far: 2426
# successes: 1686 (69.5%)
Current task success rate: 1.0
Current total success rate: 0.6949711459192086

Task: push the plate to the front of the stove light 36
Success: True
# episodes completed so far: 2427
# successes: 1687 (69.5%)
Current task success rate: 1.0
Current total success rate: 0.6950968273588792

Task: push the plate to the front of the stove light 37
Success: True
# episodes completed so far: 2428
# successes: 1688 (69.5%)
Current task success rate: 1.0
Current total success rate: 0.6952224052718287

Task: push the plate to the front of the stove light 38
Success: True
# episodes completed so far: 2429
# successes: 1689 (69.5%)
Current task success rate: 1.0
Current total success rate: 0.6953478797859202

Task: push the plate to the front of the stove light 39
Success: True
# episodes completed so far: 2430
# successes: 1690 (69.5%)
Current task success rate: 1.0
Current total success rate: 0.6954732510288066

Task: push the plate to the front of the stove light 4
Success: True
# episodes completed so far: 2431
# successes: 1691 (69.6%)
Current task success rate: 1.0
Current total success rate: 0.6955985191279309

Task: push the plate to the front of the stove light 40
Success: True
# episodes completed so far: 2432
# successes: 1692 (69.6%)
Current task success rate: 1.0
Current total success rate: 0.6957236842105263

Task: push the plate to the front of the stove light 41
Success: True
# episodes completed so far: 2433
# successes: 1693 (69.6%)
Current task success rate: 1.0
Current total success rate: 0.6958487464036169

Task: push the plate to the front of the stove light 42
Success: True
# episodes completed so far: 2434
# successes: 1694 (69.6%)
Current task success rate: 1.0
Current total success rate: 0.6959737058340181

Task: push the plate to the front of the stove light 43
Success: True
# episodes completed so far: 2435
# successes: 1695 (69.6%)
Current task success rate: 1.0
Current total success rate: 0.6960985626283368

Task: push the plate to the front of the stove light 44
Success: True
# episodes completed so far: 2436
# successes: 1696 (69.6%)
Current task success rate: 1.0
Current total success rate: 0.6962233169129721

Task: push the plate to the front of the stove light 46
Success: True
# episodes completed so far: 2437
# successes: 1697 (69.6%)
Current task success rate: 1.0
Current total success rate: 0.6963479688141158

Task: push the plate to the front of the stove light 48
Success: True
# episodes completed so far: 2438
# successes: 1698 (69.6%)
Current task success rate: 1.0
Current total success rate: 0.6964725184577523

Task: push the plate to the front of the stove light 50
Success: True
# episodes completed so far: 2439
# successes: 1699 (69.7%)
Current task success rate: 1.0
Current total success rate: 0.6965969659696597

Task: push the plate to the front of the stove light 6
Success: True
# episodes completed so far: 2440
# successes: 1700 (69.7%)
Current task success rate: 1.0
Current total success rate: 0.6967213114754098

Task: put the bowl on the plate light 1
Success: True
# episodes completed so far: 2441
# successes: 1701 (69.7%)
Current task success rate: 1.0
Current total success rate: 0.6968455551003687

Task: put the bowl on the plate light 11
Success: True
# episodes completed so far: 2442
# successes: 1702 (69.7%)
Current task success rate: 1.0
Current total success rate: 0.696969696969697

Task: put the bowl on the plate light 13
Success: True
# episodes completed so far: 2443
# successes: 1703 (69.7%)
Current task success rate: 1.0
Current total success rate: 0.6970937372083504

Task: put the bowl on the plate light 15
Success: True
# episodes completed so far: 2444
# successes: 1704 (69.7%)
Current task success rate: 1.0
Current total success rate: 0.6972176759410802

Task: put the bowl on the plate light 16
Success: True
# episodes completed so far: 2445
# successes: 1705 (69.7%)
Current task success rate: 1.0
Current total success rate: 0.6973415132924335

Task: put the bowl on the plate light 18
Success: True
# episodes completed so far: 2446
# successes: 1706 (69.7%)
Current task success rate: 1.0
Current total success rate: 0.6974652493867539

Task: put the bowl on the plate light 2
Success: True
# episodes completed so far: 2447
# successes: 1707 (69.8%)
Current task success rate: 1.0
Current total success rate: 0.6975888843481814

Task: put the bowl on the plate light 20
Success: True
# episodes completed so far: 2448
# successes: 1708 (69.8%)
Current task success rate: 1.0
Current total success rate: 0.6977124183006536

Task: put the bowl on the plate light 24
Success: True
# episodes completed so far: 2449
# successes: 1709 (69.8%)
Current task success rate: 1.0
Current total success rate: 0.6978358513679053

Task: put the bowl on the plate light 26
Success: True
# episodes completed so far: 2450
# successes: 1710 (69.8%)
Current task success rate: 1.0
Current total success rate: 0.6979591836734694

Task: put the bowl on the plate light 27
Success: True
# episodes completed so far: 2451
# successes: 1711 (69.8%)
Current task success rate: 1.0
Current total success rate: 0.6980824153406773

Task: put the bowl on the plate light 29
Success: True
# episodes completed so far: 2452
# successes: 1712 (69.8%)
Current task success rate: 1.0
Current total success rate: 0.6982055464926591

Task: put the bowl on the plate light 34
Success: True
# episodes completed so far: 2453
# successes: 1713 (69.8%)
Current task success rate: 1.0
Current total success rate: 0.6983285772523441

Task: put the bowl on the plate light 35
Success: True
# episodes completed so far: 2454
# successes: 1714 (69.8%)
Current task success rate: 1.0
Current total success rate: 0.6984515077424613

Task: put the bowl on the plate light 36
Success: True
# episodes completed so far: 2455
# successes: 1715 (69.9%)
Current task success rate: 1.0
Current total success rate: 0.6985743380855397

Task: put the bowl on the plate light 37
Success: True
# episodes completed so far: 2456
# successes: 1716 (69.9%)
Current task success rate: 1.0
Current total success rate: 0.6986970684039088

Task: put the bowl on the plate light 38
Success: True
# episodes completed so far: 2457
# successes: 1717 (69.9%)
Current task success rate: 1.0
Current total success rate: 0.6988196988196989

Task: put the bowl on the plate light 39
Success: True
# episodes completed so far: 2458
# successes: 1718 (69.9%)
Current task success rate: 1.0
Current total success rate: 0.6989422294548413

Task: put the bowl on the plate light 4
Success: True
# episodes completed so far: 2459
# successes: 1719 (69.9%)
Current task success rate: 1.0
Current total success rate: 0.6990646604310695

Task: put the bowl on the plate light 40
Success: True
# episodes completed so far: 2460
# successes: 1720 (69.9%)
Current task success rate: 1.0
Current total success rate: 0.6991869918699187

Task: put the bowl on the plate light 42
Success: True
# episodes completed so far: 2461
# successes: 1721 (69.9%)
Current task success rate: 1.0
Current total success rate: 0.6993092238927265

Task: put the bowl on the plate light 44
Success: True
# episodes completed so far: 2462
# successes: 1722 (69.9%)
Current task success rate: 1.0
Current total success rate: 0.6994313566206336

Task: put the bowl on the plate light 49
Success: True
# episodes completed so far: 2463
# successes: 1723 (70.0%)
Current task success rate: 1.0
Current total success rate: 0.6995533901745838

Task: put the bowl on the plate light 5
Success: True
# episodes completed so far: 2464
# successes: 1724 (70.0%)
Current task success rate: 1.0
Current total success rate: 0.6996753246753247

Task: put the bowl on the plate light 7
Success: True
# episodes completed so far: 2465
# successes: 1725 (70.0%)
Current task success rate: 1.0
Current total success rate: 0.6997971602434077

Task: put the bowl on the plate light 9
Success: True
# episodes completed so far: 2466
# successes: 1726 (70.0%)
Current task success rate: 1.0
Current total success rate: 0.699918896999189

Task: put the bowl on the stove light 11
Success: True
# episodes completed so far: 2467
# successes: 1727 (70.0%)
Current task success rate: 1.0
Current total success rate: 0.7000405350628294

Task: put the bowl on the stove light 15
Success: True
# episodes completed so far: 2468
# successes: 1728 (70.0%)
Current task success rate: 1.0
Current total success rate: 0.700162074554295

Task: put the bowl on the stove light 24
Success: True
# episodes completed so far: 2469
# successes: 1729 (70.0%)
Current task success rate: 1.0
Current total success rate: 0.7002835155933577

Task: put the bowl on the stove light 37
Success: False
# episodes completed so far: 2470
# successes: 1729 (70.0%)
Current task success rate: 0.0
Current total success rate: 0.7

Task: put the bowl on top of the cabinet light 10
Success: True
# episodes completed so far: 2471
# successes: 1730 (70.0%)
Current task success rate: 1.0
Current total success rate: 0.7001214083367058

Task: put the bowl on top of the cabinet light 15
Success: True
# episodes completed so far: 2472
# successes: 1731 (70.0%)
Current task success rate: 1.0
Current total success rate: 0.7002427184466019

Task: put the bowl on top of the cabinet light 2
Success: True
# episodes completed so far: 2473
# successes: 1732 (70.0%)
Current task success rate: 1.0
Current total success rate: 0.7003639304488476

Task: put the bowl on top of the cabinet light 21
Success: True
# episodes completed so far: 2474
# successes: 1733 (70.0%)
Current task success rate: 1.0
Current total success rate: 0.700485044462409

Task: put the bowl on top of the cabinet light 24
Success: True
# episodes completed so far: 2475
# successes: 1734 (70.1%)
Current task success rate: 1.0
Current total success rate: 0.7006060606060606

Task: put the bowl on top of the cabinet light 38
Success: True
# episodes completed so far: 2476
# successes: 1735 (70.1%)
Current task success rate: 1.0
Current total success rate: 0.7007269789983845

Task: put the bowl on top of the cabinet light 39
Success: True
# episodes completed so far: 2477
# successes: 1736 (70.1%)
Current task success rate: 1.0
Current total success rate: 0.7008477997577715

Task: put the bowl on top of the cabinet light 40
Success: True
# episodes completed so far: 2478
# successes: 1737 (70.1%)
Current task success rate: 1.0
Current total success rate: 0.7009685230024213

Task: put the bowl on top of the cabinet light 44
Success: True
# episodes completed so far: 2479
# successes: 1738 (70.1%)
Current task success rate: 1.0
Current total success rate: 0.7010891488503429

Task: put the bowl on top of the cabinet light 45
Success: True
# episodes completed so far: 2480
# successes: 1739 (70.1%)
Current task success rate: 1.0
Current total success rate: 0.7012096774193548

Task: put the bowl on top of the cabinet light 50
Success: True
# episodes completed so far: 2481
# successes: 1740 (70.1%)
Current task success rate: 1.0
Current total success rate: 0.7013301088270859

Task: put the bowl on top of the cabinet light 6
Success: True
# episodes completed so far: 2482
# successes: 1741 (70.1%)
Current task success rate: 1.0
Current total success rate: 0.701450443190975

Task: put the bowl on top of the cabinet light 8
Success: True
# episodes completed so far: 2483
# successes: 1742 (70.2%)
Current task success rate: 1.0
Current total success rate: 0.7015706806282722

Task: put the cream cheese in the bowl light 1
Success: True
# episodes completed so far: 2484
# successes: 1743 (70.2%)
Current task success rate: 1.0
Current total success rate: 0.7016908212560387

Task: put the cream cheese in the bowl light 10
Success: True
# episodes completed so far: 2485
# successes: 1744 (70.2%)
Current task success rate: 1.0
Current total success rate: 0.7018108651911469

Task: put the cream cheese in the bowl light 14
Success: True
# episodes completed so far: 2486
# successes: 1745 (70.2%)
Current task success rate: 1.0
Current total success rate: 0.7019308125502816

Task: put the cream cheese in the bowl light 15
Success: True
# episodes completed so far: 2487
# successes: 1746 (70.2%)
Current task success rate: 1.0
Current total success rate: 0.7020506634499397

Task: put the cream cheese in the bowl light 18
Success: True
# episodes completed so far: 2488
# successes: 1747 (70.2%)
Current task success rate: 1.0
Current total success rate: 0.7021704180064309

Task: put the cream cheese in the bowl light 21
Success: True
# episodes completed so far: 2489
# successes: 1748 (70.2%)
Current task success rate: 1.0
Current total success rate: 0.7022900763358778

Task: put the cream cheese in the bowl light 22
Success: True
# episodes completed so far: 2490
# successes: 1749 (70.2%)
Current task success rate: 1.0
Current total success rate: 0.7024096385542169

Task: put the cream cheese in the bowl light 25
Success: True
# episodes completed so far: 2491
# successes: 1750 (70.3%)
Current task success rate: 1.0
Current total success rate: 0.7025291047771979

Task: put the cream cheese in the bowl light 26
Success: True
# episodes completed so far: 2492
# successes: 1751 (70.3%)
Current task success rate: 1.0
Current total success rate: 0.7026484751203852

Task: put the cream cheese in the bowl light 27
Success: True
# episodes completed so far: 2493
# successes: 1752 (70.3%)
Current task success rate: 1.0
Current total success rate: 0.7027677496991577

Task: put the cream cheese in the bowl light 30
Success: True
# episodes completed so far: 2494
# successes: 1753 (70.3%)
Current task success rate: 1.0
Current total success rate: 0.7028869286287089

Task: put the cream cheese in the bowl light 32
Success: True
# episodes completed so far: 2495
# successes: 1754 (70.3%)
Current task success rate: 1.0
Current total success rate: 0.7030060120240481

Task: put the cream cheese in the bowl light 37
Success: True
# episodes completed so far: 2496
# successes: 1755 (70.3%)
Current task success rate: 1.0
Current total success rate: 0.703125

Task: put the cream cheese in the bowl light 38
Success: True
# episodes completed so far: 2497
# successes: 1756 (70.3%)
Current task success rate: 1.0
Current total success rate: 0.7032438926712055

Task: put the cream cheese in the bowl light 39
Success: True
# episodes completed so far: 2498
# successes: 1757 (70.3%)
Current task success rate: 1.0
Current total success rate: 0.7033626901521217

Task: put the cream cheese in the bowl light 41
Success: True
# episodes completed so far: 2499
# successes: 1758 (70.3%)
Current task success rate: 1.0
Current total success rate: 0.7034813925570228

Task: put the cream cheese in the bowl light 42
Success: True
# episodes completed so far: 2500
# successes: 1759 (70.4%)
Current task success rate: 1.0
Current total success rate: 0.7036

Task: put the cream cheese in the bowl light 44
Success: True
# episodes completed so far: 2501
# successes: 1760 (70.4%)
Current task success rate: 1.0
Current total success rate: 0.703718512594962

Task: put the cream cheese in the bowl light 46
Success: True
# episodes completed so far: 2502
# successes: 1761 (70.4%)
Current task success rate: 1.0
Current total success rate: 0.7038369304556354

Task: put the cream cheese in the bowl light 48
Success: True
# episodes completed so far: 2503
# successes: 1762 (70.4%)
Current task success rate: 1.0
Current total success rate: 0.7039552536955653

Task: put the cream cheese in the bowl light 5
Success: True
# episodes completed so far: 2504
# successes: 1763 (70.4%)
Current task success rate: 1.0
Current total success rate: 0.704073482428115

Task: put the cream cheese in the bowl light 50
Success: True
# episodes completed so far: 2505
# successes: 1764 (70.4%)
Current task success rate: 1.0
Current total success rate: 0.704191616766467

Task: put the cream cheese in the bowl light 6
Success: True
# episodes completed so far: 2506
# successes: 1765 (70.4%)
Current task success rate: 1.0
Current total success rate: 0.7043096568236233

Task: put the cream cheese in the bowl light 7
Success: True
# episodes completed so far: 2507
# successes: 1766 (70.4%)
Current task success rate: 1.0
Current total success rate: 0.7044276027124052

Task: put the cream cheese in the bowl light 8
Success: True
# episodes completed so far: 2508
# successes: 1767 (70.5%)
Current task success rate: 1.0
Current total success rate: 0.7045454545454546

Task: put the wine bottle on the rack light 10
Success: True
# episodes completed so far: 2509
# successes: 1768 (70.5%)
Current task success rate: 1.0
Current total success rate: 0.7046632124352331

Task: put the wine bottle on the rack light 11
Success: True
# episodes completed so far: 2510
# successes: 1769 (70.5%)
Current task success rate: 1.0
Current total success rate: 0.7047808764940239

Task: put the wine bottle on the rack light 12
Success: True
# episodes completed so far: 2511
# successes: 1770 (70.5%)
Current task success rate: 1.0
Current total success rate: 0.7048984468339307

Task: put the wine bottle on the rack light 13
Success: True
# episodes completed so far: 2512
# successes: 1771 (70.5%)
Current task success rate: 1.0
Current total success rate: 0.705015923566879

Task: put the wine bottle on the rack light 15
Success: True
# episodes completed so far: 2513
# successes: 1772 (70.5%)
Current task success rate: 1.0
Current total success rate: 0.705133306804616

Task: put the wine bottle on the rack light 16
Success: True
# episodes completed so far: 2514
# successes: 1773 (70.5%)
Current task success rate: 1.0
Current total success rate: 0.7052505966587113

Task: put the wine bottle on the rack light 17
Success: True
# episodes completed so far: 2515
# successes: 1774 (70.5%)
Current task success rate: 1.0
Current total success rate: 0.7053677932405567

Task: put the wine bottle on the rack light 18
Success: True
# episodes completed so far: 2516
# successes: 1775 (70.5%)
Current task success rate: 1.0
Current total success rate: 0.7054848966613673

Task: put the wine bottle on the rack light 19
Success: True
# episodes completed so far: 2517
# successes: 1776 (70.6%)
Current task success rate: 1.0
Current total success rate: 0.7056019070321812

Task: put the wine bottle on the rack light 2
Success: True
# episodes completed so far: 2518
# successes: 1777 (70.6%)
Current task success rate: 1.0
Current total success rate: 0.7057188244638603

Task: put the wine bottle on the rack light 20
Success: True
# episodes completed so far: 2519
# successes: 1778 (70.6%)
Current task success rate: 1.0
Current total success rate: 0.7058356490670901

Task: put the wine bottle on the rack light 21
Success: True
# episodes completed so far: 2520
# successes: 1779 (70.6%)
Current task success rate: 1.0
Current total success rate: 0.705952380952381

Task: put the wine bottle on the rack light 22
Success: True
# episodes completed so far: 2521
# successes: 1780 (70.6%)
Current task success rate: 1.0
Current total success rate: 0.7060690202300675

Task: put the wine bottle on the rack light 24
Success: True
# episodes completed so far: 2522
# successes: 1781 (70.6%)
Current task success rate: 1.0
Current total success rate: 0.7061855670103093

Task: put the wine bottle on the rack light 25
Success: True
# episodes completed so far: 2523
# successes: 1782 (70.6%)
Current task success rate: 1.0
Current total success rate: 0.7063020214030915

Task: put the wine bottle on the rack light 26
Success: True
# episodes completed so far: 2524
# successes: 1783 (70.6%)
Current task success rate: 1.0
Current total success rate: 0.7064183835182251

Task: put the wine bottle on the rack light 27
Success: True
# episodes completed so far: 2525
# successes: 1784 (70.7%)
Current task success rate: 1.0
Current total success rate: 0.7065346534653465

Task: put the wine bottle on the rack light 28
Success: True
# episodes completed so far: 2526
# successes: 1785 (70.7%)
Current task success rate: 1.0
Current total success rate: 0.7066508313539193

Task: put the wine bottle on the rack light 29
Success: True
# episodes completed so far: 2527
# successes: 1786 (70.7%)
Current task success rate: 1.0
Current total success rate: 0.706766917293233

Task: put the wine bottle on the rack light 31
Success: True
# episodes completed so far: 2528
# successes: 1787 (70.7%)
Current task success rate: 1.0
Current total success rate: 0.7068829113924051

Task: put the wine bottle on the rack light 33
Success: True
# episodes completed so far: 2529
# successes: 1788 (70.7%)
Current task success rate: 1.0
Current total success rate: 0.7069988137603797

Task: put the wine bottle on the rack light 35
Success: True
# episodes completed so far: 2530
# successes: 1789 (70.7%)
Current task success rate: 1.0
Current total success rate: 0.7071146245059289

Task: put the wine bottle on the rack light 36
Success: True
# episodes completed so far: 2531
# successes: 1790 (70.7%)
Current task success rate: 1.0
Current total success rate: 0.7072303437376531

Task: put the wine bottle on the rack light 39
Success: True
# episodes completed so far: 2532
# successes: 1791 (70.7%)
Current task success rate: 1.0
Current total success rate: 0.707345971563981

Task: put the wine bottle on the rack light 41
Success: True
# episodes completed so far: 2533
# successes: 1792 (70.7%)
Current task success rate: 1.0
Current total success rate: 0.7074615080931701

Task: put the wine bottle on the rack light 43
Success: True
# episodes completed so far: 2534
# successes: 1793 (70.8%)
Current task success rate: 1.0
Current total success rate: 0.7075769534333071

Task: put the wine bottle on the rack light 44
Success: True
# episodes completed so far: 2535
# successes: 1794 (70.8%)
Current task success rate: 1.0
Current total success rate: 0.7076923076923077

Task: put the wine bottle on the rack light 46
Success: True
# episodes completed so far: 2536
# successes: 1795 (70.8%)
Current task success rate: 1.0
Current total success rate: 0.707807570977918

Task: put the wine bottle on the rack light 49
Success: True
# episodes completed so far: 2537
# successes: 1796 (70.8%)
Current task success rate: 1.0
Current total success rate: 0.7079227433977139

Task: put the wine bottle on the rack light 5
Success: True
# episodes completed so far: 2538
# successes: 1797 (70.8%)
Current task success rate: 1.0
Current total success rate: 0.7080378250591016

Task: put the wine bottle on the rack light 50
Success: True
# episodes completed so far: 2539
# successes: 1798 (70.8%)
Current task success rate: 1.0
Current total success rate: 0.7081528160693187

Task: put the wine bottle on the rack light 6
Success: True
# episodes completed so far: 2540
# successes: 1799 (70.8%)
Current task success rate: 1.0
Current total success rate: 0.7082677165354331

Task: put the wine bottle on the rack light 7
Success: True
# episodes completed so far: 2541
# successes: 1800 (70.8%)
Current task success rate: 1.0
Current total success rate: 0.7083825265643447

Task: put the wine bottle on the rack light 8
Success: True
# episodes completed so far: 2542
# successes: 1801 (70.8%)
Current task success rate: 1.0
Current total success rate: 0.7084972462627852

Task: put the wine bottle on top of the cabinet light 10
Success: True
# episodes completed so far: 2543
# successes: 1802 (70.9%)
Current task success rate: 1.0
Current total success rate: 0.7086118757373181

Task: put the wine bottle on top of the cabinet light 11
Success: True
# episodes completed so far: 2544
# successes: 1803 (70.9%)
Current task success rate: 1.0
Current total success rate: 0.7087264150943396

Task: put the wine bottle on top of the cabinet light 13
Success: True
# episodes completed so far: 2545
# successes: 1804 (70.9%)
Current task success rate: 1.0
Current total success rate: 0.7088408644400785

Task: put the wine bottle on top of the cabinet light 14
Success: True
# episodes completed so far: 2546
# successes: 1805 (70.9%)
Current task success rate: 1.0
Current total success rate: 0.7089552238805971

Task: put the wine bottle on top of the cabinet light 15
Success: True
# episodes completed so far: 2547
# successes: 1806 (70.9%)
Current task success rate: 1.0
Current total success rate: 0.7090694935217904

Task: put the wine bottle on top of the cabinet light 18
Success: True
# episodes completed so far: 2548
# successes: 1807 (70.9%)
Current task success rate: 1.0
Current total success rate: 0.7091836734693877

Task: put the wine bottle on top of the cabinet light 19
Success: True
# episodes completed so far: 2549
# successes: 1808 (70.9%)
Current task success rate: 1.0
Current total success rate: 0.7092977638289525

Task: put the wine bottle on top of the cabinet light 2
Success: True
# episodes completed so far: 2550
# successes: 1809 (70.9%)
Current task success rate: 1.0
Current total success rate: 0.7094117647058824

Task: put the wine bottle on top of the cabinet light 21
Success: True
# episodes completed so far: 2551
# successes: 1810 (71.0%)
Current task success rate: 1.0
Current total success rate: 0.7095256762054096

Task: put the wine bottle on top of the cabinet light 22
Success: True
# episodes completed so far: 2552
# successes: 1811 (71.0%)
Current task success rate: 1.0
Current total success rate: 0.7096394984326019

Task: put the wine bottle on top of the cabinet light 23
Success: True
# episodes completed so far: 2553
# successes: 1812 (71.0%)
Current task success rate: 1.0
Current total success rate: 0.7097532314923619

Task: put the wine bottle on top of the cabinet light 3
Success: True
# episodes completed so far: 2554
# successes: 1813 (71.0%)
Current task success rate: 1.0
Current total success rate: 0.7098668754894284

Task: put the wine bottle on top of the cabinet light 30
Success: True
# episodes completed so far: 2555
# successes: 1814 (71.0%)
Current task success rate: 1.0
Current total success rate: 0.7099804305283758

Task: put the wine bottle on top of the cabinet light 32
Success: True
# episodes completed so far: 2556
# successes: 1815 (71.0%)
Current task success rate: 1.0
Current total success rate: 0.710093896713615

Task: put the wine bottle on top of the cabinet light 33
Success: True
# episodes completed so far: 2557
# successes: 1816 (71.0%)
Current task success rate: 1.0
Current total success rate: 0.7102072741493938

Task: put the wine bottle on top of the cabinet light 34
Success: True
# episodes completed so far: 2558
# successes: 1817 (71.0%)
Current task success rate: 1.0
Current total success rate: 0.7103205629397967

Task: put the wine bottle on top of the cabinet light 35
Success: True
# episodes completed so far: 2559
# successes: 1818 (71.0%)
Current task success rate: 1.0
Current total success rate: 0.7104337631887456

Task: put the wine bottle on top of the cabinet light 36
Success: True
# episodes completed so far: 2560
# successes: 1819 (71.1%)
Current task success rate: 1.0
Current total success rate: 0.710546875

Task: put the wine bottle on top of the cabinet light 37
Success: True
# episodes completed so far: 2561
# successes: 1820 (71.1%)
Current task success rate: 1.0
Current total success rate: 0.7106598984771574

Task: put the wine bottle on top of the cabinet light 39
Success: True
# episodes completed so far: 2562
# successes: 1821 (71.1%)
Current task success rate: 1.0
Current total success rate: 0.7107728337236534

Task: put the wine bottle on top of the cabinet light 4
Success: True
# episodes completed so far: 2563
# successes: 1822 (71.1%)
Current task success rate: 1.0
Current total success rate: 0.7108856808427624

Task: put the wine bottle on top of the cabinet light 40
Success: True
# episodes completed so far: 2564
# successes: 1823 (71.1%)
Current task success rate: 1.0
Current total success rate: 0.7109984399375975

Task: put the wine bottle on top of the cabinet light 44
Success: True
# episodes completed so far: 2565
# successes: 1824 (71.1%)
Current task success rate: 1.0
Current total success rate: 0.7111111111111111

Task: put the wine bottle on top of the cabinet light 45
Success: True
# episodes completed so far: 2566
# successes: 1825 (71.1%)
Current task success rate: 1.0
Current total success rate: 0.7112236944660951

Task: put the wine bottle on top of the cabinet light 48
Success: True
# episodes completed so far: 2567
# successes: 1826 (71.1%)
Current task success rate: 1.0
Current total success rate: 0.7113361901051811

Task: put the wine bottle on top of the cabinet light 49
Success: True
# episodes completed so far: 2568
# successes: 1827 (71.1%)
Current task success rate: 1.0
Current total success rate: 0.7114485981308412

Task: put the wine bottle on top of the cabinet light 5
Success: True
# episodes completed so far: 2569
# successes: 1828 (71.2%)
Current task success rate: 1.0
Current total success rate: 0.7115609186453873

Task: put the wine bottle on top of the cabinet light 8
Success: True
# episodes completed so far: 2570
# successes: 1829 (71.2%)
Current task success rate: 1.0
Current total success rate: 0.7116731517509728

Task: turn on the stove light 1
Success: True
# episodes completed so far: 2571
# successes: 1830 (71.2%)
Current task success rate: 1.0
Current total success rate: 0.7117852975495916

Task: turn on the stove light 11
Success: True
# episodes completed so far: 2572
# successes: 1831 (71.2%)
Current task success rate: 1.0
Current total success rate: 0.7118973561430794

Task: turn on the stove light 12
Success: True
# episodes completed so far: 2573
# successes: 1832 (71.2%)
Current task success rate: 1.0
Current total success rate: 0.7120093276331131

Task: turn on the stove light 13
Success: True
# episodes completed so far: 2574
# successes: 1833 (71.2%)
Current task success rate: 1.0
Current total success rate: 0.7121212121212122

Task: turn on the stove light 14
Success: True
# episodes completed so far: 2575
# successes: 1834 (71.2%)
Current task success rate: 1.0
Current total success rate: 0.7122330097087378

Task: turn on the stove light 19
Success: True
# episodes completed so far: 2576
# successes: 1835 (71.2%)
Current task success rate: 1.0
Current total success rate: 0.7123447204968945

Task: turn on the stove light 2
Success: True
# episodes completed so far: 2577
# successes: 1836 (71.2%)
Current task success rate: 1.0
Current total success rate: 0.7124563445867288

Task: turn on the stove light 20
Success: True
# episodes completed so far: 2578
# successes: 1837 (71.3%)
Current task success rate: 1.0
Current total success rate: 0.7125678820791311

Task: turn on the stove light 22
Success: True
# episodes completed so far: 2579
# successes: 1838 (71.3%)
Current task success rate: 1.0
Current total success rate: 0.7126793330748352

Task: turn on the stove light 23
Success: True
# episodes completed so far: 2580
# successes: 1839 (71.3%)
Current task success rate: 1.0
Current total success rate: 0.7127906976744186

Task: turn on the stove light 24
Success: True
# episodes completed so far: 2581
# successes: 1840 (71.3%)
Current task success rate: 1.0
Current total success rate: 0.712901975978303

Task: turn on the stove light 25
Success: True
# episodes completed so far: 2582
# successes: 1841 (71.3%)
Current task success rate: 1.0
Current total success rate: 0.7130131680867544

Task: turn on the stove light 28
Success: True
# episodes completed so far: 2583
# successes: 1842 (71.3%)
Current task success rate: 1.0
Current total success rate: 0.7131242740998839

Task: turn on the stove light 30
Success: True
# episodes completed so far: 2584
# successes: 1843 (71.3%)
Current task success rate: 1.0
Current total success rate: 0.7132352941176471

Task: turn on the stove light 31
Success: True
# episodes completed so far: 2585
# successes: 1844 (71.3%)
Current task success rate: 1.0
Current total success rate: 0.7133462282398453

Task: turn on the stove light 32
Success: True
# episodes completed so far: 2586
# successes: 1845 (71.3%)
Current task success rate: 1.0
Current total success rate: 0.7134570765661253

Task: turn on the stove light 38
Success: True
# episodes completed so far: 2587
# successes: 1846 (71.4%)
Current task success rate: 1.0
Current total success rate: 0.7135678391959799

Task: turn on the stove light 39
Success: True
# episodes completed so far: 2588
# successes: 1847 (71.4%)
Current task success rate: 1.0
Current total success rate: 0.7136785162287481

Task: turn on the stove light 41
Success: True
# episodes completed so far: 2589
# successes: 1848 (71.4%)
Current task success rate: 1.0
Current total success rate: 0.7137891077636153

Task: turn on the stove light 5
Success: True
# episodes completed so far: 2590
# successes: 1849 (71.4%)
Current task success rate: 1.0
Current total success rate: 0.7138996138996139

Task: turn on the stove light 8
Success: True
# episodes completed so far: 2591
# successes: 1850 (71.4%)
Current task success rate: 1.0
Current total success rate: 0.7140100347356233
