Task suite: libero_spatial
num_tasks: 2402

Task: pick up the black bowl between the plate and the ramekin and place it on the plate table 1
Success: True
# episodes completed so far: 1
# successes: 1 (100.0%)
Current task success rate: 1.0
Current total success rate: 1.0

Task: pick up the black bowl between the plate and the ramekin and place it on the plate table 10
Success: True
# episodes completed so far: 2
# successes: 2 (100.0%)
Current task success rate: 1.0
Current total success rate: 1.0

Task: pick up the black bowl between the plate and the ramekin and place it on the plate table 12
Success: True
# episodes completed so far: 3
# successes: 3 (100.0%)
Current task success rate: 1.0
Current total success rate: 1.0

Task: pick up the black bowl between the plate and the ramekin and place it on the plate table 13
Success: True
# episodes completed so far: 4
# successes: 4 (100.0%)
Current task success rate: 1.0
Current total success rate: 1.0

Task: pick up the black bowl between the plate and the ramekin and place it on the plate table 14
Success: True
# episodes completed so far: 5
# successes: 5 (100.0%)
Current task success rate: 1.0
Current total success rate: 1.0

Task: pick up the black bowl between the plate and the ramekin and place it on the plate table 15
Success: True
# episodes completed so far: 6
# successes: 6 (100.0%)
Current task success rate: 1.0
Current total success rate: 1.0

Task: pick up the black bowl between the plate and the ramekin and place it on the plate table 16
Success: True
# episodes completed so far: 7
# successes: 7 (100.0%)
Current task success rate: 1.0
Current total success rate: 1.0

Task: pick up the black bowl between the plate and the ramekin and place it on the plate table 17
Success: True
# episodes completed so far: 8
# successes: 8 (100.0%)
Current task success rate: 1.0
Current total success rate: 1.0

Task: pick up the black bowl between the plate and the ramekin and place it on the plate table 18
Success: True
# episodes completed so far: 9
# successes: 9 (100.0%)
Current task success rate: 1.0
Current total success rate: 1.0

Task: pick up the black bowl between the plate and the ramekin and place it on the plate table 19
Success: True
# episodes completed so far: 10
# successes: 10 (100.0%)
Current task success rate: 1.0
Current total success rate: 1.0

Task: pick up the black bowl between the plate and the ramekin and place it on the plate table 2
Success: True
# episodes completed so far: 11
# successes: 11 (100.0%)
Current task success rate: 1.0
Current total success rate: 1.0

Task: pick up the black bowl between the plate and the ramekin and place it on the plate table 21
Success: True
# episodes completed so far: 12
# successes: 12 (100.0%)
Current task success rate: 1.0
Current total success rate: 1.0

Task: pick up the black bowl between the plate and the ramekin and place it on the plate table 22
Success: True
# episodes completed so far: 13
# successes: 13 (100.0%)
Current task success rate: 1.0
Current total success rate: 1.0

Task: pick up the black bowl between the plate and the ramekin and place it on the plate table 24
Success: True
# episodes completed so far: 14
# successes: 14 (100.0%)
Current task success rate: 1.0
Current total success rate: 1.0

Task: pick up the black bowl between the plate and the ramekin and place it on the plate table 27
Success: True
# episodes completed so far: 15
# successes: 15 (100.0%)
Current task success rate: 1.0
Current total success rate: 1.0

Task: pick up the black bowl between the plate and the ramekin and place it on the plate table 28
Success: True
# episodes completed so far: 16
# successes: 16 (100.0%)
Current task success rate: 1.0
Current total success rate: 1.0

Task: pick up the black bowl between the plate and the ramekin and place it on the plate table 5
Success: True
# episodes completed so far: 17
# successes: 17 (100.0%)
Current task success rate: 1.0
Current total success rate: 1.0

Task: pick up the black bowl between the plate and the ramekin and place it on the plate table 8
Success: True
# episodes completed so far: 18
# successes: 18 (100.0%)
Current task success rate: 1.0
Current total success rate: 1.0

Task: pick up the black bowl between the plate and the ramekin and place it on the plate table 9
Success: True
# episodes completed so far: 19
# successes: 19 (100.0%)
Current task success rate: 1.0
Current total success rate: 1.0

Task: pick up the black bowl between the plate and the ramekin and place it on the plate tb 12
Success: True
# episodes completed so far: 20
# successes: 20 (100.0%)
Current task success rate: 1.0
Current total success rate: 1.0

Task: pick up the black bowl between the plate and the ramekin and place it on the plate tb 18
Success: True
# episodes completed so far: 21
# successes: 21 (100.0%)
Current task success rate: 1.0
Current total success rate: 1.0

Task: pick up the black bowl between the plate and the ramekin and place it on the plate tb 2
Success: True
# episodes completed so far: 22
# successes: 22 (100.0%)
Current task success rate: 1.0
Current total success rate: 1.0

Task: pick up the black bowl between the plate and the ramekin and place it on the plate tb 20
Success: True
# episodes completed so far: 23
# successes: 23 (100.0%)
Current task success rate: 1.0
Current total success rate: 1.0

Task: pick up the black bowl between the plate and the ramekin and place it on the plate tb 21
Success: True
# episodes completed so far: 24
# successes: 24 (100.0%)
Current task success rate: 1.0
Current total success rate: 1.0

Task: pick up the black bowl between the plate and the ramekin and place it on the plate tb 22
Success: True
# episodes completed so far: 25
# successes: 25 (100.0%)
Current task success rate: 1.0
Current total success rate: 1.0

Task: pick up the black bowl between the plate and the ramekin and place it on the plate tb 5
Success: True
# episodes completed so far: 26
# successes: 26 (100.0%)
Current task success rate: 1.0
Current total success rate: 1.0

Task: pick up the black bowl between the plate and the ramekin and place it on the plate tb 6
Success: True
# episodes completed so far: 27
# successes: 27 (100.0%)
Current task success rate: 1.0
Current total success rate: 1.0

Task: pick up the black bowl between the plate and the ramekin and place it on the plate tb 7
Success: True
# episodes completed so far: 28
# successes: 28 (100.0%)
Current task success rate: 1.0
Current total success rate: 1.0

Task: pick up the black bowl between the plate and the ramekin and place it on the plate tb 9
Success: True
# episodes completed so far: 29
# successes: 29 (100.0%)
Current task success rate: 1.0
Current total success rate: 1.0

Task: pick up the black bowl from table center and place it on the plate table 11
Success: True
# episodes completed so far: 30
# successes: 30 (100.0%)
Current task success rate: 1.0
Current total success rate: 1.0

Task: pick up the black bowl from table center and place it on the plate table 12
Success: True
# episodes completed so far: 31
# successes: 31 (100.0%)
Current task success rate: 1.0
Current total success rate: 1.0

Task: pick up the black bowl from table center and place it on the plate table 13
Success: True
# episodes completed so far: 32
# successes: 32 (100.0%)
Current task success rate: 1.0
Current total success rate: 1.0

Task: pick up the black bowl from table center and place it on the plate table 14
Success: True
# episodes completed so far: 33
# successes: 33 (100.0%)
Current task success rate: 1.0
Current total success rate: 1.0

Task: pick up the black bowl from table center and place it on the plate table 15
Success: True
# episodes completed so far: 34
# successes: 34 (100.0%)
Current task success rate: 1.0
Current total success rate: 1.0

Task: pick up the black bowl from table center and place it on the plate table 16
Success: True
# episodes completed so far: 35
# successes: 35 (100.0%)
Current task success rate: 1.0
Current total success rate: 1.0

Task: pick up the black bowl from table center and place it on the plate table 17
Success: True
# episodes completed so far: 36
# successes: 36 (100.0%)
Current task success rate: 1.0
Current total success rate: 1.0

Task: pick up the black bowl from table center and place it on the plate table 18
Success: True
# episodes completed so far: 37
# successes: 37 (100.0%)
Current task success rate: 1.0
Current total success rate: 1.0

Task: pick up the black bowl from table center and place it on the plate table 19
Success: True
# episodes completed so far: 38
# successes: 38 (100.0%)
Current task success rate: 1.0
Current total success rate: 1.0

Task: pick up the black bowl from table center and place it on the plate table 20
Success: True
# episodes completed so far: 39
# successes: 39 (100.0%)
Current task success rate: 1.0
Current total success rate: 1.0

Task: pick up the black bowl from table center and place it on the plate table 21
Success: True
# episodes completed so far: 40
# successes: 40 (100.0%)
Current task success rate: 1.0
Current total success rate: 1.0

Task: pick up the black bowl from table center and place it on the plate table 22
Success: True
# episodes completed so far: 41
# successes: 41 (100.0%)
Current task success rate: 1.0
Current total success rate: 1.0

Task: pick up the black bowl from table center and place it on the plate table 23
Success: True
# episodes completed so far: 42
# successes: 42 (100.0%)
Current task success rate: 1.0
Current total success rate: 1.0

Task: pick up the black bowl from table center and place it on the plate table 24
Success: True
# episodes completed so far: 43
# successes: 43 (100.0%)
Current task success rate: 1.0
Current total success rate: 1.0

Task: pick up the black bowl from table center and place it on the plate table 25
Success: True
# episodes completed so far: 44
# successes: 44 (100.0%)
Current task success rate: 1.0
Current total success rate: 1.0

Task: pick up the black bowl from table center and place it on the plate table 26
Success: True
# episodes completed so far: 45
# successes: 45 (100.0%)
Current task success rate: 1.0
Current total success rate: 1.0

Task: pick up the black bowl from table center and place it on the plate table 27
Success: True
# episodes completed so far: 46
# successes: 46 (100.0%)
Current task success rate: 1.0
Current total success rate: 1.0

Task: pick up the black bowl from table center and place it on the plate table 3
Success: True
# episodes completed so far: 47
# successes: 47 (100.0%)
Current task success rate: 1.0
Current total success rate: 1.0

Task: pick up the black bowl from table center and place it on the plate table 4
Success: True
# episodes completed so far: 48
# successes: 48 (100.0%)
Current task success rate: 1.0
Current total success rate: 1.0

Task: pick up the black bowl from table center and place it on the plate table 5
Success: True
# episodes completed so far: 49
# successes: 49 (100.0%)
Current task success rate: 1.0
Current total success rate: 1.0

Task: pick up the black bowl from table center and place it on the plate table 6
Success: True
# episodes completed so far: 50
# successes: 50 (100.0%)
Current task success rate: 1.0
Current total success rate: 1.0

Task: pick up the black bowl from table center and place it on the plate table 7
Success: True
# episodes completed so far: 51
# successes: 51 (100.0%)
Current task success rate: 1.0
Current total success rate: 1.0

Task: pick up the black bowl from table center and place it on the plate table 8
Success: True
# episodes completed so far: 52
# successes: 52 (100.0%)
Current task success rate: 1.0
Current total success rate: 1.0

Task: pick up the black bowl from table center and place it on the plate tb 1
Success: True
# episodes completed so far: 53
# successes: 53 (100.0%)
Current task success rate: 1.0
Current total success rate: 1.0

Task: pick up the black bowl from table center and place it on the plate tb 10
Success: True
# episodes completed so far: 54
# successes: 54 (100.0%)
Current task success rate: 1.0
Current total success rate: 1.0

Task: pick up the black bowl from table center and place it on the plate tb 11
Success: True
# episodes completed so far: 55
# successes: 55 (100.0%)
Current task success rate: 1.0
Current total success rate: 1.0

Task: pick up the black bowl from table center and place it on the plate tb 12
Success: True
# episodes completed so far: 56
# successes: 56 (100.0%)
Current task success rate: 1.0
Current total success rate: 1.0

Task: pick up the black bowl from table center and place it on the plate tb 13
Success: True
# episodes completed so far: 57
# successes: 57 (100.0%)
Current task success rate: 1.0
Current total success rate: 1.0

Task: pick up the black bowl from table center and place it on the plate tb 14
Success: True
# episodes completed so far: 58
# successes: 58 (100.0%)
Current task success rate: 1.0
Current total success rate: 1.0

Task: pick up the black bowl from table center and place it on the plate tb 15
Success: True
# episodes completed so far: 59
# successes: 59 (100.0%)
Current task success rate: 1.0
Current total success rate: 1.0

Task: pick up the black bowl from table center and place it on the plate tb 16
Success: True
# episodes completed so far: 60
# successes: 60 (100.0%)
Current task success rate: 1.0
Current total success rate: 1.0

Task: pick up the black bowl from table center and place it on the plate tb 17
Success: True
# episodes completed so far: 61
# successes: 61 (100.0%)
Current task success rate: 1.0
Current total success rate: 1.0

Task: pick up the black bowl from table center and place it on the plate tb 18
Success: True
# episodes completed so far: 62
# successes: 62 (100.0%)
Current task success rate: 1.0
Current total success rate: 1.0

Task: pick up the black bowl from table center and place it on the plate tb 19
Success: True
# episodes completed so far: 63
# successes: 63 (100.0%)
Current task success rate: 1.0
Current total success rate: 1.0

Task: pick up the black bowl from table center and place it on the plate tb 2
Success: True
# episodes completed so far: 64
# successes: 64 (100.0%)
Current task success rate: 1.0
Current total success rate: 1.0

Task: pick up the black bowl from table center and place it on the plate tb 20
Success: True
# episodes completed so far: 65
# successes: 65 (100.0%)
Current task success rate: 1.0
Current total success rate: 1.0

Task: pick up the black bowl from table center and place it on the plate tb 21
Success: True
# episodes completed so far: 66
# successes: 66 (100.0%)
Current task success rate: 1.0
Current total success rate: 1.0

Task: pick up the black bowl from table center and place it on the plate tb 22
Success: True
# episodes completed so far: 67
# successes: 67 (100.0%)
Current task success rate: 1.0
Current total success rate: 1.0

Task: pick up the black bowl from table center and place it on the plate tb 23
Success: True
# episodes completed so far: 68
# successes: 68 (100.0%)
Current task success rate: 1.0
Current total success rate: 1.0

Task: pick up the black bowl from table center and place it on the plate tb 3
Success: True
# episodes completed so far: 69
# successes: 69 (100.0%)
Current task success rate: 1.0
Current total success rate: 1.0

Task: pick up the black bowl from table center and place it on the plate tb 4
Success: True
# episodes completed so far: 70
# successes: 70 (100.0%)
Current task success rate: 1.0
Current total success rate: 1.0

Task: pick up the black bowl from table center and place it on the plate tb 5
Success: True
# episodes completed so far: 71
# successes: 71 (100.0%)
Current task success rate: 1.0
Current total success rate: 1.0

Task: pick up the black bowl from table center and place it on the plate tb 6
Success: True
# episodes completed so far: 72
# successes: 72 (100.0%)
Current task success rate: 1.0
Current total success rate: 1.0

Task: pick up the black bowl from table center and place it on the plate tb 7
Success: True
# episodes completed so far: 73
# successes: 73 (100.0%)
Current task success rate: 1.0
Current total success rate: 1.0

Task: pick up the black bowl from table center and place it on the plate tb 8
Success: True
# episodes completed so far: 74
# successes: 74 (100.0%)
Current task success rate: 1.0
Current total success rate: 1.0

Task: pick up the black bowl from table center and place it on the plate tb 9
Success: True
# episodes completed so far: 75
# successes: 75 (100.0%)
Current task success rate: 1.0
Current total success rate: 1.0

Task: pick up the black bowl in the top drawer of the wooden cabinet and place it on the plate table 12
Success: True
# episodes completed so far: 76
# successes: 76 (100.0%)
Current task success rate: 1.0
Current total success rate: 1.0

Task: pick up the black bowl in the top drawer of the wooden cabinet and place it on the plate table 15
Success: True
# episodes completed so far: 77
# successes: 77 (100.0%)
Current task success rate: 1.0
Current total success rate: 1.0

Task: pick up the black bowl in the top drawer of the wooden cabinet and place it on the plate table 17
Success: True
# episodes completed so far: 78
# successes: 78 (100.0%)
Current task success rate: 1.0
Current total success rate: 1.0

Task: pick up the black bowl in the top drawer of the wooden cabinet and place it on the plate table 19
Success: True
# episodes completed so far: 79
# successes: 79 (100.0%)
Current task success rate: 1.0
Current total success rate: 1.0

Task: pick up the black bowl in the top drawer of the wooden cabinet and place it on the plate table 2
Success: True
# episodes completed so far: 80
# successes: 80 (100.0%)
Current task success rate: 1.0
Current total success rate: 1.0

Task: pick up the black bowl in the top drawer of the wooden cabinet and place it on the plate table 22
Success: True
# episodes completed so far: 81
# successes: 81 (100.0%)
Current task success rate: 1.0
Current total success rate: 1.0

Task: pick up the black bowl in the top drawer of the wooden cabinet and place it on the plate table 23
Success: True
# episodes completed so far: 82
# successes: 82 (100.0%)
Current task success rate: 1.0
Current total success rate: 1.0

Task: pick up the black bowl in the top drawer of the wooden cabinet and place it on the plate table 24
Success: True
# episodes completed so far: 83
# successes: 83 (100.0%)
Current task success rate: 1.0
Current total success rate: 1.0

Task: pick up the black bowl in the top drawer of the wooden cabinet and place it on the plate table 25
Success: True
# episodes completed so far: 84
# successes: 84 (100.0%)
Current task success rate: 1.0
Current total success rate: 1.0

Task: pick up the black bowl in the top drawer of the wooden cabinet and place it on the plate table 26
Success: True
# episodes completed so far: 85
# successes: 85 (100.0%)
Current task success rate: 1.0
Current total success rate: 1.0

Task: pick up the black bowl in the top drawer of the wooden cabinet and place it on the plate table 27
Success: True
# episodes completed so far: 86
# successes: 86 (100.0%)
Current task success rate: 1.0
Current total success rate: 1.0

Task: pick up the black bowl in the top drawer of the wooden cabinet and place it on the plate table 3
Success: True
# episodes completed so far: 87
# successes: 87 (100.0%)
Current task success rate: 1.0
Current total success rate: 1.0

Task: pick up the black bowl in the top drawer of the wooden cabinet and place it on the plate table 4
Success: True
# episodes completed so far: 88
# successes: 88 (100.0%)
Current task success rate: 1.0
Current total success rate: 1.0

Task: pick up the black bowl in the top drawer of the wooden cabinet and place it on the plate table 5
Success: True
# episodes completed so far: 89
# successes: 89 (100.0%)
Current task success rate: 1.0
Current total success rate: 1.0

Task: pick up the black bowl in the top drawer of the wooden cabinet and place it on the plate table 7
Success: True
# episodes completed so far: 90
# successes: 90 (100.0%)
Current task success rate: 1.0
Current total success rate: 1.0

Task: pick up the black bowl in the top drawer of the wooden cabinet and place it on the plate table 8
Success: True
# episodes completed so far: 91
# successes: 91 (100.0%)
Current task success rate: 1.0
Current total success rate: 1.0

Task: pick up the black bowl in the top drawer of the wooden cabinet and place it on the plate table 9
Success: True
# episodes completed so far: 92
# successes: 92 (100.0%)
Current task success rate: 1.0
Current total success rate: 1.0

Task: pick up the black bowl in the top drawer of the wooden cabinet and place it on the plate tb 1
Success: True
# episodes completed so far: 93
# successes: 93 (100.0%)
Current task success rate: 1.0
Current total success rate: 1.0

Task: pick up the black bowl in the top drawer of the wooden cabinet and place it on the plate tb 12
Success: True
# episodes completed so far: 94
# successes: 94 (100.0%)
Current task success rate: 1.0
Current total success rate: 1.0

Task: pick up the black bowl in the top drawer of the wooden cabinet and place it on the plate tb 16
Success: True
# episodes completed so far: 95
# successes: 95 (100.0%)
Current task success rate: 1.0
Current total success rate: 1.0

Task: pick up the black bowl in the top drawer of the wooden cabinet and place it on the plate tb 17
Success: True
# episodes completed so far: 96
# successes: 96 (100.0%)
Current task success rate: 1.0
Current total success rate: 1.0

Task: pick up the black bowl in the top drawer of the wooden cabinet and place it on the plate tb 19
Success: True
# episodes completed so far: 97
# successes: 97 (100.0%)
Current task success rate: 1.0
Current total success rate: 1.0

Task: pick up the black bowl in the top drawer of the wooden cabinet and place it on the plate tb 21
Success: True
# episodes completed so far: 98
# successes: 98 (100.0%)
Current task success rate: 1.0
Current total success rate: 1.0

Task: pick up the black bowl in the top drawer of the wooden cabinet and place it on the plate tb 22
Success: True
# episodes completed so far: 99
# successes: 99 (100.0%)
Current task success rate: 1.0
Current total success rate: 1.0

Task: pick up the black bowl in the top drawer of the wooden cabinet and place it on the plate tb 7
Success: True
# episodes completed so far: 100
# successes: 100 (100.0%)
Current task success rate: 1.0
Current total success rate: 1.0

Task: pick up the black bowl in the top drawer of the wooden cabinet and place it on the plate tb 9
Success: True
# episodes completed so far: 101
# successes: 101 (100.0%)
Current task success rate: 1.0
Current total success rate: 1.0

Task: pick up the black bowl next to the cookie box and place it on the plate table 1
Success: True
# episodes completed so far: 102
# successes: 102 (100.0%)
Current task success rate: 1.0
Current total success rate: 1.0

Task: pick up the black bowl next to the cookie box and place it on the plate table 10
Success: True
# episodes completed so far: 103
# successes: 103 (100.0%)
Current task success rate: 1.0
Current total success rate: 1.0

Task: pick up the black bowl next to the cookie box and place it on the plate table 12
Success: True
# episodes completed so far: 104
# successes: 104 (100.0%)
Current task success rate: 1.0
Current total success rate: 1.0

Task: pick up the black bowl next to the cookie box and place it on the plate table 13
Success: True
# episodes completed so far: 105
# successes: 105 (100.0%)
Current task success rate: 1.0
Current total success rate: 1.0

Task: pick up the black bowl next to the cookie box and place it on the plate table 21
Success: True
# episodes completed so far: 106
# successes: 106 (100.0%)
Current task success rate: 1.0
Current total success rate: 1.0

Task: pick up the black bowl next to the cookie box and place it on the plate table 22
Success: True
# episodes completed so far: 107
# successes: 107 (100.0%)
Current task success rate: 1.0
Current total success rate: 1.0

Task: pick up the black bowl next to the cookie box and place it on the plate table 23
Success: True
# episodes completed so far: 108
# successes: 108 (100.0%)
Current task success rate: 1.0
Current total success rate: 1.0

Task: pick up the black bowl next to the cookie box and place it on the plate table 9
Success: True
# episodes completed so far: 109
# successes: 109 (100.0%)
Current task success rate: 1.0
Current total success rate: 1.0

Task: pick up the black bowl next to the cookie box and place it on the plate tb 10
Success: True
# episodes completed so far: 110
# successes: 110 (100.0%)
Current task success rate: 1.0
Current total success rate: 1.0

Task: pick up the black bowl next to the cookie box and place it on the plate tb 12
Success: True
# episodes completed so far: 111
# successes: 111 (100.0%)
Current task success rate: 1.0
Current total success rate: 1.0

Task: pick up the black bowl next to the cookie box and place it on the plate tb 14
Success: True
# episodes completed so far: 112
# successes: 112 (100.0%)
Current task success rate: 1.0
Current total success rate: 1.0

Task: pick up the black bowl next to the cookie box and place it on the plate tb 15
Success: True
# episodes completed so far: 113
# successes: 113 (100.0%)
Current task success rate: 1.0
Current total success rate: 1.0

Task: pick up the black bowl next to the cookie box and place it on the plate tb 17
Success: True
# episodes completed so far: 114
# successes: 114 (100.0%)
Current task success rate: 1.0
Current total success rate: 1.0

Task: pick up the black bowl next to the cookie box and place it on the plate tb 18
Success: True
# episodes completed so far: 115
# successes: 115 (100.0%)
Current task success rate: 1.0
Current total success rate: 1.0

Task: pick up the black bowl next to the cookie box and place it on the plate tb 19
Success: True
# episodes completed so far: 116
# successes: 116 (100.0%)
Current task success rate: 1.0
Current total success rate: 1.0

Task: pick up the black bowl next to the cookie box and place it on the plate tb 2
Success: True
# episodes completed so far: 117
# successes: 117 (100.0%)
Current task success rate: 1.0
Current total success rate: 1.0

Task: pick up the black bowl next to the cookie box and place it on the plate tb 20
Success: True
# episodes completed so far: 118
# successes: 118 (100.0%)
Current task success rate: 1.0
Current total success rate: 1.0

Task: pick up the black bowl next to the cookie box and place it on the plate tb 21
Success: True
# episodes completed so far: 119
# successes: 119 (100.0%)
Current task success rate: 1.0
Current total success rate: 1.0

Task: pick up the black bowl next to the cookie box and place it on the plate tb 3
Success: True
# episodes completed so far: 120
# successes: 120 (100.0%)
Current task success rate: 1.0
Current total success rate: 1.0

Task: pick up the black bowl next to the cookie box and place it on the plate tb 9
Success: True
# episodes completed so far: 121
# successes: 121 (100.0%)
Current task success rate: 1.0
Current total success rate: 1.0

Task: pick up the black bowl next to the plate and place it on the plate table 1
Success: True
# episodes completed so far: 122
# successes: 122 (100.0%)
Current task success rate: 1.0
Current total success rate: 1.0

Task: pick up the black bowl next to the plate and place it on the plate table 12
Success: True
# episodes completed so far: 123
# successes: 123 (100.0%)
Current task success rate: 1.0
Current total success rate: 1.0

Task: pick up the black bowl next to the plate and place it on the plate table 16
Success: True
# episodes completed so far: 124
# successes: 124 (100.0%)
Current task success rate: 1.0
Current total success rate: 1.0

Task: pick up the black bowl next to the plate and place it on the plate table 24
Success: True
# episodes completed so far: 125
# successes: 125 (100.0%)
Current task success rate: 1.0
Current total success rate: 1.0

Task: pick up the black bowl next to the plate and place it on the plate table 3
Success: True
# episodes completed so far: 126
# successes: 126 (100.0%)
Current task success rate: 1.0
Current total success rate: 1.0

Task: pick up the black bowl next to the plate and place it on the plate table 7
Success: True
# episodes completed so far: 127
# successes: 127 (100.0%)
Current task success rate: 1.0
Current total success rate: 1.0

Task: pick up the black bowl next to the ramekin and place it on the plate table 1
Success: True
# episodes completed so far: 128
# successes: 128 (100.0%)
Current task success rate: 1.0
Current total success rate: 1.0

Task: pick up the black bowl next to the ramekin and place it on the plate table 10
Success: True
# episodes completed so far: 129
# successes: 129 (100.0%)
Current task success rate: 1.0
Current total success rate: 1.0

Task: pick up the black bowl next to the ramekin and place it on the plate table 12
Success: True
# episodes completed so far: 130
# successes: 130 (100.0%)
Current task success rate: 1.0
Current total success rate: 1.0

Task: pick up the black bowl next to the ramekin and place it on the plate table 13
Success: False
# episodes completed so far: 131
# successes: 130 (99.2%)
Current task success rate: 0.0
Current total success rate: 0.9923664122137404

Task: pick up the black bowl next to the ramekin and place it on the plate table 3
Success: True
# episodes completed so far: 132
# successes: 131 (99.2%)
Current task success rate: 1.0
Current total success rate: 0.9924242424242424

Task: pick up the black bowl next to the ramekin and place it on the plate table 9
Success: True
# episodes completed so far: 133
# successes: 132 (99.2%)
Current task success rate: 1.0
Current total success rate: 0.9924812030075187

Task: pick up the black bowl next to the ramekin and place it on the plate tb 19
Success: True
# episodes completed so far: 134
# successes: 133 (99.3%)
Current task success rate: 1.0
Current total success rate: 0.9925373134328358

Task: pick up the black bowl next to the ramekin and place it on the plate tb 20
Success: True
# episodes completed so far: 135
# successes: 134 (99.3%)
Current task success rate: 1.0
Current total success rate: 0.9925925925925926

Task: pick up the black bowl next to the ramekin and place it on the plate tb 21
Success: True
# episodes completed so far: 136
# successes: 135 (99.3%)
Current task success rate: 1.0
Current total success rate: 0.9926470588235294

Task: pick up the black bowl next to the ramekin and place it on the plate tb 3
Success: True
# episodes completed so far: 137
# successes: 136 (99.3%)
Current task success rate: 1.0
Current total success rate: 0.9927007299270073

Task: pick up the black bowl on the cookie box and place it on the plate table 11
Success: True
# episodes completed so far: 138
# successes: 137 (99.3%)
Current task success rate: 1.0
Current total success rate: 0.9927536231884058

Task: pick up the black bowl on the cookie box and place it on the plate table 12
Success: True
# episodes completed so far: 139
# successes: 138 (99.3%)
Current task success rate: 1.0
Current total success rate: 0.9928057553956835

Task: pick up the black bowl on the cookie box and place it on the plate table 13
Success: True
# episodes completed so far: 140
# successes: 139 (99.3%)
Current task success rate: 1.0
Current total success rate: 0.9928571428571429

Task: pick up the black bowl on the cookie box and place it on the plate table 16
Success: True
# episodes completed so far: 141
# successes: 140 (99.3%)
Current task success rate: 1.0
Current total success rate: 0.9929078014184397

Task: pick up the black bowl on the cookie box and place it on the plate table 22
Success: True
# episodes completed so far: 142
# successes: 141 (99.3%)
Current task success rate: 1.0
Current total success rate: 0.9929577464788732

Task: pick up the black bowl on the cookie box and place it on the plate table 23
Success: True
# episodes completed so far: 143
# successes: 142 (99.3%)
Current task success rate: 1.0
Current total success rate: 0.993006993006993

Task: pick up the black bowl on the cookie box and place it on the plate table 25
Success: True
# episodes completed so far: 144
# successes: 143 (99.3%)
Current task success rate: 1.0
Current total success rate: 0.9930555555555556

Task: pick up the black bowl on the cookie box and place it on the plate table 26
Success: True
# episodes completed so far: 145
# successes: 144 (99.3%)
Current task success rate: 1.0
Current total success rate: 0.993103448275862

Task: pick up the black bowl on the cookie box and place it on the plate table 27
Success: True
# episodes completed so far: 146
# successes: 145 (99.3%)
Current task success rate: 1.0
Current total success rate: 0.9931506849315068

Task: pick up the black bowl on the cookie box and place it on the plate table 4
Success: True
# episodes completed so far: 147
# successes: 146 (99.3%)
Current task success rate: 1.0
Current total success rate: 0.9931972789115646

Task: pick up the black bowl on the cookie box and place it on the plate table 5
Success: True
# episodes completed so far: 148
# successes: 147 (99.3%)
Current task success rate: 1.0
Current total success rate: 0.9932432432432432

Task: pick up the black bowl on the cookie box and place it on the plate tb 1
Success: True
# episodes completed so far: 149
# successes: 148 (99.3%)
Current task success rate: 1.0
Current total success rate: 0.9932885906040269

Task: pick up the black bowl on the cookie box and place it on the plate tb 10
Success: True
# episodes completed so far: 150
# successes: 149 (99.3%)
Current task success rate: 1.0
Current total success rate: 0.9933333333333333

Task: pick up the black bowl on the cookie box and place it on the plate tb 11
Success: True
# episodes completed so far: 151
# successes: 150 (99.3%)
Current task success rate: 1.0
Current total success rate: 0.9933774834437086

Task: pick up the black bowl on the cookie box and place it on the plate tb 12
Success: True
# episodes completed so far: 152
# successes: 151 (99.3%)
Current task success rate: 1.0
Current total success rate: 0.993421052631579

Task: pick up the black bowl on the cookie box and place it on the plate tb 13
Success: True
# episodes completed so far: 153
# successes: 152 (99.3%)
Current task success rate: 1.0
Current total success rate: 0.9934640522875817

Task: pick up the black bowl on the cookie box and place it on the plate tb 14
Success: True
# episodes completed so far: 154
# successes: 153 (99.4%)
Current task success rate: 1.0
Current total success rate: 0.9935064935064936

Task: pick up the black bowl on the cookie box and place it on the plate tb 15
Success: True
# episodes completed so far: 155
# successes: 154 (99.4%)
Current task success rate: 1.0
Current total success rate: 0.9935483870967742

Task: pick up the black bowl on the cookie box and place it on the plate tb 16
Success: True
# episodes completed so far: 156
# successes: 155 (99.4%)
Current task success rate: 1.0
Current total success rate: 0.9935897435897436

Task: pick up the black bowl on the cookie box and place it on the plate tb 17
Success: True
# episodes completed so far: 157
# successes: 156 (99.4%)
Current task success rate: 1.0
Current total success rate: 0.9936305732484076

Task: pick up the black bowl on the cookie box and place it on the plate tb 18
Success: True
# episodes completed so far: 158
# successes: 157 (99.4%)
Current task success rate: 1.0
Current total success rate: 0.9936708860759493

Task: pick up the black bowl on the cookie box and place it on the plate tb 19
Success: True
# episodes completed so far: 159
# successes: 158 (99.4%)
Current task success rate: 1.0
Current total success rate: 0.9937106918238994

Task: pick up the black bowl on the cookie box and place it on the plate tb 2
Success: True
# episodes completed so far: 160
# successes: 159 (99.4%)
Current task success rate: 1.0
Current total success rate: 0.99375

Task: pick up the black bowl on the cookie box and place it on the plate tb 21
Success: True
# episodes completed so far: 161
# successes: 160 (99.4%)
Current task success rate: 1.0
Current total success rate: 0.9937888198757764

Task: pick up the black bowl on the cookie box and place it on the plate tb 22
Success: True
# episodes completed so far: 162
# successes: 161 (99.4%)
Current task success rate: 1.0
Current total success rate: 0.9938271604938271

Task: pick up the black bowl on the cookie box and place it on the plate tb 23
Success: False
# episodes completed so far: 163
# successes: 161 (98.8%)
Current task success rate: 0.0
Current total success rate: 0.9877300613496932

Task: pick up the black bowl on the cookie box and place it on the plate tb 3
Success: True
# episodes completed so far: 164
# successes: 162 (98.8%)
Current task success rate: 1.0
Current total success rate: 0.9878048780487805

Task: pick up the black bowl on the cookie box and place it on the plate tb 5
Success: True
# episodes completed so far: 165
# successes: 163 (98.8%)
Current task success rate: 1.0
Current total success rate: 0.9878787878787879

Task: pick up the black bowl on the cookie box and place it on the plate tb 6
Success: True
# episodes completed so far: 166
# successes: 164 (98.8%)
Current task success rate: 1.0
Current total success rate: 0.9879518072289156

Task: pick up the black bowl on the cookie box and place it on the plate tb 8
Success: True
# episodes completed so far: 167
# successes: 165 (98.8%)
Current task success rate: 1.0
Current total success rate: 0.9880239520958084

Task: pick up the black bowl on the cookie box and place it on the plate tb 9
Success: True
# episodes completed so far: 168
# successes: 166 (98.8%)
Current task success rate: 1.0
Current total success rate: 0.9880952380952381

Task: pick up the black bowl on the ramekin and place it on the plate table 1
Success: True
# episodes completed so far: 169
# successes: 167 (98.8%)
Current task success rate: 1.0
Current total success rate: 0.9881656804733728

Task: pick up the black bowl on the ramekin and place it on the plate table 10
Success: True
# episodes completed so far: 170
# successes: 168 (98.8%)
Current task success rate: 1.0
Current total success rate: 0.9882352941176471

Task: pick up the black bowl on the ramekin and place it on the plate table 12
Success: True
# episodes completed so far: 171
# successes: 169 (98.8%)
Current task success rate: 1.0
Current total success rate: 0.9883040935672515

Task: pick up the black bowl on the ramekin and place it on the plate table 13
Success: True
# episodes completed so far: 172
# successes: 170 (98.8%)
Current task success rate: 1.0
Current total success rate: 0.9883720930232558

Task: pick up the black bowl on the ramekin and place it on the plate table 15
Success: True
# episodes completed so far: 173
# successes: 171 (98.8%)
Current task success rate: 1.0
Current total success rate: 0.9884393063583815

Task: pick up the black bowl on the ramekin and place it on the plate table 16
Success: True
# episodes completed so far: 174
# successes: 172 (98.9%)
Current task success rate: 1.0
Current total success rate: 0.9885057471264368

Task: pick up the black bowl on the ramekin and place it on the plate table 17
Success: True
# episodes completed so far: 175
# successes: 173 (98.9%)
Current task success rate: 1.0
Current total success rate: 0.9885714285714285

Task: pick up the black bowl on the ramekin and place it on the plate table 18
Success: True
# episodes completed so far: 176
# successes: 174 (98.9%)
Current task success rate: 1.0
Current total success rate: 0.9886363636363636

Task: pick up the black bowl on the ramekin and place it on the plate table 19
Success: True
# episodes completed so far: 177
# successes: 175 (98.9%)
Current task success rate: 1.0
Current total success rate: 0.9887005649717514

Task: pick up the black bowl on the ramekin and place it on the plate table 2
Success: True
# episodes completed so far: 178
# successes: 176 (98.9%)
Current task success rate: 1.0
Current total success rate: 0.9887640449438202

Task: pick up the black bowl on the ramekin and place it on the plate table 20
Success: True
# episodes completed so far: 179
# successes: 177 (98.9%)
Current task success rate: 1.0
Current total success rate: 0.9888268156424581

Task: pick up the black bowl on the ramekin and place it on the plate table 23
Success: True
# episodes completed so far: 180
# successes: 178 (98.9%)
Current task success rate: 1.0
Current total success rate: 0.9888888888888889

Task: pick up the black bowl on the ramekin and place it on the plate table 24
Success: True
# episodes completed so far: 181
# successes: 179 (98.9%)
Current task success rate: 1.0
Current total success rate: 0.988950276243094

Task: pick up the black bowl on the ramekin and place it on the plate table 25
Success: True
# episodes completed so far: 182
# successes: 180 (98.9%)
Current task success rate: 1.0
Current total success rate: 0.989010989010989

Task: pick up the black bowl on the ramekin and place it on the plate table 26
Success: True
# episodes completed so far: 183
# successes: 181 (98.9%)
Current task success rate: 1.0
Current total success rate: 0.9890710382513661

Task: pick up the black bowl on the ramekin and place it on the plate table 3
Success: True
# episodes completed so far: 184
# successes: 182 (98.9%)
Current task success rate: 1.0
Current total success rate: 0.9891304347826086

Task: pick up the black bowl on the ramekin and place it on the plate table 5
Success: False
# episodes completed so far: 185
# successes: 182 (98.4%)
Current task success rate: 0.0
Current total success rate: 0.9837837837837838

Task: pick up the black bowl on the ramekin and place it on the plate table 6
Success: True
# episodes completed so far: 186
# successes: 183 (98.4%)
Current task success rate: 1.0
Current total success rate: 0.9838709677419355

Task: pick up the black bowl on the ramekin and place it on the plate table 8
Success: True
# episodes completed so far: 187
# successes: 184 (98.4%)
Current task success rate: 1.0
Current total success rate: 0.983957219251337

Task: pick up the black bowl on the ramekin and place it on the plate table 9
Success: True
# episodes completed so far: 188
# successes: 185 (98.4%)
Current task success rate: 1.0
Current total success rate: 0.9840425531914894

Task: pick up the black bowl on the ramekin and place it on the plate tb 1
Success: True
# episodes completed so far: 189
# successes: 186 (98.4%)
Current task success rate: 1.0
Current total success rate: 0.9841269841269841

Task: pick up the black bowl on the ramekin and place it on the plate tb 11
Success: False
# episodes completed so far: 190
# successes: 186 (97.9%)
Current task success rate: 0.0
Current total success rate: 0.9789473684210527

Task: pick up the black bowl on the ramekin and place it on the plate tb 12
Success: True
# episodes completed so far: 191
# successes: 187 (97.9%)
Current task success rate: 1.0
Current total success rate: 0.9790575916230366

Task: pick up the black bowl on the ramekin and place it on the plate tb 14
Success: True
# episodes completed so far: 192
# successes: 188 (97.9%)
Current task success rate: 1.0
Current total success rate: 0.9791666666666666

Task: pick up the black bowl on the ramekin and place it on the plate tb 16
Success: True
# episodes completed so far: 193
# successes: 189 (97.9%)
Current task success rate: 1.0
Current total success rate: 0.9792746113989638

Task: pick up the black bowl on the ramekin and place it on the plate tb 17
Success: True
# episodes completed so far: 194
# successes: 190 (97.9%)
Current task success rate: 1.0
Current total success rate: 0.979381443298969

Task: pick up the black bowl on the ramekin and place it on the plate tb 18
Success: True
# episodes completed so far: 195
# successes: 191 (97.9%)
Current task success rate: 1.0
Current total success rate: 0.9794871794871794

Task: pick up the black bowl on the ramekin and place it on the plate tb 19
Success: True
# episodes completed so far: 196
# successes: 192 (98.0%)
Current task success rate: 1.0
Current total success rate: 0.9795918367346939

Task: pick up the black bowl on the ramekin and place it on the plate tb 22
Success: True
# episodes completed so far: 197
# successes: 193 (98.0%)
Current task success rate: 1.0
Current total success rate: 0.9796954314720813

Task: pick up the black bowl on the ramekin and place it on the plate tb 3
Success: True
# episodes completed so far: 198
# successes: 194 (98.0%)
Current task success rate: 1.0
Current total success rate: 0.9797979797979798

Task: pick up the black bowl on the ramekin and place it on the plate tb 4
Success: True
# episodes completed so far: 199
# successes: 195 (98.0%)
Current task success rate: 1.0
Current total success rate: 0.9798994974874372

Task: pick up the black bowl on the ramekin and place it on the plate tb 5
Success: True
# episodes completed so far: 200
# successes: 196 (98.0%)
Current task success rate: 1.0
Current total success rate: 0.98

Task: pick up the black bowl on the ramekin and place it on the plate tb 6
Success: True
# episodes completed so far: 201
# successes: 197 (98.0%)
Current task success rate: 1.0
Current total success rate: 0.9800995024875622

Task: pick up the black bowl on the ramekin and place it on the plate tb 8
Success: True
# episodes completed so far: 202
# successes: 198 (98.0%)
Current task success rate: 1.0
Current total success rate: 0.9801980198019802

Task: pick up the black bowl on the ramekin and place it on the plate tb 9
Success: True
# episodes completed so far: 203
# successes: 199 (98.0%)
Current task success rate: 1.0
Current total success rate: 0.9802955665024631

Task: pick up the black bowl on the stove and place it on the plate table 1
Success: True
# episodes completed so far: 204
# successes: 200 (98.0%)
Current task success rate: 1.0
Current total success rate: 0.9803921568627451

Task: pick up the black bowl on the stove and place it on the plate table 10
Success: True
# episodes completed so far: 205
# successes: 201 (98.0%)
Current task success rate: 1.0
Current total success rate: 0.9804878048780488

Task: pick up the black bowl on the stove and place it on the plate table 11
Success: True
# episodes completed so far: 206
# successes: 202 (98.1%)
Current task success rate: 1.0
Current total success rate: 0.9805825242718447

Task: pick up the black bowl on the stove and place it on the plate table 12
Success: True
# episodes completed so far: 207
# successes: 203 (98.1%)
Current task success rate: 1.0
Current total success rate: 0.9806763285024155

Task: pick up the black bowl on the stove and place it on the plate table 14
Success: True
# episodes completed so far: 208
# successes: 204 (98.1%)
Current task success rate: 1.0
Current total success rate: 0.9807692307692307

Task: pick up the black bowl on the stove and place it on the plate table 15
Success: True
# episodes completed so far: 209
# successes: 205 (98.1%)
Current task success rate: 1.0
Current total success rate: 0.9808612440191388

Task: pick up the black bowl on the stove and place it on the plate table 18
Success: True
# episodes completed so far: 210
# successes: 206 (98.1%)
Current task success rate: 1.0
Current total success rate: 0.9809523809523809

Task: pick up the black bowl on the stove and place it on the plate table 19
Success: True
# episodes completed so far: 211
# successes: 207 (98.1%)
Current task success rate: 1.0
Current total success rate: 0.981042654028436

Task: pick up the black bowl on the stove and place it on the plate table 2
Success: True
# episodes completed so far: 212
# successes: 208 (98.1%)
Current task success rate: 1.0
Current total success rate: 0.9811320754716981

Task: pick up the black bowl on the stove and place it on the plate table 20
Success: True
# episodes completed so far: 213
# successes: 209 (98.1%)
Current task success rate: 1.0
Current total success rate: 0.9812206572769953

Task: pick up the black bowl on the stove and place it on the plate table 21
Success: True
# episodes completed so far: 214
# successes: 210 (98.1%)
Current task success rate: 1.0
Current total success rate: 0.9813084112149533

Task: pick up the black bowl on the stove and place it on the plate table 22
Success: True
# episodes completed so far: 215
# successes: 211 (98.1%)
Current task success rate: 1.0
Current total success rate: 0.9813953488372092

Task: pick up the black bowl on the stove and place it on the plate table 23
Success: True
# episodes completed so far: 216
# successes: 212 (98.1%)
Current task success rate: 1.0
Current total success rate: 0.9814814814814815

Task: pick up the black bowl on the stove and place it on the plate table 24
Success: True
# episodes completed so far: 217
# successes: 213 (98.2%)
Current task success rate: 1.0
Current total success rate: 0.9815668202764977

Task: pick up the black bowl on the stove and place it on the plate table 25
Success: True
# episodes completed so far: 218
# successes: 214 (98.2%)
Current task success rate: 1.0
Current total success rate: 0.981651376146789

Task: pick up the black bowl on the stove and place it on the plate table 26
Success: True
# episodes completed so far: 219
# successes: 215 (98.2%)
Current task success rate: 1.0
Current total success rate: 0.9817351598173516

Task: pick up the black bowl on the stove and place it on the plate table 3
Success: True
# episodes completed so far: 220
# successes: 216 (98.2%)
Current task success rate: 1.0
Current total success rate: 0.9818181818181818

Task: pick up the black bowl on the stove and place it on the plate table 4
Success: True
# episodes completed so far: 221
# successes: 217 (98.2%)
Current task success rate: 1.0
Current total success rate: 0.9819004524886877

Task: pick up the black bowl on the stove and place it on the plate table 6
Success: True
# episodes completed so far: 222
# successes: 218 (98.2%)
Current task success rate: 1.0
Current total success rate: 0.9819819819819819

Task: pick up the black bowl on the stove and place it on the plate table 7
Success: True
# episodes completed so far: 223
# successes: 219 (98.2%)
Current task success rate: 1.0
Current total success rate: 0.9820627802690582

Task: pick up the black bowl on the stove and place it on the plate table 9
Success: True
# episodes completed so far: 224
# successes: 220 (98.2%)
Current task success rate: 1.0
Current total success rate: 0.9821428571428571

Task: pick up the black bowl on the stove and place it on the plate tb 1
Success: True
# episodes completed so far: 225
# successes: 221 (98.2%)
Current task success rate: 1.0
Current total success rate: 0.9822222222222222

Task: pick up the black bowl on the stove and place it on the plate tb 10
Success: True
# episodes completed so far: 226
# successes: 222 (98.2%)
Current task success rate: 1.0
Current total success rate: 0.9823008849557522

Task: pick up the black bowl on the stove and place it on the plate tb 11
Success: True
# episodes completed so far: 227
# successes: 223 (98.2%)
Current task success rate: 1.0
Current total success rate: 0.9823788546255506

Task: pick up the black bowl on the stove and place it on the plate tb 12
Success: True
# episodes completed so far: 228
# successes: 224 (98.2%)
Current task success rate: 1.0
Current total success rate: 0.9824561403508771

Task: pick up the black bowl on the stove and place it on the plate tb 14
Success: True
# episodes completed so far: 229
# successes: 225 (98.3%)
Current task success rate: 1.0
Current total success rate: 0.982532751091703

Task: pick up the black bowl on the stove and place it on the plate tb 15
Success: True
# episodes completed so far: 230
# successes: 226 (98.3%)
Current task success rate: 1.0
Current total success rate: 0.9826086956521739

Task: pick up the black bowl on the stove and place it on the plate tb 16
Success: True
# episodes completed so far: 231
# successes: 227 (98.3%)
Current task success rate: 1.0
Current total success rate: 0.9826839826839827

Task: pick up the black bowl on the stove and place it on the plate tb 18
Success: True
# episodes completed so far: 232
# successes: 228 (98.3%)
Current task success rate: 1.0
Current total success rate: 0.9827586206896551

Task: pick up the black bowl on the stove and place it on the plate tb 19
Success: True
# episodes completed so far: 233
# successes: 229 (98.3%)
Current task success rate: 1.0
Current total success rate: 0.9828326180257511

Task: pick up the black bowl on the stove and place it on the plate tb 2
Success: True
# episodes completed so far: 234
# successes: 230 (98.3%)
Current task success rate: 1.0
Current total success rate: 0.9829059829059829

Task: pick up the black bowl on the stove and place it on the plate tb 20
Success: True
# episodes completed so far: 235
# successes: 231 (98.3%)
Current task success rate: 1.0
Current total success rate: 0.9829787234042553

Task: pick up the black bowl on the stove and place it on the plate tb 21
Success: True
# episodes completed so far: 236
# successes: 232 (98.3%)
Current task success rate: 1.0
Current total success rate: 0.9830508474576272

Task: pick up the black bowl on the stove and place it on the plate tb 22
Success: True
# episodes completed so far: 237
# successes: 233 (98.3%)
Current task success rate: 1.0
Current total success rate: 0.9831223628691983

Task: pick up the black bowl on the stove and place it on the plate tb 23
Success: True
# episodes completed so far: 238
# successes: 234 (98.3%)
Current task success rate: 1.0
Current total success rate: 0.9831932773109243

Task: pick up the black bowl on the stove and place it on the plate tb 3
Success: True
# episodes completed so far: 239
# successes: 235 (98.3%)
Current task success rate: 1.0
Current total success rate: 0.9832635983263598

Task: pick up the black bowl on the stove and place it on the plate tb 5
Success: True
# episodes completed so far: 240
# successes: 236 (98.3%)
Current task success rate: 1.0
Current total success rate: 0.9833333333333333

Task: pick up the black bowl on the stove and place it on the plate tb 6
Success: True
# episodes completed so far: 241
# successes: 237 (98.3%)
Current task success rate: 1.0
Current total success rate: 0.983402489626556

Task: pick up the black bowl on the stove and place it on the plate tb 7
Success: True
# episodes completed so far: 242
# successes: 238 (98.3%)
Current task success rate: 1.0
Current total success rate: 0.9834710743801653

Task: pick up the black bowl on the stove and place it on the plate tb 8
Success: True
# episodes completed so far: 243
# successes: 239 (98.4%)
Current task success rate: 1.0
Current total success rate: 0.9835390946502057

Task: pick up the black bowl on the stove and place it on the plate tb 9
Success: True
# episodes completed so far: 244
# successes: 240 (98.4%)
Current task success rate: 1.0
Current total success rate: 0.9836065573770492

Task: pick up the black bowl on the wooden cabinet and place it on the plate table 1
Success: True
# episodes completed so far: 245
# successes: 241 (98.4%)
Current task success rate: 1.0
Current total success rate: 0.9836734693877551

Task: pick up the black bowl on the wooden cabinet and place it on the plate table 14
Success: True
# episodes completed so far: 246
# successes: 242 (98.4%)
Current task success rate: 1.0
Current total success rate: 0.983739837398374

Task: pick up the black bowl on the wooden cabinet and place it on the plate table 17
Success: True
# episodes completed so far: 247
# successes: 243 (98.4%)
Current task success rate: 1.0
Current total success rate: 0.9838056680161943

Task: pick up the black bowl on the wooden cabinet and place it on the plate table 2
Success: True
# episodes completed so far: 248
# successes: 244 (98.4%)
Current task success rate: 1.0
Current total success rate: 0.9838709677419355

Task: pick up the black bowl on the wooden cabinet and place it on the plate table 23
Success: True
# episodes completed so far: 249
# successes: 245 (98.4%)
Current task success rate: 1.0
Current total success rate: 0.9839357429718876

Task: pick up the black bowl on the wooden cabinet and place it on the plate table 27
Success: True
# episodes completed so far: 250
# successes: 246 (98.4%)
Current task success rate: 1.0
Current total success rate: 0.984

Task: pick up the black bowl on the wooden cabinet and place it on the plate table 28
Success: True
# episodes completed so far: 251
# successes: 247 (98.4%)
Current task success rate: 1.0
Current total success rate: 0.9840637450199203

Task: pick up the black bowl on the wooden cabinet and place it on the plate table 3
Success: True
# episodes completed so far: 252
# successes: 248 (98.4%)
Current task success rate: 1.0
Current total success rate: 0.9841269841269841

Task: pick up the black bowl on the wooden cabinet and place it on the plate table 4
Success: True
# episodes completed so far: 253
# successes: 249 (98.4%)
Current task success rate: 1.0
Current total success rate: 0.9841897233201581

Task: pick up the black bowl on the wooden cabinet and place it on the plate tb 1
Success: True
# episodes completed so far: 254
# successes: 250 (98.4%)
Current task success rate: 1.0
Current total success rate: 0.984251968503937

Task: pick up the black bowl on the wooden cabinet and place it on the plate tb 12
Success: True
# episodes completed so far: 255
# successes: 251 (98.4%)
Current task success rate: 1.0
Current total success rate: 0.984313725490196

Task: pick up the black bowl on the wooden cabinet and place it on the plate tb 17
Success: True
# episodes completed so far: 256
# successes: 252 (98.4%)
Current task success rate: 1.0
Current total success rate: 0.984375

Task: pick up the black bowl on the wooden cabinet and place it on the plate tb 2
Success: True
# episodes completed so far: 257
# successes: 253 (98.4%)
Current task success rate: 1.0
Current total success rate: 0.9844357976653697

Task: pick up the black bowl on the wooden cabinet and place it on the plate tb 6
Success: True
# episodes completed so far: 258
# successes: 254 (98.4%)
Current task success rate: 1.0
Current total success rate: 0.9844961240310077

Task: pick up the black bowl between the plate and the ramekin and place it on the plate view 0 0 100 0 0 initstate 1
Success: True
# episodes completed so far: 259
# successes: 255 (98.5%)
Current task success rate: 1.0
Current total success rate: 0.9845559845559846

Task: pick up the black bowl between the plate and the ramekin and place it on the plate view 0 0 100 0 0 initstate 11
Success: True
# episodes completed so far: 260
# successes: 256 (98.5%)
Current task success rate: 1.0
Current total success rate: 0.9846153846153847

Task: pick up the black bowl between the plate and the ramekin and place it on the plate view 0 0 100 0 0 initstate 101
Success: True
# episodes completed so far: 261
# successes: 257 (98.5%)
Current task success rate: 1.0
Current total success rate: 0.9846743295019157

Task: pick up the black bowl between the plate and the ramekin and place it on the plate view 0 0 100 0 0 initstate 121
Success: True
# episodes completed so far: 262
# successes: 258 (98.5%)
Current task success rate: 1.0
Current total success rate: 0.9847328244274809

Task: pick up the black bowl between the plate and the ramekin and place it on the plate view 0 0 100 0 0 initstate 131
Success: True
# episodes completed so far: 263
# successes: 259 (98.5%)
Current task success rate: 1.0
Current total success rate: 0.9847908745247148

Task: pick up the black bowl between the plate and the ramekin and place it on the plate view 0 0 100 0 0 initstate 141
Success: True
# episodes completed so far: 264
# successes: 260 (98.5%)
Current task success rate: 1.0
Current total success rate: 0.9848484848484849

Task: pick up the black bowl between the plate and the ramekin and place it on the plate view 0 0 100 0 0 initstate 151
Success: True
# episodes completed so far: 265
# successes: 261 (98.5%)
Current task success rate: 1.0
Current total success rate: 0.9849056603773585

Task: pick up the black bowl between the plate and the ramekin and place it on the plate view 0 0 100 0 0 initstate 161
Success: False
# episodes completed so far: 266
# successes: 261 (98.1%)
Current task success rate: 0.0
Current total success rate: 0.981203007518797

Task: pick up the black bowl between the plate and the ramekin and place it on the plate view 0 0 100 0 0 initstate 171
Success: True
# episodes completed so far: 267
# successes: 262 (98.1%)
Current task success rate: 1.0
Current total success rate: 0.9812734082397003

Task: pick up the black bowl between the plate and the ramekin and place it on the plate view 0 0 100 0 0 initstate 211
Success: True
# episodes completed so far: 268
# successes: 263 (98.1%)
Current task success rate: 1.0
Current total success rate: 0.9813432835820896

Task: pick up the black bowl between the plate and the ramekin and place it on the plate view 0 0 100 0 0 initstate 221
Success: False
# episodes completed so far: 269
# successes: 263 (97.8%)
Current task success rate: 0.0
Current total success rate: 0.9776951672862454

Task: pick up the black bowl between the plate and the ramekin and place it on the plate view 0 0 100 0 0 initstate 231
Success: True
# episodes completed so far: 270
# successes: 264 (97.8%)
Current task success rate: 1.0
Current total success rate: 0.9777777777777777

Task: pick up the black bowl between the plate and the ramekin and place it on the plate view 0 0 100 0 0 initstate 241
Success: True
# episodes completed so far: 271
# successes: 265 (97.8%)
Current task success rate: 1.0
Current total success rate: 0.977859778597786

Task: pick up the black bowl between the plate and the ramekin and place it on the plate view 0 0 100 0 0 initstate 271
Success: True
# episodes completed so far: 272
# successes: 266 (97.8%)
Current task success rate: 1.0
Current total success rate: 0.9779411764705882

Task: pick up the black bowl between the plate and the ramekin and place it on the plate view 0 0 100 0 0 initstate 281
Success: True
# episodes completed so far: 273
# successes: 267 (97.8%)
Current task success rate: 1.0
Current total success rate: 0.978021978021978

Task: pick up the black bowl between the plate and the ramekin and place it on the plate view 0 0 100 0 0 initstate 291
Success: True
# episodes completed so far: 274
# successes: 268 (97.8%)
Current task success rate: 1.0
Current total success rate: 0.9781021897810219

Task: pick up the black bowl between the plate and the ramekin and place it on the plate view 0 0 100 0 0 initstate 301
Success: True
# episodes completed so far: 275
# successes: 269 (97.8%)
Current task success rate: 1.0
Current total success rate: 0.9781818181818182

Task: pick up the black bowl between the plate and the ramekin and place it on the plate view 0 0 100 0 0 initstate 311
Success: True
# episodes completed so far: 276
# successes: 270 (97.8%)
Current task success rate: 1.0
Current total success rate: 0.9782608695652174

Task: pick up the black bowl between the plate and the ramekin and place it on the plate view 0 0 100 0 0 initstate 331
Success: True
# episodes completed so far: 277
# successes: 271 (97.8%)
Current task success rate: 1.0
Current total success rate: 0.9783393501805054

Task: pick up the black bowl between the plate and the ramekin and place it on the plate view 0 0 100 0 0 initstate 341
Success: True
# episodes completed so far: 278
# successes: 272 (97.8%)
Current task success rate: 1.0
Current total success rate: 0.9784172661870504

Task: pick up the black bowl between the plate and the ramekin and place it on the plate view 0 0 100 0 0 initstate 351
Success: True
# episodes completed so far: 279
# successes: 273 (97.8%)
Current task success rate: 1.0
Current total success rate: 0.978494623655914

Task: pick up the black bowl between the plate and the ramekin and place it on the plate view 0 0 100 0 0 initstate 361
Success: False
# episodes completed so far: 280
# successes: 273 (97.5%)
Current task success rate: 0.0
Current total success rate: 0.975

Task: pick up the black bowl between the plate and the ramekin and place it on the plate view 0 0 100 0 0 initstate 371
Success: False
# episodes completed so far: 281
# successes: 273 (97.2%)
Current task success rate: 0.0
Current total success rate: 0.9715302491103203

Task: pick up the black bowl between the plate and the ramekin and place it on the plate view 0 0 100 0 0 initstate 401
Success: False
# episodes completed so far: 282
# successes: 273 (96.8%)
Current task success rate: 0.0
Current total success rate: 0.9680851063829787

Task: pick up the black bowl between the plate and the ramekin and place it on the plate view 0 0 100 0 0 initstate 411
Success: False
# episodes completed so far: 283
# successes: 273 (96.5%)
Current task success rate: 0.0
Current total success rate: 0.9646643109540636

Task: pick up the black bowl between the plate and the ramekin and place it on the plate view 0 0 100 0 0 initstate 421
Success: False
# episodes completed so far: 284
# successes: 273 (96.1%)
Current task success rate: 0.0
Current total success rate: 0.9612676056338029

Task: pick up the black bowl between the plate and the ramekin and place it on the plate view 0 0 100 0 0 initstate 431
Success: False
# episodes completed so far: 285
# successes: 273 (95.8%)
Current task success rate: 0.0
Current total success rate: 0.9578947368421052

Task: pick up the black bowl between the plate and the ramekin and place it on the plate view 0 0 100 0 0 initstate 441
Success: False
# episodes completed so far: 286
# successes: 273 (95.5%)
Current task success rate: 0.0
Current total success rate: 0.9545454545454546

Task: pick up the black bowl between the plate and the ramekin and place it on the plate view 0 0 100 0 0 initstate 451
Success: True
# episodes completed so far: 287
# successes: 274 (95.5%)
Current task success rate: 1.0
Current total success rate: 0.9547038327526133

Task: pick up the black bowl between the plate and the ramekin and place it on the plate view 0 0 100 0 0 initstate 471
Success: True
# episodes completed so far: 288
# successes: 275 (95.5%)
Current task success rate: 1.0
Current total success rate: 0.9548611111111112

Task: pick up the black bowl between the plate and the ramekin and place it on the plate view 0 0 100 0 0 initstate 481
Success: True
# episodes completed so far: 289
# successes: 276 (95.5%)
Current task success rate: 1.0
Current total success rate: 0.9550173010380623

Task: pick up the black bowl between the plate and the ramekin and place it on the plate view 0 0 100 0 0 initstate 491
Success: True
# episodes completed so far: 290
# successes: 277 (95.5%)
Current task success rate: 1.0
Current total success rate: 0.9551724137931035

Task: pick up the black bowl next to the ramekin and place it on the plate view 0 0 100 0 0 initstate 42
Success: True
# episodes completed so far: 291
# successes: 278 (95.5%)
Current task success rate: 1.0
Current total success rate: 0.9553264604810997

Task: pick up the black bowl next to the ramekin and place it on the plate view 0 0 100 0 0 initstate 62
Success: True
# episodes completed so far: 292
# successes: 279 (95.5%)
Current task success rate: 1.0
Current total success rate: 0.9554794520547946

Task: pick up the black bowl next to the ramekin and place it on the plate view 0 0 100 0 0 initstate 102
Success: True
# episodes completed so far: 293
# successes: 280 (95.6%)
Current task success rate: 1.0
Current total success rate: 0.9556313993174061

Task: pick up the black bowl next to the ramekin and place it on the plate view 0 0 100 0 0 initstate 112
Success: False
# episodes completed so far: 294
# successes: 280 (95.2%)
Current task success rate: 0.0
Current total success rate: 0.9523809523809523

Task: pick up the black bowl next to the ramekin and place it on the plate view 0 0 100 0 0 initstate 132
Success: False
# episodes completed so far: 295
# successes: 280 (94.9%)
Current task success rate: 0.0
Current total success rate: 0.9491525423728814

Task: pick up the black bowl next to the ramekin and place it on the plate view 0 0 100 0 0 initstate 142
Success: False
# episodes completed so far: 296
# successes: 280 (94.6%)
Current task success rate: 0.0
Current total success rate: 0.9459459459459459

Task: pick up the black bowl next to the ramekin and place it on the plate view 0 0 100 0 0 initstate 152
Success: True
# episodes completed so far: 297
# successes: 281 (94.6%)
Current task success rate: 1.0
Current total success rate: 0.9461279461279462

Task: pick up the black bowl next to the ramekin and place it on the plate view 0 0 100 0 0 initstate 162
Success: False
# episodes completed so far: 298
# successes: 281 (94.3%)
Current task success rate: 0.0
Current total success rate: 0.9429530201342282

Task: pick up the black bowl next to the ramekin and place it on the plate view 0 0 100 0 0 initstate 192
Success: False
# episodes completed so far: 299
# successes: 281 (94.0%)
Current task success rate: 0.0
Current total success rate: 0.939799331103679

Task: pick up the black bowl next to the ramekin and place it on the plate view 0 0 100 0 0 initstate 202
Success: False
# episodes completed so far: 300
# successes: 281 (93.7%)
Current task success rate: 0.0
Current total success rate: 0.9366666666666666

Task: pick up the black bowl next to the ramekin and place it on the plate view 0 0 100 0 0 initstate 212
Success: False
# episodes completed so far: 301
# successes: 281 (93.4%)
Current task success rate: 0.0
Current total success rate: 0.9335548172757475

Task: pick up the black bowl next to the ramekin and place it on the plate view 0 0 100 0 0 initstate 222
Success: True
# episodes completed so far: 302
# successes: 282 (93.4%)
Current task success rate: 1.0
Current total success rate: 0.9337748344370861

Task: pick up the black bowl next to the ramekin and place it on the plate view 0 0 100 0 0 initstate 232
Success: False
# episodes completed so far: 303
# successes: 282 (93.1%)
Current task success rate: 0.0
Current total success rate: 0.9306930693069307

Task: pick up the black bowl next to the ramekin and place it on the plate view 0 0 100 0 0 initstate 242
Success: False
# episodes completed so far: 304
# successes: 282 (92.8%)
Current task success rate: 0.0
Current total success rate: 0.9276315789473685

Task: pick up the black bowl next to the ramekin and place it on the plate view 0 0 100 0 0 initstate 252
Success: True
# episodes completed so far: 305
# successes: 283 (92.8%)
Current task success rate: 1.0
Current total success rate: 0.9278688524590164

Task: pick up the black bowl next to the ramekin and place it on the plate view 0 0 100 0 0 initstate 262
Success: True
# episodes completed so far: 306
# successes: 284 (92.8%)
Current task success rate: 1.0
Current total success rate: 0.9281045751633987

Task: pick up the black bowl next to the ramekin and place it on the plate view 0 0 100 0 0 initstate 272
Success: True
# episodes completed so far: 307
# successes: 285 (92.8%)
Current task success rate: 1.0
Current total success rate: 0.9283387622149837

Task: pick up the black bowl next to the ramekin and place it on the plate view 0 0 100 0 0 initstate 282
Success: False
# episodes completed so far: 308
# successes: 285 (92.5%)
Current task success rate: 0.0
Current total success rate: 0.9253246753246753

Task: pick up the black bowl next to the ramekin and place it on the plate view 0 0 100 0 0 initstate 292
Success: True
# episodes completed so far: 309
# successes: 286 (92.6%)
Current task success rate: 1.0
Current total success rate: 0.9255663430420712

Task: pick up the black bowl next to the ramekin and place it on the plate view 0 0 100 0 0 initstate 302
Success: True
# episodes completed so far: 310
# successes: 287 (92.6%)
Current task success rate: 1.0
Current total success rate: 0.9258064516129032

Task: pick up the black bowl next to the ramekin and place it on the plate view 0 0 100 0 0 initstate 312
Success: True
# episodes completed so far: 311
# successes: 288 (92.6%)
Current task success rate: 1.0
Current total success rate: 0.9260450160771704

Task: pick up the black bowl next to the ramekin and place it on the plate view 0 0 100 0 0 initstate 322
Success: True
# episodes completed so far: 312
# successes: 289 (92.6%)
Current task success rate: 1.0
Current total success rate: 0.9262820512820513

Task: pick up the black bowl next to the ramekin and place it on the plate view 0 0 100 0 0 initstate 332
Success: False
# episodes completed so far: 313
# successes: 289 (92.3%)
Current task success rate: 0.0
Current total success rate: 0.9233226837060703

Task: pick up the black bowl next to the ramekin and place it on the plate view 0 0 100 0 0 initstate 342
Success: False
# episodes completed so far: 314
# successes: 289 (92.0%)
Current task success rate: 0.0
Current total success rate: 0.9203821656050956

Task: pick up the black bowl next to the ramekin and place it on the plate view 0 0 100 0 0 initstate 352
Success: True
# episodes completed so far: 315
# successes: 290 (92.1%)
Current task success rate: 1.0
Current total success rate: 0.9206349206349206

Task: pick up the black bowl next to the ramekin and place it on the plate view 0 0 100 0 0 initstate 362
Success: False
# episodes completed so far: 316
# successes: 290 (91.8%)
Current task success rate: 0.0
Current total success rate: 0.9177215189873418

Task: pick up the black bowl next to the ramekin and place it on the plate view 0 0 100 0 0 initstate 372
Success: True
# episodes completed so far: 317
# successes: 291 (91.8%)
Current task success rate: 1.0
Current total success rate: 0.917981072555205

Task: pick up the black bowl next to the ramekin and place it on the plate view 0 0 100 0 0 initstate 382
Success: True
# episodes completed so far: 318
# successes: 292 (91.8%)
Current task success rate: 1.0
Current total success rate: 0.9182389937106918

Task: pick up the black bowl next to the ramekin and place it on the plate view 0 0 100 0 0 initstate 392
Success: True
# episodes completed so far: 319
# successes: 293 (91.8%)
Current task success rate: 1.0
Current total success rate: 0.9184952978056427

Task: pick up the black bowl next to the ramekin and place it on the plate view 0 0 100 0 0 initstate 402
Success: False
# episodes completed so far: 320
# successes: 293 (91.6%)
Current task success rate: 0.0
Current total success rate: 0.915625

Task: pick up the black bowl next to the ramekin and place it on the plate view 0 0 100 0 0 initstate 412
Success: False
# episodes completed so far: 321
# successes: 293 (91.3%)
Current task success rate: 0.0
Current total success rate: 0.9127725856697819

Task: pick up the black bowl next to the ramekin and place it on the plate view 0 0 100 0 0 initstate 422
Success: False
# episodes completed so far: 322
# successes: 293 (91.0%)
Current task success rate: 0.0
Current total success rate: 0.9099378881987578

Task: pick up the black bowl next to the ramekin and place it on the plate view 0 0 100 0 0 initstate 432
Success: False
# episodes completed so far: 323
# successes: 293 (90.7%)
Current task success rate: 0.0
Current total success rate: 0.9071207430340558

Task: pick up the black bowl next to the ramekin and place it on the plate view 0 0 100 0 0 initstate 452
Success: False
# episodes completed so far: 324
# successes: 293 (90.4%)
Current task success rate: 0.0
Current total success rate: 0.904320987654321

Task: pick up the black bowl next to the ramekin and place it on the plate view 0 0 100 0 0 initstate 462
Success: False
# episodes completed so far: 325
# successes: 293 (90.2%)
Current task success rate: 0.0
Current total success rate: 0.9015384615384615

Task: pick up the black bowl next to the ramekin and place it on the plate view 0 0 100 0 0 initstate 472
Success: False
# episodes completed so far: 326
# successes: 293 (89.9%)
Current task success rate: 0.0
Current total success rate: 0.8987730061349694

Task: pick up the black bowl next to the ramekin and place it on the plate view 0 0 100 0 0 initstate 482
Success: False
# episodes completed so far: 327
# successes: 293 (89.6%)
Current task success rate: 0.0
Current total success rate: 0.8960244648318043

Task: pick up the black bowl next to the ramekin and place it on the plate view 0 0 100 0 0 initstate 492
Success: False
# episodes completed so far: 328
# successes: 293 (89.3%)
Current task success rate: 0.0
Current total success rate: 0.8932926829268293

Task: pick up the black bowl from table center and place it on the plate view 0 0 100 0 0 initstate 13
Success: True
# episodes completed so far: 329
# successes: 294 (89.4%)
Current task success rate: 1.0
Current total success rate: 0.8936170212765957

Task: pick up the black bowl from table center and place it on the plate view 0 0 100 0 0 initstate 23
Success: True
# episodes completed so far: 330
# successes: 295 (89.4%)
Current task success rate: 1.0
Current total success rate: 0.8939393939393939

Task: pick up the black bowl from table center and place it on the plate view 0 0 100 0 0 initstate 43
Success: True
# episodes completed so far: 331
# successes: 296 (89.4%)
Current task success rate: 1.0
Current total success rate: 0.8942598187311178

Task: pick up the black bowl from table center and place it on the plate view 0 0 100 0 0 initstate 83
Success: True
# episodes completed so far: 332
# successes: 297 (89.5%)
Current task success rate: 1.0
Current total success rate: 0.8945783132530121

Task: pick up the black bowl from table center and place it on the plate view 0 0 100 0 0 initstate 103
Success: True
# episodes completed so far: 333
# successes: 298 (89.5%)
Current task success rate: 1.0
Current total success rate: 0.8948948948948949

Task: pick up the black bowl from table center and place it on the plate view 0 0 100 0 0 initstate 123
Success: True
# episodes completed so far: 334
# successes: 299 (89.5%)
Current task success rate: 1.0
Current total success rate: 0.8952095808383234

Task: pick up the black bowl from table center and place it on the plate view 0 0 100 0 0 initstate 133
Success: True
# episodes completed so far: 335
# successes: 300 (89.6%)
Current task success rate: 1.0
Current total success rate: 0.8955223880597015

Task: pick up the black bowl from table center and place it on the plate view 0 0 100 0 0 initstate 153
Success: True
# episodes completed so far: 336
# successes: 301 (89.6%)
Current task success rate: 1.0
Current total success rate: 0.8958333333333334

Task: pick up the black bowl from table center and place it on the plate view 0 0 100 0 0 initstate 173
Success: True
# episodes completed so far: 337
# successes: 302 (89.6%)
Current task success rate: 1.0
Current total success rate: 0.8961424332344213

Task: pick up the black bowl from table center and place it on the plate view 0 0 100 0 0 initstate 183
Success: True
# episodes completed so far: 338
# successes: 303 (89.6%)
Current task success rate: 1.0
Current total success rate: 0.8964497041420119

Task: pick up the black bowl from table center and place it on the plate view 0 0 100 0 0 initstate 193
Success: True
# episodes completed so far: 339
# successes: 304 (89.7%)
Current task success rate: 1.0
Current total success rate: 0.8967551622418879

Task: pick up the black bowl from table center and place it on the plate view 0 0 100 0 0 initstate 203
Success: True
# episodes completed so far: 340
# successes: 305 (89.7%)
Current task success rate: 1.0
Current total success rate: 0.8970588235294118

Task: pick up the black bowl from table center and place it on the plate view 0 0 100 0 0 initstate 223
Success: False
# episodes completed so far: 341
# successes: 305 (89.4%)
Current task success rate: 0.0
Current total success rate: 0.8944281524926686

Task: pick up the black bowl from table center and place it on the plate view 0 0 100 0 0 initstate 233
Success: True
# episodes completed so far: 342
# successes: 306 (89.5%)
Current task success rate: 1.0
Current total success rate: 0.8947368421052632

Task: pick up the black bowl from table center and place it on the plate view 0 0 100 0 0 initstate 253
Success: True
# episodes completed so far: 343
# successes: 307 (89.5%)
Current task success rate: 1.0
Current total success rate: 0.8950437317784257

Task: pick up the black bowl from table center and place it on the plate view 0 0 100 0 0 initstate 273
Success: True
# episodes completed so far: 344
# successes: 308 (89.5%)
Current task success rate: 1.0
Current total success rate: 0.8953488372093024

Task: pick up the black bowl from table center and place it on the plate view 0 0 100 0 0 initstate 283
Success: True
# episodes completed so far: 345
# successes: 309 (89.6%)
Current task success rate: 1.0
Current total success rate: 0.8956521739130435

Task: pick up the black bowl from table center and place it on the plate view 0 0 100 0 0 initstate 293
Success: True
# episodes completed so far: 346
# successes: 310 (89.6%)
Current task success rate: 1.0
Current total success rate: 0.8959537572254336

Task: pick up the black bowl from table center and place it on the plate view 0 0 100 0 0 initstate 303
Success: True
# episodes completed so far: 347
# successes: 311 (89.6%)
Current task success rate: 1.0
Current total success rate: 0.8962536023054755

Task: pick up the black bowl from table center and place it on the plate view 0 0 100 0 0 initstate 313
Success: True
# episodes completed so far: 348
# successes: 312 (89.7%)
Current task success rate: 1.0
Current total success rate: 0.896551724137931

Task: pick up the black bowl from table center and place it on the plate view 0 0 100 0 0 initstate 323
Success: True
# episodes completed so far: 349
# successes: 313 (89.7%)
Current task success rate: 1.0
Current total success rate: 0.8968481375358166

Task: pick up the black bowl from table center and place it on the plate view 0 0 100 0 0 initstate 333
Success: True
# episodes completed so far: 350
# successes: 314 (89.7%)
Current task success rate: 1.0
Current total success rate: 0.8971428571428571

Task: pick up the black bowl from table center and place it on the plate view 0 0 100 0 0 initstate 343
Success: True
# episodes completed so far: 351
# successes: 315 (89.7%)
Current task success rate: 1.0
Current total success rate: 0.8974358974358975

Task: pick up the black bowl from table center and place it on the plate view 0 0 100 0 0 initstate 353
Success: True
# episodes completed so far: 352
# successes: 316 (89.8%)
Current task success rate: 1.0
Current total success rate: 0.8977272727272727

Task: pick up the black bowl from table center and place it on the plate view 0 0 100 0 0 initstate 363
Success: True
# episodes completed so far: 353
# successes: 317 (89.8%)
Current task success rate: 1.0
Current total success rate: 0.8980169971671388

Task: pick up the black bowl from table center and place it on the plate view 0 0 100 0 0 initstate 373
Success: True
# episodes completed so far: 354
# successes: 318 (89.8%)
Current task success rate: 1.0
Current total success rate: 0.8983050847457628

Task: pick up the black bowl from table center and place it on the plate view 0 0 100 0 0 initstate 383
Success: True
# episodes completed so far: 355
# successes: 319 (89.9%)
Current task success rate: 1.0
Current total success rate: 0.8985915492957747

Task: pick up the black bowl from table center and place it on the plate view 0 0 100 0 0 initstate 403
Success: False
# episodes completed so far: 356
# successes: 319 (89.6%)
Current task success rate: 0.0
Current total success rate: 0.8960674157303371

Task: pick up the black bowl from table center and place it on the plate view 0 0 100 0 0 initstate 413
Success: False
# episodes completed so far: 357
# successes: 319 (89.4%)
Current task success rate: 0.0
Current total success rate: 0.8935574229691877

Task: pick up the black bowl from table center and place it on the plate view 0 0 100 0 0 initstate 423
Success: False
# episodes completed so far: 358
# successes: 319 (89.1%)
Current task success rate: 0.0
Current total success rate: 0.8910614525139665

Task: pick up the black bowl from table center and place it on the plate view 0 0 100 0 0 initstate 433
Success: True
# episodes completed so far: 359
# successes: 320 (89.1%)
Current task success rate: 1.0
Current total success rate: 0.8913649025069638

Task: pick up the black bowl from table center and place it on the plate view 0 0 100 0 0 initstate 453
Success: True
# episodes completed so far: 360
# successes: 321 (89.2%)
Current task success rate: 1.0
Current total success rate: 0.8916666666666667

Task: pick up the black bowl from table center and place it on the plate view 0 0 100 0 0 initstate 473
Success: False
# episodes completed so far: 361
# successes: 321 (88.9%)
Current task success rate: 0.0
Current total success rate: 0.889196675900277

Task: pick up the black bowl from table center and place it on the plate view 0 0 100 0 0 initstate 483
Success: True
# episodes completed so far: 362
# successes: 322 (89.0%)
Current task success rate: 1.0
Current total success rate: 0.8895027624309392

Task: pick up the black bowl from table center and place it on the plate view 0 0 100 0 0 initstate 493
Success: True
# episodes completed so far: 363
# successes: 323 (89.0%)
Current task success rate: 1.0
Current total success rate: 0.8898071625344353

Task: pick up the black bowl on the cookie box and place it on the plate view 0 0 100 0 0 initstate 114
Success: True
# episodes completed so far: 364
# successes: 324 (89.0%)
Current task success rate: 1.0
Current total success rate: 0.8901098901098901

Task: pick up the black bowl on the cookie box and place it on the plate view 0 0 100 0 0 initstate 164
Success: True
# episodes completed so far: 365
# successes: 325 (89.0%)
Current task success rate: 1.0
Current total success rate: 0.8904109589041096

Task: pick up the black bowl on the cookie box and place it on the plate view 0 0 100 0 0 initstate 184
Success: True
# episodes completed so far: 366
# successes: 326 (89.1%)
Current task success rate: 1.0
Current total success rate: 0.8907103825136612

Task: pick up the black bowl on the cookie box and place it on the plate view 0 0 100 0 0 initstate 194
Success: True
# episodes completed so far: 367
# successes: 327 (89.1%)
Current task success rate: 1.0
Current total success rate: 0.8910081743869209

Task: pick up the black bowl on the cookie box and place it on the plate view 0 0 100 0 0 initstate 204
Success: True
# episodes completed so far: 368
# successes: 328 (89.1%)
Current task success rate: 1.0
Current total success rate: 0.8913043478260869

Task: pick up the black bowl on the cookie box and place it on the plate view 0 0 100 0 0 initstate 214
Success: True
# episodes completed so far: 369
# successes: 329 (89.2%)
Current task success rate: 1.0
Current total success rate: 0.8915989159891599

Task: pick up the black bowl on the cookie box and place it on the plate view 0 0 100 0 0 initstate 224
Success: True
# episodes completed so far: 370
# successes: 330 (89.2%)
Current task success rate: 1.0
Current total success rate: 0.8918918918918919

Task: pick up the black bowl on the cookie box and place it on the plate view 0 0 100 0 0 initstate 284
Success: True
# episodes completed so far: 371
# successes: 331 (89.2%)
Current task success rate: 1.0
Current total success rate: 0.8921832884097035

Task: pick up the black bowl on the cookie box and place it on the plate view 0 0 100 0 0 initstate 294
Success: True
# episodes completed so far: 372
# successes: 332 (89.2%)
Current task success rate: 1.0
Current total success rate: 0.8924731182795699

Task: pick up the black bowl on the cookie box and place it on the plate view 0 0 100 0 0 initstate 324
Success: False
# episodes completed so far: 373
# successes: 332 (89.0%)
Current task success rate: 0.0
Current total success rate: 0.8900804289544236

Task: pick up the black bowl on the cookie box and place it on the plate view 0 0 100 0 0 initstate 334
Success: True
# episodes completed so far: 374
# successes: 333 (89.0%)
Current task success rate: 1.0
Current total success rate: 0.8903743315508021

Task: pick up the black bowl on the cookie box and place it on the plate view 0 0 100 0 0 initstate 344
Success: True
# episodes completed so far: 375
# successes: 334 (89.1%)
Current task success rate: 1.0
Current total success rate: 0.8906666666666667

Task: pick up the black bowl on the cookie box and place it on the plate view 0 0 100 0 0 initstate 374
Success: True
# episodes completed so far: 376
# successes: 335 (89.1%)
Current task success rate: 1.0
Current total success rate: 0.8909574468085106

Task: pick up the black bowl on the cookie box and place it on the plate view 0 0 100 0 0 initstate 384
Success: True
# episodes completed so far: 377
# successes: 336 (89.1%)
Current task success rate: 1.0
Current total success rate: 0.8912466843501327

Task: pick up the black bowl on the cookie box and place it on the plate view 0 0 100 0 0 initstate 394
Success: True
# episodes completed so far: 378
# successes: 337 (89.2%)
Current task success rate: 1.0
Current total success rate: 0.8915343915343915

Task: pick up the black bowl on the cookie box and place it on the plate view 0 0 100 0 0 initstate 414
Success: False
# episodes completed so far: 379
# successes: 337 (88.9%)
Current task success rate: 0.0
Current total success rate: 0.8891820580474934

Task: pick up the black bowl on the cookie box and place it on the plate view 0 0 100 0 0 initstate 424
Success: True
# episodes completed so far: 380
# successes: 338 (88.9%)
Current task success rate: 1.0
Current total success rate: 0.8894736842105263

Task: pick up the black bowl on the cookie box and place it on the plate view 0 0 100 0 0 initstate 434
Success: False
# episodes completed so far: 381
# successes: 338 (88.7%)
Current task success rate: 0.0
Current total success rate: 0.8871391076115486

Task: pick up the black bowl on the cookie box and place it on the plate view 0 0 100 0 0 initstate 444
Success: False
# episodes completed so far: 382
# successes: 338 (88.5%)
Current task success rate: 0.0
Current total success rate: 0.8848167539267016

Task: pick up the black bowl on the cookie box and place it on the plate view 0 0 100 0 0 initstate 454
Success: True
# episodes completed so far: 383
# successes: 339 (88.5%)
Current task success rate: 1.0
Current total success rate: 0.8851174934725848

Task: pick up the black bowl on the cookie box and place it on the plate view 0 0 100 0 0 initstate 464
Success: True
# episodes completed so far: 384
# successes: 340 (88.5%)
Current task success rate: 1.0
Current total success rate: 0.8854166666666666

Task: pick up the black bowl on the cookie box and place it on the plate view 0 0 100 0 0 initstate 474
Success: False
# episodes completed so far: 385
# successes: 340 (88.3%)
Current task success rate: 0.0
Current total success rate: 0.8831168831168831

Task: pick up the black bowl on the cookie box and place it on the plate view 0 0 100 0 0 initstate 484
Success: True
# episodes completed so far: 386
# successes: 341 (88.3%)
Current task success rate: 1.0
Current total success rate: 0.883419689119171

Task: pick up the black bowl on the cookie box and place it on the plate view 0 0 100 0 0 initstate 494
Success: False
# episodes completed so far: 387
# successes: 341 (88.1%)
Current task success rate: 0.0
Current total success rate: 0.8811369509043928

Task: pick up the black bowl in the top drawer of the wooden cabinet and place it on the plate view 0 0 100 0 0 initstate 55
Success: True
# episodes completed so far: 388
# successes: 342 (88.1%)
Current task success rate: 1.0
Current total success rate: 0.8814432989690721

Task: pick up the black bowl in the top drawer of the wooden cabinet and place it on the plate view 0 0 100 0 0 initstate 65
Success: True
# episodes completed so far: 389
# successes: 343 (88.2%)
Current task success rate: 1.0
Current total success rate: 0.8817480719794345

Task: pick up the black bowl in the top drawer of the wooden cabinet and place it on the plate view 0 0 100 0 0 initstate 95
Success: True
# episodes completed so far: 390
# successes: 344 (88.2%)
Current task success rate: 1.0
Current total success rate: 0.882051282051282

Task: pick up the black bowl in the top drawer of the wooden cabinet and place it on the plate view 0 0 100 0 0 initstate 105
Success: True
# episodes completed so far: 391
# successes: 345 (88.2%)
Current task success rate: 1.0
Current total success rate: 0.8823529411764706

Task: pick up the black bowl in the top drawer of the wooden cabinet and place it on the plate view 0 0 100 0 0 initstate 115
Success: True
# episodes completed so far: 392
# successes: 346 (88.3%)
Current task success rate: 1.0
Current total success rate: 0.8826530612244898

Task: pick up the black bowl in the top drawer of the wooden cabinet and place it on the plate view 0 0 100 0 0 initstate 125
Success: False
# episodes completed so far: 393
# successes: 346 (88.0%)
Current task success rate: 0.0
Current total success rate: 0.8804071246819338

Task: pick up the black bowl in the top drawer of the wooden cabinet and place it on the plate view 0 0 100 0 0 initstate 135
Success: True
# episodes completed so far: 394
# successes: 347 (88.1%)
Current task success rate: 1.0
Current total success rate: 0.8807106598984772

Task: pick up the black bowl in the top drawer of the wooden cabinet and place it on the plate view 0 0 100 0 0 initstate 145
Success: True
# episodes completed so far: 395
# successes: 348 (88.1%)
Current task success rate: 1.0
Current total success rate: 0.8810126582278481

Task: pick up the black bowl in the top drawer of the wooden cabinet and place it on the plate view 0 0 100 0 0 initstate 165
Success: True
# episodes completed so far: 396
# successes: 349 (88.1%)
Current task success rate: 1.0
Current total success rate: 0.8813131313131313

Task: pick up the black bowl in the top drawer of the wooden cabinet and place it on the plate view 0 0 100 0 0 initstate 175
Success: False
# episodes completed so far: 397
# successes: 349 (87.9%)
Current task success rate: 0.0
Current total success rate: 0.8790931989924433

Task: pick up the black bowl in the top drawer of the wooden cabinet and place it on the plate view 0 0 100 0 0 initstate 185
Success: True
# episodes completed so far: 398
# successes: 350 (87.9%)
Current task success rate: 1.0
Current total success rate: 0.8793969849246231

Task: pick up the black bowl in the top drawer of the wooden cabinet and place it on the plate view 0 0 100 0 0 initstate 195
Success: True
# episodes completed so far: 399
# successes: 351 (88.0%)
Current task success rate: 1.0
Current total success rate: 0.8796992481203008

Task: pick up the black bowl in the top drawer of the wooden cabinet and place it on the plate view 0 0 100 0 0 initstate 205
Success: True
# episodes completed so far: 400
# successes: 352 (88.0%)
Current task success rate: 1.0
Current total success rate: 0.88

Task: pick up the black bowl in the top drawer of the wooden cabinet and place it on the plate view 0 0 100 0 0 initstate 215
Success: False
# episodes completed so far: 401
# successes: 352 (87.8%)
Current task success rate: 0.0
Current total success rate: 0.8778054862842892

Task: pick up the black bowl in the top drawer of the wooden cabinet and place it on the plate view 0 0 100 0 0 initstate 225
Success: False
# episodes completed so far: 402
# successes: 352 (87.6%)
Current task success rate: 0.0
Current total success rate: 0.8756218905472637

Task: pick up the black bowl in the top drawer of the wooden cabinet and place it on the plate view 0 0 100 0 0 initstate 235
Success: True
# episodes completed so far: 403
# successes: 353 (87.6%)
Current task success rate: 1.0
Current total success rate: 0.8759305210918115

Task: pick up the black bowl in the top drawer of the wooden cabinet and place it on the plate view 0 0 100 0 0 initstate 245
Success: True
# episodes completed so far: 404
# successes: 354 (87.6%)
Current task success rate: 1.0
Current total success rate: 0.8762376237623762

Task: pick up the black bowl in the top drawer of the wooden cabinet and place it on the plate view 0 0 100 0 0 initstate 255
Success: True
# episodes completed so far: 405
# successes: 355 (87.7%)
Current task success rate: 1.0
Current total success rate: 0.8765432098765432

Task: pick up the black bowl in the top drawer of the wooden cabinet and place it on the plate view 0 0 100 0 0 initstate 265
Success: True
# episodes completed so far: 406
# successes: 356 (87.7%)
Current task success rate: 1.0
Current total success rate: 0.8768472906403941

Task: pick up the black bowl in the top drawer of the wooden cabinet and place it on the plate view 0 0 100 0 0 initstate 275
Success: True
# episodes completed so far: 407
# successes: 357 (87.7%)
Current task success rate: 1.0
Current total success rate: 0.8771498771498771

Task: pick up the black bowl in the top drawer of the wooden cabinet and place it on the plate view 0 0 100 0 0 initstate 285
Success: True
# episodes completed so far: 408
# successes: 358 (87.7%)
Current task success rate: 1.0
Current total success rate: 0.8774509803921569

Task: pick up the black bowl in the top drawer of the wooden cabinet and place it on the plate view 0 0 100 0 0 initstate 295
Success: False
# episodes completed so far: 409
# successes: 358 (87.5%)
Current task success rate: 0.0
Current total success rate: 0.8753056234718827

Task: pick up the black bowl in the top drawer of the wooden cabinet and place it on the plate view 0 0 100 0 0 initstate 305
Success: False
# episodes completed so far: 410
# successes: 358 (87.3%)
Current task success rate: 0.0
Current total success rate: 0.8731707317073171

Task: pick up the black bowl in the top drawer of the wooden cabinet and place it on the plate view 0 0 100 0 0 initstate 315
Success: False
# episodes completed so far: 411
# successes: 358 (87.1%)
Current task success rate: 0.0
Current total success rate: 0.8710462287104623

Task: pick up the black bowl in the top drawer of the wooden cabinet and place it on the plate view 0 0 100 0 0 initstate 335
Success: False
# episodes completed so far: 412
# successes: 358 (86.9%)
Current task success rate: 0.0
Current total success rate: 0.8689320388349514

Task: pick up the black bowl in the top drawer of the wooden cabinet and place it on the plate view 0 0 100 0 0 initstate 345
Success: True
# episodes completed so far: 413
# successes: 359 (86.9%)
Current task success rate: 1.0
Current total success rate: 0.8692493946731235

Task: pick up the black bowl in the top drawer of the wooden cabinet and place it on the plate view 0 0 100 0 0 initstate 355
Success: False
# episodes completed so far: 414
# successes: 359 (86.7%)
Current task success rate: 0.0
Current total success rate: 0.8671497584541062

Task: pick up the black bowl in the top drawer of the wooden cabinet and place it on the plate view 0 0 100 0 0 initstate 365
Success: True
# episodes completed so far: 415
# successes: 360 (86.7%)
Current task success rate: 1.0
Current total success rate: 0.8674698795180723

Task: pick up the black bowl in the top drawer of the wooden cabinet and place it on the plate view 0 0 100 0 0 initstate 375
Success: True
# episodes completed so far: 416
# successes: 361 (86.8%)
Current task success rate: 1.0
Current total success rate: 0.8677884615384616

Task: pick up the black bowl in the top drawer of the wooden cabinet and place it on the plate view 0 0 100 0 0 initstate 385
Success: False
# episodes completed so far: 417
# successes: 361 (86.6%)
Current task success rate: 0.0
Current total success rate: 0.8657074340527577

Task: pick up the black bowl in the top drawer of the wooden cabinet and place it on the plate view 0 0 100 0 0 initstate 395
Success: False
# episodes completed so far: 418
# successes: 361 (86.4%)
Current task success rate: 0.0
Current total success rate: 0.8636363636363636

Task: pick up the black bowl in the top drawer of the wooden cabinet and place it on the plate view 0 0 100 0 0 initstate 405
Success: False
# episodes completed so far: 419
# successes: 361 (86.2%)
Current task success rate: 0.0
Current total success rate: 0.8615751789976134

Task: pick up the black bowl in the top drawer of the wooden cabinet and place it on the plate view 0 0 100 0 0 initstate 425
Success: False
# episodes completed so far: 420
# successes: 361 (86.0%)
Current task success rate: 0.0
Current total success rate: 0.8595238095238096

Task: pick up the black bowl in the top drawer of the wooden cabinet and place it on the plate view 0 0 100 0 0 initstate 435
Success: True
# episodes completed so far: 421
# successes: 362 (86.0%)
Current task success rate: 1.0
Current total success rate: 0.8598574821852731

Task: pick up the black bowl in the top drawer of the wooden cabinet and place it on the plate view 0 0 100 0 0 initstate 445
Success: True
# episodes completed so far: 422
# successes: 363 (86.0%)
Current task success rate: 1.0
Current total success rate: 0.8601895734597157

Task: pick up the black bowl in the top drawer of the wooden cabinet and place it on the plate view 0 0 100 0 0 initstate 455
Success: False
# episodes completed so far: 423
# successes: 363 (85.8%)
Current task success rate: 0.0
Current total success rate: 0.8581560283687943

Task: pick up the black bowl in the top drawer of the wooden cabinet and place it on the plate view 0 0 100 0 0 initstate 465
Success: False
# episodes completed so far: 424
# successes: 363 (85.6%)
Current task success rate: 0.0
Current total success rate: 0.8561320754716981

Task: pick up the black bowl in the top drawer of the wooden cabinet and place it on the plate view 0 0 100 0 0 initstate 475
Success: False
# episodes completed so far: 425
# successes: 363 (85.4%)
Current task success rate: 0.0
Current total success rate: 0.8541176470588235

Task: pick up the black bowl in the top drawer of the wooden cabinet and place it on the plate view 0 0 100 0 0 initstate 485
Success: False
# episodes completed so far: 426
# successes: 363 (85.2%)
Current task success rate: 0.0
Current total success rate: 0.852112676056338

Task: pick up the black bowl in the top drawer of the wooden cabinet and place it on the plate view 0 0 100 0 0 initstate 495
Success: True
# episodes completed so far: 427
# successes: 364 (85.2%)
Current task success rate: 1.0
Current total success rate: 0.8524590163934426

Task: pick up the black bowl on the ramekin and place it on the plate view 0 0 100 0 0 initstate 16
Success: True
# episodes completed so far: 428
# successes: 365 (85.3%)
Current task success rate: 1.0
Current total success rate: 0.852803738317757

Task: pick up the black bowl on the ramekin and place it on the plate view 0 0 100 0 0 initstate 106
Success: True
# episodes completed so far: 429
# successes: 366 (85.3%)
Current task success rate: 1.0
Current total success rate: 0.8531468531468531

Task: pick up the black bowl on the ramekin and place it on the plate view 0 0 100 0 0 initstate 116
Success: True
# episodes completed so far: 430
# successes: 367 (85.3%)
Current task success rate: 1.0
Current total success rate: 0.8534883720930233

Task: pick up the black bowl on the ramekin and place it on the plate view 0 0 100 0 0 initstate 126
Success: True
# episodes completed so far: 431
# successes: 368 (85.4%)
Current task success rate: 1.0
Current total success rate: 0.8538283062645011

Task: pick up the black bowl on the ramekin and place it on the plate view 0 0 100 0 0 initstate 136
Success: False
# episodes completed so far: 432
# successes: 368 (85.2%)
Current task success rate: 0.0
Current total success rate: 0.8518518518518519

Task: pick up the black bowl on the ramekin and place it on the plate view 0 0 100 0 0 initstate 146
Success: True
# episodes completed so far: 433
# successes: 369 (85.2%)
Current task success rate: 1.0
Current total success rate: 0.8521939953810623

Task: pick up the black bowl on the ramekin and place it on the plate view 0 0 100 0 0 initstate 196
Success: True
# episodes completed so far: 434
# successes: 370 (85.3%)
Current task success rate: 1.0
Current total success rate: 0.8525345622119815

Task: pick up the black bowl on the ramekin and place it on the plate view 0 0 100 0 0 initstate 206
Success: True
# episodes completed so far: 435
# successes: 371 (85.3%)
Current task success rate: 1.0
Current total success rate: 0.8528735632183908

Task: pick up the black bowl on the ramekin and place it on the plate view 0 0 100 0 0 initstate 226
Success: True
# episodes completed so far: 436
# successes: 372 (85.3%)
Current task success rate: 1.0
Current total success rate: 0.8532110091743119

Task: pick up the black bowl on the ramekin and place it on the plate view 0 0 100 0 0 initstate 236
Success: True
# episodes completed so far: 437
# successes: 373 (85.4%)
Current task success rate: 1.0
Current total success rate: 0.8535469107551488

Task: pick up the black bowl on the ramekin and place it on the plate view 0 0 100 0 0 initstate 246
Success: False
# episodes completed so far: 438
# successes: 373 (85.2%)
Current task success rate: 0.0
Current total success rate: 0.8515981735159818

Task: pick up the black bowl on the ramekin and place it on the plate view 0 0 100 0 0 initstate 266
Success: True
# episodes completed so far: 439
# successes: 374 (85.2%)
Current task success rate: 1.0
Current total success rate: 0.8519362186788155

Task: pick up the black bowl on the ramekin and place it on the plate view 0 0 100 0 0 initstate 276
Success: False
# episodes completed so far: 440
# successes: 374 (85.0%)
Current task success rate: 0.0
Current total success rate: 0.85

Task: pick up the black bowl on the ramekin and place it on the plate view 0 0 100 0 0 initstate 296
Success: False
# episodes completed so far: 441
# successes: 374 (84.8%)
Current task success rate: 0.0
Current total success rate: 0.8480725623582767

Task: pick up the black bowl on the ramekin and place it on the plate view 0 0 100 0 0 initstate 306
Success: True
# episodes completed so far: 442
# successes: 375 (84.8%)
Current task success rate: 1.0
Current total success rate: 0.8484162895927602

Task: pick up the black bowl on the ramekin and place it on the plate view 0 0 100 0 0 initstate 316
Success: False
# episodes completed so far: 443
# successes: 375 (84.7%)
Current task success rate: 0.0
Current total success rate: 0.8465011286681715

Task: pick up the black bowl on the ramekin and place it on the plate view 0 0 100 0 0 initstate 326
Success: True
# episodes completed so far: 444
# successes: 376 (84.7%)
Current task success rate: 1.0
Current total success rate: 0.8468468468468469

Task: pick up the black bowl on the ramekin and place it on the plate view 0 0 100 0 0 initstate 336
Success: False
# episodes completed so far: 445
# successes: 376 (84.5%)
Current task success rate: 0.0
Current total success rate: 0.8449438202247191

Task: pick up the black bowl on the ramekin and place it on the plate view 0 0 100 0 0 initstate 346
Success: True
# episodes completed so far: 446
# successes: 377 (84.5%)
Current task success rate: 1.0
Current total success rate: 0.8452914798206278

Task: pick up the black bowl on the ramekin and place it on the plate view 0 0 100 0 0 initstate 356
Success: True
# episodes completed so far: 447
# successes: 378 (84.6%)
Current task success rate: 1.0
Current total success rate: 0.8456375838926175

Task: pick up the black bowl on the ramekin and place it on the plate view 0 0 100 0 0 initstate 366
Success: False
# episodes completed so far: 448
# successes: 378 (84.4%)
Current task success rate: 0.0
Current total success rate: 0.84375

Task: pick up the black bowl on the ramekin and place it on the plate view 0 0 100 0 0 initstate 376
Success: False
# episodes completed so far: 449
# successes: 378 (84.2%)
Current task success rate: 0.0
Current total success rate: 0.8418708240534521

Task: pick up the black bowl on the ramekin and place it on the plate view 0 0 100 0 0 initstate 396
Success: True
# episodes completed so far: 450
# successes: 379 (84.2%)
Current task success rate: 1.0
Current total success rate: 0.8422222222222222

Task: pick up the black bowl on the ramekin and place it on the plate view 0 0 100 0 0 initstate 406
Success: True
# episodes completed so far: 451
# successes: 380 (84.3%)
Current task success rate: 1.0
Current total success rate: 0.8425720620842572

Task: pick up the black bowl on the ramekin and place it on the plate view 0 0 100 0 0 initstate 416
Success: True
# episodes completed so far: 452
# successes: 381 (84.3%)
Current task success rate: 1.0
Current total success rate: 0.8429203539823009

Task: pick up the black bowl on the ramekin and place it on the plate view 0 0 100 0 0 initstate 426
Success: True
# episodes completed so far: 453
# successes: 382 (84.3%)
Current task success rate: 1.0
Current total success rate: 0.8432671081677704

Task: pick up the black bowl on the ramekin and place it on the plate view 0 0 100 0 0 initstate 446
Success: False
# episodes completed so far: 454
# successes: 382 (84.1%)
Current task success rate: 0.0
Current total success rate: 0.8414096916299559

Task: pick up the black bowl on the ramekin and place it on the plate view 0 0 100 0 0 initstate 456
Success: True
# episodes completed so far: 455
# successes: 383 (84.2%)
Current task success rate: 1.0
Current total success rate: 0.8417582417582418

Task: pick up the black bowl on the ramekin and place it on the plate view 0 0 100 0 0 initstate 466
Success: False
# episodes completed so far: 456
# successes: 383 (84.0%)
Current task success rate: 0.0
Current total success rate: 0.8399122807017544

Task: pick up the black bowl on the ramekin and place it on the plate view 0 0 100 0 0 initstate 476
Success: True
# episodes completed so far: 457
# successes: 384 (84.0%)
Current task success rate: 1.0
Current total success rate: 0.8402625820568927

Task: pick up the black bowl on the ramekin and place it on the plate view 0 0 100 0 0 initstate 486
Success: False
# episodes completed so far: 458
# successes: 384 (83.8%)
Current task success rate: 0.0
Current total success rate: 0.8384279475982532

Task: pick up the black bowl on the ramekin and place it on the plate view 0 0 100 0 0 initstate 496
Success: True
# episodes completed so far: 459
# successes: 385 (83.9%)
Current task success rate: 1.0
Current total success rate: 0.8387799564270153

Task: pick up the black bowl next to the cookie box and place it on the plate view 0 0 100 0 0 initstate 17
Success: True
# episodes completed so far: 460
# successes: 386 (83.9%)
Current task success rate: 1.0
Current total success rate: 0.8391304347826087

Task: pick up the black bowl next to the cookie box and place it on the plate view 0 0 100 0 0 initstate 47
Success: True
# episodes completed so far: 461
# successes: 387 (83.9%)
Current task success rate: 1.0
Current total success rate: 0.8394793926247288

Task: pick up the black bowl next to the cookie box and place it on the plate view 0 0 100 0 0 initstate 107
Success: True
# episodes completed so far: 462
# successes: 388 (84.0%)
Current task success rate: 1.0
Current total success rate: 0.8398268398268398

Task: pick up the black bowl next to the cookie box and place it on the plate view 0 0 100 0 0 initstate 117
Success: True
# episodes completed so far: 463
# successes: 389 (84.0%)
Current task success rate: 1.0
Current total success rate: 0.8401727861771058

Task: pick up the black bowl next to the cookie box and place it on the plate view 0 0 100 0 0 initstate 147
Success: True
# episodes completed so far: 464
# successes: 390 (84.1%)
Current task success rate: 1.0
Current total success rate: 0.8405172413793104

Task: pick up the black bowl next to the cookie box and place it on the plate view 0 0 100 0 0 initstate 157
Success: True
# episodes completed so far: 465
# successes: 391 (84.1%)
Current task success rate: 1.0
Current total success rate: 0.8408602150537634

Task: pick up the black bowl next to the cookie box and place it on the plate view 0 0 100 0 0 initstate 177
Success: True
# episodes completed so far: 466
# successes: 392 (84.1%)
Current task success rate: 1.0
Current total success rate: 0.8412017167381974

Task: pick up the black bowl next to the cookie box and place it on the plate view 0 0 100 0 0 initstate 237
Success: True
# episodes completed so far: 467
# successes: 393 (84.2%)
Current task success rate: 1.0
Current total success rate: 0.841541755888651

Task: pick up the black bowl next to the cookie box and place it on the plate view 0 0 100 0 0 initstate 247
Success: True
# episodes completed so far: 468
# successes: 394 (84.2%)
Current task success rate: 1.0
Current total success rate: 0.8418803418803419

Task: pick up the black bowl next to the cookie box and place it on the plate view 0 0 100 0 0 initstate 257
Success: False
# episodes completed so far: 469
# successes: 394 (84.0%)
Current task success rate: 0.0
Current total success rate: 0.8400852878464818

Task: pick up the black bowl next to the cookie box and place it on the plate view 0 0 100 0 0 initstate 287
Success: False
# episodes completed so far: 470
# successes: 394 (83.8%)
Current task success rate: 0.0
Current total success rate: 0.8382978723404255

Task: pick up the black bowl next to the cookie box and place it on the plate view 0 0 100 0 0 initstate 317
Success: True
# episodes completed so far: 471
# successes: 395 (83.9%)
Current task success rate: 1.0
Current total success rate: 0.8386411889596603

Task: pick up the black bowl next to the cookie box and place it on the plate view 0 0 100 0 0 initstate 327
Success: True
# episodes completed so far: 472
# successes: 396 (83.9%)
Current task success rate: 1.0
Current total success rate: 0.8389830508474576

Task: pick up the black bowl next to the cookie box and place it on the plate view 0 0 100 0 0 initstate 337
Success: True
# episodes completed so far: 473
# successes: 397 (83.9%)
Current task success rate: 1.0
Current total success rate: 0.8393234672304439

Task: pick up the black bowl next to the cookie box and place it on the plate view 0 0 100 0 0 initstate 347
Success: False
# episodes completed so far: 474
# successes: 397 (83.8%)
Current task success rate: 0.0
Current total success rate: 0.8375527426160337

Task: pick up the black bowl next to the cookie box and place it on the plate view 0 0 100 0 0 initstate 357
Success: False
# episodes completed so far: 475
# successes: 397 (83.6%)
Current task success rate: 0.0
Current total success rate: 0.8357894736842105

Task: pick up the black bowl next to the cookie box and place it on the plate view 0 0 100 0 0 initstate 367
Success: False
# episodes completed so far: 476
# successes: 397 (83.4%)
Current task success rate: 0.0
Current total success rate: 0.8340336134453782

Task: pick up the black bowl next to the cookie box and place it on the plate view 0 0 100 0 0 initstate 377
Success: True
# episodes completed so far: 477
# successes: 398 (83.4%)
Current task success rate: 1.0
Current total success rate: 0.8343815513626834

Task: pick up the black bowl next to the cookie box and place it on the plate view 0 0 100 0 0 initstate 387
Success: True
# episodes completed so far: 478
# successes: 399 (83.5%)
Current task success rate: 1.0
Current total success rate: 0.8347280334728033

Task: pick up the black bowl next to the cookie box and place it on the plate view 0 0 100 0 0 initstate 407
Success: False
# episodes completed so far: 479
# successes: 399 (83.3%)
Current task success rate: 0.0
Current total success rate: 0.8329853862212944

Task: pick up the black bowl next to the cookie box and place it on the plate view 0 0 100 0 0 initstate 427
Success: True
# episodes completed so far: 480
# successes: 400 (83.3%)
Current task success rate: 1.0
Current total success rate: 0.8333333333333334

Task: pick up the black bowl next to the cookie box and place it on the plate view 0 0 100 0 0 initstate 447
Success: True
# episodes completed so far: 481
# successes: 401 (83.4%)
Current task success rate: 1.0
Current total success rate: 0.8336798336798337

Task: pick up the black bowl next to the cookie box and place it on the plate view 0 0 100 0 0 initstate 457
Success: True
# episodes completed so far: 482
# successes: 402 (83.4%)
Current task success rate: 1.0
Current total success rate: 0.8340248962655602

Task: pick up the black bowl next to the cookie box and place it on the plate view 0 0 100 0 0 initstate 467
Success: True
# episodes completed so far: 483
# successes: 403 (83.4%)
Current task success rate: 1.0
Current total success rate: 0.8343685300207039

Task: pick up the black bowl next to the cookie box and place it on the plate view 0 0 100 0 0 initstate 477
Success: True
# episodes completed so far: 484
# successes: 404 (83.5%)
Current task success rate: 1.0
Current total success rate: 0.8347107438016529

Task: pick up the black bowl next to the cookie box and place it on the plate view 0 0 100 0 0 initstate 487
Success: False
# episodes completed so far: 485
# successes: 404 (83.3%)
Current task success rate: 0.0
Current total success rate: 0.8329896907216495

Task: pick up the black bowl next to the cookie box and place it on the plate view 0 0 100 0 0 initstate 497
Success: False
# episodes completed so far: 486
# successes: 404 (83.1%)
Current task success rate: 0.0
Current total success rate: 0.831275720164609

Task: pick up the black bowl on the stove and place it on the plate view 0 0 100 0 0 initstate 8
Success: True
# episodes completed so far: 487
# successes: 405 (83.2%)
Current task success rate: 1.0
Current total success rate: 0.8316221765913757

Task: pick up the black bowl on the stove and place it on the plate view 0 0 100 0 0 initstate 58
Success: True
# episodes completed so far: 488
# successes: 406 (83.2%)
Current task success rate: 1.0
Current total success rate: 0.8319672131147541

Task: pick up the black bowl on the stove and place it on the plate view 0 0 100 0 0 initstate 78
Success: True
# episodes completed so far: 489
# successes: 407 (83.2%)
Current task success rate: 1.0
Current total success rate: 0.8323108384458078

Task: pick up the black bowl on the stove and place it on the plate view 0 0 100 0 0 initstate 88
Success: True
# episodes completed so far: 490
# successes: 408 (83.3%)
Current task success rate: 1.0
Current total success rate: 0.8326530612244898

Task: pick up the black bowl on the stove and place it on the plate view 0 0 100 0 0 initstate 108
Success: True
# episodes completed so far: 491
# successes: 409 (83.3%)
Current task success rate: 1.0
Current total success rate: 0.8329938900203666

Task: pick up the black bowl on the stove and place it on the plate view 0 0 100 0 0 initstate 118
Success: True
# episodes completed so far: 492
# successes: 410 (83.3%)
Current task success rate: 1.0
Current total success rate: 0.8333333333333334

Task: pick up the black bowl on the stove and place it on the plate view 0 0 100 0 0 initstate 128
Success: True
# episodes completed so far: 493
# successes: 411 (83.4%)
Current task success rate: 1.0
Current total success rate: 0.8336713995943205

Task: pick up the black bowl on the stove and place it on the plate view 0 0 100 0 0 initstate 138
Success: True
# episodes completed so far: 494
# successes: 412 (83.4%)
Current task success rate: 1.0
Current total success rate: 0.8340080971659919

Task: pick up the black bowl on the stove and place it on the plate view 0 0 100 0 0 initstate 148
Success: True
# episodes completed so far: 495
# successes: 413 (83.4%)
Current task success rate: 1.0
Current total success rate: 0.8343434343434344

Task: pick up the black bowl on the stove and place it on the plate view 0 0 100 0 0 initstate 158
Success: True
# episodes completed so far: 496
# successes: 414 (83.5%)
Current task success rate: 1.0
Current total success rate: 0.8346774193548387

Task: pick up the black bowl on the stove and place it on the plate view 0 0 100 0 0 initstate 178
Success: True
# episodes completed so far: 497
# successes: 415 (83.5%)
Current task success rate: 1.0
Current total success rate: 0.8350100603621731

Task: pick up the black bowl on the stove and place it on the plate view 0 0 100 0 0 initstate 188
Success: True
# episodes completed so far: 498
# successes: 416 (83.5%)
Current task success rate: 1.0
Current total success rate: 0.8353413654618473

Task: pick up the black bowl on the stove and place it on the plate view 0 0 100 0 0 initstate 198
Success: True
# episodes completed so far: 499
# successes: 417 (83.6%)
Current task success rate: 1.0
Current total success rate: 0.8356713426853707

Task: pick up the black bowl on the stove and place it on the plate view 0 0 100 0 0 initstate 208
Success: True
# episodes completed so far: 500
# successes: 418 (83.6%)
Current task success rate: 1.0
Current total success rate: 0.836

Task: pick up the black bowl on the stove and place it on the plate view 0 0 100 0 0 initstate 218
Success: True
# episodes completed so far: 501
# successes: 419 (83.6%)
Current task success rate: 1.0
Current total success rate: 0.8363273453093812

Task: pick up the black bowl on the stove and place it on the plate view 0 0 100 0 0 initstate 228
Success: True
# episodes completed so far: 502
# successes: 420 (83.7%)
Current task success rate: 1.0
Current total success rate: 0.8366533864541833

Task: pick up the black bowl on the stove and place it on the plate view 0 0 100 0 0 initstate 238
Success: True
# episodes completed so far: 503
# successes: 421 (83.7%)
Current task success rate: 1.0
Current total success rate: 0.8369781312127237

Task: pick up the black bowl on the stove and place it on the plate view 0 0 100 0 0 initstate 248
Success: True
# episodes completed so far: 504
# successes: 422 (83.7%)
Current task success rate: 1.0
Current total success rate: 0.8373015873015873

Task: pick up the black bowl on the stove and place it on the plate view 0 0 100 0 0 initstate 258
Success: True
# episodes completed so far: 505
# successes: 423 (83.8%)
Current task success rate: 1.0
Current total success rate: 0.8376237623762376

Task: pick up the black bowl on the stove and place it on the plate view 0 0 100 0 0 initstate 268
Success: False
# episodes completed so far: 506
# successes: 423 (83.6%)
Current task success rate: 0.0
Current total success rate: 0.8359683794466403

Task: pick up the black bowl on the stove and place it on the plate view 0 0 100 0 0 initstate 278
Success: True
# episodes completed so far: 507
# successes: 424 (83.6%)
Current task success rate: 1.0
Current total success rate: 0.8362919132149902

Task: pick up the black bowl on the stove and place it on the plate view 0 0 100 0 0 initstate 288
Success: True
# episodes completed so far: 508
# successes: 425 (83.7%)
Current task success rate: 1.0
Current total success rate: 0.8366141732283464

Task: pick up the black bowl on the stove and place it on the plate view 0 0 100 0 0 initstate 298
Success: True
# episodes completed so far: 509
# successes: 426 (83.7%)
Current task success rate: 1.0
Current total success rate: 0.8369351669941061

Task: pick up the black bowl on the stove and place it on the plate view 0 0 100 0 0 initstate 308
Success: True
# episodes completed so far: 510
# successes: 427 (83.7%)
Current task success rate: 1.0
Current total success rate: 0.8372549019607843

Task: pick up the black bowl on the stove and place it on the plate view 0 0 100 0 0 initstate 318
Success: True
# episodes completed so far: 511
# successes: 428 (83.8%)
Current task success rate: 1.0
Current total success rate: 0.837573385518591

Task: pick up the black bowl on the stove and place it on the plate view 0 0 100 0 0 initstate 328
Success: False
# episodes completed so far: 512
# successes: 428 (83.6%)
Current task success rate: 0.0
Current total success rate: 0.8359375

Task: pick up the black bowl on the stove and place it on the plate view 0 0 100 0 0 initstate 338
Success: True
# episodes completed so far: 513
# successes: 429 (83.6%)
Current task success rate: 1.0
Current total success rate: 0.8362573099415205

Task: pick up the black bowl on the stove and place it on the plate view 0 0 100 0 0 initstate 348
Success: True
# episodes completed so far: 514
# successes: 430 (83.7%)
Current task success rate: 1.0
Current total success rate: 0.8365758754863813

Task: pick up the black bowl on the stove and place it on the plate view 0 0 100 0 0 initstate 358
Success: False
# episodes completed so far: 515
# successes: 430 (83.5%)
Current task success rate: 0.0
Current total success rate: 0.8349514563106796

Task: pick up the black bowl on the stove and place it on the plate view 0 0 100 0 0 initstate 368
Success: True
# episodes completed so far: 516
# successes: 431 (83.5%)
Current task success rate: 1.0
Current total success rate: 0.8352713178294574

Task: pick up the black bowl on the stove and place it on the plate view 0 0 100 0 0 initstate 378
Success: False
# episodes completed so far: 517
# successes: 431 (83.4%)
Current task success rate: 0.0
Current total success rate: 0.8336557059961315

Task: pick up the black bowl on the stove and place it on the plate view 0 0 100 0 0 initstate 388
Success: False
# episodes completed so far: 518
# successes: 431 (83.2%)
Current task success rate: 0.0
Current total success rate: 0.832046332046332

Task: pick up the black bowl on the stove and place it on the plate view 0 0 100 0 0 initstate 398
Success: False
# episodes completed so far: 519
# successes: 431 (83.0%)
Current task success rate: 0.0
Current total success rate: 0.8304431599229287

Task: pick up the black bowl on the stove and place it on the plate view 0 0 100 0 0 initstate 408
Success: True
# episodes completed so far: 520
# successes: 432 (83.1%)
Current task success rate: 1.0
Current total success rate: 0.8307692307692308

Task: pick up the black bowl on the stove and place it on the plate view 0 0 100 0 0 initstate 418
Success: False
# episodes completed so far: 521
# successes: 432 (82.9%)
Current task success rate: 0.0
Current total success rate: 0.8291746641074856

Task: pick up the black bowl on the stove and place it on the plate view 0 0 100 0 0 initstate 428
Success: False
# episodes completed so far: 522
# successes: 432 (82.8%)
Current task success rate: 0.0
Current total success rate: 0.8275862068965517

Task: pick up the black bowl on the stove and place it on the plate view 0 0 100 0 0 initstate 438
Success: False
# episodes completed so far: 523
# successes: 432 (82.6%)
Current task success rate: 0.0
Current total success rate: 0.8260038240917782

Task: pick up the black bowl on the stove and place it on the plate view 0 0 100 0 0 initstate 448
Success: True
# episodes completed so far: 524
# successes: 433 (82.6%)
Current task success rate: 1.0
Current total success rate: 0.8263358778625954

Task: pick up the black bowl on the stove and place it on the plate view 0 0 100 0 0 initstate 458
Success: False
# episodes completed so far: 525
# successes: 433 (82.5%)
Current task success rate: 0.0
Current total success rate: 0.8247619047619048

Task: pick up the black bowl on the stove and place it on the plate view 0 0 100 0 0 initstate 468
Success: True
# episodes completed so far: 526
# successes: 434 (82.5%)
Current task success rate: 1.0
Current total success rate: 0.8250950570342205

Task: pick up the black bowl on the stove and place it on the plate view 0 0 100 0 0 initstate 478
Success: False
# episodes completed so far: 527
# successes: 434 (82.4%)
Current task success rate: 0.0
Current total success rate: 0.8235294117647058

Task: pick up the black bowl on the stove and place it on the plate view 0 0 100 0 0 initstate 488
Success: False
# episodes completed so far: 528
# successes: 434 (82.2%)
Current task success rate: 0.0
Current total success rate: 0.821969696969697

Task: pick up the black bowl on the stove and place it on the plate view 0 0 100 0 0 initstate 498
Success: True
# episodes completed so far: 529
# successes: 435 (82.2%)
Current task success rate: 1.0
Current total success rate: 0.8223062381852552

Task: pick up the black bowl next to the plate and place it on the plate view 0 0 100 0 0 initstate 19
Success: True
# episodes completed so far: 530
# successes: 436 (82.3%)
Current task success rate: 1.0
Current total success rate: 0.8226415094339623

Task: pick up the black bowl next to the plate and place it on the plate view 0 0 100 0 0 initstate 89
Success: True
# episodes completed so far: 531
# successes: 437 (82.3%)
Current task success rate: 1.0
Current total success rate: 0.8229755178907722

Task: pick up the black bowl next to the plate and place it on the plate view 0 0 100 0 0 initstate 99
Success: True
# episodes completed so far: 532
# successes: 438 (82.3%)
Current task success rate: 1.0
Current total success rate: 0.8233082706766918

Task: pick up the black bowl next to the plate and place it on the plate view 0 0 100 0 0 initstate 109
Success: False
# episodes completed so far: 533
# successes: 438 (82.2%)
Current task success rate: 0.0
Current total success rate: 0.8217636022514071

Task: pick up the black bowl next to the plate and place it on the plate view 0 0 100 0 0 initstate 119
Success: True
# episodes completed so far: 534
# successes: 439 (82.2%)
Current task success rate: 1.0
Current total success rate: 0.8220973782771536

Task: pick up the black bowl next to the plate and place it on the plate view 0 0 100 0 0 initstate 129
Success: True
# episodes completed so far: 535
# successes: 440 (82.2%)
Current task success rate: 1.0
Current total success rate: 0.822429906542056

Task: pick up the black bowl next to the plate and place it on the plate view 0 0 100 0 0 initstate 139
Success: True
# episodes completed so far: 536
# successes: 441 (82.3%)
Current task success rate: 1.0
Current total success rate: 0.8227611940298507

Task: pick up the black bowl next to the plate and place it on the plate view 0 0 100 0 0 initstate 149
Success: True
# episodes completed so far: 537
# successes: 442 (82.3%)
Current task success rate: 1.0
Current total success rate: 0.8230912476722533

Task: pick up the black bowl next to the plate and place it on the plate view 0 0 100 0 0 initstate 159
Success: True
# episodes completed so far: 538
# successes: 443 (82.3%)
Current task success rate: 1.0
Current total success rate: 0.8234200743494424

Task: pick up the black bowl next to the plate and place it on the plate view 0 0 100 0 0 initstate 169
Success: True
# episodes completed so far: 539
# successes: 444 (82.4%)
Current task success rate: 1.0
Current total success rate: 0.8237476808905381

Task: pick up the black bowl next to the plate and place it on the plate view 0 0 100 0 0 initstate 189
Success: False
# episodes completed so far: 540
# successes: 444 (82.2%)
Current task success rate: 0.0
Current total success rate: 0.8222222222222222

Task: pick up the black bowl next to the plate and place it on the plate view 0 0 100 0 0 initstate 199
Success: True
# episodes completed so far: 541
# successes: 445 (82.3%)
Current task success rate: 1.0
Current total success rate: 0.822550831792976

Task: pick up the black bowl next to the plate and place it on the plate view 0 0 100 0 0 initstate 229
Success: True
# episodes completed so far: 542
# successes: 446 (82.3%)
Current task success rate: 1.0
Current total success rate: 0.8228782287822878

Task: pick up the black bowl next to the plate and place it on the plate view 0 0 100 0 0 initstate 239
Success: True
# episodes completed so far: 543
# successes: 447 (82.3%)
Current task success rate: 1.0
Current total success rate: 0.8232044198895028

Task: pick up the black bowl next to the plate and place it on the plate view 0 0 100 0 0 initstate 249
Success: True
# episodes completed so far: 544
# successes: 448 (82.4%)
Current task success rate: 1.0
Current total success rate: 0.8235294117647058

Task: pick up the black bowl next to the plate and place it on the plate view 0 0 100 0 0 initstate 259
Success: True
# episodes completed so far: 545
# successes: 449 (82.4%)
Current task success rate: 1.0
Current total success rate: 0.8238532110091743

Task: pick up the black bowl next to the plate and place it on the plate view 0 0 100 0 0 initstate 269
Success: True
# episodes completed so far: 546
# successes: 450 (82.4%)
Current task success rate: 1.0
Current total success rate: 0.8241758241758241

Task: pick up the black bowl next to the plate and place it on the plate view 0 0 100 0 0 initstate 279
Success: True
# episodes completed so far: 547
# successes: 451 (82.4%)
Current task success rate: 1.0
Current total success rate: 0.8244972577696527

Task: pick up the black bowl next to the plate and place it on the plate view 0 0 100 0 0 initstate 289
Success: True
# episodes completed so far: 548
# successes: 452 (82.5%)
Current task success rate: 1.0
Current total success rate: 0.8248175182481752

Task: pick up the black bowl next to the plate and place it on the plate view 0 0 100 0 0 initstate 299
Success: True
# episodes completed so far: 549
# successes: 453 (82.5%)
Current task success rate: 1.0
Current total success rate: 0.825136612021858

Task: pick up the black bowl next to the plate and place it on the plate view 0 0 100 0 0 initstate 309
Success: True
# episodes completed so far: 550
# successes: 454 (82.5%)
Current task success rate: 1.0
Current total success rate: 0.8254545454545454

Task: pick up the black bowl next to the plate and place it on the plate view 0 0 100 0 0 initstate 319
Success: True
# episodes completed so far: 551
# successes: 455 (82.6%)
Current task success rate: 1.0
Current total success rate: 0.8257713248638838

Task: pick up the black bowl next to the plate and place it on the plate view 0 0 100 0 0 initstate 329
Success: False
# episodes completed so far: 552
# successes: 455 (82.4%)
Current task success rate: 0.0
Current total success rate: 0.8242753623188406

Task: pick up the black bowl next to the plate and place it on the plate view 0 0 100 0 0 initstate 339
Success: False
# episodes completed so far: 553
# successes: 455 (82.3%)
Current task success rate: 0.0
Current total success rate: 0.8227848101265823

Task: pick up the black bowl next to the plate and place it on the plate view 0 0 100 0 0 initstate 349
Success: True
# episodes completed so far: 554
# successes: 456 (82.3%)
Current task success rate: 1.0
Current total success rate: 0.8231046931407943

Task: pick up the black bowl next to the plate and place it on the plate view 0 0 100 0 0 initstate 359
Success: True
# episodes completed so far: 555
# successes: 457 (82.3%)
Current task success rate: 1.0
Current total success rate: 0.8234234234234235

Task: pick up the black bowl next to the plate and place it on the plate view 0 0 100 0 0 initstate 379
Success: False
# episodes completed so far: 556
# successes: 457 (82.2%)
Current task success rate: 0.0
Current total success rate: 0.8219424460431655

Task: pick up the black bowl next to the plate and place it on the plate view 0 0 100 0 0 initstate 389
Success: True
# episodes completed so far: 557
# successes: 458 (82.2%)
Current task success rate: 1.0
Current total success rate: 0.822262118491921

Task: pick up the black bowl next to the plate and place it on the plate view 0 0 100 0 0 initstate 399
Success: True
# episodes completed so far: 558
# successes: 459 (82.3%)
Current task success rate: 1.0
Current total success rate: 0.8225806451612904

Task: pick up the black bowl next to the plate and place it on the plate view 0 0 100 0 0 initstate 409
Success: True
# episodes completed so far: 559
# successes: 460 (82.3%)
Current task success rate: 1.0
Current total success rate: 0.8228980322003577

Task: pick up the black bowl next to the plate and place it on the plate view 0 0 100 0 0 initstate 419
Success: True
# episodes completed so far: 560
# successes: 461 (82.3%)
Current task success rate: 1.0
Current total success rate: 0.8232142857142857

Task: pick up the black bowl next to the plate and place it on the plate view 0 0 100 0 0 initstate 429
Success: False
# episodes completed so far: 561
# successes: 461 (82.2%)
Current task success rate: 0.0
Current total success rate: 0.82174688057041

Task: pick up the black bowl next to the plate and place it on the plate view 0 0 100 0 0 initstate 439
Success: True
# episodes completed so far: 562
# successes: 462 (82.2%)
Current task success rate: 1.0
Current total success rate: 0.8220640569395018

Task: pick up the black bowl next to the plate and place it on the plate view 0 0 100 0 0 initstate 459
Success: False
# episodes completed so far: 563
# successes: 462 (82.1%)
Current task success rate: 0.0
Current total success rate: 0.8206039076376554

Task: pick up the black bowl next to the plate and place it on the plate view 0 0 100 0 0 initstate 469
Success: True
# episodes completed so far: 564
# successes: 463 (82.1%)
Current task success rate: 1.0
Current total success rate: 0.8209219858156028

Task: pick up the black bowl next to the plate and place it on the plate view 0 0 100 0 0 initstate 489
Success: True
# episodes completed so far: 565
# successes: 464 (82.1%)
Current task success rate: 1.0
Current total success rate: 0.8212389380530973

Task: pick up the black bowl next to the plate and place it on the plate view 0 0 100 0 0 initstate 499
Success: False
# episodes completed so far: 566
# successes: 464 (82.0%)
Current task success rate: 0.0
Current total success rate: 0.8197879858657244

Task: pick up the black bowl on the wooden cabinet and place it on the plate view 0 0 100 0 0 initstate 10
Success: True
# episodes completed so far: 567
# successes: 465 (82.0%)
Current task success rate: 1.0
Current total success rate: 0.8201058201058201

Task: pick up the black bowl on the wooden cabinet and place it on the plate view 0 0 100 0 0 initstate 50
Success: True
# episodes completed so far: 568
# successes: 466 (82.0%)
Current task success rate: 1.0
Current total success rate: 0.8204225352112676

Task: pick up the black bowl on the wooden cabinet and place it on the plate view 0 0 100 0 0 initstate 80
Success: True
# episodes completed so far: 569
# successes: 467 (82.1%)
Current task success rate: 1.0
Current total success rate: 0.820738137082601

Task: pick up the black bowl on the wooden cabinet and place it on the plate view 0 0 100 0 0 initstate 90
Success: True
# episodes completed so far: 570
# successes: 468 (82.1%)
Current task success rate: 1.0
Current total success rate: 0.8210526315789474

Task: pick up the black bowl on the wooden cabinet and place it on the plate view 0 0 100 0 0 initstate 100
Success: True
# episodes completed so far: 571
# successes: 469 (82.1%)
Current task success rate: 1.0
Current total success rate: 0.8213660245183888

Task: pick up the black bowl on the wooden cabinet and place it on the plate view 0 0 100 0 0 initstate 110
Success: True
# episodes completed so far: 572
# successes: 470 (82.2%)
Current task success rate: 1.0
Current total success rate: 0.8216783216783217

Task: pick up the black bowl on the wooden cabinet and place it on the plate view 0 0 100 0 0 initstate 120
Success: True
# episodes completed so far: 573
# successes: 471 (82.2%)
Current task success rate: 1.0
Current total success rate: 0.8219895287958116

Task: pick up the black bowl on the wooden cabinet and place it on the plate view 0 0 100 0 0 initstate 130
Success: True
# episodes completed so far: 574
# successes: 472 (82.2%)
Current task success rate: 1.0
Current total success rate: 0.8222996515679443

Task: pick up the black bowl on the wooden cabinet and place it on the plate view 0 0 100 0 0 initstate 140
Success: True
# episodes completed so far: 575
# successes: 473 (82.3%)
Current task success rate: 1.0
Current total success rate: 0.8226086956521739

Task: pick up the black bowl on the wooden cabinet and place it on the plate view 0 0 100 0 0 initstate 150
Success: True
# episodes completed so far: 576
# successes: 474 (82.3%)
Current task success rate: 1.0
Current total success rate: 0.8229166666666666

Task: pick up the black bowl on the wooden cabinet and place it on the plate view 0 0 100 0 0 initstate 160
Success: True
# episodes completed so far: 577
# successes: 475 (82.3%)
Current task success rate: 1.0
Current total success rate: 0.8232235701906413

Task: pick up the black bowl on the wooden cabinet and place it on the plate view 0 0 100 0 0 initstate 190
Success: False
# episodes completed so far: 578
# successes: 475 (82.2%)
Current task success rate: 0.0
Current total success rate: 0.8217993079584776

Task: pick up the black bowl on the wooden cabinet and place it on the plate view 0 0 100 0 0 initstate 200
Success: True
# episodes completed so far: 579
# successes: 476 (82.2%)
Current task success rate: 1.0
Current total success rate: 0.8221070811744386

Task: pick up the black bowl on the wooden cabinet and place it on the plate view 0 0 100 0 0 initstate 220
Success: True
# episodes completed so far: 580
# successes: 477 (82.2%)
Current task success rate: 1.0
Current total success rate: 0.8224137931034483

Task: pick up the black bowl on the wooden cabinet and place it on the plate view 0 0 100 0 0 initstate 230
Success: False
# episodes completed so far: 581
# successes: 477 (82.1%)
Current task success rate: 0.0
Current total success rate: 0.8209982788296041

Task: pick up the black bowl on the wooden cabinet and place it on the plate view 0 0 100 0 0 initstate 240
Success: True
# episodes completed so far: 582
# successes: 478 (82.1%)
Current task success rate: 1.0
Current total success rate: 0.8213058419243986

Task: pick up the black bowl on the wooden cabinet and place it on the plate view 0 0 100 0 0 initstate 250
Success: True
# episodes completed so far: 583
# successes: 479 (82.2%)
Current task success rate: 1.0
Current total success rate: 0.8216123499142367

Task: pick up the black bowl on the wooden cabinet and place it on the plate view 0 0 100 0 0 initstate 260
Success: False
# episodes completed so far: 584
# successes: 479 (82.0%)
Current task success rate: 0.0
Current total success rate: 0.8202054794520548

Task: pick up the black bowl on the wooden cabinet and place it on the plate view 0 0 100 0 0 initstate 270
Success: False
# episodes completed so far: 585
# successes: 479 (81.9%)
Current task success rate: 0.0
Current total success rate: 0.8188034188034188

Task: pick up the black bowl on the wooden cabinet and place it on the plate view 0 0 100 0 0 initstate 280
Success: True
# episodes completed so far: 586
# successes: 480 (81.9%)
Current task success rate: 1.0
Current total success rate: 0.8191126279863481

Task: pick up the black bowl on the wooden cabinet and place it on the plate view 0 0 100 0 0 initstate 290
Success: True
# episodes completed so far: 587
# successes: 481 (81.9%)
Current task success rate: 1.0
Current total success rate: 0.8194207836456558

Task: pick up the black bowl on the wooden cabinet and place it on the plate view 0 0 100 0 0 initstate 300
Success: False
# episodes completed so far: 588
# successes: 481 (81.8%)
Current task success rate: 0.0
Current total success rate: 0.8180272108843537

Task: pick up the black bowl on the wooden cabinet and place it on the plate view 0 0 100 0 0 initstate 310
Success: False
# episodes completed so far: 589
# successes: 481 (81.7%)
Current task success rate: 0.0
Current total success rate: 0.8166383701188455

Task: pick up the black bowl on the wooden cabinet and place it on the plate view 0 0 100 0 0 initstate 320
Success: True
# episodes completed so far: 590
# successes: 482 (81.7%)
Current task success rate: 1.0
Current total success rate: 0.8169491525423729

Task: pick up the black bowl on the wooden cabinet and place it on the plate view 0 0 100 0 0 initstate 330
Success: True
# episodes completed so far: 591
# successes: 483 (81.7%)
Current task success rate: 1.0
Current total success rate: 0.817258883248731

Task: pick up the black bowl on the wooden cabinet and place it on the plate view 0 0 100 0 0 initstate 340
Success: False
# episodes completed so far: 592
# successes: 483 (81.6%)
Current task success rate: 0.0
Current total success rate: 0.8158783783783784

Task: pick up the black bowl on the wooden cabinet and place it on the plate view 0 0 100 0 0 initstate 350
Success: True
# episodes completed so far: 593
# successes: 484 (81.6%)
Current task success rate: 1.0
Current total success rate: 0.8161888701517707

Task: pick up the black bowl on the wooden cabinet and place it on the plate view 0 0 100 0 0 initstate 360
Success: True
# episodes completed so far: 594
# successes: 485 (81.6%)
Current task success rate: 1.0
Current total success rate: 0.8164983164983165

Task: pick up the black bowl on the wooden cabinet and place it on the plate view 0 0 100 0 0 initstate 370
Success: False
# episodes completed so far: 595
# successes: 485 (81.5%)
Current task success rate: 0.0
Current total success rate: 0.8151260504201681

Task: pick up the black bowl on the wooden cabinet and place it on the plate view 0 0 100 0 0 initstate 380
Success: True
# episodes completed so far: 596
# successes: 486 (81.5%)
Current task success rate: 1.0
Current total success rate: 0.8154362416107382

Task: pick up the black bowl on the wooden cabinet and place it on the plate view 0 0 100 0 0 initstate 390
Success: True
# episodes completed so far: 597
# successes: 487 (81.6%)
Current task success rate: 1.0
Current total success rate: 0.8157453936348409

Task: pick up the black bowl on the wooden cabinet and place it on the plate view 0 0 100 0 0 initstate 400
Success: False
# episodes completed so far: 598
# successes: 487 (81.4%)
Current task success rate: 0.0
Current total success rate: 0.81438127090301

Task: pick up the black bowl on the wooden cabinet and place it on the plate view 0 0 100 0 0 initstate 410
Success: False
# episodes completed so far: 599
# successes: 487 (81.3%)
Current task success rate: 0.0
Current total success rate: 0.8130217028380634

Task: pick up the black bowl on the wooden cabinet and place it on the plate view 0 0 100 0 0 initstate 420
Success: False
# episodes completed so far: 600
# successes: 487 (81.2%)
Current task success rate: 0.0
Current total success rate: 0.8116666666666666

Task: pick up the black bowl on the wooden cabinet and place it on the plate view 0 0 100 0 0 initstate 430
Success: True
# episodes completed so far: 601
# successes: 488 (81.2%)
Current task success rate: 1.0
Current total success rate: 0.8119800332778702

Task: pick up the black bowl on the wooden cabinet and place it on the plate view 0 0 100 0 0 initstate 440
Success: False
# episodes completed so far: 602
# successes: 488 (81.1%)
Current task success rate: 0.0
Current total success rate: 0.8106312292358804

Task: pick up the black bowl on the wooden cabinet and place it on the plate view 0 0 100 0 0 initstate 450
Success: False
# episodes completed so far: 603
# successes: 488 (80.9%)
Current task success rate: 0.0
Current total success rate: 0.8092868988391376

Task: pick up the black bowl on the wooden cabinet and place it on the plate view 0 0 100 0 0 initstate 460
Success: False
# episodes completed so far: 604
# successes: 488 (80.8%)
Current task success rate: 0.0
Current total success rate: 0.8079470198675497

Task: pick up the black bowl on the wooden cabinet and place it on the plate view 0 0 100 0 0 initstate 470
Success: True
# episodes completed so far: 605
# successes: 489 (80.8%)
Current task success rate: 1.0
Current total success rate: 0.8082644628099174

Task: pick up the black bowl on the wooden cabinet and place it on the plate view 0 0 100 0 0 initstate 480
Success: True
# episodes completed so far: 606
# successes: 490 (80.9%)
Current task success rate: 1.0
Current total success rate: 0.8085808580858086

Task: pick up the black bowl on the wooden cabinet and place it on the plate view 0 0 100 0 0 initstate 490
Success: True
# episodes completed so far: 607
# successes: 491 (80.9%)
Current task success rate: 1.0
Current total success rate: 0.8088962108731467

Task: pick up the black bowl on the wooden cabinet and place it on the plate view 0 0 100 0 0 initstate 500
Success: True
# episodes completed so far: 608
# successes: 492 (80.9%)
Current task success rate: 1.0
Current total success rate: 0.8092105263157895

Task: pick up the black bowl between the plate and the ramekin and place it on the plate view 0 0 100 2 352 initstate 0
Success: False
# episodes completed so far: 609
# successes: 492 (80.8%)
Current task success rate: 0.0
Current total success rate: 0.8078817733990148

Task: pick up the black bowl between the plate and the ramekin and place it on the plate view 0 0 100 2 354 initstate 0
Success: False
# episodes completed so far: 610
# successes: 492 (80.7%)
Current task success rate: 0.0
Current total success rate: 0.8065573770491803

Task: pick up the black bowl between the plate and the ramekin and place it on the plate view 11 15 100 0 0 initstate 0
Success: True
# episodes completed so far: 611
# successes: 493 (80.7%)
Current task success rate: 1.0
Current total success rate: 0.806873977086743

Task: pick up the black bowl between the plate and the ramekin and place it on the plate view 13 15 100 0 0 initstate 0
Success: True
# episodes completed so far: 612
# successes: 494 (80.7%)
Current task success rate: 1.0
Current total success rate: 0.8071895424836601

Task: pick up the black bowl between the plate and the ramekin and place it on the plate view 14 15 100 0 0 initstate 0
Success: False
# episodes completed so far: 613
# successes: 494 (80.6%)
Current task success rate: 0.0
Current total success rate: 0.8058727569331158

Task: pick up the black bowl between the plate and the ramekin and place it on the plate view 15 15 100 0 0 initstate 0
Success: False
# episodes completed so far: 614
# successes: 494 (80.5%)
Current task success rate: 0.0
Current total success rate: 0.8045602605863192

Task: pick up the black bowl next to the ramekin and place it on the plate view 0 0 115 0 0 initstate 0
Success: False
# episodes completed so far: 615
# successes: 494 (80.3%)
Current task success rate: 0.0
Current total success rate: 0.8032520325203252

Task: pick up the black bowl next to the ramekin and place it on the plate view 0 0 119 0 0 initstate 0
Success: True
# episodes completed so far: 616
# successes: 495 (80.4%)
Current task success rate: 1.0
Current total success rate: 0.8035714285714286

Task: pick up the black bowl next to the ramekin and place it on the plate view 0 0 120 0 0 initstate 0
Success: False
# episodes completed so far: 617
# successes: 495 (80.2%)
Current task success rate: 0.0
Current total success rate: 0.8022690437601296

Task: pick up the black bowl next to the ramekin and place it on the plate view 0 0 100 4 6 initstate 0
Success: True
# episodes completed so far: 618
# successes: 496 (80.3%)
Current task success rate: 1.0
Current total success rate: 0.8025889967637541

Task: pick up the black bowl next to the ramekin and place it on the plate view 0 0 100 4 8 initstate 0
Success: True
# episodes completed so far: 619
# successes: 497 (80.3%)
Current task success rate: 1.0
Current total success rate: 0.802907915993538

Task: pick up the black bowl next to the ramekin and place it on the plate view 0 0 100 4 10 initstate 0
Success: True
# episodes completed so far: 620
# successes: 498 (80.3%)
Current task success rate: 1.0
Current total success rate: 0.8032258064516129

Task: pick up the black bowl next to the ramekin and place it on the plate view 0 0 100 4 350 initstate 0
Success: False
# episodes completed so far: 621
# successes: 498 (80.2%)
Current task success rate: 0.0
Current total success rate: 0.8019323671497585

Task: pick up the black bowl next to the ramekin and place it on the plate view 0 0 100 4 352 initstate 0
Success: False
# episodes completed so far: 622
# successes: 498 (80.1%)
Current task success rate: 0.0
Current total success rate: 0.8006430868167203

Task: pick up the black bowl next to the ramekin and place it on the plate view 0 0 100 4 354 initstate 0
Success: True
# episodes completed so far: 623
# successes: 499 (80.1%)
Current task success rate: 1.0
Current total success rate: 0.8009630818619583

Task: pick up the black bowl next to the ramekin and place it on the plate view 16 15 100 0 0 initstate 0
Success: False
# episodes completed so far: 624
# successes: 499 (80.0%)
Current task success rate: 0.0
Current total success rate: 0.7996794871794872

Task: pick up the black bowl next to the ramekin and place it on the plate view 17 0 100 0 0 initstate 0
Success: True
# episodes completed so far: 625
# successes: 500 (80.0%)
Current task success rate: 1.0
Current total success rate: 0.8

Task: pick up the black bowl next to the ramekin and place it on the plate view 17 15 100 0 0 initstate 0
Success: False
# episodes completed so far: 626
# successes: 500 (79.9%)
Current task success rate: 0.0
Current total success rate: 0.7987220447284346

Task: pick up the black bowl next to the ramekin and place it on the plate view 18 0 100 0 0 initstate 0
Success: True
# episodes completed so far: 627
# successes: 501 (79.9%)
Current task success rate: 1.0
Current total success rate: 0.7990430622009569

Task: pick up the black bowl next to the ramekin and place it on the plate view 18 15 100 0 0 initstate 0
Success: False
# episodes completed so far: 628
# successes: 501 (79.8%)
Current task success rate: 0.0
Current total success rate: 0.7977707006369427

Task: pick up the black bowl next to the ramekin and place it on the plate view 19 0 100 0 0 initstate 0
Success: True
# episodes completed so far: 629
# successes: 502 (79.8%)
Current task success rate: 1.0
Current total success rate: 0.7980922098569158

Task: pick up the black bowl next to the ramekin and place it on the plate view 19 15 100 0 0 initstate 0
Success: False
# episodes completed so far: 630
# successes: 502 (79.7%)
Current task success rate: 0.0
Current total success rate: 0.7968253968253968

Task: pick up the black bowl next to the ramekin and place it on the plate view 20 0 100 0 0 initstate 0
Success: True
# episodes completed so far: 631
# successes: 503 (79.7%)
Current task success rate: 1.0
Current total success rate: 0.7971473851030111

Task: pick up the black bowl next to the ramekin and place it on the plate view 20 15 100 0 0 initstate 0
Success: False
# episodes completed so far: 632
# successes: 503 (79.6%)
Current task success rate: 0.0
Current total success rate: 0.7958860759493671

Task: pick up the black bowl next to the ramekin and place it on the plate view 21 0 100 0 0 initstate 0
Success: True
# episodes completed so far: 633
# successes: 504 (79.6%)
Current task success rate: 1.0
Current total success rate: 0.7962085308056872

Task: pick up the black bowl next to the ramekin and place it on the plate view 21 15 100 0 0 initstate 0
Success: False
# episodes completed so far: 634
# successes: 504 (79.5%)
Current task success rate: 0.0
Current total success rate: 0.7949526813880127

Task: pick up the black bowl next to the ramekin and place it on the plate view 22 0 100 0 0 initstate 0
Success: False
# episodes completed so far: 635
# successes: 504 (79.4%)
Current task success rate: 0.0
Current total success rate: 0.7937007874015748

Task: pick up the black bowl next to the ramekin and place it on the plate view 22 15 100 0 0 initstate 0
Success: False
# episodes completed so far: 636
# successes: 504 (79.2%)
Current task success rate: 0.0
Current total success rate: 0.7924528301886793

Task: pick up the black bowl next to the ramekin and place it on the plate view 23 0 100 0 0 initstate 0
Success: True
# episodes completed so far: 637
# successes: 505 (79.3%)
Current task success rate: 1.0
Current total success rate: 0.792778649921507

Task: pick up the black bowl next to the ramekin and place it on the plate view 23 15 100 0 0 initstate 0
Success: False
# episodes completed so far: 638
# successes: 505 (79.2%)
Current task success rate: 0.0
Current total success rate: 0.7915360501567398

Task: pick up the black bowl next to the ramekin and place it on the plate view 24 0 100 0 0 initstate 0
Success: True
# episodes completed so far: 639
# successes: 506 (79.2%)
Current task success rate: 1.0
Current total success rate: 0.7918622848200313

Task: pick up the black bowl next to the ramekin and place it on the plate view 24 15 100 0 0 initstate 0
Success: False
# episodes completed so far: 640
# successes: 506 (79.1%)
Current task success rate: 0.0
Current total success rate: 0.790625

Task: pick up the black bowl next to the ramekin and place it on the plate view 25 0 100 0 0 initstate 0
Success: True
# episodes completed so far: 641
# successes: 507 (79.1%)
Current task success rate: 1.0
Current total success rate: 0.7909516380655226

Task: pick up the black bowl next to the ramekin and place it on the plate view 25 15 100 0 0 initstate 0
Success: False
# episodes completed so far: 642
# successes: 507 (79.0%)
Current task success rate: 0.0
Current total success rate: 0.7897196261682243

Task: pick up the black bowl next to the ramekin and place it on the plate view 26 0 100 0 0 initstate 0
Success: True
# episodes completed so far: 643
# successes: 508 (79.0%)
Current task success rate: 1.0
Current total success rate: 0.7900466562986003

Task: pick up the black bowl next to the ramekin and place it on the plate view 26 15 100 0 0 initstate 0
Success: False
# episodes completed so far: 644
# successes: 508 (78.9%)
Current task success rate: 0.0
Current total success rate: 0.7888198757763976

Task: pick up the black bowl next to the ramekin and place it on the plate view 27 0 100 0 0 initstate 0
Success: True
# episodes completed so far: 645
# successes: 509 (78.9%)
Current task success rate: 1.0
Current total success rate: 0.7891472868217054

Task: pick up the black bowl next to the ramekin and place it on the plate view 27 15 100 0 0 initstate 0
Success: False
# episodes completed so far: 646
# successes: 509 (78.8%)
Current task success rate: 0.0
Current total success rate: 0.7879256965944272

Task: pick up the black bowl next to the ramekin and place it on the plate view 28 0 100 0 0 initstate 0
Success: True
# episodes completed so far: 647
# successes: 510 (78.8%)
Current task success rate: 1.0
Current total success rate: 0.7882534775888718

Task: pick up the black bowl next to the ramekin and place it on the plate view 29 0 100 0 0 initstate 0
Success: True
# episodes completed so far: 648
# successes: 511 (78.9%)
Current task success rate: 1.0
Current total success rate: 0.7885802469135802

Task: pick up the black bowl next to the ramekin and place it on the plate view 29 15 100 0 0 initstate 0
Success: False
# episodes completed so far: 649
# successes: 511 (78.7%)
Current task success rate: 0.0
Current total success rate: 0.7873651771956857

Task: pick up the black bowl next to the ramekin and place it on the plate view 30 0 100 0 0 initstate 0
Success: False
# episodes completed so far: 650
# successes: 511 (78.6%)
Current task success rate: 0.0
Current total success rate: 0.7861538461538462

Task: pick up the black bowl next to the ramekin and place it on the plate view 30 15 100 0 0 initstate 0
Success: False
# episodes completed so far: 651
# successes: 511 (78.5%)
Current task success rate: 0.0
Current total success rate: 0.7849462365591398

Task: pick up the black bowl from table center and place it on the plate view 0 0 122 0 0 initstate 0
Success: True
# episodes completed so far: 652
# successes: 512 (78.5%)
Current task success rate: 1.0
Current total success rate: 0.7852760736196319

Task: pick up the black bowl from table center and place it on the plate view 0 0 125 0 0 initstate 0
Success: False
# episodes completed so far: 653
# successes: 512 (78.4%)
Current task success rate: 0.0
Current total success rate: 0.7840735068912711

Task: pick up the black bowl from table center and place it on the plate view 0 0 126 0 0 initstate 0
Success: True
# episodes completed so far: 654
# successes: 513 (78.4%)
Current task success rate: 1.0
Current total success rate: 0.7844036697247706

Task: pick up the black bowl from table center and place it on the plate view 0 0 127 0 0 initstate 0
Success: True
# episodes completed so far: 655
# successes: 514 (78.5%)
Current task success rate: 1.0
Current total success rate: 0.7847328244274809

Task: pick up the black bowl from table center and place it on the plate view 0 0 100 6 6 initstate 0
Success: True
# episodes completed so far: 656
# successes: 515 (78.5%)
Current task success rate: 1.0
Current total success rate: 0.7850609756097561

Task: pick up the black bowl from table center and place it on the plate view 0 0 100 6 8 initstate 0
Success: True
# episodes completed so far: 657
# successes: 516 (78.5%)
Current task success rate: 1.0
Current total success rate: 0.7853881278538812

Task: pick up the black bowl from table center and place it on the plate view 0 0 100 6 10 initstate 0
Success: True
# episodes completed so far: 658
# successes: 517 (78.6%)
Current task success rate: 1.0
Current total success rate: 0.7857142857142857

Task: pick up the black bowl from table center and place it on the plate view 0 0 100 6 350 initstate 0
Success: True
# episodes completed so far: 659
# successes: 518 (78.6%)
Current task success rate: 1.0
Current total success rate: 0.7860394537177542

Task: pick up the black bowl from table center and place it on the plate view 0 0 100 6 352 initstate 0
Success: True
# episodes completed so far: 660
# successes: 519 (78.6%)
Current task success rate: 1.0
Current total success rate: 0.7863636363636364

Task: pick up the black bowl from table center and place it on the plate view 0 0 100 6 354 initstate 0
Success: True
# episodes completed so far: 661
# successes: 520 (78.7%)
Current task success rate: 1.0
Current total success rate: 0.7866868381240545

Task: pick up the black bowl from table center and place it on the plate view 0 0 100 6 356 initstate 0
Success: True
# episodes completed so far: 662
# successes: 521 (78.7%)
Current task success rate: 1.0
Current total success rate: 0.7870090634441088

Task: pick up the black bowl from table center and place it on the plate view 31 15 100 0 0 initstate 0
Success: False
# episodes completed so far: 663
# successes: 521 (78.6%)
Current task success rate: 0.0
Current total success rate: 0.7858220211161387

Task: pick up the black bowl from table center and place it on the plate view 32 15 100 0 0 initstate 0
Success: True
# episodes completed so far: 664
# successes: 522 (78.6%)
Current task success rate: 1.0
Current total success rate: 0.786144578313253

Task: pick up the black bowl from table center and place it on the plate view 33 15 100 0 0 initstate 0
Success: False
# episodes completed so far: 665
# successes: 522 (78.5%)
Current task success rate: 0.0
Current total success rate: 0.7849624060150376

Task: pick up the black bowl from table center and place it on the plate view 34 0 100 0 0 initstate 0
Success: True
# episodes completed so far: 666
# successes: 523 (78.5%)
Current task success rate: 1.0
Current total success rate: 0.7852852852852853

Task: pick up the black bowl from table center and place it on the plate view 34 15 100 0 0 initstate 0
Success: True
# episodes completed so far: 667
# successes: 524 (78.6%)
Current task success rate: 1.0
Current total success rate: 0.7856071964017991

Task: pick up the black bowl from table center and place it on the plate view 35 15 100 0 0 initstate 0
Success: True
# episodes completed so far: 668
# successes: 525 (78.6%)
Current task success rate: 1.0
Current total success rate: 0.7859281437125748

Task: pick up the black bowl from table center and place it on the plate view 36 0 100 0 0 initstate 0
Success: True
# episodes completed so far: 669
# successes: 526 (78.6%)
Current task success rate: 1.0
Current total success rate: 0.7862481315396114

Task: pick up the black bowl from table center and place it on the plate view 36 15 100 0 0 initstate 0
Success: False
# episodes completed so far: 670
# successes: 526 (78.5%)
Current task success rate: 0.0
Current total success rate: 0.7850746268656716

Task: pick up the black bowl from table center and place it on the plate view 37 0 100 0 0 initstate 0
Success: True
# episodes completed so far: 671
# successes: 527 (78.5%)
Current task success rate: 1.0
Current total success rate: 0.7853949329359166

Task: pick up the black bowl from table center and place it on the plate view 37 15 100 0 0 initstate 0
Success: True
# episodes completed so far: 672
# successes: 528 (78.6%)
Current task success rate: 1.0
Current total success rate: 0.7857142857142857

Task: pick up the black bowl from table center and place it on the plate view 38 0 100 0 0 initstate 0
Success: True
# episodes completed so far: 673
# successes: 529 (78.6%)
Current task success rate: 1.0
Current total success rate: 0.7860326894502229

Task: pick up the black bowl from table center and place it on the plate view 38 15 100 0 0 initstate 0
Success: False
# episodes completed so far: 674
# successes: 529 (78.5%)
Current task success rate: 0.0
Current total success rate: 0.7848664688427299

Task: pick up the black bowl from table center and place it on the plate view 39 0 100 0 0 initstate 0
Success: True
# episodes completed so far: 675
# successes: 530 (78.5%)
Current task success rate: 1.0
Current total success rate: 0.7851851851851852

Task: pick up the black bowl from table center and place it on the plate view 39 15 100 0 0 initstate 0
Success: False
# episodes completed so far: 676
# successes: 530 (78.4%)
Current task success rate: 0.0
Current total success rate: 0.7840236686390533

Task: pick up the black bowl from table center and place it on the plate view 40 0 100 0 0 initstate 0
Success: True
# episodes completed so far: 677
# successes: 531 (78.4%)
Current task success rate: 1.0
Current total success rate: 0.7843426883308715

Task: pick up the black bowl from table center and place it on the plate view 40 15 100 0 0 initstate 0
Success: False
# episodes completed so far: 678
# successes: 531 (78.3%)
Current task success rate: 0.0
Current total success rate: 0.7831858407079646

Task: pick up the black bowl from table center and place it on the plate view 41 0 100 0 0 initstate 0
Success: True
# episodes completed so far: 679
# successes: 532 (78.4%)
Current task success rate: 1.0
Current total success rate: 0.7835051546391752

Task: pick up the black bowl from table center and place it on the plate view 41 15 100 0 0 initstate 0
Success: False
# episodes completed so far: 680
# successes: 532 (78.2%)
Current task success rate: 0.0
Current total success rate: 0.7823529411764706

Task: pick up the black bowl from table center and place it on the plate view 42 0 100 0 0 initstate 0
Success: True
# episodes completed so far: 681
# successes: 533 (78.3%)
Current task success rate: 1.0
Current total success rate: 0.7826725403817915

Task: pick up the black bowl from table center and place it on the plate view 42 15 100 0 0 initstate 0
Success: False
# episodes completed so far: 682
# successes: 533 (78.2%)
Current task success rate: 0.0
Current total success rate: 0.781524926686217

Task: pick up the black bowl from table center and place it on the plate view 43 15 100 0 0 initstate 0
Success: False
# episodes completed so far: 683
# successes: 533 (78.0%)
Current task success rate: 0.0
Current total success rate: 0.780380673499268

Task: pick up the black bowl from table center and place it on the plate view 44 0 100 0 0 initstate 0
Success: True
# episodes completed so far: 684
# successes: 534 (78.1%)
Current task success rate: 1.0
Current total success rate: 0.7807017543859649

Task: pick up the black bowl from table center and place it on the plate view 44 15 100 0 0 initstate 0
Success: False
# episodes completed so far: 685
# successes: 534 (78.0%)
Current task success rate: 0.0
Current total success rate: 0.7795620437956204

Task: pick up the black bowl from table center and place it on the plate view 45 15 100 0 0 initstate 0
Success: False
# episodes completed so far: 686
# successes: 534 (77.8%)
Current task success rate: 0.0
Current total success rate: 0.7784256559766763

Task: pick up the black bowl on the cookie box and place it on the plate view 0 0 131 0 0 initstate 0
Success: True
# episodes completed so far: 687
# successes: 535 (77.9%)
Current task success rate: 1.0
Current total success rate: 0.7787481804949054

Task: pick up the black bowl on the cookie box and place it on the plate view 0 0 132 0 0 initstate 0
Success: True
# episodes completed so far: 688
# successes: 536 (77.9%)
Current task success rate: 1.0
Current total success rate: 0.7790697674418605

Task: pick up the black bowl on the cookie box and place it on the plate view 0 0 133 0 0 initstate 0
Success: True
# episodes completed so far: 689
# successes: 537 (77.9%)
Current task success rate: 1.0
Current total success rate: 0.7793904208998549

Task: pick up the black bowl on the cookie box and place it on the plate view 0 0 134 0 0 initstate 0
Success: True
# episodes completed so far: 690
# successes: 538 (78.0%)
Current task success rate: 1.0
Current total success rate: 0.7797101449275362

Task: pick up the black bowl on the cookie box and place it on the plate view 0 0 135 0 0 initstate 0
Success: True
# episodes completed so far: 691
# successes: 539 (78.0%)
Current task success rate: 1.0
Current total success rate: 0.7800289435600579

Task: pick up the black bowl on the cookie box and place it on the plate view 0 0 136 0 0 initstate 0
Success: True
# episodes completed so far: 692
# successes: 540 (78.0%)
Current task success rate: 1.0
Current total success rate: 0.7803468208092486

Task: pick up the black bowl on the cookie box and place it on the plate view 0 0 137 0 0 initstate 0
Success: False
# episodes completed so far: 693
# successes: 540 (77.9%)
Current task success rate: 0.0
Current total success rate: 0.7792207792207793

Task: pick up the black bowl on the cookie box and place it on the plate view 0 0 138 0 0 initstate 0
Success: True
# episodes completed so far: 694
# successes: 541 (78.0%)
Current task success rate: 1.0
Current total success rate: 0.7795389048991355

Task: pick up the black bowl on the cookie box and place it on the plate view 0 0 139 0 0 initstate 0
Success: True
# episodes completed so far: 695
# successes: 542 (78.0%)
Current task success rate: 1.0
Current total success rate: 0.7798561151079136

Task: pick up the black bowl on the cookie box and place it on the plate view 0 0 140 0 0 initstate 0
Success: True
# episodes completed so far: 696
# successes: 543 (78.0%)
Current task success rate: 1.0
Current total success rate: 0.7801724137931034

Task: pick up the black bowl on the cookie box and place it on the plate view 0 0 100 8 4 initstate 0
Success: True
# episodes completed so far: 697
# successes: 544 (78.0%)
Current task success rate: 1.0
Current total success rate: 0.7804878048780488

Task: pick up the black bowl on the cookie box and place it on the plate view 0 0 100 8 6 initstate 0
Success: True
# episodes completed so far: 698
# successes: 545 (78.1%)
Current task success rate: 1.0
Current total success rate: 0.7808022922636103

Task: pick up the black bowl on the cookie box and place it on the plate view 0 0 100 8 8 initstate 0
Success: True
# episodes completed so far: 699
# successes: 546 (78.1%)
Current task success rate: 1.0
Current total success rate: 0.7811158798283262

Task: pick up the black bowl on the cookie box and place it on the plate view 0 0 100 8 10 initstate 0
Success: True
# episodes completed so far: 700
# successes: 547 (78.1%)
Current task success rate: 1.0
Current total success rate: 0.7814285714285715

Task: pick up the black bowl on the cookie box and place it on the plate view 0 0 100 8 350 initstate 0
Success: True
# episodes completed so far: 701
# successes: 548 (78.2%)
Current task success rate: 1.0
Current total success rate: 0.7817403708987162

Task: pick up the black bowl on the cookie box and place it on the plate view 0 0 100 8 352 initstate 0
Success: False
# episodes completed so far: 702
# successes: 548 (78.1%)
Current task success rate: 0.0
Current total success rate: 0.7806267806267806

Task: pick up the black bowl on the cookie box and place it on the plate view 0 0 100 8 354 initstate 0
Success: False
# episodes completed so far: 703
# successes: 548 (78.0%)
Current task success rate: 0.0
Current total success rate: 0.7795163584637269

Task: pick up the black bowl on the cookie box and place it on the plate view 0 0 100 8 356 initstate 0
Success: False
# episodes completed so far: 704
# successes: 548 (77.8%)
Current task success rate: 0.0
Current total success rate: 0.7784090909090909

Task: pick up the black bowl on the cookie box and place it on the plate view 0 0 100 8 358 initstate 0
Success: True
# episodes completed so far: 705
# successes: 549 (77.9%)
Current task success rate: 1.0
Current total success rate: 0.7787234042553192

Task: pick up the black bowl on the cookie box and place it on the plate view 46 0 100 0 0 initstate 0
Success: False
# episodes completed so far: 706
# successes: 549 (77.8%)
Current task success rate: 0.0
Current total success rate: 0.7776203966005666

Task: pick up the black bowl on the cookie box and place it on the plate view 46 15 100 0 0 initstate 0
Success: False
# episodes completed so far: 707
# successes: 549 (77.7%)
Current task success rate: 0.0
Current total success rate: 0.7765205091937766

Task: pick up the black bowl on the cookie box and place it on the plate view 47 0 100 0 0 initstate 0
Success: False
# episodes completed so far: 708
# successes: 549 (77.5%)
Current task success rate: 0.0
Current total success rate: 0.7754237288135594

Task: pick up the black bowl on the cookie box and place it on the plate view 47 15 100 0 0 initstate 0
Success: False
# episodes completed so far: 709
# successes: 549 (77.4%)
Current task success rate: 0.0
Current total success rate: 0.7743300423131171

Task: pick up the black bowl on the cookie box and place it on the plate view 48 0 100 0 0 initstate 0
Success: False
# episodes completed so far: 710
# successes: 549 (77.3%)
Current task success rate: 0.0
Current total success rate: 0.7732394366197183

Task: pick up the black bowl on the cookie box and place it on the plate view 48 15 100 0 0 initstate 0
Success: False
# episodes completed so far: 711
# successes: 549 (77.2%)
Current task success rate: 0.0
Current total success rate: 0.7721518987341772

Task: pick up the black bowl on the cookie box and place it on the plate view 49 0 100 0 0 initstate 0
Success: True
# episodes completed so far: 712
# successes: 550 (77.2%)
Current task success rate: 1.0
Current total success rate: 0.7724719101123596

Task: pick up the black bowl on the cookie box and place it on the plate view 49 15 100 0 0 initstate 0
Success: False
# episodes completed so far: 713
# successes: 550 (77.1%)
Current task success rate: 0.0
Current total success rate: 0.7713884992987378

Task: pick up the black bowl on the cookie box and place it on the plate view 50 0 100 0 0 initstate 0
Success: True
# episodes completed so far: 714
# successes: 551 (77.2%)
Current task success rate: 1.0
Current total success rate: 0.7717086834733894

Task: pick up the black bowl on the cookie box and place it on the plate view 50 15 100 0 0 initstate 0
Success: False
# episodes completed so far: 715
# successes: 551 (77.1%)
Current task success rate: 0.0
Current total success rate: 0.7706293706293706

Task: pick up the black bowl on the cookie box and place it on the plate view 51 0 100 0 0 initstate 0
Success: True
# episodes completed so far: 716
# successes: 552 (77.1%)
Current task success rate: 1.0
Current total success rate: 0.770949720670391

Task: pick up the black bowl on the cookie box and place it on the plate view 51 15 100 0 0 initstate 0
Success: False
# episodes completed so far: 717
# successes: 552 (77.0%)
Current task success rate: 0.0
Current total success rate: 0.7698744769874477

Task: pick up the black bowl on the cookie box and place it on the plate view 52 0 100 0 0 initstate 0
Success: False
# episodes completed so far: 718
# successes: 552 (76.9%)
Current task success rate: 0.0
Current total success rate: 0.7688022284122563

Task: pick up the black bowl on the cookie box and place it on the plate view 52 15 100 0 0 initstate 0
Success: False
# episodes completed so far: 719
# successes: 552 (76.8%)
Current task success rate: 0.0
Current total success rate: 0.7677329624478443

Task: pick up the black bowl on the cookie box and place it on the plate view 53 0 100 0 0 initstate 0
Success: True
# episodes completed so far: 720
# successes: 553 (76.8%)
Current task success rate: 1.0
Current total success rate: 0.7680555555555556

Task: pick up the black bowl on the cookie box and place it on the plate view 53 15 100 0 0 initstate 0
Success: False
# episodes completed so far: 721
# successes: 553 (76.7%)
Current task success rate: 0.0
Current total success rate: 0.7669902912621359

Task: pick up the black bowl on the cookie box and place it on the plate view 54 0 100 0 0 initstate 0
Success: True
# episodes completed so far: 722
# successes: 554 (76.7%)
Current task success rate: 1.0
Current total success rate: 0.7673130193905817

Task: pick up the black bowl on the cookie box and place it on the plate view 54 15 100 0 0 initstate 0
Success: False
# episodes completed so far: 723
# successes: 554 (76.6%)
Current task success rate: 0.0
Current total success rate: 0.7662517289073306

Task: pick up the black bowl on the cookie box and place it on the plate view 55 0 100 0 0 initstate 0
Success: True
# episodes completed so far: 724
# successes: 555 (76.7%)
Current task success rate: 1.0
Current total success rate: 0.7665745856353591

Task: pick up the black bowl on the cookie box and place it on the plate view 55 15 100 0 0 initstate 0
Success: False
# episodes completed so far: 725
# successes: 555 (76.6%)
Current task success rate: 0.0
Current total success rate: 0.7655172413793103

Task: pick up the black bowl on the cookie box and place it on the plate view 56 0 100 0 0 initstate 0
Success: True
# episodes completed so far: 726
# successes: 556 (76.6%)
Current task success rate: 1.0
Current total success rate: 0.7658402203856749

Task: pick up the black bowl on the cookie box and place it on the plate view 56 15 100 0 0 initstate 0
Success: False
# episodes completed so far: 727
# successes: 556 (76.5%)
Current task success rate: 0.0
Current total success rate: 0.7647867950481431

Task: pick up the black bowl on the cookie box and place it on the plate view 57 0 100 0 0 initstate 0
Success: True
# episodes completed so far: 728
# successes: 557 (76.5%)
Current task success rate: 1.0
Current total success rate: 0.7651098901098901

Task: pick up the black bowl on the cookie box and place it on the plate view 57 15 100 0 0 initstate 0
Success: False
# episodes completed so far: 729
# successes: 557 (76.4%)
Current task success rate: 0.0
Current total success rate: 0.7640603566529492

Task: pick up the black bowl on the cookie box and place it on the plate view 58 0 100 0 0 initstate 0
Success: False
# episodes completed so far: 730
# successes: 557 (76.3%)
Current task success rate: 0.0
Current total success rate: 0.763013698630137

Task: pick up the black bowl on the cookie box and place it on the plate view 58 15 100 0 0 initstate 0
Success: False
# episodes completed so far: 731
# successes: 557 (76.2%)
Current task success rate: 0.0
Current total success rate: 0.761969904240766

Task: pick up the black bowl on the cookie box and place it on the plate view 59 0 100 0 0 initstate 0
Success: False
# episodes completed so far: 732
# successes: 557 (76.1%)
Current task success rate: 0.0
Current total success rate: 0.7609289617486339

Task: pick up the black bowl on the cookie box and place it on the plate view 59 15 100 0 0 initstate 0
Success: False
# episodes completed so far: 733
# successes: 557 (76.0%)
Current task success rate: 0.0
Current total success rate: 0.7598908594815825

Task: pick up the black bowl on the cookie box and place it on the plate view 60 0 100 0 0 initstate 0
Success: True
# episodes completed so far: 734
# successes: 558 (76.0%)
Current task success rate: 1.0
Current total success rate: 0.7602179836512262

Task: pick up the black bowl on the cookie box and place it on the plate view 60 15 100 0 0 initstate 0
Success: False
# episodes completed so far: 735
# successes: 558 (75.9%)
Current task success rate: 0.0
Current total success rate: 0.7591836734693878

Task: pick up the black bowl in the top drawer of the wooden cabinet and place it on the plate view 0 0 141 0 0 initstate 0
Success: False
# episodes completed so far: 736
# successes: 558 (75.8%)
Current task success rate: 0.0
Current total success rate: 0.7581521739130435

Task: pick up the black bowl in the top drawer of the wooden cabinet and place it on the plate view 0 0 142 0 0 initstate 0
Success: True
# episodes completed so far: 737
# successes: 559 (75.8%)
Current task success rate: 1.0
Current total success rate: 0.7584803256445047

Task: pick up the black bowl in the top drawer of the wooden cabinet and place it on the plate view 0 0 143 0 0 initstate 0
Success: False
# episodes completed so far: 738
# successes: 559 (75.7%)
Current task success rate: 0.0
Current total success rate: 0.7574525745257452

Task: pick up the black bowl in the top drawer of the wooden cabinet and place it on the plate view 0 0 144 0 0 initstate 0
Success: False
# episodes completed so far: 739
# successes: 559 (75.6%)
Current task success rate: 0.0
Current total success rate: 0.7564276048714479

Task: pick up the black bowl in the top drawer of the wooden cabinet and place it on the plate view 0 0 145 0 0 initstate 0
Success: False
# episodes completed so far: 740
# successes: 559 (75.5%)
Current task success rate: 0.0
Current total success rate: 0.7554054054054054

Task: pick up the black bowl in the top drawer of the wooden cabinet and place it on the plate view 0 0 146 0 0 initstate 0
Success: False
# episodes completed so far: 741
# successes: 559 (75.4%)
Current task success rate: 0.0
Current total success rate: 0.7543859649122807

Task: pick up the black bowl in the top drawer of the wooden cabinet and place it on the plate view 0 0 147 0 0 initstate 0
Success: False
# episodes completed so far: 742
# successes: 559 (75.3%)
Current task success rate: 0.0
Current total success rate: 0.7533692722371967

Task: pick up the black bowl in the top drawer of the wooden cabinet and place it on the plate view 0 0 148 0 0 initstate 0
Success: False
# episodes completed so far: 743
# successes: 559 (75.2%)
Current task success rate: 0.0
Current total success rate: 0.7523553162853297

Task: pick up the black bowl in the top drawer of the wooden cabinet and place it on the plate view 0 0 149 0 0 initstate 0
Success: False
# episodes completed so far: 744
# successes: 559 (75.1%)
Current task success rate: 0.0
Current total success rate: 0.7513440860215054

Task: pick up the black bowl in the top drawer of the wooden cabinet and place it on the plate view 0 0 150 0 0 initstate 0
Success: False
# episodes completed so far: 745
# successes: 559 (75.0%)
Current task success rate: 0.0
Current total success rate: 0.7503355704697987

Task: pick up the black bowl in the top drawer of the wooden cabinet and place it on the plate view 0 0 100 10 2 initstate 0
Success: False
# episodes completed so far: 746
# successes: 559 (74.9%)
Current task success rate: 0.0
Current total success rate: 0.7493297587131368

Task: pick up the black bowl in the top drawer of the wooden cabinet and place it on the plate view 0 0 100 10 4 initstate 0
Success: False
# episodes completed so far: 747
# successes: 559 (74.8%)
Current task success rate: 0.0
Current total success rate: 0.7483266398929049

Task: pick up the black bowl in the top drawer of the wooden cabinet and place it on the plate view 0 0 100 10 6 initstate 0
Success: False
# episodes completed so far: 748
# successes: 559 (74.7%)
Current task success rate: 0.0
Current total success rate: 0.7473262032085561

Task: pick up the black bowl in the top drawer of the wooden cabinet and place it on the plate view 0 0 100 10 8 initstate 0
Success: False
# episodes completed so far: 749
# successes: 559 (74.6%)
Current task success rate: 0.0
Current total success rate: 0.7463284379172229

Task: pick up the black bowl in the top drawer of the wooden cabinet and place it on the plate view 0 0 100 10 10 initstate 0
Success: False
# episodes completed so far: 750
# successes: 559 (74.5%)
Current task success rate: 0.0
Current total success rate: 0.7453333333333333

Task: pick up the black bowl in the top drawer of the wooden cabinet and place it on the plate view 0 0 100 10 350 initstate 0
Success: False
# episodes completed so far: 751
# successes: 559 (74.4%)
Current task success rate: 0.0
Current total success rate: 0.7443408788282291

Task: pick up the black bowl in the top drawer of the wooden cabinet and place it on the plate view 0 0 100 10 352 initstate 0
Success: False
# episodes completed so far: 752
# successes: 559 (74.3%)
Current task success rate: 0.0
Current total success rate: 0.7433510638297872

Task: pick up the black bowl in the top drawer of the wooden cabinet and place it on the plate view 0 0 100 10 354 initstate 0
Success: False
# episodes completed so far: 753
# successes: 559 (74.2%)
Current task success rate: 0.0
Current total success rate: 0.7423638778220452

Task: pick up the black bowl in the top drawer of the wooden cabinet and place it on the plate view 0 0 100 10 356 initstate 0
Success: False
# episodes completed so far: 754
# successes: 559 (74.1%)
Current task success rate: 0.0
Current total success rate: 0.7413793103448276

Task: pick up the black bowl in the top drawer of the wooden cabinet and place it on the plate view 0 0 100 10 358 initstate 0
Success: False
# episodes completed so far: 755
# successes: 559 (74.0%)
Current task success rate: 0.0
Current total success rate: 0.7403973509933774

Task: pick up the black bowl in the top drawer of the wooden cabinet and place it on the plate view 61 0 100 0 0 initstate 0
Success: False
# episodes completed so far: 756
# successes: 559 (73.9%)
Current task success rate: 0.0
Current total success rate: 0.7394179894179894

Task: pick up the black bowl in the top drawer of the wooden cabinet and place it on the plate view 61 15 100 0 0 initstate 0
Success: False
# episodes completed so far: 757
# successes: 559 (73.8%)
Current task success rate: 0.0
Current total success rate: 0.7384412153236459

Task: pick up the black bowl in the top drawer of the wooden cabinet and place it on the plate view 62 15 100 0 0 initstate 0
Success: False
# episodes completed so far: 758
# successes: 559 (73.7%)
Current task success rate: 0.0
Current total success rate: 0.737467018469657

Task: pick up the black bowl in the top drawer of the wooden cabinet and place it on the plate view 63 0 100 0 0 initstate 0
Success: False
# episodes completed so far: 759
# successes: 559 (73.6%)
Current task success rate: 0.0
Current total success rate: 0.7364953886693018

Task: pick up the black bowl in the top drawer of the wooden cabinet and place it on the plate view 63 15 100 0 0 initstate 0
Success: False
# episodes completed so far: 760
# successes: 559 (73.6%)
Current task success rate: 0.0
Current total success rate: 0.7355263157894737

Task: pick up the black bowl in the top drawer of the wooden cabinet and place it on the plate view 64 0 100 0 0 initstate 0
Success: False
# episodes completed so far: 761
# successes: 559 (73.5%)
Current task success rate: 0.0
Current total success rate: 0.7345597897503285

Task: pick up the black bowl in the top drawer of the wooden cabinet and place it on the plate view 64 15 100 0 0 initstate 0
Success: False
# episodes completed so far: 762
# successes: 559 (73.4%)
Current task success rate: 0.0
Current total success rate: 0.7335958005249343

Task: pick up the black bowl in the top drawer of the wooden cabinet and place it on the plate view 65 0 100 0 0 initstate 0
Success: False
# episodes completed so far: 763
# successes: 559 (73.3%)
Current task success rate: 0.0
Current total success rate: 0.7326343381389253

Task: pick up the black bowl in the top drawer of the wooden cabinet and place it on the plate view 65 15 100 0 0 initstate 0
Success: False
# episodes completed so far: 764
# successes: 559 (73.2%)
Current task success rate: 0.0
Current total success rate: 0.731675392670157

Task: pick up the black bowl in the top drawer of the wooden cabinet and place it on the plate view 66 0 100 0 0 initstate 0
Success: False
# episodes completed so far: 765
# successes: 559 (73.1%)
Current task success rate: 0.0
Current total success rate: 0.730718954248366

Task: pick up the black bowl in the top drawer of the wooden cabinet and place it on the plate view 66 15 100 0 0 initstate 0
Success: False
# episodes completed so far: 766
# successes: 559 (73.0%)
Current task success rate: 0.0
Current total success rate: 0.7297650130548303

Task: pick up the black bowl in the top drawer of the wooden cabinet and place it on the plate view 67 0 100 0 0 initstate 0
Success: False
# episodes completed so far: 767
# successes: 559 (72.9%)
Current task success rate: 0.0
Current total success rate: 0.7288135593220338

Task: pick up the black bowl in the top drawer of the wooden cabinet and place it on the plate view 68 0 100 0 0 initstate 0
Success: False
# episodes completed so far: 768
# successes: 559 (72.8%)
Current task success rate: 0.0
Current total success rate: 0.7278645833333334

Task: pick up the black bowl in the top drawer of the wooden cabinet and place it on the plate view 68 15 100 0 0 initstate 0
Success: False
# episodes completed so far: 769
# successes: 559 (72.7%)
Current task success rate: 0.0
Current total success rate: 0.7269180754226268

Task: pick up the black bowl in the top drawer of the wooden cabinet and place it on the plate view 69 0 100 0 0 initstate 0
Success: False
# episodes completed so far: 770
# successes: 559 (72.6%)
Current task success rate: 0.0
Current total success rate: 0.7259740259740259

Task: pick up the black bowl in the top drawer of the wooden cabinet and place it on the plate view 69 15 100 0 0 initstate 0
Success: False
# episodes completed so far: 771
# successes: 559 (72.5%)
Current task success rate: 0.0
Current total success rate: 0.7250324254215305

Task: pick up the black bowl in the top drawer of the wooden cabinet and place it on the plate view 70 0 100 0 0 initstate 0
Success: True
# episodes completed so far: 772
# successes: 560 (72.5%)
Current task success rate: 1.0
Current total success rate: 0.7253886010362695

Task: pick up the black bowl in the top drawer of the wooden cabinet and place it on the plate view 70 15 100 0 0 initstate 0
Success: False
# episodes completed so far: 773
# successes: 560 (72.4%)
Current task success rate: 0.0
Current total success rate: 0.7244501940491591

Task: pick up the black bowl in the top drawer of the wooden cabinet and place it on the plate view 71 0 100 0 0 initstate 0
Success: False
# episodes completed so far: 774
# successes: 560 (72.4%)
Current task success rate: 0.0
Current total success rate: 0.7235142118863049

Task: pick up the black bowl in the top drawer of the wooden cabinet and place it on the plate view 71 15 100 0 0 initstate 0
Success: False
# episodes completed so far: 775
# successes: 560 (72.3%)
Current task success rate: 0.0
Current total success rate: 0.7225806451612903

Task: pick up the black bowl in the top drawer of the wooden cabinet and place it on the plate view 72 0 100 0 0 initstate 0
Success: True
# episodes completed so far: 776
# successes: 561 (72.3%)
Current task success rate: 1.0
Current total success rate: 0.7229381443298969

Task: pick up the black bowl in the top drawer of the wooden cabinet and place it on the plate view 72 15 100 0 0 initstate 0
Success: False
# episodes completed so far: 777
# successes: 561 (72.2%)
Current task success rate: 0.0
Current total success rate: 0.722007722007722

Task: pick up the black bowl in the top drawer of the wooden cabinet and place it on the plate view 73 0 100 0 0 initstate 0
Success: False
# episodes completed so far: 778
# successes: 561 (72.1%)
Current task success rate: 0.0
Current total success rate: 0.7210796915167095

Task: pick up the black bowl in the top drawer of the wooden cabinet and place it on the plate view 73 15 100 0 0 initstate 0
Success: False
# episodes completed so far: 779
# successes: 561 (72.0%)
Current task success rate: 0.0
Current total success rate: 0.7201540436456996

Task: pick up the black bowl in the top drawer of the wooden cabinet and place it on the plate view 74 0 100 0 0 initstate 0
Success: False
# episodes completed so far: 780
# successes: 561 (71.9%)
Current task success rate: 0.0
Current total success rate: 0.7192307692307692

Task: pick up the black bowl in the top drawer of the wooden cabinet and place it on the plate view 74 15 100 0 0 initstate 0
Success: False
# episodes completed so far: 781
# successes: 561 (71.8%)
Current task success rate: 0.0
Current total success rate: 0.7183098591549296

Task: pick up the black bowl in the top drawer of the wooden cabinet and place it on the plate view 75 0 100 0 0 initstate 0
Success: False
# episodes completed so far: 782
# successes: 561 (71.7%)
Current task success rate: 0.0
Current total success rate: 0.717391304347826

Task: pick up the black bowl in the top drawer of the wooden cabinet and place it on the plate view 75 15 100 0 0 initstate 0
Success: False
# episodes completed so far: 783
# successes: 561 (71.6%)
Current task success rate: 0.0
Current total success rate: 0.7164750957854407

Task: pick up the black bowl on the ramekin and place it on the plate view 0 0 151 0 0 initstate 0
Success: False
# episodes completed so far: 784
# successes: 561 (71.6%)
Current task success rate: 0.0
Current total success rate: 0.7155612244897959

Task: pick up the black bowl on the ramekin and place it on the plate view 0 0 152 0 0 initstate 0
Success: False
# episodes completed so far: 785
# successes: 561 (71.5%)
Current task success rate: 0.0
Current total success rate: 0.7146496815286624

Task: pick up the black bowl on the ramekin and place it on the plate view 0 0 154 0 0 initstate 0
Success: False
# episodes completed so far: 786
# successes: 561 (71.4%)
Current task success rate: 0.0
Current total success rate: 0.7137404580152672

Task: pick up the black bowl on the ramekin and place it on the plate view 0 0 155 0 0 initstate 0
Success: False
# episodes completed so far: 787
# successes: 561 (71.3%)
Current task success rate: 0.0
Current total success rate: 0.7128335451080051

Task: pick up the black bowl on the ramekin and place it on the plate view 0 0 156 0 0 initstate 0
Success: False
# episodes completed so far: 788
# successes: 561 (71.2%)
Current task success rate: 0.0
Current total success rate: 0.7119289340101523

Task: pick up the black bowl on the ramekin and place it on the plate view 0 0 157 0 0 initstate 0
Success: False
# episodes completed so far: 789
# successes: 561 (71.1%)
Current task success rate: 0.0
Current total success rate: 0.7110266159695817

Task: pick up the black bowl on the ramekin and place it on the plate view 0 0 158 0 0 initstate 0
Success: False
# episodes completed so far: 790
# successes: 561 (71.0%)
Current task success rate: 0.0
Current total success rate: 0.710126582278481

Task: pick up the black bowl on the ramekin and place it on the plate view 0 0 159 0 0 initstate 0
Success: False
# episodes completed so far: 791
# successes: 561 (70.9%)
Current task success rate: 0.0
Current total success rate: 0.7092288242730721

Task: pick up the black bowl on the ramekin and place it on the plate view 0 0 160 0 0 initstate 0
Success: False
# episodes completed so far: 792
# successes: 561 (70.8%)
Current task success rate: 0.0
Current total success rate: 0.7083333333333334

Task: pick up the black bowl on the ramekin and place it on the plate view 0 0 100 350 2 initstate 0
Success: True
# episodes completed so far: 793
# successes: 562 (70.9%)
Current task success rate: 1.0
Current total success rate: 0.7087011349306431

Task: pick up the black bowl on the ramekin and place it on the plate view 0 0 100 350 4 initstate 0
Success: True
# episodes completed so far: 794
# successes: 563 (70.9%)
Current task success rate: 1.0
Current total success rate: 0.7090680100755667

Task: pick up the black bowl on the ramekin and place it on the plate view 0 0 100 350 6 initstate 0
Success: False
# episodes completed so far: 795
# successes: 563 (70.8%)
Current task success rate: 0.0
Current total success rate: 0.7081761006289308

Task: pick up the black bowl on the ramekin and place it on the plate view 0 0 100 350 8 initstate 0
Success: False
# episodes completed so far: 796
# successes: 563 (70.7%)
Current task success rate: 0.0
Current total success rate: 0.707286432160804

Task: pick up the black bowl on the ramekin and place it on the plate view 0 0 100 350 350 initstate 0
Success: False
# episodes completed so far: 797
# successes: 563 (70.6%)
Current task success rate: 0.0
Current total success rate: 0.7063989962358845

Task: pick up the black bowl on the ramekin and place it on the plate view 0 0 100 350 352 initstate 0
Success: False
# episodes completed so far: 798
# successes: 563 (70.6%)
Current task success rate: 0.0
Current total success rate: 0.7055137844611529

Task: pick up the black bowl on the ramekin and place it on the plate view 0 0 100 350 354 initstate 0
Success: True
# episodes completed so far: 799
# successes: 564 (70.6%)
Current task success rate: 1.0
Current total success rate: 0.7058823529411765

Task: pick up the black bowl on the ramekin and place it on the plate view 0 0 100 350 356 initstate 0
Success: True
# episodes completed so far: 800
# successes: 565 (70.6%)
Current task success rate: 1.0
Current total success rate: 0.70625

Task: pick up the black bowl on the ramekin and place it on the plate view 0 0 100 350 358 initstate 0
Success: True
# episodes completed so far: 801
# successes: 566 (70.7%)
Current task success rate: 1.0
Current total success rate: 0.7066167290886392

Task: pick up the black bowl on the ramekin and place it on the plate view 285 0 100 0 0 initstate 0
Success: False
# episodes completed so far: 802
# successes: 566 (70.6%)
Current task success rate: 0.0
Current total success rate: 0.7057356608478803

Task: pick up the black bowl on the ramekin and place it on the plate view 285 15 100 0 0 initstate 0
Success: False
# episodes completed so far: 803
# successes: 566 (70.5%)
Current task success rate: 0.0
Current total success rate: 0.7048567870485679

Task: pick up the black bowl on the ramekin and place it on the plate view 286 15 100 0 0 initstate 0
Success: False
# episodes completed so far: 804
# successes: 566 (70.4%)
Current task success rate: 0.0
Current total success rate: 0.7039800995024875

Task: pick up the black bowl on the ramekin and place it on the plate view 287 0 100 0 0 initstate 0
Success: False
# episodes completed so far: 805
# successes: 566 (70.3%)
Current task success rate: 0.0
Current total success rate: 0.7031055900621118

Task: pick up the black bowl on the ramekin and place it on the plate view 287 15 100 0 0 initstate 0
Success: False
# episodes completed so far: 806
# successes: 566 (70.2%)
Current task success rate: 0.0
Current total success rate: 0.7022332506203474

Task: pick up the black bowl on the ramekin and place it on the plate view 288 0 100 0 0 initstate 0
Success: False
# episodes completed so far: 807
# successes: 566 (70.1%)
Current task success rate: 0.0
Current total success rate: 0.701363073110285

Task: pick up the black bowl on the ramekin and place it on the plate view 288 15 100 0 0 initstate 0
Success: False
# episodes completed so far: 808
# successes: 566 (70.0%)
Current task success rate: 0.0
Current total success rate: 0.7004950495049505

Task: pick up the black bowl on the ramekin and place it on the plate view 289 0 100 0 0 initstate 0
Success: False
# episodes completed so far: 809
# successes: 566 (70.0%)
Current task success rate: 0.0
Current total success rate: 0.6996291718170581

Task: pick up the black bowl on the ramekin and place it on the plate view 289 15 100 0 0 initstate 0
Success: False
# episodes completed so far: 810
# successes: 566 (69.9%)
Current task success rate: 0.0
Current total success rate: 0.6987654320987654

Task: pick up the black bowl on the ramekin and place it on the plate view 290 0 100 0 0 initstate 0
Success: False
# episodes completed so far: 811
# successes: 566 (69.8%)
Current task success rate: 0.0
Current total success rate: 0.6979038224414303

Task: pick up the black bowl on the ramekin and place it on the plate view 290 15 100 0 0 initstate 0
Success: False
# episodes completed so far: 812
# successes: 566 (69.7%)
Current task success rate: 0.0
Current total success rate: 0.6970443349753694

Task: pick up the black bowl on the ramekin and place it on the plate view 291 0 100 0 0 initstate 0
Success: False
# episodes completed so far: 813
# successes: 566 (69.6%)
Current task success rate: 0.0
Current total success rate: 0.6961869618696187

Task: pick up the black bowl on the ramekin and place it on the plate view 291 15 100 0 0 initstate 0
Success: False
# episodes completed so far: 814
# successes: 566 (69.5%)
Current task success rate: 0.0
Current total success rate: 0.6953316953316954

Task: pick up the black bowl on the ramekin and place it on the plate view 292 0 100 0 0 initstate 0
Success: False
# episodes completed so far: 815
# successes: 566 (69.4%)
Current task success rate: 0.0
Current total success rate: 0.694478527607362

Task: pick up the black bowl on the ramekin and place it on the plate view 293 0 100 0 0 initstate 0
Success: False
# episodes completed so far: 816
# successes: 566 (69.4%)
Current task success rate: 0.0
Current total success rate: 0.6936274509803921

Task: pick up the black bowl on the ramekin and place it on the plate view 293 15 100 0 0 initstate 0
Success: False
# episodes completed so far: 817
# successes: 566 (69.3%)
Current task success rate: 0.0
Current total success rate: 0.6927784577723378

Task: pick up the black bowl on the ramekin and place it on the plate view 294 0 100 0 0 initstate 0
Success: True
# episodes completed so far: 818
# successes: 567 (69.3%)
Current task success rate: 1.0
Current total success rate: 0.6931540342298288

Task: pick up the black bowl on the ramekin and place it on the plate view 294 15 100 0 0 initstate 0
Success: False
# episodes completed so far: 819
# successes: 567 (69.2%)
Current task success rate: 0.0
Current total success rate: 0.6923076923076923

Task: pick up the black bowl on the ramekin and place it on the plate view 295 0 100 0 0 initstate 0
Success: False
# episodes completed so far: 820
# successes: 567 (69.1%)
Current task success rate: 0.0
Current total success rate: 0.6914634146341463

Task: pick up the black bowl on the ramekin and place it on the plate view 295 15 100 0 0 initstate 0
Success: False
# episodes completed so far: 821
# successes: 567 (69.1%)
Current task success rate: 0.0
Current total success rate: 0.6906211936662606

Task: pick up the black bowl on the ramekin and place it on the plate view 296 0 100 0 0 initstate 0
Success: False
# episodes completed so far: 822
# successes: 567 (69.0%)
Current task success rate: 0.0
Current total success rate: 0.6897810218978102

Task: pick up the black bowl on the ramekin and place it on the plate view 296 15 100 0 0 initstate 0
Success: False
# episodes completed so far: 823
# successes: 567 (68.9%)
Current task success rate: 0.0
Current total success rate: 0.6889428918590522

Task: pick up the black bowl on the ramekin and place it on the plate view 297 0 100 0 0 initstate 0
Success: False
# episodes completed so far: 824
# successes: 567 (68.8%)
Current task success rate: 0.0
Current total success rate: 0.6881067961165048

Task: pick up the black bowl on the ramekin and place it on the plate view 297 15 100 0 0 initstate 0
Success: False
# episodes completed so far: 825
# successes: 567 (68.7%)
Current task success rate: 0.0
Current total success rate: 0.6872727272727273

Task: pick up the black bowl on the ramekin and place it on the plate view 298 0 100 0 0 initstate 0
Success: False
# episodes completed so far: 826
# successes: 567 (68.6%)
Current task success rate: 0.0
Current total success rate: 0.6864406779661016

Task: pick up the black bowl on the ramekin and place it on the plate view 298 15 100 0 0 initstate 0
Success: True
# episodes completed so far: 827
# successes: 568 (68.7%)
Current task success rate: 1.0
Current total success rate: 0.686819830713422

Task: pick up the black bowl on the ramekin and place it on the plate view 299 0 100 0 0 initstate 0
Success: False
# episodes completed so far: 828
# successes: 568 (68.6%)
Current task success rate: 0.0
Current total success rate: 0.6859903381642513

Task: pick up the black bowl on the ramekin and place it on the plate view 299 15 100 0 0 initstate 0
Success: False
# episodes completed so far: 829
# successes: 568 (68.5%)
Current task success rate: 0.0
Current total success rate: 0.6851628468033776

Task: pick up the black bowl next to the cookie box and place it on the plate view 0 0 161 0 0 initstate 0
Success: True
# episodes completed so far: 830
# successes: 569 (68.6%)
Current task success rate: 1.0
Current total success rate: 0.6855421686746987

Task: pick up the black bowl next to the cookie box and place it on the plate view 0 0 162 0 0 initstate 0
Success: True
# episodes completed so far: 831
# successes: 570 (68.6%)
Current task success rate: 1.0
Current total success rate: 0.6859205776173285

Task: pick up the black bowl next to the cookie box and place it on the plate view 0 0 163 0 0 initstate 0
Success: True
# episodes completed so far: 832
# successes: 571 (68.6%)
Current task success rate: 1.0
Current total success rate: 0.6862980769230769

Task: pick up the black bowl next to the cookie box and place it on the plate view 0 0 164 0 0 initstate 0
Success: True
# episodes completed so far: 833
# successes: 572 (68.7%)
Current task success rate: 1.0
Current total success rate: 0.6866746698679472

Task: pick up the black bowl next to the cookie box and place it on the plate view 0 0 165 0 0 initstate 0
Success: True
# episodes completed so far: 834
# successes: 573 (68.7%)
Current task success rate: 1.0
Current total success rate: 0.6870503597122302

Task: pick up the black bowl next to the cookie box and place it on the plate view 0 0 166 0 0 initstate 0
Success: True
# episodes completed so far: 835
# successes: 574 (68.7%)
Current task success rate: 1.0
Current total success rate: 0.6874251497005988

Task: pick up the black bowl next to the cookie box and place it on the plate view 0 0 167 0 0 initstate 0
Success: True
# episodes completed so far: 836
# successes: 575 (68.8%)
Current task success rate: 1.0
Current total success rate: 0.687799043062201

Task: pick up the black bowl next to the cookie box and place it on the plate view 0 0 168 0 0 initstate 0
Success: True
# episodes completed so far: 837
# successes: 576 (68.8%)
Current task success rate: 1.0
Current total success rate: 0.6881720430107527

Task: pick up the black bowl next to the cookie box and place it on the plate view 0 0 169 0 0 initstate 0
Success: True
# episodes completed so far: 838
# successes: 577 (68.9%)
Current task success rate: 1.0
Current total success rate: 0.6885441527446301

Task: pick up the black bowl next to the cookie box and place it on the plate view 0 0 170 0 0 initstate 0
Success: True
# episodes completed so far: 839
# successes: 578 (68.9%)
Current task success rate: 1.0
Current total success rate: 0.6889153754469607

Task: pick up the black bowl next to the cookie box and place it on the plate view 0 0 100 352 10 initstate 0
Success: True
# episodes completed so far: 840
# successes: 579 (68.9%)
Current task success rate: 1.0
Current total success rate: 0.6892857142857143

Task: pick up the black bowl next to the cookie box and place it on the plate view 0 0 100 352 350 initstate 0
Success: False
# episodes completed so far: 841
# successes: 579 (68.8%)
Current task success rate: 0.0
Current total success rate: 0.6884661117717004

Task: pick up the black bowl next to the cookie box and place it on the plate view 0 0 100 352 352 initstate 0
Success: True
# episodes completed so far: 842
# successes: 580 (68.9%)
Current task success rate: 1.0
Current total success rate: 0.6888361045130641

Task: pick up the black bowl next to the cookie box and place it on the plate view 300 0 100 0 0 initstate 0
Success: False
# episodes completed so far: 843
# successes: 580 (68.8%)
Current task success rate: 0.0
Current total success rate: 0.6880189798339265

Task: pick up the black bowl next to the cookie box and place it on the plate view 300 15 100 0 0 initstate 0
Success: False
# episodes completed so far: 844
# successes: 580 (68.7%)
Current task success rate: 0.0
Current total success rate: 0.6872037914691943

Task: pick up the black bowl next to the cookie box and place it on the plate view 301 0 100 0 0 initstate 0
Success: False
# episodes completed so far: 845
# successes: 580 (68.6%)
Current task success rate: 0.0
Current total success rate: 0.6863905325443787

Task: pick up the black bowl next to the cookie box and place it on the plate view 301 15 100 0 0 initstate 0
Success: False
# episodes completed so far: 846
# successes: 580 (68.6%)
Current task success rate: 0.0
Current total success rate: 0.6855791962174941

Task: pick up the black bowl next to the cookie box and place it on the plate view 302 0 100 0 0 initstate 0
Success: False
# episodes completed so far: 847
# successes: 580 (68.5%)
Current task success rate: 0.0
Current total success rate: 0.6847697756788665

Task: pick up the black bowl next to the cookie box and place it on the plate view 302 15 100 0 0 initstate 0
Success: False
# episodes completed so far: 848
# successes: 580 (68.4%)
Current task success rate: 0.0
Current total success rate: 0.6839622641509434

Task: pick up the black bowl next to the cookie box and place it on the plate view 303 0 100 0 0 initstate 0
Success: False
# episodes completed so far: 849
# successes: 580 (68.3%)
Current task success rate: 0.0
Current total success rate: 0.6831566548881036

Task: pick up the black bowl next to the cookie box and place it on the plate view 303 15 100 0 0 initstate 0
Success: False
# episodes completed so far: 850
# successes: 580 (68.2%)
Current task success rate: 0.0
Current total success rate: 0.6823529411764706

Task: pick up the black bowl next to the cookie box and place it on the plate view 304 0 100 0 0 initstate 0
Success: False
# episodes completed so far: 851
# successes: 580 (68.2%)
Current task success rate: 0.0
Current total success rate: 0.681551116333725

Task: pick up the black bowl next to the cookie box and place it on the plate view 305 0 100 0 0 initstate 0
Success: False
# episodes completed so far: 852
# successes: 580 (68.1%)
Current task success rate: 0.0
Current total success rate: 0.6807511737089202

Task: pick up the black bowl next to the cookie box and place it on the plate view 305 15 100 0 0 initstate 0
Success: False
# episodes completed so far: 853
# successes: 580 (68.0%)
Current task success rate: 0.0
Current total success rate: 0.6799531066822978

Task: pick up the black bowl next to the cookie box and place it on the plate view 306 0 100 0 0 initstate 0
Success: False
# episodes completed so far: 854
# successes: 580 (67.9%)
Current task success rate: 0.0
Current total success rate: 0.6791569086651054

Task: pick up the black bowl next to the cookie box and place it on the plate view 306 15 100 0 0 initstate 0
Success: False
# episodes completed so far: 855
# successes: 580 (67.8%)
Current task success rate: 0.0
Current total success rate: 0.6783625730994152

Task: pick up the black bowl next to the cookie box and place it on the plate view 307 0 100 0 0 initstate 0
Success: False
# episodes completed so far: 856
# successes: 580 (67.8%)
Current task success rate: 0.0
Current total success rate: 0.677570093457944

Task: pick up the black bowl next to the cookie box and place it on the plate view 307 15 100 0 0 initstate 0
Success: False
# episodes completed so far: 857
# successes: 580 (67.7%)
Current task success rate: 0.0
Current total success rate: 0.676779463243874

Task: pick up the black bowl next to the cookie box and place it on the plate view 308 0 100 0 0 initstate 0
Success: False
# episodes completed so far: 858
# successes: 580 (67.6%)
Current task success rate: 0.0
Current total success rate: 0.675990675990676

Task: pick up the black bowl next to the cookie box and place it on the plate view 308 15 100 0 0 initstate 0
Success: False
# episodes completed so far: 859
# successes: 580 (67.5%)
Current task success rate: 0.0
Current total success rate: 0.6752037252619325

Task: pick up the black bowl next to the cookie box and place it on the plate view 309 0 100 0 0 initstate 0
Success: False
# episodes completed so far: 860
# successes: 580 (67.4%)
Current task success rate: 0.0
Current total success rate: 0.6744186046511628

Task: pick up the black bowl next to the cookie box and place it on the plate view 309 15 100 0 0 initstate 0
Success: False
# episodes completed so far: 861
# successes: 580 (67.4%)
Current task success rate: 0.0
Current total success rate: 0.6736353077816493

Task: pick up the black bowl next to the cookie box and place it on the plate view 310 0 100 0 0 initstate 0
Success: False
# episodes completed so far: 862
# successes: 580 (67.3%)
Current task success rate: 0.0
Current total success rate: 0.6728538283062645

Task: pick up the black bowl next to the cookie box and place it on the plate view 310 15 100 0 0 initstate 0
Success: False
# episodes completed so far: 863
# successes: 580 (67.2%)
Current task success rate: 0.0
Current total success rate: 0.6720741599073001

Task: pick up the black bowl next to the cookie box and place it on the plate view 311 0 100 0 0 initstate 0
Success: False
# episodes completed so far: 864
# successes: 580 (67.1%)
Current task success rate: 0.0
Current total success rate: 0.6712962962962963

Task: pick up the black bowl next to the cookie box and place it on the plate view 311 15 100 0 0 initstate 0
Success: False
# episodes completed so far: 865
# successes: 580 (67.1%)
Current task success rate: 0.0
Current total success rate: 0.6705202312138728

Task: pick up the black bowl next to the cookie box and place it on the plate view 312 0 100 0 0 initstate 0
Success: False
# episodes completed so far: 866
# successes: 580 (67.0%)
Current task success rate: 0.0
Current total success rate: 0.6697459584295612

Task: pick up the black bowl next to the cookie box and place it on the plate view 312 15 100 0 0 initstate 0
Success: False
# episodes completed so far: 867
# successes: 580 (66.9%)
Current task success rate: 0.0
Current total success rate: 0.6689734717416378

Task: pick up the black bowl next to the cookie box and place it on the plate view 313 0 100 0 0 initstate 0
Success: False
# episodes completed so far: 868
# successes: 580 (66.8%)
Current task success rate: 0.0
Current total success rate: 0.6682027649769585

Task: pick up the black bowl next to the cookie box and place it on the plate view 313 15 100 0 0 initstate 0
Success: False
# episodes completed so far: 869
# successes: 580 (66.7%)
Current task success rate: 0.0
Current total success rate: 0.667433831990794

Task: pick up the black bowl next to the cookie box and place it on the plate view 314 0 100 0 0 initstate 0
Success: False
# episodes completed so far: 870
# successes: 580 (66.7%)
Current task success rate: 0.0
Current total success rate: 0.6666666666666666

Task: pick up the black bowl next to the cookie box and place it on the plate view 314 15 100 0 0 initstate 0
Success: False
# episodes completed so far: 871
# successes: 580 (66.6%)
Current task success rate: 0.0
Current total success rate: 0.6659012629161883

Task: pick up the black bowl on the stove and place it on the plate view 0 0 171 0 0 initstate 0
Success: False
# episodes completed so far: 872
# successes: 580 (66.5%)
Current task success rate: 0.0
Current total success rate: 0.6651376146788991

Task: pick up the black bowl on the stove and place it on the plate view 0 0 172 0 0 initstate 0
Success: False
# episodes completed so far: 873
# successes: 580 (66.4%)
Current task success rate: 0.0
Current total success rate: 0.6643757159221076

Task: pick up the black bowl on the stove and place it on the plate view 0 0 173 0 0 initstate 0
Success: False
# episodes completed so far: 874
# successes: 580 (66.4%)
Current task success rate: 0.0
Current total success rate: 0.6636155606407322

Task: pick up the black bowl on the stove and place it on the plate view 0 0 174 0 0 initstate 0
Success: True
# episodes completed so far: 875
# successes: 581 (66.4%)
Current task success rate: 1.0
Current total success rate: 0.664

Task: pick up the black bowl on the stove and place it on the plate view 0 0 175 0 0 initstate 0
Success: False
# episodes completed so far: 876
# successes: 581 (66.3%)
Current task success rate: 0.0
Current total success rate: 0.66324200913242

Task: pick up the black bowl on the stove and place it on the plate view 0 0 176 0 0 initstate 0
Success: True
# episodes completed so far: 877
# successes: 582 (66.4%)
Current task success rate: 1.0
Current total success rate: 0.6636259977194983

Task: pick up the black bowl on the stove and place it on the plate view 0 0 177 0 0 initstate 0
Success: False
# episodes completed so far: 878
# successes: 582 (66.3%)
Current task success rate: 0.0
Current total success rate: 0.662870159453303

Task: pick up the black bowl on the stove and place it on the plate view 0 0 178 0 0 initstate 0
Success: False
# episodes completed so far: 879
# successes: 582 (66.2%)
Current task success rate: 0.0
Current total success rate: 0.6621160409556314

Task: pick up the black bowl on the stove and place it on the plate view 0 0 179 0 0 initstate 0
Success: False
# episodes completed so far: 880
# successes: 582 (66.1%)
Current task success rate: 0.0
Current total success rate: 0.6613636363636364

Task: pick up the black bowl on the stove and place it on the plate view 0 0 180 0 0 initstate 0
Success: False
# episodes completed so far: 881
# successes: 582 (66.1%)
Current task success rate: 0.0
Current total success rate: 0.6606129398410897

Task: pick up the black bowl on the stove and place it on the plate view 0 0 100 354 8 initstate 0
Success: True
# episodes completed so far: 882
# successes: 583 (66.1%)
Current task success rate: 1.0
Current total success rate: 0.6609977324263039

Task: pick up the black bowl on the stove and place it on the plate view 0 0 100 354 350 initstate 0
Success: True
# episodes completed so far: 883
# successes: 584 (66.1%)
Current task success rate: 1.0
Current total success rate: 0.6613816534541337

Task: pick up the black bowl on the stove and place it on the plate view 0 0 100 354 354 initstate 0
Success: True
# episodes completed so far: 884
# successes: 585 (66.2%)
Current task success rate: 1.0
Current total success rate: 0.6617647058823529

Task: pick up the black bowl on the stove and place it on the plate view 0 0 100 354 356 initstate 0
Success: True
# episodes completed so far: 885
# successes: 586 (66.2%)
Current task success rate: 1.0
Current total success rate: 0.6621468926553672

Task: pick up the black bowl on the stove and place it on the plate view 315 0 100 0 0 initstate 0
Success: False
# episodes completed so far: 886
# successes: 586 (66.1%)
Current task success rate: 0.0
Current total success rate: 0.6613995485327314

Task: pick up the black bowl on the stove and place it on the plate view 315 15 100 0 0 initstate 0
Success: False
# episodes completed so far: 887
# successes: 586 (66.1%)
Current task success rate: 0.0
Current total success rate: 0.6606538895152199

Task: pick up the black bowl on the stove and place it on the plate view 316 0 100 0 0 initstate 0
Success: False
# episodes completed so far: 888
# successes: 586 (66.0%)
Current task success rate: 0.0
Current total success rate: 0.6599099099099099

Task: pick up the black bowl on the stove and place it on the plate view 316 15 100 0 0 initstate 0
Success: False
# episodes completed so far: 889
# successes: 586 (65.9%)
Current task success rate: 0.0
Current total success rate: 0.6591676040494938

Task: pick up the black bowl on the stove and place it on the plate view 317 0 100 0 0 initstate 0
Success: False
# episodes completed so far: 890
# successes: 586 (65.8%)
Current task success rate: 0.0
Current total success rate: 0.6584269662921348

Task: pick up the black bowl on the stove and place it on the plate view 317 15 100 0 0 initstate 0
Success: False
# episodes completed so far: 891
# successes: 586 (65.8%)
Current task success rate: 0.0
Current total success rate: 0.6576879910213244

Task: pick up the black bowl on the stove and place it on the plate view 318 0 100 0 0 initstate 0
Success: False
# episodes completed so far: 892
# successes: 586 (65.7%)
Current task success rate: 0.0
Current total success rate: 0.6569506726457399

Task: pick up the black bowl on the stove and place it on the plate view 318 15 100 0 0 initstate 0
Success: False
# episodes completed so far: 893
# successes: 586 (65.6%)
Current task success rate: 0.0
Current total success rate: 0.6562150055991042

Task: pick up the black bowl on the stove and place it on the plate view 319 0 100 0 0 initstate 0
Success: False
# episodes completed so far: 894
# successes: 586 (65.5%)
Current task success rate: 0.0
Current total success rate: 0.6554809843400448

Task: pick up the black bowl on the stove and place it on the plate view 319 15 100 0 0 initstate 0
Success: False
# episodes completed so far: 895
# successes: 586 (65.5%)
Current task success rate: 0.0
Current total success rate: 0.6547486033519553

Task: pick up the black bowl on the stove and place it on the plate view 320 0 100 0 0 initstate 0
Success: False
# episodes completed so far: 896
# successes: 586 (65.4%)
Current task success rate: 0.0
Current total success rate: 0.6540178571428571

Task: pick up the black bowl on the stove and place it on the plate view 320 15 100 0 0 initstate 0
Success: False
# episodes completed so far: 897
# successes: 586 (65.3%)
Current task success rate: 0.0
Current total success rate: 0.653288740245262

Task: pick up the black bowl on the stove and place it on the plate view 321 0 100 0 0 initstate 0
Success: False
# episodes completed so far: 898
# successes: 586 (65.3%)
Current task success rate: 0.0
Current total success rate: 0.6525612472160356

Task: pick up the black bowl on the stove and place it on the plate view 321 15 100 0 0 initstate 0
Success: False
# episodes completed so far: 899
# successes: 586 (65.2%)
Current task success rate: 0.0
Current total success rate: 0.6518353726362626

Task: pick up the black bowl on the stove and place it on the plate view 322 0 100 0 0 initstate 0
Success: False
# episodes completed so far: 900
# successes: 586 (65.1%)
Current task success rate: 0.0
Current total success rate: 0.6511111111111111

Task: pick up the black bowl on the stove and place it on the plate view 322 15 100 0 0 initstate 0
Success: False
# episodes completed so far: 901
# successes: 586 (65.0%)
Current task success rate: 0.0
Current total success rate: 0.6503884572697003

Task: pick up the black bowl on the stove and place it on the plate view 323 0 100 0 0 initstate 0
Success: False
# episodes completed so far: 902
# successes: 586 (65.0%)
Current task success rate: 0.0
Current total success rate: 0.6496674057649667

Task: pick up the black bowl on the stove and place it on the plate view 323 15 100 0 0 initstate 0
Success: False
# episodes completed so far: 903
# successes: 586 (64.9%)
Current task success rate: 0.0
Current total success rate: 0.6489479512735327

Task: pick up the black bowl on the stove and place it on the plate view 324 0 100 0 0 initstate 0
Success: False
# episodes completed so far: 904
# successes: 586 (64.8%)
Current task success rate: 0.0
Current total success rate: 0.6482300884955752

Task: pick up the black bowl on the stove and place it on the plate view 324 15 100 0 0 initstate 0
Success: False
# episodes completed so far: 905
# successes: 586 (64.8%)
Current task success rate: 0.0
Current total success rate: 0.6475138121546962

Task: pick up the black bowl on the stove and place it on the plate view 325 0 100 0 0 initstate 0
Success: False
# episodes completed so far: 906
# successes: 586 (64.7%)
Current task success rate: 0.0
Current total success rate: 0.6467991169977925

Task: pick up the black bowl on the stove and place it on the plate view 325 15 100 0 0 initstate 0
Success: False
# episodes completed so far: 907
# successes: 586 (64.6%)
Current task success rate: 0.0
Current total success rate: 0.6460859977949284

Task: pick up the black bowl on the stove and place it on the plate view 326 0 100 0 0 initstate 0
Success: False
# episodes completed so far: 908
# successes: 586 (64.5%)
Current task success rate: 0.0
Current total success rate: 0.6453744493392071

Task: pick up the black bowl on the stove and place it on the plate view 326 15 100 0 0 initstate 0
Success: False
# episodes completed so far: 909
# successes: 586 (64.5%)
Current task success rate: 0.0
Current total success rate: 0.6446644664466447

Task: pick up the black bowl on the stove and place it on the plate view 327 15 100 0 0 initstate 0
Success: False
# episodes completed so far: 910
# successes: 586 (64.4%)
Current task success rate: 0.0
Current total success rate: 0.643956043956044

Task: pick up the black bowl on the stove and place it on the plate view 328 0 100 0 0 initstate 0
Success: True
# episodes completed so far: 911
# successes: 587 (64.4%)
Current task success rate: 1.0
Current total success rate: 0.6443468715697036

Task: pick up the black bowl on the stove and place it on the plate view 328 15 100 0 0 initstate 0
Success: False
# episodes completed so far: 912
# successes: 587 (64.4%)
Current task success rate: 0.0
Current total success rate: 0.643640350877193

Task: pick up the black bowl on the stove and place it on the plate view 329 0 100 0 0 initstate 0
Success: True
# episodes completed so far: 913
# successes: 588 (64.4%)
Current task success rate: 1.0
Current total success rate: 0.6440306681270537

Task: pick up the black bowl on the stove and place it on the plate view 329 15 100 0 0 initstate 0
Success: False
# episodes completed so far: 914
# successes: 588 (64.3%)
Current task success rate: 0.0
Current total success rate: 0.6433260393873085

Task: pick up the black bowl next to the plate and place it on the plate view 0 0 181 0 0 initstate 0
Success: False
# episodes completed so far: 915
# successes: 588 (64.3%)
Current task success rate: 0.0
Current total success rate: 0.6426229508196721

Task: pick up the black bowl next to the plate and place it on the plate view 0 0 182 0 0 initstate 0
Success: False
# episodes completed so far: 916
# successes: 588 (64.2%)
Current task success rate: 0.0
Current total success rate: 0.6419213973799127

Task: pick up the black bowl next to the plate and place it on the plate view 0 0 183 0 0 initstate 0
Success: False
# episodes completed so far: 917
# successes: 588 (64.1%)
Current task success rate: 0.0
Current total success rate: 0.6412213740458015

Task: pick up the black bowl next to the plate and place it on the plate view 0 0 184 0 0 initstate 0
Success: False
# episodes completed so far: 918
# successes: 588 (64.1%)
Current task success rate: 0.0
Current total success rate: 0.6405228758169934

Task: pick up the black bowl next to the plate and place it on the plate view 0 0 185 0 0 initstate 0
Success: False
# episodes completed so far: 919
# successes: 588 (64.0%)
Current task success rate: 0.0
Current total success rate: 0.6398258977149075

Task: pick up the black bowl next to the plate and place it on the plate view 0 0 186 0 0 initstate 0
Success: False
# episodes completed so far: 920
# successes: 588 (63.9%)
Current task success rate: 0.0
Current total success rate: 0.6391304347826087

Task: pick up the black bowl next to the plate and place it on the plate view 0 0 187 0 0 initstate 0
Success: False
# episodes completed so far: 921
# successes: 588 (63.8%)
Current task success rate: 0.0
Current total success rate: 0.6384364820846905

Task: pick up the black bowl next to the plate and place it on the plate view 0 0 188 0 0 initstate 0
Success: False
# episodes completed so far: 922
# successes: 588 (63.8%)
Current task success rate: 0.0
Current total success rate: 0.6377440347071583

Task: pick up the black bowl next to the plate and place it on the plate view 0 0 189 0 0 initstate 0
Success: False
# episodes completed so far: 923
# successes: 588 (63.7%)
Current task success rate: 0.0
Current total success rate: 0.6370530877573131

Task: pick up the black bowl next to the plate and place it on the plate view 0 0 190 0 0 initstate 0
Success: False
# episodes completed so far: 924
# successes: 588 (63.6%)
Current task success rate: 0.0
Current total success rate: 0.6363636363636364

Task: pick up the black bowl next to the plate and place it on the plate view 0 0 100 356 6 initstate 0
Success: True
# episodes completed so far: 925
# successes: 589 (63.7%)
Current task success rate: 1.0
Current total success rate: 0.6367567567567568

Task: pick up the black bowl next to the plate and place it on the plate view 0 0 100 356 8 initstate 0
Success: True
# episodes completed so far: 926
# successes: 590 (63.7%)
Current task success rate: 1.0
Current total success rate: 0.6371490280777538

Task: pick up the black bowl next to the plate and place it on the plate view 0 0 100 356 10 initstate 0
Success: True
# episodes completed so far: 927
# successes: 591 (63.8%)
Current task success rate: 1.0
Current total success rate: 0.6375404530744336

Task: pick up the black bowl next to the plate and place it on the plate view 0 0 100 356 350 initstate 0
Success: True
# episodes completed so far: 928
# successes: 592 (63.8%)
Current task success rate: 1.0
Current total success rate: 0.6379310344827587

Task: pick up the black bowl next to the plate and place it on the plate view 330 0 100 0 0 initstate 0
Success: True
# episodes completed so far: 929
# successes: 593 (63.8%)
Current task success rate: 1.0
Current total success rate: 0.6383207750269106

Task: pick up the black bowl next to the plate and place it on the plate view 330 15 100 0 0 initstate 0
Success: True
# episodes completed so far: 930
# successes: 594 (63.9%)
Current task success rate: 1.0
Current total success rate: 0.6387096774193548

Task: pick up the black bowl next to the plate and place it on the plate view 331 0 100 0 0 initstate 0
Success: True
# episodes completed so far: 931
# successes: 595 (63.9%)
Current task success rate: 1.0
Current total success rate: 0.6390977443609023

Task: pick up the black bowl next to the plate and place it on the plate view 331 15 100 0 0 initstate 0
Success: True
# episodes completed so far: 932
# successes: 596 (63.9%)
Current task success rate: 1.0
Current total success rate: 0.6394849785407726

Task: pick up the black bowl next to the plate and place it on the plate view 332 0 100 0 0 initstate 0
Success: False
# episodes completed so far: 933
# successes: 596 (63.9%)
Current task success rate: 0.0
Current total success rate: 0.6387995712754555

Task: pick up the black bowl next to the plate and place it on the plate view 332 15 100 0 0 initstate 0
Success: True
# episodes completed so far: 934
# successes: 597 (63.9%)
Current task success rate: 1.0
Current total success rate: 0.639186295503212

Task: pick up the black bowl next to the plate and place it on the plate view 333 0 100 0 0 initstate 0
Success: False
# episodes completed so far: 935
# successes: 597 (63.9%)
Current task success rate: 0.0
Current total success rate: 0.6385026737967915

Task: pick up the black bowl next to the plate and place it on the plate view 333 15 100 0 0 initstate 0
Success: True
# episodes completed so far: 936
# successes: 598 (63.9%)
Current task success rate: 1.0
Current total success rate: 0.6388888888888888

Task: pick up the black bowl next to the plate and place it on the plate view 334 0 100 0 0 initstate 0
Success: True
# episodes completed so far: 937
# successes: 599 (63.9%)
Current task success rate: 1.0
Current total success rate: 0.6392742796157951

Task: pick up the black bowl next to the plate and place it on the plate view 334 15 100 0 0 initstate 0
Success: True
# episodes completed so far: 938
# successes: 600 (64.0%)
Current task success rate: 1.0
Current total success rate: 0.6396588486140725

Task: pick up the black bowl next to the plate and place it on the plate view 335 0 100 0 0 initstate 0
Success: True
# episodes completed so far: 939
# successes: 601 (64.0%)
Current task success rate: 1.0
Current total success rate: 0.6400425985090522

Task: pick up the black bowl next to the plate and place it on the plate view 335 15 100 0 0 initstate 0
Success: True
# episodes completed so far: 940
# successes: 602 (64.0%)
Current task success rate: 1.0
Current total success rate: 0.6404255319148936

Task: pick up the black bowl next to the plate and place it on the plate view 336 15 100 0 0 initstate 0
Success: True
# episodes completed so far: 941
# successes: 603 (64.1%)
Current task success rate: 1.0
Current total success rate: 0.640807651434644

Task: pick up the black bowl next to the plate and place it on the plate view 338 0 100 0 0 initstate 0
Success: True
# episodes completed so far: 942
# successes: 604 (64.1%)
Current task success rate: 1.0
Current total success rate: 0.6411889596602972

Task: pick up the black bowl next to the plate and place it on the plate view 338 15 100 0 0 initstate 0
Success: True
# episodes completed so far: 943
# successes: 605 (64.2%)
Current task success rate: 1.0
Current total success rate: 0.6415694591728526

Task: pick up the black bowl next to the plate and place it on the plate view 340 0 100 0 0 initstate 0
Success: True
# episodes completed so far: 944
# successes: 606 (64.2%)
Current task success rate: 1.0
Current total success rate: 0.6419491525423728

Task: pick up the black bowl next to the plate and place it on the plate view 340 15 100 0 0 initstate 0
Success: True
# episodes completed so far: 945
# successes: 607 (64.2%)
Current task success rate: 1.0
Current total success rate: 0.6423280423280423

Task: pick up the black bowl next to the plate and place it on the plate view 343 15 100 0 0 initstate 0
Success: True
# episodes completed so far: 946
# successes: 608 (64.3%)
Current task success rate: 1.0
Current total success rate: 0.642706131078224

Task: pick up the black bowl next to the plate and place it on the plate view 344 0 100 0 0 initstate 0
Success: True
# episodes completed so far: 947
# successes: 609 (64.3%)
Current task success rate: 1.0
Current total success rate: 0.6430834213305174

Task: pick up the black bowl on the wooden cabinet and place it on the plate view 0 0 191 0 0 initstate 0
Success: False
# episodes completed so far: 948
# successes: 609 (64.2%)
Current task success rate: 0.0
Current total success rate: 0.6424050632911392

Task: pick up the black bowl on the wooden cabinet and place it on the plate view 0 0 192 0 0 initstate 0
Success: False
# episodes completed so far: 949
# successes: 609 (64.2%)
Current task success rate: 0.0
Current total success rate: 0.6417281348788199

Task: pick up the black bowl on the wooden cabinet and place it on the plate view 0 0 193 0 0 initstate 0
Success: False
# episodes completed so far: 950
# successes: 609 (64.1%)
Current task success rate: 0.0
Current total success rate: 0.6410526315789473

Task: pick up the black bowl on the wooden cabinet and place it on the plate view 0 0 194 0 0 initstate 0
Success: False
# episodes completed so far: 951
# successes: 609 (64.0%)
Current task success rate: 0.0
Current total success rate: 0.6403785488958991

Task: pick up the black bowl on the wooden cabinet and place it on the plate view 0 0 195 0 0 initstate 0
Success: False
# episodes completed so far: 952
# successes: 609 (64.0%)
Current task success rate: 0.0
Current total success rate: 0.6397058823529411

Task: pick up the black bowl on the wooden cabinet and place it on the plate view 0 0 196 0 0 initstate 0
Success: False
# episodes completed so far: 953
# successes: 609 (63.9%)
Current task success rate: 0.0
Current total success rate: 0.6390346274921301

Task: pick up the black bowl on the wooden cabinet and place it on the plate view 0 0 197 0 0 initstate 0
Success: False
# episodes completed so far: 954
# successes: 609 (63.8%)
Current task success rate: 0.0
Current total success rate: 0.6383647798742138

Task: pick up the black bowl on the wooden cabinet and place it on the plate view 0 0 198 0 0 initstate 0
Success: False
# episodes completed so far: 955
# successes: 609 (63.8%)
Current task success rate: 0.0
Current total success rate: 0.6376963350785341

Task: pick up the black bowl on the wooden cabinet and place it on the plate view 0 0 199 0 0 initstate 0
Success: False
# episodes completed so far: 956
# successes: 609 (63.7%)
Current task success rate: 0.0
Current total success rate: 0.6370292887029289

Task: pick up the black bowl on the wooden cabinet and place it on the plate view 0 0 200 0 0 initstate 0
Success: False
# episodes completed so far: 957
# successes: 609 (63.6%)
Current task success rate: 0.0
Current total success rate: 0.6363636363636364

Task: pick up the black bowl on the wooden cabinet and place it on the plate view 0 0 100 358 6 initstate 0
Success: True
# episodes completed so far: 958
# successes: 610 (63.7%)
Current task success rate: 1.0
Current total success rate: 0.6367432150313153

Task: pick up the black bowl on the wooden cabinet and place it on the plate view 0 0 100 358 8 initstate 0
Success: True
# episodes completed so far: 959
# successes: 611 (63.7%)
Current task success rate: 1.0
Current total success rate: 0.6371220020855057

Task: pick up the black bowl on the wooden cabinet and place it on the plate view 0 0 100 358 10 initstate 0
Success: True
# episodes completed so far: 960
# successes: 612 (63.8%)
Current task success rate: 1.0
Current total success rate: 0.6375

Task: pick up the black bowl on the wooden cabinet and place it on the plate view 0 0 100 358 350 initstate 0
Success: False
# episodes completed so far: 961
# successes: 612 (63.7%)
Current task success rate: 0.0
Current total success rate: 0.6368366285119667

Task: pick up the black bowl on the wooden cabinet and place it on the plate view 0 0 100 358 352 initstate 0
Success: False
# episodes completed so far: 962
# successes: 612 (63.6%)
Current task success rate: 0.0
Current total success rate: 0.6361746361746362

Task: pick up the black bowl on the wooden cabinet and place it on the plate view 0 0 100 358 354 initstate 0
Success: True
# episodes completed so far: 963
# successes: 613 (63.7%)
Current task success rate: 1.0
Current total success rate: 0.6365524402907581

Task: pick up the black bowl on the wooden cabinet and place it on the plate view 0 0 100 358 356 initstate 0
Success: True
# episodes completed so far: 964
# successes: 614 (63.7%)
Current task success rate: 1.0
Current total success rate: 0.6369294605809128

Task: pick up the black bowl on the wooden cabinet and place it on the plate view 0 0 100 358 358 initstate 0
Success: False
# episodes completed so far: 965
# successes: 614 (63.6%)
Current task success rate: 0.0
Current total success rate: 0.6362694300518135

Task: pick up the black bowl on the wooden cabinet and place it on the plate view 345 0 100 0 0 initstate 0
Success: True
# episodes completed so far: 966
# successes: 615 (63.7%)
Current task success rate: 1.0
Current total success rate: 0.6366459627329193

Task: pick up the black bowl on the wooden cabinet and place it on the plate view 345 15 100 0 0 initstate 0
Success: False
# episodes completed so far: 967
# successes: 615 (63.6%)
Current task success rate: 0.0
Current total success rate: 0.6359875904860393

Task: pick up the black bowl on the wooden cabinet and place it on the plate view 346 0 100 0 0 initstate 0
Success: False
# episodes completed so far: 968
# successes: 615 (63.5%)
Current task success rate: 0.0
Current total success rate: 0.6353305785123967

Task: pick up the black bowl on the wooden cabinet and place it on the plate view 346 15 100 0 0 initstate 0
Success: False
# episodes completed so far: 969
# successes: 615 (63.5%)
Current task success rate: 0.0
Current total success rate: 0.6346749226006192

Task: pick up the black bowl on the wooden cabinet and place it on the plate view 347 15 100 0 0 initstate 0
Success: False
# episodes completed so far: 970
# successes: 615 (63.4%)
Current task success rate: 0.0
Current total success rate: 0.634020618556701

Task: pick up the black bowl on the wooden cabinet and place it on the plate view 348 0 100 0 0 initstate 0
Success: True
# episodes completed so far: 971
# successes: 616 (63.4%)
Current task success rate: 1.0
Current total success rate: 0.6343975283213182

Task: pick up the black bowl on the wooden cabinet and place it on the plate view 348 15 100 0 0 initstate 0
Success: False
# episodes completed so far: 972
# successes: 616 (63.4%)
Current task success rate: 0.0
Current total success rate: 0.6337448559670782

Task: pick up the black bowl on the wooden cabinet and place it on the plate view 349 0 100 0 0 initstate 0
Success: True
# episodes completed so far: 973
# successes: 617 (63.4%)
Current task success rate: 1.0
Current total success rate: 0.6341212744090442

Task: pick up the black bowl on the wooden cabinet and place it on the plate view 349 15 100 0 0 initstate 0
Success: False
# episodes completed so far: 974
# successes: 617 (63.3%)
Current task success rate: 0.0
Current total success rate: 0.63347022587269

Task: pick up the black bowl on the wooden cabinet and place it on the plate view 350 15 100 0 0 initstate 0
Success: False
# episodes completed so far: 975
# successes: 617 (63.3%)
Current task success rate: 0.0
Current total success rate: 0.6328205128205128

Task: pick up the black bowl on the wooden cabinet and place it on the plate view 351 15 100 0 0 initstate 0
Success: False
# episodes completed so far: 976
# successes: 617 (63.2%)
Current task success rate: 0.0
Current total success rate: 0.632172131147541

Task: pick up the black bowl on the wooden cabinet and place it on the plate view 352 15 100 0 0 initstate 0
Success: False
# episodes completed so far: 977
# successes: 617 (63.2%)
Current task success rate: 0.0
Current total success rate: 0.631525076765609

Task: pick up the black bowl on the wooden cabinet and place it on the plate view 353 15 100 0 0 initstate 0
Success: False
# episodes completed so far: 978
# successes: 617 (63.1%)
Current task success rate: 0.0
Current total success rate: 0.630879345603272

Task: pick up the black bowl on the wooden cabinet and place it on the plate view 354 15 100 0 0 initstate 0
Success: False
# episodes completed so far: 979
# successes: 617 (63.0%)
Current task success rate: 0.0
Current total success rate: 0.6302349336057201

Task: pick up the black bowl on the wooden cabinet and place it on the plate view 355 15 100 0 0 initstate 0
Success: False
# episodes completed so far: 980
# successes: 617 (63.0%)
Current task success rate: 0.0
Current total success rate: 0.6295918367346939

Task: pick up the black bowl on the wooden cabinet and place it on the plate view 356 15 100 0 0 initstate 0
Success: False
# episodes completed so far: 981
# successes: 617 (62.9%)
Current task success rate: 0.0
Current total success rate: 0.6289500509683996

Task: pick up the black bowl on the wooden cabinet and place it on the plate view 357 15 100 0 0 initstate 0
Success: False
# episodes completed so far: 982
# successes: 617 (62.8%)
Current task success rate: 0.0
Current total success rate: 0.6283095723014257

Task: pick up the black bowl on the wooden cabinet and place it on the plate view 358 15 100 0 0 initstate 0
Success: False
# episodes completed so far: 983
# successes: 617 (62.8%)
Current task success rate: 0.0
Current total success rate: 0.6276703967446592

Task: pick up the black bowl on the wooden cabinet and place it on the plate view 359 15 100 0 0 initstate 0
Success: False
# episodes completed so far: 984
# successes: 617 (62.7%)
Current task success rate: 0.0
Current total success rate: 0.6270325203252033

Task: grasp the darkhued rounded container situated between the flat dish used for serving food and the small glazed ceramic dish and set it down onto the flat dish used for serving food
Success: True
# episodes completed so far: 985
# successes: 618 (62.7%)
Current task success rate: 1.0
Current total success rate: 0.6274111675126903

Task: could you put the black bowl on the plate for me its the one sitting between the plate and the ramekin
Success: True
# episodes completed so far: 986
# successes: 619 (62.8%)
Current task success rate: 1.0
Current total success rate: 0.6277890466531441

Task: pick up the darkcolored rounded container between the flat dish for main courses and the small ceramic dish typically used for baking and serving and place it on the flat dish for main courses
Success: True
# episodes completed so far: 987
# successes: 620 (62.8%)
Current task success rate: 1.0
Current total success rate: 0.6281661600810537

Task: please locate the black bowl situated between the plate and ramekin then carefully place it on the plate
Success: True
# episodes completed so far: 988
# successes: 621 (62.9%)
Current task success rate: 1.0
Current total success rate: 0.6285425101214575

Task: would you mind helping me by picking up the black bowl between the plate and ramekin and placing it on the plate
Success: True
# episodes completed so far: 989
# successes: 622 (62.9%)
Current task success rate: 1.0
Current total success rate: 0.6289180990899899

Task: grasp the darkhued curved container situated in the narrow space separating the flat dish and the small ceramic dish and position it atop the flat dish
Success: True
# episodes completed so far: 990
# successes: 623 (62.9%)
Current task success rate: 1.0
Current total success rate: 0.6292929292929293

Task: collect the black bowl located amid the plate and the ramekin and set it atop the plate
Success: True
# episodes completed so far: 991
# successes: 624 (63.0%)
Current task success rate: 1.0
Current total success rate: 0.6296670030272452

Task: the table setting isnt quite right please pick up the black bowl between the plate and ramekin and place it on the plate
Success: True
# episodes completed so far: 992
# successes: 625 (63.0%)
Current task success rate: 1.0
Current total success rate: 0.6300403225806451

Task: lets rearrange the table pick up the black bowl between the plate and ramekin and place it on the plate
Success: True
# episodes completed so far: 993
# successes: 626 (63.0%)
Current task success rate: 1.0
Current total success rate: 0.6304128902316214

Task: can you place the black bowl thats between the plate and the ramekin on top of the plate
Success: True
# episodes completed so far: 994
# successes: 627 (63.1%)
Current task success rate: 1.0
Current total success rate: 0.630784708249497

Task: lift the dark bowl situated between the dish and the ramekin and set it on the plate
Success: True
# episodes completed so far: 995
# successes: 628 (63.1%)
Current task success rate: 1.0
Current total success rate: 0.6311557788944724

Task: would you be so kind as to pick up the black bowl thats between the plate and ramekin and place it on the plate
Success: True
# episodes completed so far: 996
# successes: 629 (63.2%)
Current task success rate: 1.0
Current total success rate: 0.6315261044176707

Task: grasp the darkcolored vessel located between the item for holding a main course and the small dish designed for baking and serving and rest it upon the item designed to hold a main course
Success: True
# episodes completed so far: 997
# successes: 630 (63.2%)
Current task success rate: 1.0
Current total success rate: 0.6318956870611836

Task: could you move the black bowl thats between the plate and the ramekin onto the plate itself
Success: True
# episodes completed so far: 998
# successes: 631 (63.2%)
Current task success rate: 1.0
Current total success rate: 0.6322645290581163

Task: lift the darkhued container situated between the flat dish and the small baking dish and set it upon the flat dish
Success: True
# episodes completed so far: 999
# successes: 632 (63.3%)
Current task success rate: 1.0
Current total success rate: 0.6326326326326326

Task: grasp the dark bowl situated between the dish and the ramekin and set it atop the plate
Success: True
# episodes completed so far: 1000
# successes: 633 (63.3%)
Current task success rate: 1.0
Current total success rate: 0.633

Task: could you please pick up the black bowl thats positioned between the plate and the ramekin then place it on top of the plate
Success: True
# episodes completed so far: 1001
# successes: 634 (63.3%)
Current task success rate: 1.0
Current total success rate: 0.6333666333666333

Task: can you place the black bowl on the plate for me its currently between a plate and a ramekin
Success: True
# episodes completed so far: 1002
# successes: 635 (63.4%)
Current task success rate: 1.0
Current total success rate: 0.6337325349301397

Task: lift the dark bowl situated between the dish and the ramekin and position it on the plate
Success: True
# episodes completed so far: 1003
# successes: 636 (63.4%)
Current task success rate: 1.0
Current total success rate: 0.634097706879362

Task: the black bowl needs relocation please pick it up from between the plate and ramekin and put it on the plate
Success: True
# episodes completed so far: 1004
# successes: 637 (63.4%)
Current task success rate: 1.0
Current total success rate: 0.6344621513944223

Task: lift the darkhued dish situated between the flat dish and the small baking dish then set it atop the flat dish
Success: True
# episodes completed so far: 1005
# successes: 638 (63.5%)
Current task success rate: 1.0
Current total success rate: 0.6348258706467662

Task: for better table organization would you pick up the black bowl between the plate and ramekin and move it to the plate
Success: True
# episodes completed so far: 1006
# successes: 639 (63.5%)
Current task success rate: 1.0
Current total success rate: 0.6351888667992047

Task: pick up the darkcolored concave dish located between the flat dish for serving food and the small round baking dish and place it on the flat dish for serving food
Success: True
# episodes completed so far: 1007
# successes: 640 (63.6%)
Current task success rate: 1.0
Current total success rate: 0.6355511420059583

Task: could you put the black bowl thats between the plate and the ramekin onto the plate
Success: True
# episodes completed so far: 1008
# successes: 641 (63.6%)
Current task success rate: 1.0
Current total success rate: 0.6359126984126984

Task: before our guests arrive please pick up the black bowl between the plate and ramekin and place it on the plate
Success: True
# episodes completed so far: 1009
# successes: 642 (63.6%)
Current task success rate: 1.0
Current total success rate: 0.6362735381565907

Task: could you move the black bowl thats between the plate and the ramekin onto the plate
Success: True
# episodes completed so far: 1010
# successes: 643 (63.7%)
Current task success rate: 1.0
Current total success rate: 0.6366336633663366

Task: for our dining setup id appreciate if you could pick up the black bowl between the plate and ramekin and move it to the plate
Success: True
# episodes completed so far: 1011
# successes: 644 (63.7%)
Current task success rate: 1.0
Current total success rate: 0.6369930761622157

Task: grasp the dark bowl situated between the dish and the ramekin then set it atop the plate
Success: True
# episodes completed so far: 1012
# successes: 645 (63.7%)
Current task success rate: 1.0
Current total success rate: 0.6373517786561265

Task: could you move the black bowl thats between the plate and the ramekin onto the plate for me
Success: True
# episodes completed so far: 1013
# successes: 646 (63.8%)
Current task success rate: 1.0
Current total success rate: 0.6377097729516288

Task: pick up the darkcolored curved dish located between the flat dish used for main courses and the small glazed dish typically used for baking and serving and place it on the flat dish used for main courses
Success: True
# episodes completed so far: 1014
# successes: 647 (63.8%)
Current task success rate: 1.0
Current total success rate: 0.6380670611439843

Task: remember how we organized the table now pick up the black bowl between the plate and ramekin and put it on the plate
Success: True
# episodes completed so far: 1015
# successes: 648 (63.8%)
Current task success rate: 1.0
Current total success rate: 0.638423645320197

Task: could you place the black bowl thats between the plate and the ramekin right on the plate for me
Success: True
# episodes completed so far: 1016
# successes: 649 (63.9%)
Current task success rate: 1.0
Current total success rate: 0.6387795275590551

Task: lift the dark colored dish situated between the flat dish used for main courses and the small dish often used for baking desserts then set it atop the flat dish used for main courses
Success: True
# episodes completed so far: 1017
# successes: 650 (63.9%)
Current task success rate: 1.0
Current total success rate: 0.63913470993117

Task: lets adjust the table arrangement pick up the black bowl located between the plate and ramekin and put it on the plate
Success: True
# episodes completed so far: 1018
# successes: 651 (63.9%)
Current task success rate: 1.0
Current total success rate: 0.6394891944990176

Task: lift the darkcolored rounded vessel situated between the flat dish and the small ceramic baking dish and position it atop the flat dish
Success: True
# episodes completed so far: 1019
# successes: 652 (64.0%)
Current task success rate: 1.0
Current total success rate: 0.6398429833169774

Task: pick up the darkcolored rounded container between the flat dish for meals and the small dish used typically for baking and place it on the flat dish for meals
Success: True
# episodes completed so far: 1020
# successes: 653 (64.0%)
Current task success rate: 1.0
Current total success rate: 0.6401960784313725

Task: lift the darkcolored spherical vessel located midway between the flat dish and the small ceramic baking dish then position it atop the flat dish
Success: True
# episodes completed so far: 1021
# successes: 654 (64.1%)
Current task success rate: 1.0
Current total success rate: 0.6405484818805093

Task: pick up the darkcolored rounded dish situated between the flatbased dish for main meals and the small dish typically used for serving sauces then place it onto the flatbased dish for main meals
Success: True
# episodes completed so far: 1022
# successes: 655 (64.1%)
Current task success rate: 1.0
Current total success rate: 0.6409001956947162

Task: the black bowl between the plate and ramekin needs to be moved please place it on the plate when you have a moment
Success: True
# episodes completed so far: 1023
# successes: 656 (64.1%)
Current task success rate: 1.0
Current total success rate: 0.6412512218963832

Task: could you place the black bowl onto the plate for me its the one sitting between another plate and a ramekin
Success: True
# episodes completed so far: 1024
# successes: 657 (64.2%)
Current task success rate: 1.0
Current total success rate: 0.6416015625

Task: grasp the black bowl located between the plate and the ramekin and set it on the plate
Success: True
# episodes completed so far: 1025
# successes: 658 (64.2%)
Current task success rate: 1.0
Current total success rate: 0.6419512195121951

Task: lift the black dish positioned between the plate and the ramekin and set it on the plate
Success: True
# episodes completed so far: 1026
# successes: 659 (64.2%)
Current task success rate: 1.0
Current total success rate: 0.6423001949317739

Task: lift the darkcolored vessel located between the flat dish used for main courses and the small dish often used for baking desserts then set it upon the flat dish used for main courses
Success: True
# episodes completed so far: 1027
# successes: 660 (64.3%)
Current task success rate: 1.0
Current total success rate: 0.6426484907497566

Task: for our dinner setup i need you to pick up the black bowl between the plate and ramekin and place it on the plate
Success: True
# episodes completed so far: 1028
# successes: 661 (64.3%)
Current task success rate: 1.0
Current total success rate: 0.6429961089494164

Task: for proper table arrangement pick up the black bowl positioned between the plate and ramekin and set it on the plate
Success: True
# episodes completed so far: 1029
# successes: 662 (64.3%)
Current task success rate: 1.0
Current total success rate: 0.6433430515063168

Task: before we start cooking could you pick up the black bowl between the plate and ramekin and transfer it to the plate
Success: True
# episodes completed so far: 1030
# successes: 663 (64.4%)
Current task success rate: 1.0
Current total success rate: 0.6436893203883495

Task: pick up the darkcolored concave container near the small glazed baking dish and place it on the flat dish used for serving food
Success: False
# episodes completed so far: 1031
# successes: 663 (64.3%)
Current task success rate: 0.0
Current total success rate: 0.6430649854510184

Task: could you put the black bowl thats next to the ramekin on the plate thanks
Success: True
# episodes completed so far: 1032
# successes: 664 (64.3%)
Current task success rate: 1.0
Current total success rate: 0.6434108527131783

Task: could you put the black bowl thats next to the ramekin on the plate
Success: True
# episodes completed so far: 1033
# successes: 665 (64.4%)
Current task success rate: 1.0
Current total success rate: 0.643756050338819

Task: for proper meal presentation take the black bowl next to the ramekin and arrange it on the plate
Success: True
# episodes completed so far: 1034
# successes: 666 (64.4%)
Current task success rate: 1.0
Current total success rate: 0.6441005802707931

Task: please pick up the black bowl beside the ramekin and transfer it onto the plate its for our dinner setup
Success: True
# episodes completed so far: 1035
# successes: 667 (64.4%)
Current task success rate: 1.0
Current total success rate: 0.6444444444444445

Task: grasp the darkhued rounded food container situated adjacent to the small baking dish and set it down on the flat dish for serving meals
Success: False
# episodes completed so far: 1036
# successes: 667 (64.4%)
Current task success rate: 0.0
Current total success rate: 0.6438223938223938

Task: could you put the black bowl thats beside the ramekin onto the plate for me
Success: True
# episodes completed so far: 1037
# successes: 668 (64.4%)
Current task success rate: 1.0
Current total success rate: 0.6441658630665381

Task: attention please pick up the black bowl positioned next to the ramekin and place it onto the plate
Success: True
# episodes completed so far: 1038
# successes: 669 (64.5%)
Current task success rate: 1.0
Current total success rate: 0.6445086705202312

Task: id appreciate if you could pick up the black bowl adjacent to the ramekin and move it onto the plate
Success: True
# episodes completed so far: 1039
# successes: 670 (64.5%)
Current task success rate: 1.0
Current total success rate: 0.6448508180943214

Task: could you put the black bowl thats beside the ramekin onto the plate
Success: True
# episodes completed so far: 1040
# successes: 671 (64.5%)
Current task success rate: 1.0
Current total success rate: 0.6451923076923077

Task: grasp the darkcolored container located beside the small baking dish and set it down onto the flat dish designed for main courses
Success: False
# episodes completed so far: 1041
# successes: 671 (64.5%)
Current task success rate: 0.0
Current total success rate: 0.6445725264169068

Task: could you put the black bowl thats next to the ramekin on the plate
Success: True
# episodes completed so far: 1042
# successes: 672 (64.5%)
Current task success rate: 1.0
Current total success rate: 0.6449136276391555

Task: grab the dark bowl beside the ramekin and set it on the dish
Success: True
# episodes completed so far: 1043
# successes: 673 (64.5%)
Current task success rate: 1.0
Current total success rate: 0.6452540747842761

Task: pick up the darkhued vessel situated adjacent to the small rounded cooking dish and place it on the flat dish used for serving meals
Success: False
# episodes completed so far: 1044
# successes: 673 (64.5%)
Current task success rate: 0.0
Current total success rate: 0.6446360153256705

Task: the recipe calls for the black bowl please retrieve it from next to the ramekin and position it on the plate
Success: True
# episodes completed so far: 1045
# successes: 674 (64.5%)
Current task success rate: 1.0
Current total success rate: 0.6449760765550239

Task: pick up the darkcolored dish located adjacent to the small baking dish and position it on the flat serving item
Success: False
# episodes completed so far: 1046
# successes: 674 (64.4%)
Current task success rate: 0.0
Current total success rate: 0.6443594646271511

Task: in our kitchen organization please transfer the black bowl from its spot near the ramekin to the plate
Success: False
# episodes completed so far: 1047
# successes: 674 (64.4%)
Current task success rate: 0.0
Current total success rate: 0.6437440305635148

Task: select the darkhued round container adjacent to the small baking dish and position it atop the flat dish for serving food
Success: False
# episodes completed so far: 1048
# successes: 674 (64.3%)
Current task success rate: 0.0
Current total success rate: 0.6431297709923665

Task: lift the darkcolored dish located beside the small baking dish and position it on the flat dish used for serving food
Success: False
# episodes completed so far: 1049
# successes: 674 (64.3%)
Current task success rate: 0.0
Current total success rate: 0.6425166825548141

Task: collect the darkcolored bowl adjacent to the ramekin and position it on the dish
Success: True
# episodes completed so far: 1050
# successes: 675 (64.3%)
Current task success rate: 1.0
Current total success rate: 0.6428571428571429

Task: as part of todays cooking prep please collect the black bowl near the ramekin and put it on the plate
Success: True
# episodes completed so far: 1051
# successes: 676 (64.3%)
Current task success rate: 1.0
Current total success rate: 0.6431969552806851

Task: for our baking project pick up the black bowl near the ramekin and position it on the plate
Success: True
# episodes completed so far: 1052
# successes: 677 (64.4%)
Current task success rate: 1.0
Current total success rate: 0.6435361216730038

Task: lift the black bowl beside the ramekin and set it on the plate
Success: True
# episodes completed so far: 1053
# successes: 678 (64.4%)
Current task success rate: 1.0
Current total success rate: 0.6438746438746439

Task: before we start cooking could you move the black bowl its next to the ramekin place it on the plate
Success: True
# episodes completed so far: 1054
# successes: 679 (64.4%)
Current task success rate: 1.0
Current total success rate: 0.644212523719165

Task: lift the black dish adjacent to the ramekin and set it upon the platter
Success: True
# episodes completed so far: 1055
# successes: 680 (64.5%)
Current task success rate: 1.0
Current total success rate: 0.6445497630331753

Task: grab the darkcolored dish adjacent to the small ceramic dish and set it upon the flat dish used for serving food
Success: False
# episodes completed so far: 1056
# successes: 680 (64.4%)
Current task success rate: 0.0
Current total success rate: 0.6439393939393939

Task: pick up the darkhued rounded container beside the small baking dish and position it on the flat dish used for meals
Success: False
# episodes completed so far: 1057
# successes: 680 (64.3%)
Current task success rate: 0.0
Current total success rate: 0.6433301797540208

Task: could you put the black bowl thats next to the ramekin onto the plate
Success: True
# episodes completed so far: 1058
# successes: 681 (64.4%)
Current task success rate: 1.0
Current total success rate: 0.6436672967863895

Task: could you assist with this task pick up the black bowl thats next to the ramekin and put it on the plate
Success: True
# episodes completed so far: 1059
# successes: 682 (64.4%)
Current task success rate: 1.0
Current total success rate: 0.6440037771482531

Task: pick up the darkcolored dish located adjacent to the small baking dish and position it atop the flat dinnerware item
Success: False
# episodes completed so far: 1060
# successes: 682 (64.3%)
Current task success rate: 0.0
Current total success rate: 0.6433962264150943

Task: could you make sure the black bowl thats next to the ramekin is on the plate
Success: True
# episodes completed so far: 1061
# successes: 683 (64.4%)
Current task success rate: 1.0
Current total success rate: 0.6437323279924599

Task: lift the darkhued mixing container adjacent to the small baking dish and set it atop the dish used for serving meals
Success: False
# episodes completed so far: 1062
# successes: 683 (64.3%)
Current task success rate: 0.0
Current total success rate: 0.6431261770244822

Task: retrieve the darkhued concave container from the middle of the flat surface for meals and set it atop the flat dish
Success: True
# episodes completed so far: 1063
# successes: 684 (64.3%)
Current task success rate: 1.0
Current total success rate: 0.6434619002822202

Task: lift the darkcolored concave vessel situated in the middle of the dining surface and set it on the flat circular dish
Success: True
# episodes completed so far: 1064
# successes: 685 (64.4%)
Current task success rate: 1.0
Current total success rate: 0.643796992481203

Task: please pick up the black bowl from the table center and place it on the plate its for tonights special dinner
Success: True
# episodes completed so far: 1065
# successes: 686 (64.4%)
Current task success rate: 1.0
Current total success rate: 0.644131455399061

Task: pick up the darkcolored food container from the middle of the surface used for meals and place it on the flat dish
Success: True
# episodes completed so far: 1066
# successes: 687 (64.4%)
Current task success rate: 1.0
Current total success rate: 0.6444652908067542

Task: lift the black bowl from the middle of the table and set it on the plate
Success: False
# episodes completed so far: 1067
# successes: 687 (64.4%)
Current task success rate: 0.0
Current total success rate: 0.6438612933458294

Task: pick up the black bowl from table center and place it on the plate this is the first step in our meal preparation
Success: True
# episodes completed so far: 1068
# successes: 688 (64.4%)
Current task success rate: 1.0
Current total success rate: 0.6441947565543071

Task: retrieve the darkhued mixing vessel from the middle of the dining surface and position it atop the dish
Success: True
# episodes completed so far: 1069
# successes: 689 (64.5%)
Current task success rate: 1.0
Current total success rate: 0.6445275958840038

Task: could you move the black bowl from the center of the table to the plate
Success: True
# episodes completed so far: 1070
# successes: 690 (64.5%)
Current task success rate: 1.0
Current total success rate: 0.6448598130841121

Task: pick up the darkcolored rounded vessel from the middle of the flat surface used for dining and place it on the flat dish
Success: True
# episodes completed so far: 1071
# successes: 691 (64.5%)
Current task success rate: 1.0
Current total success rate: 0.6451914098972923

Task: in preparation for dinner service please move the black bowl from the table center to the plate
Success: True
# episodes completed so far: 1072
# successes: 692 (64.6%)
Current task success rate: 1.0
Current total success rate: 0.6455223880597015

Task: lift the black bowl from the center of the table and position it on the plate
Success: True
# episodes completed so far: 1073
# successes: 693 (64.6%)
Current task success rate: 1.0
Current total success rate: 0.6458527493010252

Task: lift the darkhued rounded food container from the middle of the eating surface and set it onto the flat dish
Success: True
# episodes completed so far: 1074
# successes: 694 (64.6%)
Current task success rate: 1.0
Current total success rate: 0.6461824953445066

Task: pick up the darkcolored vessel used for eating from the middle of the eating surface and place it onto the flat dish
Success: True
# episodes completed so far: 1075
# successes: 695 (64.7%)
Current task success rate: 1.0
Current total success rate: 0.6465116279069767

Task: could you move the black bowl from the center of the table onto the plate
Success: True
# episodes completed so far: 1076
# successes: 696 (64.7%)
Current task success rate: 1.0
Current total success rate: 0.6468401486988847

Task: pick up the darkcolored dish from the middle of the eating surface and place it on the flat dining item
Success: True
# episodes completed so far: 1077
# successes: 697 (64.7%)
Current task success rate: 1.0
Current total success rate: 0.6471680594243269

Task: pick up the dark rounded container from the middle of the eating surface and place it on the flat dish
Success: True
# episodes completed so far: 1078
# successes: 698 (64.7%)
Current task success rate: 1.0
Current total success rate: 0.647495361781076

Task: the chef requests that you pick up the black bowl from the table center and place it on the plate before continuing
Success: False
# episodes completed so far: 1079
# successes: 698 (64.7%)
Current task success rate: 0.0
Current total success rate: 0.6468952734012975

Task: hey there could you do me a favor and move the black bowl from the tables center onto the plate
Success: True
# episodes completed so far: 1080
# successes: 699 (64.7%)
Current task success rate: 1.0
Current total success rate: 0.6472222222222223

Task: would you be so kind as to transfer the black bowl from the center of the table to the plate
Success: True
# episodes completed so far: 1081
# successes: 700 (64.8%)
Current task success rate: 1.0
Current total success rate: 0.6475485661424607

Task: could you move the black bowl from the center of the table onto the plate thank you
Success: True
# episodes completed so far: 1082
# successes: 701 (64.8%)
Current task success rate: 1.0
Current total success rate: 0.6478743068391867

Task: can you put the black bowl from the center of the table onto the plate
Success: True
# episodes completed so far: 1083
# successes: 702 (64.8%)
Current task success rate: 1.0
Current total success rate: 0.6481994459833795

Task: ensure the black bowl from the center of the table is resting on the plate
Success: True
# episodes completed so far: 1084
# successes: 703 (64.9%)
Current task success rate: 1.0
Current total success rate: 0.6485239852398524

Task: for our dinner setup i need you to pick up the black bowl from the center of the table and position it on the plate
Success: True
# episodes completed so far: 1085
# successes: 704 (64.9%)
Current task success rate: 1.0
Current total success rate: 0.6488479262672812

Task: grasp the darkhued concave dish from the middle of the dining surface and set it on the flat circular dish
Success: True
# episodes completed so far: 1086
# successes: 705 (64.9%)
Current task success rate: 1.0
Current total success rate: 0.649171270718232

Task: could you put the black bowl from the center of the table onto the plate
Success: True
# episodes completed so far: 1087
# successes: 706 (64.9%)
Current task success rate: 1.0
Current total success rate: 0.6494940202391905

Task: grasp the dark bowl from the middle of the table and set it on the dish
Success: True
# episodes completed so far: 1088
# successes: 707 (65.0%)
Current task success rate: 1.0
Current total success rate: 0.6498161764705882

Task: on this sunny afternoon could you pick up the black bowl from the center of the table and carefully place it on the plate
Success: True
# episodes completed so far: 1089
# successes: 708 (65.0%)
Current task success rate: 1.0
Current total success rate: 0.650137741046832

Task: id appreciate if you could pick up the black bowl from the table and place it on the plate its part of our table setting
Success: True
# episodes completed so far: 1090
# successes: 709 (65.0%)
Current task success rate: 1.0
Current total success rate: 0.6504587155963303

Task: lift the darkhued container located on top of the container of baked treats and set it on the dish
Success: True
# episodes completed so far: 1091
# successes: 710 (65.1%)
Current task success rate: 1.0
Current total success rate: 0.6507791017415215

Task: lift the darkcolored circular dish resting on the container of baked sweets and set it down on the flat dish used for serving food
Success: True
# episodes completed so far: 1092
# successes: 711 (65.1%)
Current task success rate: 1.0
Current total success rate: 0.6510989010989011

Task: lift the dark bowl from the biscuit box and set it on the plate
Success: True
# episodes completed so far: 1093
# successes: 712 (65.1%)
Current task success rate: 1.0
Current total success rate: 0.6514181152790485

Task: for safety reasons please pick up the black bowl thats on the cookie box and put it on the plate
Success: True
# episodes completed so far: 1094
# successes: 713 (65.2%)
Current task success rate: 1.0
Current total success rate: 0.6517367458866545

Task: lift the dark bowl on the biscuit tin and set it on the dish
Success: True
# episodes completed so far: 1095
# successes: 714 (65.2%)
Current task success rate: 1.0
Current total success rate: 0.6520547945205479

Task: lift the darkhued round container located on top of the container for baked treats and position it on the flat dish designed for serving food
Success: True
# episodes completed so far: 1096
# successes: 715 (65.2%)
Current task success rate: 1.0
Current total success rate: 0.6523722627737226

Task: pick up the darkly colored curved container on the container of baked sweet treats and place it on the flat dish designed for serving food
Success: True
# episodes completed so far: 1097
# successes: 716 (65.3%)
Current task success rate: 1.0
Current total success rate: 0.6526891522333638

Task: the black bowl needs to be relocated from the cookie box to the plate would you handle that
Success: True
# episodes completed so far: 1098
# successes: 717 (65.3%)
Current task success rate: 1.0
Current total success rate: 0.6530054644808743

Task: lift the dark bowl atop the biscuit container and set it on the dish
Success: True
# episodes completed so far: 1099
# successes: 718 (65.3%)
Current task success rate: 1.0
Current total success rate: 0.6533212010919017

Task: the black bowl is sitting on the cookie box your task is to pick it up and place it on the plate
Success: True
# episodes completed so far: 1100
# successes: 719 (65.4%)
Current task success rate: 1.0
Current total success rate: 0.6536363636363637

Task: carefully pick up the black bowl thats placed on the cookie box and then position it on the plate
Success: True
# episodes completed so far: 1101
# successes: 720 (65.4%)
Current task success rate: 1.0
Current total success rate: 0.6539509536784741

Task: lift the dark dish from the biscuit container and set it onto the platter
Success: False
# episodes completed so far: 1102
# successes: 720 (65.3%)
Current task success rate: 0.0
Current total success rate: 0.6533575317604355

Task: pick up the darkcolored vessel resting on the container of baked treats and place it on the flat dish used for serving food
Success: True
# episodes completed so far: 1103
# successes: 721 (65.4%)
Current task success rate: 1.0
Current total success rate: 0.6536718041704442

Task: lift the darkhued dish resting atop the container of baked treats and set it on the flatware designed for individual servings
Success: True
# episodes completed so far: 1104
# successes: 722 (65.4%)
Current task success rate: 1.0
Current total success rate: 0.6539855072463768

Task: lift the darkhued container resting atop the container of baked sweets and set it down on the dish for eating
Success: True
# episodes completed so far: 1105
# successes: 723 (65.4%)
Current task success rate: 1.0
Current total success rate: 0.6542986425339367

Task: to continue with our baking we need the black bowl moved from the cookie box to the plate
Success: True
# episodes completed so far: 1106
# successes: 724 (65.5%)
Current task success rate: 1.0
Current total success rate: 0.6546112115732369

Task: can you place the black bowl thats on the cookie box onto the plate
Success: True
# episodes completed so far: 1107
# successes: 725 (65.5%)
Current task success rate: 1.0
Current total success rate: 0.6549232158988256

Task: could you please pick up the black bowl thats on top of the cookie box and then place it onto the plate
Success: True
# episodes completed so far: 1108
# successes: 726 (65.5%)
Current task success rate: 1.0
Current total success rate: 0.6552346570397112

Task: retrieve the darkcolored vessel resting atop the container of baked treats and position it on the dish
Success: True
# episodes completed so far: 1109
# successes: 727 (65.6%)
Current task success rate: 1.0
Current total success rate: 0.6555455365193869

Task: could you put the black bowl thats on the cookie box onto the plate
Success: True
# episodes completed so far: 1110
# successes: 728 (65.6%)
Current task success rate: 1.0
Current total success rate: 0.6558558558558558

Task: before the guests arrive could you transfer the black bowl from the cookie box to the plate
Success: True
# episodes completed so far: 1111
# successes: 729 (65.6%)
Current task success rate: 1.0
Current total success rate: 0.6561656165616562

Task: lift the darkcolored circular container resting atop the container of baked treats and set it down on the flat dish designated for meals
Success: False
# episodes completed so far: 1112
# successes: 729 (65.6%)
Current task success rate: 0.0
Current total success rate: 0.6555755395683454

Task: could you move the black bowl from the cookie box to the plate
Success: True
# episodes completed so far: 1113
# successes: 730 (65.6%)
Current task success rate: 1.0
Current total success rate: 0.655884995507637

Task: the recipe says we need the black bowl its on the cookie box could you move it to the plate
Success: True
# episodes completed so far: 1114
# successes: 731 (65.6%)
Current task success rate: 1.0
Current total success rate: 0.6561938958707361

Task: pick up the darkcolored rounded container resting on the container of baked sweet treats and place it on the flat dish for serving food
Success: True
# episodes completed so far: 1115
# successes: 732 (65.7%)
Current task success rate: 1.0
Current total success rate: 0.6565022421524663

Task: before we start cooking pick up that black bowl from the cookie box and set it down on the plate
Success: True
# episodes completed so far: 1116
# successes: 733 (65.7%)
Current task success rate: 1.0
Current total success rate: 0.6568100358422939

Task: grasp the dark bowl atop the biscuit container and set it onto the dish
Success: True
# episodes completed so far: 1117
# successes: 734 (65.7%)
Current task success rate: 1.0
Current total success rate: 0.657117278424351

Task: for our baking project pick up the black bowl resting on the cookie box and transfer it to the plate
Success: True
# episodes completed so far: 1118
# successes: 735 (65.7%)
Current task success rate: 1.0
Current total success rate: 0.6574239713774598

Task: lets prepare the workspace take the black bowl from the cookie box and place it on the plate
Success: True
# episodes completed so far: 1119
# successes: 736 (65.8%)
Current task success rate: 1.0
Current total success rate: 0.6577301161751564

Task: pick up the darkcolored rounded container on the container of baked treats and place it on the flat dish
Success: True
# episodes completed so far: 1120
# successes: 737 (65.8%)
Current task success rate: 1.0
Current total success rate: 0.6580357142857143

Task: grab the black dish from the biscuit box and set it on the platter
Success: True
# episodes completed so far: 1121
# successes: 738 (65.8%)
Current task success rate: 1.0
Current total success rate: 0.6583407671721677

Task: lift the dark bowl situated on the biscuit container and set it on the dish
Success: True
# episodes completed so far: 1122
# successes: 739 (65.9%)
Current task success rate: 1.0
Current total success rate: 0.6586452762923352

Task: lift the darkhued vessel resting atop the container of baked treats and set it down on the flat dish designed for serving food
Success: True
# episodes completed so far: 1123
# successes: 740 (65.9%)
Current task success rate: 1.0
Current total success rate: 0.6589492430988424

Task: id appreciate if you could grab the black bowl sitting on the cookie box and move it to the plate
Success: True
# episodes completed so far: 1124
# successes: 741 (65.9%)
Current task success rate: 1.0
Current total success rate: 0.6592526690391459

Task: lift the dark bowl atop the biscuit tin and set it on the dish
Success: True
# episodes completed so far: 1125
# successes: 742 (66.0%)
Current task success rate: 1.0
Current total success rate: 0.6595555555555556

Task: pick up the darkcolored rounded container on the package of baked sweet treats and place it on the flat dish
Success: True
# episodes completed so far: 1126
# successes: 743 (66.0%)
Current task success rate: 1.0
Current total success rate: 0.6598579040852576

Task: can you move the black bowl from the cookie box to the plate
Success: True
# episodes completed so far: 1127
# successes: 744 (66.0%)
Current task success rate: 1.0
Current total success rate: 0.6601597160603372

Task: can you place the black bowl from the cookie box onto the plate
Success: True
# episodes completed so far: 1128
# successes: 745 (66.0%)
Current task success rate: 1.0
Current total success rate: 0.6604609929078015

Task: pick up the darkcolored rounded container on the container of baked treats and place it on the flat dish for serving food
Success: True
# episodes completed so far: 1129
# successes: 746 (66.1%)
Current task success rate: 1.0
Current total success rate: 0.6607617360496014

Task: lift the dark bowl from the biscuit container and position it on the dish
Success: True
# episodes completed so far: 1130
# successes: 747 (66.1%)
Current task success rate: 1.0
Current total success rate: 0.6610619469026549

Task: pick up the darkcolored vessel on top of the container holding cookies and place it on the flat dish
Success: True
# episodes completed so far: 1131
# successes: 748 (66.1%)
Current task success rate: 1.0
Current total success rate: 0.6613616268788682

Task: pick up the darkhued vessel resting on the container of baked treats and place it on the flat dish
Success: True
# episodes completed so far: 1132
# successes: 749 (66.2%)
Current task success rate: 1.0
Current total success rate: 0.661660777385159

Task: the black bowl in the top drawer of the wooden cabinet yes that one please pick it up and place it on the plate
Success: True
# episodes completed so far: 1133
# successes: 750 (66.2%)
Current task success rate: 1.0
Current total success rate: 0.6619593998234775

Task: as part of our kitchen organization please pick up the black bowl in the top drawer of the wooden cabinet and position it on the plate
Success: True
# episodes completed so far: 1134
# successes: 751 (66.2%)
Current task success rate: 1.0
Current total success rate: 0.6622574955908289

Task: carefully pick up the black bowl youll find in the top drawer of the wooden cabinet then place it on the plate without dropping it
Success: True
# episodes completed so far: 1135
# successes: 752 (66.3%)
Current task success rate: 1.0
Current total success rate: 0.6625550660792952

Task: before the guests arrive pick up the black bowl in the top drawer of the wooden cabinet and place it on the plate on the counter
Success: True
# episodes completed so far: 1136
# successes: 753 (66.3%)
Current task success rate: 1.0
Current total success rate: 0.6628521126760564

Task: grab the dark bowl from the upper drawer of the timber cupboard and set it on the dish
Success: True
# episodes completed so far: 1137
# successes: 754 (66.3%)
Current task success rate: 1.0
Current total success rate: 0.6631486367634125

Task: for our dinner setup pick up the black bowl in the top drawer of the wooden cabinet and place it carefully on the plate
Success: True
# episodes completed so far: 1138
# successes: 755 (66.3%)
Current task success rate: 1.0
Current total success rate: 0.663444639718805

Task: retrieve the dark bowl from the upper drawer of the timber cabinet and set it on the dish
Success: True
# episodes completed so far: 1139
# successes: 756 (66.4%)
Current task success rate: 1.0
Current total success rate: 0.6637401229148375

Task: as the first step in our cooking process pick up the black bowl from the top drawer of the wooden cabinet and place it on the plate
Success: True
# episodes completed so far: 1140
# successes: 757 (66.4%)
Current task success rate: 1.0
Current total success rate: 0.6640350877192982

Task: retrieve the black bowl from the upper drawer of the timber cupboard and set it on the plate
Success: True
# episodes completed so far: 1141
# successes: 758 (66.4%)
Current task success rate: 1.0
Current total success rate: 0.6643295354951797

Task: for our baking project first pick up the black bowl in the top drawer of the wooden cabinet and place it on the plate
Success: True
# episodes completed so far: 1142
# successes: 759 (66.5%)
Current task success rate: 1.0
Current total success rate: 0.6646234676007006

Task: ensure the black bowl from the top drawer of the wooden cabinet is on the plate
Success: True
# episodes completed so far: 1143
# successes: 760 (66.5%)
Current task success rate: 1.0
Current total success rate: 0.6649168853893264

Task: i need that black one pick up the black bowl from the top drawer of the wooden cabinet and place it on the plate immediately
Success: True
# episodes completed so far: 1144
# successes: 761 (66.5%)
Current task success rate: 1.0
Current total success rate: 0.6652097902097902

Task: pick up the darkhued rounded container located in the upper storage area of the timber storage unit and place it on the flat dish
Success: True
# episodes completed so far: 1145
# successes: 762 (66.6%)
Current task success rate: 1.0
Current total success rate: 0.6655021834061136

Task: collect the darkhued circular container stored in the uppermost sliding compartment of the timber storage unit and position it on the flat typically round dish
Success: True
# episodes completed so far: 1146
# successes: 763 (66.6%)
Current task success rate: 1.0
Current total success rate: 0.6657940663176265

Task: retrieve the darkhued concaved vessel located within the uppermost storage compartment of the timber construct and position it on the dish
Success: True
# episodes completed so far: 1147
# successes: 764 (66.6%)
Current task success rate: 1.0
Current total success rate: 0.6660854402789886

Task: pick up the darkcolored rounded container in the uppermost storage compartment of the timber storage unit and place it on the ceramic dish
Success: True
# episodes completed so far: 1148
# successes: 765 (66.6%)
Current task success rate: 1.0
Current total success rate: 0.6663763066202091

Task: remember that black bowl we used yesterday please pick it up from the top drawer of the wooden cabinet and place it on the plate
Success: True
# episodes completed so far: 1149
# successes: 766 (66.7%)
Current task success rate: 1.0
Current total success rate: 0.6666666666666666

Task: before we start cooking pick up the black bowl in the top drawer of the wooden cabinet and place it on the clean plate
Success: True
# episodes completed so far: 1150
# successes: 767 (66.7%)
Current task success rate: 1.0
Current total success rate: 0.6669565217391304

Task: could you place the black bowl from the top drawer of the wooden cabinet onto the plate
Success: True
# episodes completed so far: 1151
# successes: 768 (66.7%)
Current task success rate: 1.0
Current total success rate: 0.6672458731537794

Task: pick up the darkhued curved vessel located in the uppermost sliding storage compartment of the timber storage unit and place it on the flat ceramic dish
Success: True
# episodes completed so far: 1152
# successes: 769 (66.8%)
Current task success rate: 1.0
Current total success rate: 0.6675347222222222

Task: retrieve the darkhued mixing container located in the upper storage compartment of the timber storage unit and position it onto the flat dish
Success: True
# episodes completed so far: 1153
# successes: 770 (66.8%)
Current task success rate: 1.0
Current total success rate: 0.6678230702515178

Task: could you do me a favor pick up the black bowl in the top drawer of the wooden cabinet and place it on the plate near the sink
Success: True
# episodes completed so far: 1154
# successes: 771 (66.8%)
Current task success rate: 1.0
Current total success rate: 0.6681109185441941

Task: can you put the black bowl from the top drawer of the wooden cabinet on the plate
Success: True
# episodes completed so far: 1155
# successes: 772 (66.8%)
Current task success rate: 1.0
Current total success rate: 0.6683982683982684

Task: retrieve the dark bowl from the upper drawer of the wooden cupboard and set it on the plate
Success: True
# episodes completed so far: 1156
# successes: 773 (66.9%)
Current task success rate: 1.0
Current total success rate: 0.6686851211072664

Task: its time to set the table pick up the black bowl in the top drawer of the wooden cabinet and place it on the plate
Success: True
# episodes completed so far: 1157
# successes: 774 (66.9%)
Current task success rate: 1.0
Current total success rate: 0.668971477960242

Task: lift the black bowl from the upper drawer of the wooden cupboard and set it on the plate
Success: True
# episodes completed so far: 1158
# successes: 775 (66.9%)
Current task success rate: 1.0
Current total success rate: 0.6692573402417962

Task: retrieve the dark bowl from the upper drawer of the timber cupboard and set it upon the dish
Success: True
# episodes completed so far: 1159
# successes: 776 (67.0%)
Current task success rate: 1.0
Current total success rate: 0.6695427092320967

Task: retrieve the darkhued vessel located in the uppermost storage compartment of the timber storage structure and position it on the flat dish
Success: True
# episodes completed so far: 1160
# successes: 777 (67.0%)
Current task success rate: 1.0
Current total success rate: 0.6698275862068965

Task: grasp the darkhued dish stored in the upper storage compartment of the timber storage unit and set it upon the dish used for eating
Success: True
# episodes completed so far: 1161
# successes: 778 (67.0%)
Current task success rate: 1.0
Current total success rate: 0.6701119724375538

Task: lift the dark bowl from the upper drawer of the timber cupboard and set it on the dish
Success: True
# episodes completed so far: 1162
# successes: 779 (67.0%)
Current task success rate: 1.0
Current total success rate: 0.6703958691910499

Task: lift the black dish from the upper drawer of the wood cupboard and set it on the plate
Success: True
# episodes completed so far: 1163
# successes: 780 (67.1%)
Current task success rate: 1.0
Current total success rate: 0.6706792777300086

Task: on this lovely morning could you please pick up the black bowl from the top drawer of the wooden cabinet and place it gently on the plate
Success: True
# episodes completed so far: 1164
# successes: 781 (67.1%)
Current task success rate: 1.0
Current total success rate: 0.6709621993127147

Task: pick up the darkcolored circular container in the uppermost storage compartment of the timber storage unit and place it on the flat dish
Success: True
# episodes completed so far: 1165
# successes: 782 (67.1%)
Current task success rate: 1.0
Current total success rate: 0.671244635193133

Task: retrieve the darkcolored receptacle situated within the uppermost storage compartment of the timber storage unit and position it onto the dish
Success: True
# episodes completed so far: 1166
# successes: 783 (67.2%)
Current task success rate: 1.0
Current total success rate: 0.6715265866209262

Task: pick up the darkhued rounded kitchen container from the uppermost sliding compartment in the timber storage unit and place it on the flat dish
Success: True
# episodes completed so far: 1167
# successes: 784 (67.2%)
Current task success rate: 1.0
Current total success rate: 0.6718080548414739

Task: could you move the black bowl from the top drawer of the wooden cabinet to the plate please
Success: True
# episodes completed so far: 1168
# successes: 785 (67.2%)
Current task success rate: 1.0
Current total success rate: 0.6720890410958904

Task: retrieve the darkhued vessel stored within the uppermost compartment of the timber storage unit and position it on the dish
Success: True
# episodes completed so far: 1169
# successes: 786 (67.2%)
Current task success rate: 1.0
Current total success rate: 0.6723695466210436

Task: grasp the dark bowl atop the small dish and set it on the plate
Success: False
# episodes completed so far: 1170
# successes: 786 (67.2%)
Current task success rate: 0.0
Current total success rate: 0.6717948717948717

Task: grasp the black dish atop the small ceramic and set it on the platter
Success: True
# episodes completed so far: 1171
# successes: 787 (67.2%)
Current task success rate: 1.0
Current total success rate: 0.6720751494449189

Task: on this lovely afternoon would you mind picking up the black bowl from the ramekin and transferring it to the plate
Success: True
# episodes completed so far: 1172
# successes: 788 (67.2%)
Current task success rate: 1.0
Current total success rate: 0.6723549488054608

Task: the black bowl needs to be moved please pick it up from the ramekin and place it gently on the plate
Success: True
# episodes completed so far: 1173
# successes: 789 (67.3%)
Current task success rate: 1.0
Current total success rate: 0.6726342710997443

Task: pick up the darkcolored concave dish on the small ceramic dish and place it on the broad flat dish serving as a base for meals
Success: True
# episodes completed so far: 1174
# successes: 790 (67.3%)
Current task success rate: 1.0
Current total success rate: 0.6729131175468483

Task: grasp the darkcolored dish resting on the small glazed ceramic dish and relocate it to the flat dish used for serving meals
Success: True
# episodes completed so far: 1175
# successes: 791 (67.3%)
Current task success rate: 1.0
Current total success rate: 0.6731914893617021

Task: pick up the darkhued circular container on the small glazed ceramic dish and place it on the flat dishware for serving food
Success: True
# episodes completed so far: 1176
# successes: 792 (67.3%)
Current task success rate: 1.0
Current total success rate: 0.673469387755102

Task: could you ensure that the black bowl from the ramekin is now on the plate
Success: True
# episodes completed so far: 1177
# successes: 793 (67.4%)
Current task success rate: 1.0
Current total success rate: 0.6737468139337298

Task: id appreciate if you could handle the black bowl pick it up from the ramekin and set it on the plate
Success: True
# episodes completed so far: 1178
# successes: 794 (67.4%)
Current task success rate: 1.0
Current total success rate: 0.6740237691001698

Task: grasp the dark bowl positioned on the ramekin and set it onto the dish
Success: True
# episodes completed so far: 1179
# successes: 795 (67.4%)
Current task success rate: 1.0
Current total success rate: 0.6743002544529262

Task: the black ceramic bowl needs relocating lift it from the ramekin and place it on the clean plate
Success: True
# episodes completed so far: 1180
# successes: 796 (67.5%)
Current task success rate: 1.0
Current total success rate: 0.6745762711864407

Task: could you arrange the black bowl from the ramekin onto the plate
Success: True
# episodes completed so far: 1181
# successes: 797 (67.5%)
Current task success rate: 1.0
Current total success rate: 0.6748518204911093

Task: lift the black dish from the small ceramic holder and position it on the platter
Success: True
# episodes completed so far: 1182
# successes: 798 (67.5%)
Current task success rate: 1.0
Current total success rate: 0.6751269035532995

Task: ensure the black bowl thats on the ramekin is placed on the plate
Success: True
# episodes completed so far: 1183
# successes: 799 (67.5%)
Current task success rate: 1.0
Current total success rate: 0.6754015215553677

Task: lift the black dish from the ramekin and set it on the plate
Success: True
# episodes completed so far: 1184
# successes: 800 (67.6%)
Current task success rate: 1.0
Current total success rate: 0.6756756756756757

Task: grasp the darkhued container resting on the small glazed ceramic dish and set it atop the flat dish used for serving meals
Success: True
# episodes completed so far: 1185
# successes: 801 (67.6%)
Current task success rate: 1.0
Current total success rate: 0.6759493670886076

Task: pick up the darkhued circular container resting on the small glazed baking dish and place it on the flat dish for serving food
Success: False
# episodes completed so far: 1186
# successes: 801 (67.5%)
Current task success rate: 0.0
Current total success rate: 0.6753794266441822

Task: lift the darkcolored round vessel located atop the small glazed ceramic dish and set it down on the flat dish used for serving meals
Success: True
# episodes completed so far: 1187
# successes: 802 (67.6%)
Current task success rate: 1.0
Current total success rate: 0.6756529064869419

Task: our guests are arriving soon quickly transfer the black bowl from the ramekin to the serving plate
Success: True
# episodes completed so far: 1188
# successes: 803 (67.6%)
Current task success rate: 1.0
Current total success rate: 0.6759259259259259

Task: in preparation for dinner would you move the black bowl from the ramekin to the large plate
Success: True
# episodes completed so far: 1189
# successes: 804 (67.6%)
Current task success rate: 1.0
Current total success rate: 0.6761984861227922

Task: lift the darkhued rounded container resting on the small glazed ceramic dish and set it down on the flat dish used for serving food
Success: True
# episodes completed so far: 1190
# successes: 805 (67.6%)
Current task success rate: 1.0
Current total success rate: 0.6764705882352942

Task: could you put the black bowl from the ramekin onto the plate
Success: True
# episodes completed so far: 1191
# successes: 806 (67.7%)
Current task success rate: 1.0
Current total success rate: 0.6767422334172963

Task: remember we need to serve this soon go ahead and transfer the black bowl from the ramekin to the plate
Success: True
# episodes completed so far: 1192
# successes: 807 (67.7%)
Current task success rate: 1.0
Current total success rate: 0.677013422818792

Task: the recipe calls for this step take the black bowl from the ramekin and position it on the plate
Success: True
# episodes completed so far: 1193
# successes: 808 (67.7%)
Current task success rate: 1.0
Current total success rate: 0.6772841575859179

Task: using both hands for safety lift the black bowl off the ramekin and place it carefully on the plate
Success: True
# episodes completed so far: 1194
# successes: 809 (67.8%)
Current task success rate: 1.0
Current total success rate: 0.6775544388609716

Task: to complete this cooking step youll need to pick up the black bowl on the ramekin and transfer it to the plate
Success: True
# episodes completed so far: 1195
# successes: 810 (67.8%)
Current task success rate: 1.0
Current total success rate: 0.6778242677824268

Task: carefully now pick up the black bowl thats on the ramekin and place it on the plate without spilling
Success: True
# episodes completed so far: 1196
# successes: 811 (67.8%)
Current task success rate: 1.0
Current total success rate: 0.6780936454849499

Task: pick up the darkcolored concave container on the small cylindrical dish and place it on the flat dish for serving food
Success: True
# episodes completed so far: 1197
# successes: 812 (67.8%)
Current task success rate: 1.0
Current total success rate: 0.6783625730994152

Task: could you please pick up the black bowl thats sitting on the ramekin and carefully place it onto the plate
Success: True
# episodes completed so far: 1198
# successes: 813 (67.9%)
Current task success rate: 1.0
Current total success rate: 0.6786310517529215

Task: lift the black dish from the ramekin and set it on the platter
Success: True
# episodes completed so far: 1199
# successes: 814 (67.9%)
Current task success rate: 1.0
Current total success rate: 0.6788990825688074

Task: lift the darkhued concave container situated atop the small glazed ceramic dish and set it upon the flat dish commonly used for serving food
Success: True
# episodes completed so far: 1200
# successes: 815 (67.9%)
Current task success rate: 1.0
Current total success rate: 0.6791666666666667

Task: for proper presentation transfer the black bowl thats on the ramekin to the center of the plate
Success: True
# episodes completed so far: 1201
# successes: 816 (67.9%)
Current task success rate: 1.0
Current total success rate: 0.6794338051623647

Task: for our baking project kindly pick up the black bowl next to the cookie box and move it onto the plate
Success: True
# episodes completed so far: 1202
# successes: 817 (68.0%)
Current task success rate: 1.0
Current total success rate: 0.6797004991680532

Task: the black bowl near the cookie box should be on the plate would you handle that task now
Success: True
# episodes completed so far: 1203
# successes: 818 (68.0%)
Current task success rate: 1.0
Current total success rate: 0.6799667497921862

Task: could you place the black bowl located next the cookie box onto the plate
Success: True
# episodes completed so far: 1204
# successes: 819 (68.0%)
Current task success rate: 1.0
Current total success rate: 0.6802325581395349

Task: grasp the darkcolored rounded container positioned beside the container housing baked sweet treats and set it on the flat dish designed for single servings of food
Success: True
# episodes completed so far: 1205
# successes: 820 (68.0%)
Current task success rate: 1.0
Current total success rate: 0.6804979253112033

Task: lift the darkhued dish positioned adjacent to the container of baked treats and set it atop the dish designed for individual servings
Success: True
# episodes completed so far: 1206
# successes: 821 (68.1%)
Current task success rate: 1.0
Current total success rate: 0.6807628524046434

Task: pick up the darkcolored rounded container adjacent to the package containing baked sweets and place it on the flat dish designed for serving food
Success: True
# episodes completed so far: 1207
# successes: 822 (68.1%)
Current task success rate: 1.0
Current total success rate: 0.6810273405136703

Task: grasp the darkcolored vessel adjacent to the container holding baked sweet treats and relocate it atop the dish designed for serving food
Success: True
# episodes completed so far: 1208
# successes: 823 (68.1%)
Current task success rate: 1.0
Current total success rate: 0.6812913907284768

Task: can you put the black bowl next to the cookie box onto the plate for me
Success: True
# episodes completed so far: 1209
# successes: 824 (68.2%)
Current task success rate: 1.0
Current total success rate: 0.6815550041356493

Task: for proper organization please pick up the black bowl located next to the cookie box and set it on the plate
Success: True
# episodes completed so far: 1210
# successes: 825 (68.2%)
Current task success rate: 1.0
Current total success rate: 0.6818181818181818

Task: would you mind picking up that black bowl near the cookie box and transferring it to the plate dinner is almost ready
Success: True
# episodes completed so far: 1211
# successes: 826 (68.2%)
Current task success rate: 1.0
Current total success rate: 0.6820809248554913

Task: after washing your hands pick up the black bowl beside the cookie box and put it on the clean plate
Success: True
# episodes completed so far: 1212
# successes: 827 (68.2%)
Current task success rate: 1.0
Current total success rate: 0.6823432343234324

Task: find the black bowl adjacent to the cookie box pick it up and position it onto the plate dont touch the glass cups nearby
Success: True
# episodes completed so far: 1213
# successes: 828 (68.3%)
Current task success rate: 1.0
Current total success rate: 0.6826051112943117

Task: pick up the darkhued vessel located adjacent to the container holding baked treats and place it on the dish for serving food
Success: True
# episodes completed so far: 1214
# successes: 829 (68.3%)
Current task success rate: 1.0
Current total success rate: 0.6828665568369028

Task: before the cookies cool pick up the black bowl next to their box and transfer it to the plate
Success: True
# episodes completed so far: 1215
# successes: 830 (68.3%)
Current task success rate: 1.0
Current total success rate: 0.6831275720164609

Task: the black bowl by the cookie box needs to be on the plate please make that happen now
Success: True
# episodes completed so far: 1216
# successes: 831 (68.3%)
Current task success rate: 1.0
Current total success rate: 0.6833881578947368

Task: on this lovely afternoon could you pick up the black bowl beside the cookie box and set it on the plate
Success: True
# episodes completed so far: 1217
# successes: 832 (68.4%)
Current task success rate: 1.0
Current total success rate: 0.6836483155299918

Task: pick up the darkcolored rounded container adjacent to the container filled with baked treats and place it on the dish used for serving food
Success: True
# episodes completed so far: 1218
# successes: 833 (68.4%)
Current task success rate: 1.0
Current total success rate: 0.6839080459770115

Task: for our next cooking step please retrieve the black bowl next to the cookie box and place it on the plate
Success: True
# episodes completed so far: 1219
# successes: 834 (68.4%)
Current task success rate: 1.0
Current total success rate: 0.6841673502871206

Task: grasp the dark bowl adjacent to the biscuit container and set it on the dish
Success: True
# episodes completed so far: 1220
# successes: 835 (68.4%)
Current task success rate: 1.0
Current total success rate: 0.6844262295081968

Task: id appreciate if you could pick up the black bowl next to the cookie box and place it on the plate for me
Success: True
# episodes completed so far: 1221
# successes: 836 (68.5%)
Current task success rate: 1.0
Current total success rate: 0.6846846846846847

Task: pick up the darkcolored round container adjacent to the rectangular receptacle for baked treats and position it on the flat dish
Success: True
# episodes completed so far: 1222
# successes: 837 (68.5%)
Current task success rate: 1.0
Current total success rate: 0.6849427168576104

Task: could you place the black bowl which is near the cookie box onto the plate for me
Success: True
# episodes completed so far: 1223
# successes: 838 (68.5%)
Current task success rate: 1.0
Current total success rate: 0.6852003270645952

Task: could you do me a favor pick up that black bowl next to the cookie box and move it to the plate
Success: True
# episodes completed so far: 1224
# successes: 839 (68.5%)
Current task success rate: 1.0
Current total success rate: 0.6854575163398693

Task: lift the black dish adjacent to the biscuit container and set it on the platter
Success: True
# episodes completed so far: 1225
# successes: 840 (68.6%)
Current task success rate: 1.0
Current total success rate: 0.6857142857142857

Task: pick up the black bowl adjacent to the cookie box yes that one and place it securely on the plate
Success: True
# episodes completed so far: 1226
# successes: 841 (68.6%)
Current task success rate: 1.0
Current total success rate: 0.6859706362153344

Task: grab the dark bowl near the biscuit container and position it on the dish
Success: True
# episodes completed so far: 1227
# successes: 842 (68.6%)
Current task success rate: 1.0
Current total success rate: 0.6862265688671557

Task: grasp the dark bowl beside the biscuit container and set it on the dish
Success: True
# episodes completed so far: 1228
# successes: 843 (68.6%)
Current task success rate: 1.0
Current total success rate: 0.6864820846905537

Task: could you put the black bowl thats next to the cookie box on the plate
Success: True
# episodes completed so far: 1229
# successes: 844 (68.7%)
Current task success rate: 1.0
Current total success rate: 0.6867371847030106

Task: please pick up the black bowl next to the cookie box and place it carefully on the plate were preparing for guests
Success: True
# episodes completed so far: 1230
# successes: 845 (68.7%)
Current task success rate: 1.0
Current total success rate: 0.6869918699186992

Task: pick up the darkhued vessel located adjacent to the container holding baked sweets and place it on the dish
Success: True
# episodes completed so far: 1231
# successes: 846 (68.7%)
Current task success rate: 1.0
Current total success rate: 0.6872461413484972

Task: pick up the darkcolored rounded container adjacent to the cardboard container of baked treats and place it on the flat dish
Success: True
# episodes completed so far: 1232
# successes: 847 (68.8%)
Current task success rate: 1.0
Current total success rate: 0.6875

Task: the recipe says pick up the black bowl next to the cookie box and place it onto the plate for mixing
Success: True
# episodes completed so far: 1233
# successes: 848 (68.8%)
Current task success rate: 1.0
Current total success rate: 0.6877534468775345

Task: lift the dark vessel near the biscuit container and set it on the dish
Success: True
# episodes completed so far: 1234
# successes: 849 (68.8%)
Current task success rate: 1.0
Current total success rate: 0.6880064829821718

Task: could you place the black bowl next to the cookie box on the plate for me
Success: True
# episodes completed so far: 1235
# successes: 850 (68.8%)
Current task success rate: 1.0
Current total success rate: 0.6882591093117408

Task: lift the darkcolored vessel located adjacent to the container with baked sweet treats and position it on the flat dish for serving food
Success: True
# episodes completed so far: 1236
# successes: 851 (68.9%)
Current task success rate: 1.0
Current total success rate: 0.6885113268608414

Task: lift the black dish beside the cookie container and set it on the platter
Success: True
# episodes completed so far: 1237
# successes: 852 (68.9%)
Current task success rate: 1.0
Current total success rate: 0.6887631366208569

Task: could you put the black bowl thats by the cookie box onto the plate
Success: True
# episodes completed so far: 1238
# successes: 853 (68.9%)
Current task success rate: 1.0
Current total success rate: 0.6890145395799677

Task: grab the dark bowl adjacent to the biscuit container and set it on the dish
Success: True
# episodes completed so far: 1239
# successes: 854 (68.9%)
Current task success rate: 1.0
Current total success rate: 0.6892655367231638

Task: could you put the black bowl next to the cookie box on the plate
Success: True
# episodes completed so far: 1240
# successes: 855 (69.0%)
Current task success rate: 1.0
Current total success rate: 0.6895161290322581

Task: retrieve the black dish adjacent to the biscuit container and set it on the platter
Success: False
# episodes completed so far: 1241
# successes: 855 (68.9%)
Current task success rate: 0.0
Current total success rate: 0.6889605157131345

Task: pick up the black bowl you see next to the cookie box and place it gently on the plate avoid spilling anything
Success: True
# episodes completed so far: 1242
# successes: 856 (68.9%)
Current task success rate: 1.0
Current total success rate: 0.6892109500805152

Task: pick up the darkcolored vessel next to the container holding sweet baked treats and place it on the flat dish for serving food
Success: True
# episodes completed so far: 1243
# successes: 857 (68.9%)
Current task success rate: 1.0
Current total success rate: 0.6894609814963797

Task: lift the darkcolored rounded container situated beside the container holding baked sweet treats and set it down upon the flat circular dish
Success: True
# episodes completed so far: 1244
# successes: 858 (69.0%)
Current task success rate: 1.0
Current total success rate: 0.6897106109324759

Task: pick up the darkcolored rounded container next to the container of baked sweet treats and place it on the flat dish
Success: True
# episodes completed so far: 1245
# successes: 859 (69.0%)
Current task success rate: 1.0
Current total success rate: 0.6899598393574298

Task: lift the dark bowl adjacent to the biscuit container and set it on the dish
Success: True
# episodes completed so far: 1246
# successes: 860 (69.0%)
Current task success rate: 1.0
Current total success rate: 0.6902086677367576

Task: grab the darkhued rounded container situated adjacent to the rectangular container of baked sweets and set it down on the flat circular dish
Success: True
# episodes completed so far: 1247
# successes: 861 (69.0%)
Current task success rate: 1.0
Current total success rate: 0.6904570970328789

Task: grasp the darkcolored vessel situated on the cooking appliance and relocate it to rest upon the flat dish
Success: True
# episodes completed so far: 1248
# successes: 862 (69.1%)
Current task success rate: 1.0
Current total success rate: 0.6907051282051282

Task: after washing your hands please pick up the black bowl from the stove and place it on the plate
Success: True
# episodes completed so far: 1249
# successes: 863 (69.1%)
Current task success rate: 1.0
Current total success rate: 0.6909527622097679

Task: the black ceramic bowl needs relocating please move it from the stove surface to the plate
Success: True
# episodes completed so far: 1250
# successes: 864 (69.1%)
Current task success rate: 1.0
Current total success rate: 0.6912

Task: lift the darkcolored container located on the cooking appliance and set it on the dish
Success: True
# episodes completed so far: 1251
# successes: 865 (69.1%)
Current task success rate: 1.0
Current total success rate: 0.6914468425259792

Task: grasp the black bowl on the stove and set it on the plate
Success: True
# episodes completed so far: 1252
# successes: 866 (69.2%)
Current task success rate: 1.0
Current total success rate: 0.6916932907348243

Task: for our dinner setup pick up the black bowl on the stove and place it gently on the plate nearby
Success: True
# episodes completed so far: 1253
# successes: 867 (69.2%)
Current task success rate: 1.0
Current total success rate: 0.6919393455706305

Task: lift the dark cooking vessel positioned on the cooking appliance and set it onto the dish
Success: True
# episodes completed so far: 1254
# successes: 868 (69.2%)
Current task success rate: 1.0
Current total success rate: 0.6921850079744817

Task: as the next step in our meal prep transfer the black bowl from the stove to the waiting plate
Success: True
# episodes completed so far: 1255
# successes: 869 (69.2%)
Current task success rate: 1.0
Current total success rate: 0.6924302788844622

Task: please put the black bowl from the stove onto the plate
Success: True
# episodes completed so far: 1256
# successes: 870 (69.3%)
Current task success rate: 1.0
Current total success rate: 0.6926751592356688

Task: the recipe calls for the black bowl to be moved please take it from the stove to the plate
Success: True
# episodes completed so far: 1257
# successes: 871 (69.3%)
Current task success rate: 1.0
Current total success rate: 0.6929196499602227

Task: the cooking show host suggests you now move the black bowl from the stove to the plate
Success: True
# episodes completed so far: 1258
# successes: 872 (69.3%)
Current task success rate: 1.0
Current total success rate: 0.6931637519872814

Task: lift the darkhued circular container positioned on the cooking appliance and set it down onto the flat dish
Success: True
# episodes completed so far: 1259
# successes: 873 (69.3%)
Current task success rate: 1.0
Current total success rate: 0.69340746624305

Task: lift the darkcolored rounded container situated on the cooking appliance and set it onto the flat dish
Success: True
# episodes completed so far: 1260
# successes: 874 (69.4%)
Current task success rate: 1.0
Current total success rate: 0.6936507936507936

Task: grasp the darkcolored round container for mixing ingredients found on the cooking range and put it on the flat dish for serving food
Success: True
# episodes completed so far: 1261
# successes: 875 (69.4%)
Current task success rate: 1.0
Current total success rate: 0.6938937351308485

Task: the black bowl is in the wrong place please correct this by moving it from stove to plate
Success: True
# episodes completed so far: 1262
# successes: 876 (69.4%)
Current task success rate: 1.0
Current total success rate: 0.694136291600634

Task: for proper table setting please move the black bowl from the stove to its place on the plate
Success: True
# episodes completed so far: 1263
# successes: 877 (69.4%)
Current task success rate: 1.0
Current total success rate: 0.6943784639746635

Task: lift the black dish from the cooktop and set it on the plate
Success: True
# episodes completed so far: 1264
# successes: 878 (69.5%)
Current task success rate: 1.0
Current total success rate: 0.694620253164557

Task: lift the black dish from the stove and set it on the platter
Success: True
# episodes completed so far: 1265
# successes: 879 (69.5%)
Current task success rate: 1.0
Current total success rate: 0.6948616600790514

Task: grasp the darkhued vessel resting on the cooking appliance and set it down on the flat dish
Success: True
# episodes completed so far: 1266
# successes: 880 (69.5%)
Current task success rate: 1.0
Current total success rate: 0.6951026856240127

Task: pick up the darkhued cooking container on the cooking appliance and place it on the flat dish
Success: True
# episodes completed so far: 1267
# successes: 881 (69.5%)
Current task success rate: 1.0
Current total success rate: 0.6953433307024467

Task: in preparation for serving relocate the black bowl from its current position on the stove to the plate
Success: True
# episodes completed so far: 1268
# successes: 882 (69.6%)
Current task success rate: 1.0
Current total success rate: 0.695583596214511

Task: could you please pick up the black bowl thats on the stove and carefully place it onto the plate
Success: True
# episodes completed so far: 1269
# successes: 883 (69.6%)
Current task success rate: 1.0
Current total success rate: 0.6958234830575256

Task: grasp hold of the darkhued vessel located on the appliance used for cooking and set it atop the dish used for serving food
Success: True
# episodes completed so far: 1270
# successes: 884 (69.6%)
Current task success rate: 1.0
Current total success rate: 0.6960629921259842

Task: lift the dark bowl from the stove and set it onto the plate
Success: True
# episodes completed so far: 1271
# successes: 885 (69.6%)
Current task success rate: 1.0
Current total success rate: 0.6963021243115657

Task: lift the darkcolored rounded container situated on the cooking appliance and set it upon the flat dish
Success: True
# episodes completed so far: 1272
# successes: 886 (69.7%)
Current task success rate: 1.0
Current total success rate: 0.6965408805031447

Task: as part of todays kitchen tasks please transfer the black bowl from the stove to the plate
Success: True
# episodes completed so far: 1273
# successes: 887 (69.7%)
Current task success rate: 1.0
Current total success rate: 0.6967792615868028

Task: before we start cooking could you grab the black bowl from the stove and put it on the plate
Success: True
# episodes completed so far: 1274
# successes: 888 (69.7%)
Current task success rate: 1.0
Current total success rate: 0.6970172684458399

Task: lift the dark bowl from the stove and set it on the plate
Success: True
# episodes completed so far: 1275
# successes: 889 (69.7%)
Current task success rate: 1.0
Current total success rate: 0.6972549019607843

Task: grab the dark bowl from the stove and set it on the dish
Success: True
# episodes completed so far: 1276
# successes: 890 (69.7%)
Current task success rate: 1.0
Current total success rate: 0.6974921630094044

Task: ensure the black bowl from the stove is now sitting on the plate
Success: True
# episodes completed so far: 1277
# successes: 891 (69.8%)
Current task success rate: 1.0
Current total success rate: 0.6977290524667189

Task: lift the dark bowl from the cooker and set it on the dish
Success: True
# episodes completed so far: 1278
# successes: 892 (69.8%)
Current task success rate: 1.0
Current total success rate: 0.6979655712050078

Task: can you make sure the black bowl from the stove is on the plate
Success: True
# episodes completed so far: 1279
# successes: 893 (69.8%)
Current task success rate: 1.0
Current total success rate: 0.6982017200938233

Task: lift the dark bowl from the stove and set it on the dish
Success: True
# episodes completed so far: 1280
# successes: 894 (69.8%)
Current task success rate: 1.0
Current total success rate: 0.6984375

Task: can you move the black bowl from the stove to the plate
Success: True
# episodes completed so far: 1281
# successes: 895 (69.9%)
Current task success rate: 1.0
Current total success rate: 0.6986729117876659

Task: could you move the black bowl from the stove to the plate
Success: True
# episodes completed so far: 1282
# successes: 896 (69.9%)
Current task success rate: 1.0
Current total success rate: 0.6989079563182528

Task: on this lovely afternoon could you pick up the black bowl next to the plate and carefully place it on top of the plate
Success: True
# episodes completed so far: 1283
# successes: 897 (69.9%)
Current task success rate: 1.0
Current total success rate: 0.6991426344505066

Task: could you do me a favor pick up that black bowl sitting next to the plate and put it on the plate itself
Success: True
# episodes completed so far: 1284
# successes: 898 (69.9%)
Current task success rate: 1.0
Current total success rate: 0.6993769470404985

Task: lift the dark bowl beside the dish and set it on the plate
Success: True
# episodes completed so far: 1285
# successes: 899 (70.0%)
Current task success rate: 1.0
Current total success rate: 0.6996108949416342

Task: can you put the black bowl on the plate for me
Success: False
# episodes completed so far: 1286
# successes: 899 (69.9%)
Current task success rate: 0.0
Current total success rate: 0.6990668740279938

Task: our new dining protocol requires bowls on plates please implement this with the black bowl next to the plate
Success: True
# episodes completed so far: 1287
# successes: 900 (69.9%)
Current task success rate: 1.0
Current total success rate: 0.6993006993006993

Task: lift the darkhued rounded container located beside the flat dish and set it onto the flat dish
Success: True
# episodes completed so far: 1288
# successes: 901 (70.0%)
Current task success rate: 1.0
Current total success rate: 0.6995341614906833

Task: safety first pick up the black bowl next to the plate using both hands and then place it securely on the plate
Success: True
# episodes completed so far: 1289
# successes: 902 (70.0%)
Current task success rate: 1.0
Current total success rate: 0.6997672614429791

Task: lift the darkcolored rounded container adjacent to the dish and set it upon the dish
Success: True
# episodes completed so far: 1290
# successes: 903 (70.0%)
Current task success rate: 1.0
Current total success rate: 0.7

Task: lift the dark bowl adjacent to the plate and set it upon the plate
Success: True
# episodes completed so far: 1291
# successes: 904 (70.0%)
Current task success rate: 1.0
Current total success rate: 0.7002323780015491

Task: lift the darkhued rounded container adjacent to the dish and set it upon the dish
Success: True
# episodes completed so far: 1292
# successes: 905 (70.0%)
Current task success rate: 1.0
Current total success rate: 0.7004643962848297

Task: lift the darkhued receptacle located adjacent to the dish and position it atop the dish
Success: True
# episodes completed so far: 1293
# successes: 906 (70.1%)
Current task success rate: 1.0
Current total success rate: 0.7006960556844548

Task: lift the black dish beside the plate and set it on the plate
Success: True
# episodes completed so far: 1294
# successes: 907 (70.1%)
Current task success rate: 1.0
Current total success rate: 0.7009273570324575

Task: lift the darkhued vessel resting beside the flat dish and position it atop the flat dish
Success: True
# episodes completed so far: 1295
# successes: 908 (70.1%)
Current task success rate: 1.0
Current total success rate: 0.7011583011583011

Task: for aesthetic balance the black bowl should be centered on the plate please make that adjustment now
Success: True
# episodes completed so far: 1296
# successes: 909 (70.1%)
Current task success rate: 1.0
Current total success rate: 0.7013888888888888

Task: for todays dinner setup i need you to pick up the black bowl next to the plate and position it on the plate
Success: True
# episodes completed so far: 1297
# successes: 910 (70.2%)
Current task success rate: 1.0
Current total success rate: 0.7016191210485736

Task: could you put the black bowl on the plate next to it
Success: True
# episodes completed so far: 1298
# successes: 911 (70.2%)
Current task success rate: 1.0
Current total success rate: 0.7018489984591679

Task: could you put the black bowl thats beside the plate onto the plate itself
Success: True
# episodes completed so far: 1299
# successes: 912 (70.2%)
Current task success rate: 1.0
Current total success rate: 0.7020785219399538

Task: the cooking show host recommends bowls on plates for presentation lets do that with the black bowl nearby
Success: True
# episodes completed so far: 1300
# successes: 913 (70.2%)
Current task success rate: 1.0
Current total success rate: 0.7023076923076923

Task: for proper table arrangement the black bowl should be on the plate please make that adjustment now
Success: True
# episodes completed so far: 1301
# successes: 914 (70.3%)
Current task success rate: 1.0
Current total success rate: 0.7025365103766333

Task: grasp the darkhued vessel positioned adjacent to the flat dish designed for individual portions of food and relocate it atop the said flat dish
Success: True
# episodes completed so far: 1302
# successes: 915 (70.3%)
Current task success rate: 1.0
Current total success rate: 0.7027649769585254

Task: to prevent spills were putting bowls on plates today please move the black bowl accordingly
Success: True
# episodes completed so far: 1303
# successes: 916 (70.3%)
Current task success rate: 1.0
Current total success rate: 0.7029930928626247

Task: would you mind picking up the black bowl beside the plate just place it right on the plate when you do
Success: True
# episodes completed so far: 1304
# successes: 917 (70.3%)
Current task success rate: 1.0
Current total success rate: 0.7032208588957055

Task: i noticed the black bowl is beside the plate instead of on it could you correct that by moving it
Success: True
# episodes completed so far: 1305
# successes: 918 (70.3%)
Current task success rate: 1.0
Current total success rate: 0.7034482758620689

Task: please pick up the black bowl thats next to the plate and transfer it onto the plate its part of our table setting routine
Success: True
# episodes completed so far: 1306
# successes: 919 (70.4%)
Current task success rate: 1.0
Current total success rate: 0.7036753445635529

Task: pick up the darkcolored vessel for containing food items located adjacent to the flat dish for serving and place it on the flat dish for serving
Success: True
# episodes completed so far: 1307
# successes: 920 (70.4%)
Current task success rate: 1.0
Current total success rate: 0.703902065799541

Task: could you put the black bowl on the plate for me
Success: True
# episodes completed so far: 1308
# successes: 921 (70.4%)
Current task success rate: 1.0
Current total success rate: 0.7041284403669725

Task: pick up the darkhued rounded vessel beside the flat circular dish and position it atop the flat circular dish
Success: True
# episodes completed so far: 1309
# successes: 922 (70.4%)
Current task success rate: 1.0
Current total success rate: 0.7043544690603514

Task: please put the black bowl on the plate next to it
Success: True
# episodes completed so far: 1310
# successes: 923 (70.5%)
Current task success rate: 1.0
Current total success rate: 0.7045801526717558

Task: in our kitchen organization system we place bowls on plates so please pick up the black bowl next to the plate and move it there
Success: True
# episodes completed so far: 1311
# successes: 924 (70.5%)
Current task success rate: 1.0
Current total success rate: 0.7048054919908466

Task: in japanese table setting style we place bowls on plates please do this with the black bowl you see nearby
Success: True
# episodes completed so far: 1312
# successes: 925 (70.5%)
Current task success rate: 1.0
Current total success rate: 0.7050304878048781

Task: lift the darkcolored dish located beside the flat dish used for serving food and set it upon the flat dish
Success: True
# episodes completed so far: 1313
# successes: 926 (70.5%)
Current task success rate: 1.0
Current total success rate: 0.7052551408987052

Task: lift the black dish adjacent to the plate and set it upon the plate
Success: True
# episodes completed so far: 1314
# successes: 927 (70.5%)
Current task success rate: 1.0
Current total success rate: 0.7054794520547946

Task: lift the darkcolored rounded vessel situated adjacent to the flat dish and position it atop the flat dish
Success: True
# episodes completed so far: 1315
# successes: 928 (70.6%)
Current task success rate: 1.0
Current total success rate: 0.7057034220532319

Task: pick up the darkhued rounded container adjacent to the flat dish and position it on top of the flat dish
Success: True
# episodes completed so far: 1316
# successes: 929 (70.6%)
Current task success rate: 1.0
Current total success rate: 0.7059270516717325

Task: could you put the black bowl on the plate
Success: True
# episodes completed so far: 1317
# successes: 930 (70.6%)
Current task success rate: 1.0
Current total success rate: 0.7061503416856492

Task: lift the dark bowl adjacent to the plate and set it atop the plate
Success: True
# episodes completed so far: 1318
# successes: 931 (70.6%)
Current task success rate: 1.0
Current total success rate: 0.7063732928679818

Task: pick up the darkcolored rounded dish next to the flat dish for eating meals and place it on the flat dish for eating meals
Success: True
# episodes completed so far: 1319
# successes: 932 (70.7%)
Current task success rate: 1.0
Current total success rate: 0.7065959059893859

Task: lift the darkcolored dish positioned adjacent to the flat dish used for eating and set it atop the flat dish used for eating
Success: True
# episodes completed so far: 1320
# successes: 933 (70.7%)
Current task success rate: 1.0
Current total success rate: 0.7068181818181818

Task: pick up the darkcolored vessel situated adjacent to the dish and set it atop the dish
Success: True
# episodes completed so far: 1321
# successes: 934 (70.7%)
Current task success rate: 1.0
Current total success rate: 0.7070401211203634

Task: grasp the dark bowl adjacent to the plate and set it upon the plate
Success: True
# episodes completed so far: 1322
# successes: 935 (70.7%)
Current task success rate: 1.0
Current total success rate: 0.7072617246596067

Task: pick up the darkhued vessel adjacent to the flat dish and place it on the flat dish
Success: True
# episodes completed so far: 1323
# successes: 936 (70.7%)
Current task success rate: 1.0
Current total success rate: 0.7074829931972789

Task: lift the darkcolored container located adjacent to the flat dish and position it on top of the flat dish
Success: True
# episodes completed so far: 1324
# successes: 937 (70.8%)
Current task success rate: 1.0
Current total success rate: 0.7077039274924471

Task: attention to detail is important pick up the black bowl adjacent to the plate and carefully position it on the plate
Success: True
# episodes completed so far: 1325
# successes: 938 (70.8%)
Current task success rate: 1.0
Current total success rate: 0.7079245283018868

Task: could you ensure the black bowl thats beside the plate is positioned on the plate itself
Success: True
# episodes completed so far: 1326
# successes: 939 (70.8%)
Current task success rate: 1.0
Current total success rate: 0.7081447963800905

Task: could you place the black bowl onto the plate next to it
Success: True
# episodes completed so far: 1327
# successes: 940 (70.8%)
Current task success rate: 1.0
Current total success rate: 0.7083647324792766

Task: pick up the darkhued receptacle on the timber storage unit and place it on the dish
Success: True
# episodes completed so far: 1328
# successes: 941 (70.9%)
Current task success rate: 1.0
Current total success rate: 0.7085843373493976

Task: in preparation for lunch i need you to pick up the black bowl from the wooden cabinet and place it on the plate
Success: True
# episodes completed so far: 1329
# successes: 942 (70.9%)
Current task success rate: 1.0
Current total success rate: 0.708803611738149

Task: put the black bowl from the wooden cabinet onto the plate
Success: True
# episodes completed so far: 1330
# successes: 943 (70.9%)
Current task success rate: 1.0
Current total success rate: 0.7090225563909774

Task: to continue with our kitchen organization pick up the black bowl from the wooden cabinet and transfer it to the plate
Success: True
# episodes completed so far: 1331
# successes: 944 (70.9%)
Current task success rate: 1.0
Current total success rate: 0.7092411720510894

Task: grab the darkhued rounded container resting atop the surface made from timber and transfer it onto the dish
Success: True
# episodes completed so far: 1332
# successes: 945 (70.9%)
Current task success rate: 1.0
Current total success rate: 0.7094594594594594

Task: grasp the dark bowl sitting on the wooden cupboard and set it onto the dish
Success: True
# episodes completed so far: 1333
# successes: 946 (71.0%)
Current task success rate: 1.0
Current total success rate: 0.7096774193548387

Task: heres what we need to do first pick up the black bowl from the wooden cabinet then place it on the plate
Success: True
# episodes completed so far: 1334
# successes: 947 (71.0%)
Current task success rate: 1.0
Current total success rate: 0.7098950524737632

Task: grasp the dark bowl atop the wooden cupboard and set it down on the plate
Success: True
# episodes completed so far: 1335
# successes: 948 (71.0%)
Current task success rate: 1.0
Current total success rate: 0.7101123595505618

Task: pick up the darkcolored rounded container on the structure made of processed tree material and place it on the flat dish
Success: True
# episodes completed so far: 1336
# successes: 949 (71.0%)
Current task success rate: 1.0
Current total success rate: 0.7103293413173652

Task: grasp the dark bowl on the wooden cupboard and set it on the dish
Success: True
# episodes completed so far: 1337
# successes: 950 (71.1%)
Current task success rate: 1.0
Current total success rate: 0.7105459985041137

Task: lets prepare the table first pick up the black bowl from the wooden cabinet then place it on the plate
Success: True
# episodes completed so far: 1338
# successes: 951 (71.1%)
Current task success rate: 1.0
Current total success rate: 0.7107623318385651

Task: on this lovely morning could you pick up the black bowl from the wooden cabinet and place it gently on the plate
Success: True
# episodes completed so far: 1339
# successes: 952 (71.1%)
Current task success rate: 1.0
Current total success rate: 0.7109783420463032

Task: for todays task i need you to pick up the black bowl from the wooden cabinet and position it on the plate
Success: True
# episodes completed so far: 1340
# successes: 953 (71.1%)
Current task success rate: 1.0
Current total success rate: 0.7111940298507463

Task: id appreciate if you could pick up the black bowl from the wooden cabinet right now and place it on the plate
Success: True
# episodes completed so far: 1341
# successes: 954 (71.1%)
Current task success rate: 1.0
Current total success rate: 0.7114093959731543

Task: lift the darkhued container resting atop the timber storage unit and set it onto the flat dish for dining
Success: True
# episodes completed so far: 1342
# successes: 955 (71.2%)
Current task success rate: 1.0
Current total success rate: 0.7116244411326379

Task: please pick up the black bowl thats sitting on the wooden cabinet and transfer it to the plate nearby
Success: True
# episodes completed so far: 1343
# successes: 956 (71.2%)
Current task success rate: 1.0
Current total success rate: 0.7118391660461653

Task: in the kitchen youll find a black bowl on the wooden cabinet please transfer it to the plate on the counter
Success: True
# episodes completed so far: 1344
# successes: 957 (71.2%)
Current task success rate: 1.0
Current total success rate: 0.7120535714285714

Task: as part of todays chores please pick up the black bowl from the wooden cabinet and carefully place it on the plate
Success: True
# episodes completed so far: 1345
# successes: 958 (71.2%)
Current task success rate: 1.0
Current total success rate: 0.7122676579925651

Task: lift the black dish from the oak cabinet and set it on the plate
Success: True
# episodes completed so far: 1346
# successes: 959 (71.2%)
Current task success rate: 1.0
Current total success rate: 0.712481426448737

Task: ensure the black bowl from the wooden cabinet is on the plate
Success: True
# episodes completed so far: 1347
# successes: 960 (71.3%)
Current task success rate: 1.0
Current total success rate: 0.7126948775055679

Task: pick up the darkhued dish resting on the surface constructed of tree material and put it down atop the dish designed for main course servings
Success: True
# episodes completed so far: 1348
# successes: 961 (71.3%)
Current task success rate: 1.0
Current total success rate: 0.7129080118694362

Task: for our dinner setup kindly pick up the black bowl resting on the wooden cabinet and place it on the plate
Success: True
# episodes completed so far: 1349
# successes: 962 (71.3%)
Current task success rate: 1.0
Current total success rate: 0.7131208302446257

Task: pick up the darkcolored vessel used for holding food which is located on the surface made for storing objects and place it on the flat dish used for serving food
Success: False
# episodes completed so far: 1350
# successes: 962 (71.3%)
Current task success rate: 0.0
Current total success rate: 0.7125925925925926

Task: lift the dark bowl from the wooden cabinet and set it on the plate
Success: True
# episodes completed so far: 1351
# successes: 963 (71.3%)
Current task success rate: 1.0
Current total success rate: 0.7128053293856402

Task: can you move the black bowl from the wooden cabinet to the plate
Success: True
# episodes completed so far: 1352
# successes: 964 (71.3%)
Current task success rate: 1.0
Current total success rate: 0.7130177514792899

Task: lift the darkcolored vessel resting on the surface constructed from timber and position it on the ceramic dish
Success: True
# episodes completed so far: 1353
# successes: 965 (71.3%)
Current task success rate: 1.0
Current total success rate: 0.713229859571323

Task: can you move the black bowl from the cabinet to the plate
Success: True
# episodes completed so far: 1354
# successes: 966 (71.3%)
Current task success rate: 1.0
Current total success rate: 0.7134416543574594

Task: can you put the black bowl from the wooden cabinet onto the plate
Success: True
# episodes completed so far: 1355
# successes: 967 (71.4%)
Current task success rate: 1.0
Current total success rate: 0.7136531365313653

Task: ensure the black bowl from the wooden cabinet ends up on the plate
Success: True
# episodes completed so far: 1356
# successes: 968 (71.4%)
Current task success rate: 1.0
Current total success rate: 0.7138643067846607

Task: pick up the darkcolored circular container on the surface meant for storing kitchenware and place it on the flat dish designed for serving food
Success: False
# episodes completed so far: 1357
# successes: 968 (71.3%)
Current task success rate: 0.0
Current total success rate: 0.7133382461311717

Task: pick up the darkhued vessel resting atop the timber storage unit and set it down upon the flat dish
Success: True
# episodes completed so far: 1358
# successes: 969 (71.4%)
Current task success rate: 1.0
Current total success rate: 0.7135493372606775

Task: can you please put the black bowl thats on the wooden cabinet onto the plate
Success: True
# episodes completed so far: 1359
# successes: 970 (71.4%)
Current task success rate: 1.0
Current total success rate: 0.7137601177336277

Task: as part of setting the table please retrieve the black bowl from the wooden cabinet and position it on the plate
Success: True
# episodes completed so far: 1360
# successes: 971 (71.4%)
Current task success rate: 1.0
Current total success rate: 0.7139705882352941

Task: attention please pick up the black bowl located on the wooden cabinet and carefully place it on the plate
Success: True
# episodes completed so far: 1361
# successes: 972 (71.4%)
Current task success rate: 1.0
Current total success rate: 0.7141807494489346

Task: grasp the dark bowl from the timber cabinet and set it on the plate
Success: True
# episodes completed so far: 1362
# successes: 973 (71.4%)
Current task success rate: 1.0
Current total success rate: 0.7143906020558003

Task: can you place the black bowl from the wooden cabinet onto the plate
Success: True
# episodes completed so far: 1363
# successes: 974 (71.5%)
Current task success rate: 1.0
Current total success rate: 0.714600146735143

Task: lift the darkcolored vessel made for food resting on the wooden furniture that often stores kitchen utensils and transfer it to lie atop the dish designed for serving meals
Success: True
# episodes completed so far: 1364
# successes: 975 (71.5%)
Current task success rate: 1.0
Current total success rate: 0.7148093841642229

Task: lift the black dish from the wooden cupboard and set it on the plate
Success: True
# episodes completed so far: 1365
# successes: 976 (71.5%)
Current task success rate: 1.0
Current total success rate: 0.715018315018315

Task: could you make sure the black bowl from the wooden cabinet ends up on the plate
Success: True
# episodes completed so far: 1366
# successes: 977 (71.5%)
Current task success rate: 1.0
Current total success rate: 0.7152269399707174

Task: lift the dark bowl positioned on the wooden cupboard and set it on the plate
Success: True
# episodes completed so far: 1367
# successes: 978 (71.5%)
Current task success rate: 1.0
Current total success rate: 0.7154352596927579

Task: lift the darkcolored rounded container resting on the surface meant for storage and support and set it down onto the flat dish used for serving food
Success: False
# episodes completed so far: 1368
# successes: 978 (71.5%)
Current task success rate: 0.0
Current total success rate: 0.7149122807017544

Task: grasp the darkcolored round container situated on the surface made of processed forest material and put it onto the flat dish
Success: True
# episodes completed so far: 1369
# successes: 979 (71.5%)
Current task success rate: 1.0
Current total success rate: 0.7151205259313368

Task: before we start cooking please pick up the black bowl from the wooden cabinet and set it down on the plate
Success: True
# episodes completed so far: 1370
# successes: 980 (71.5%)
Current task success rate: 1.0
Current total success rate: 0.7153284671532847

Task: grasp the darkhued mixing vessel residing on the structure made of timber and deposit it atop the flat dish
Success: True
# episodes completed so far: 1371
# successes: 981 (71.6%)
Current task success rate: 1.0
Current total success rate: 0.7155361050328227

Task: grasp the darkhued container positioned atop the timbered storage unit and set it upon the dish
Success: False
# episodes completed so far: 1372
# successes: 981 (71.5%)
Current task success rate: 0.0
Current total success rate: 0.7150145772594753

Task: grab the darkcolored dish located on the timber storage unit and set it atop the dish for dining
Success: True
# episodes completed so far: 1373
# successes: 982 (71.5%)
Current task success rate: 1.0
Current total success rate: 0.7152221412964311

Task: pick up the darkhued dish located on the surface made of tree material and place it on the dish meant for serving food
Success: True
# episodes completed so far: 1374
# successes: 983 (71.5%)
Current task success rate: 1.0
Current total success rate: 0.715429403202329

Task: pick up the black bowl between the plate and the ramekin and place it on the plate view 0 0 100 0 0 initstate 0 noise 3
Success: True
# episodes completed so far: 1375
# successes: 984 (71.6%)
Current task success rate: 1.0
Current total success rate: 0.7156363636363636

Task: pick up the black bowl between the plate and the ramekin and place it on the plate view 0 0 100 0 0 initstate 0 noise 4
Success: True
# episodes completed so far: 1376
# successes: 985 (71.6%)
Current task success rate: 1.0
Current total success rate: 0.715843023255814

Task: pick up the black bowl between the plate and the ramekin and place it on the plate view 0 0 100 0 0 initstate 0 noise 5
Success: True
# episodes completed so far: 1377
# successes: 986 (71.6%)
Current task success rate: 1.0
Current total success rate: 0.7160493827160493

Task: pick up the black bowl between the plate and the ramekin and place it on the plate view 0 0 100 0 0 initstate 0 noise 6
Success: True
# episodes completed so far: 1378
# successes: 987 (71.6%)
Current task success rate: 1.0
Current total success rate: 0.716255442670537

Task: pick up the black bowl between the plate and the ramekin and place it on the plate view 0 0 100 0 0 initstate 0 noise 7
Success: True
# episodes completed so far: 1379
# successes: 988 (71.6%)
Current task success rate: 1.0
Current total success rate: 0.7164612037708484

Task: pick up the black bowl between the plate and the ramekin and place it on the plate view 0 0 100 0 0 initstate 0 noise 8
Success: True
# episodes completed so far: 1380
# successes: 989 (71.7%)
Current task success rate: 1.0
Current total success rate: 0.7166666666666667

Task: pick up the black bowl between the plate and the ramekin and place it on the plate view 0 0 100 0 0 initstate 0 noise 9
Success: True
# episodes completed so far: 1381
# successes: 990 (71.7%)
Current task success rate: 1.0
Current total success rate: 0.7168718320057929

Task: pick up the black bowl between the plate and the ramekin and place it on the plate view 0 0 100 0 0 initstate 0 noise 10
Success: True
# episodes completed so far: 1382
# successes: 991 (71.7%)
Current task success rate: 1.0
Current total success rate: 0.7170767004341534

Task: pick up the black bowl between the plate and the ramekin and place it on the plate view 0 0 100 0 0 initstate 0 noise 12
Success: False
# episodes completed so far: 1383
# successes: 991 (71.7%)
Current task success rate: 0.0
Current total success rate: 0.7165582067968185

Task: pick up the black bowl between the plate and the ramekin and place it on the plate view 0 0 100 0 0 initstate 0 noise 13
Success: True
# episodes completed so far: 1384
# successes: 992 (71.7%)
Current task success rate: 1.0
Current total success rate: 0.7167630057803468

Task: pick up the black bowl between the plate and the ramekin and place it on the plate view 0 0 100 0 0 initstate 0 noise 14
Success: True
# episodes completed so far: 1385
# successes: 993 (71.7%)
Current task success rate: 1.0
Current total success rate: 0.7169675090252707

Task: pick up the black bowl between the plate and the ramekin and place it on the plate view 0 0 100 0 0 initstate 0 noise 15
Success: True
# episodes completed so far: 1386
# successes: 994 (71.7%)
Current task success rate: 1.0
Current total success rate: 0.7171717171717171

Task: pick up the black bowl between the plate and the ramekin and place it on the plate view 0 0 100 0 0 initstate 0 noise 16
Success: True
# episodes completed so far: 1387
# successes: 995 (71.7%)
Current task success rate: 1.0
Current total success rate: 0.7173756308579669

Task: pick up the black bowl between the plate and the ramekin and place it on the plate view 0 0 100 0 0 initstate 0 noise 17
Success: True
# episodes completed so far: 1388
# successes: 996 (71.8%)
Current task success rate: 1.0
Current total success rate: 0.7175792507204611

Task: pick up the black bowl between the plate and the ramekin and place it on the plate view 0 0 100 0 0 initstate 0 noise 19
Success: True
# episodes completed so far: 1389
# successes: 997 (71.8%)
Current task success rate: 1.0
Current total success rate: 0.7177825773938085

Task: pick up the black bowl between the plate and the ramekin and place it on the plate view 0 0 100 0 0 initstate 0 noise 20
Success: True
# episodes completed so far: 1390
# successes: 998 (71.8%)
Current task success rate: 1.0
Current total success rate: 0.7179856115107913

Task: pick up the black bowl between the plate and the ramekin and place it on the plate view 0 0 100 0 0 initstate 0 noise 27
Success: False
# episodes completed so far: 1391
# successes: 998 (71.7%)
Current task success rate: 0.0
Current total success rate: 0.7174694464414091

Task: pick up the black bowl between the plate and the ramekin and place it on the plate view 0 0 100 0 0 initstate 0 noise 28
Success: True
# episodes completed so far: 1392
# successes: 999 (71.8%)
Current task success rate: 1.0
Current total success rate: 0.7176724137931034

Task: pick up the black bowl between the plate and the ramekin and place it on the plate view 0 0 100 0 0 initstate 0 noise 29
Success: True
# episodes completed so far: 1393
# successes: 1000 (71.8%)
Current task success rate: 1.0
Current total success rate: 0.7178750897343862

Task: pick up the black bowl between the plate and the ramekin and place it on the plate view 0 0 100 0 0 initstate 0 noise 30
Success: True
# episodes completed so far: 1394
# successes: 1001 (71.8%)
Current task success rate: 1.0
Current total success rate: 0.7180774748923959

Task: pick up the black bowl between the plate and the ramekin and place it on the plate view 0 0 100 0 0 initstate 0 noise 37
Success: True
# episodes completed so far: 1395
# successes: 1002 (71.8%)
Current task success rate: 1.0
Current total success rate: 0.7182795698924731

Task: pick up the black bowl between the plate and the ramekin and place it on the plate view 0 0 100 0 0 initstate 0 noise 38
Success: True
# episodes completed so far: 1396
# successes: 1003 (71.8%)
Current task success rate: 1.0
Current total success rate: 0.7184813753581661

Task: pick up the black bowl between the plate and the ramekin and place it on the plate view 0 0 100 0 0 initstate 0 noise 39
Success: True
# episodes completed so far: 1397
# successes: 1004 (71.9%)
Current task success rate: 1.0
Current total success rate: 0.7186828919112384

Task: pick up the black bowl between the plate and the ramekin and place it on the plate view 0 0 100 0 0 initstate 0 noise 40
Success: True
# episodes completed so far: 1398
# successes: 1005 (71.9%)
Current task success rate: 1.0
Current total success rate: 0.7188841201716738

Task: pick up the black bowl between the plate and the ramekin and place it on the plate view 0 0 100 0 0 initstate 0 noise 43
Success: True
# episodes completed so far: 1399
# successes: 1006 (71.9%)
Current task success rate: 1.0
Current total success rate: 0.7190850607576841

Task: pick up the black bowl between the plate and the ramekin and place it on the plate view 0 0 100 0 0 initstate 0 noise 44
Success: True
# episodes completed so far: 1400
# successes: 1007 (71.9%)
Current task success rate: 1.0
Current total success rate: 0.7192857142857143

Task: pick up the black bowl between the plate and the ramekin and place it on the plate view 0 0 100 0 0 initstate 0 noise 45
Success: True
# episodes completed so far: 1401
# successes: 1008 (71.9%)
Current task success rate: 1.0
Current total success rate: 0.7194860813704497

Task: pick up the black bowl between the plate and the ramekin and place it on the plate view 0 0 100 0 0 initstate 0 noise 46
Success: True
# episodes completed so far: 1402
# successes: 1009 (72.0%)
Current task success rate: 1.0
Current total success rate: 0.7196861626248217

Task: pick up the black bowl between the plate and the ramekin and place it on the plate view 0 0 100 0 0 initstate 0 noise 47
Success: True
# episodes completed so far: 1403
# successes: 1010 (72.0%)
Current task success rate: 1.0
Current total success rate: 0.7198859586600143

Task: pick up the black bowl between the plate and the ramekin and place it on the plate view 0 0 100 0 0 initstate 0 noise 48
Success: True
# episodes completed so far: 1404
# successes: 1011 (72.0%)
Current task success rate: 1.0
Current total success rate: 0.7200854700854701

Task: pick up the black bowl between the plate and the ramekin and place it on the plate view 0 0 100 0 0 initstate 0 noise 49
Success: True
# episodes completed so far: 1405
# successes: 1012 (72.0%)
Current task success rate: 1.0
Current total success rate: 0.7202846975088968

Task: pick up the black bowl between the plate and the ramekin and place it on the plate view 0 0 100 0 0 initstate 0 noise 50
Success: True
# episodes completed so far: 1406
# successes: 1013 (72.0%)
Current task success rate: 1.0
Current total success rate: 0.7204836415362731

Task: pick up the black bowl next to the ramekin and place it on the plate view 0 0 100 0 0 initstate 0 noise 2
Success: True
# episodes completed so far: 1407
# successes: 1014 (72.1%)
Current task success rate: 1.0
Current total success rate: 0.720682302771855

Task: pick up the black bowl next to the ramekin and place it on the plate view 0 0 100 0 0 initstate 0 noise 3
Success: True
# episodes completed so far: 1408
# successes: 1015 (72.1%)
Current task success rate: 1.0
Current total success rate: 0.7208806818181818

Task: pick up the black bowl next to the ramekin and place it on the plate view 0 0 100 0 0 initstate 0 noise 4
Success: True
# episodes completed so far: 1409
# successes: 1016 (72.1%)
Current task success rate: 1.0
Current total success rate: 0.7210787792760823

Task: pick up the black bowl next to the ramekin and place it on the plate view 0 0 100 0 0 initstate 0 noise 5
Success: True
# episodes completed so far: 1410
# successes: 1017 (72.1%)
Current task success rate: 1.0
Current total success rate: 0.7212765957446808

Task: pick up the black bowl next to the ramekin and place it on the plate view 0 0 100 0 0 initstate 0 noise 7
Success: True
# episodes completed so far: 1411
# successes: 1018 (72.1%)
Current task success rate: 1.0
Current total success rate: 0.7214741318214033

Task: pick up the black bowl next to the ramekin and place it on the plate view 0 0 100 0 0 initstate 0 noise 8
Success: False
# episodes completed so far: 1412
# successes: 1018 (72.1%)
Current task success rate: 0.0
Current total success rate: 0.7209631728045326

Task: pick up the black bowl next to the ramekin and place it on the plate view 0 0 100 0 0 initstate 0 noise 9
Success: True
# episodes completed so far: 1413
# successes: 1019 (72.1%)
Current task success rate: 1.0
Current total success rate: 0.7211606510969568

Task: pick up the black bowl next to the ramekin and place it on the plate view 0 0 100 0 0 initstate 0 noise 10
Success: False
# episodes completed so far: 1414
# successes: 1019 (72.1%)
Current task success rate: 0.0
Current total success rate: 0.7206506364922206

Task: pick up the black bowl next to the ramekin and place it on the plate view 0 0 100 0 0 initstate 0 noise 12
Success: True
# episodes completed so far: 1415
# successes: 1020 (72.1%)
Current task success rate: 1.0
Current total success rate: 0.7208480565371025

Task: pick up the black bowl next to the ramekin and place it on the plate view 0 0 100 0 0 initstate 0 noise 13
Success: True
# episodes completed so far: 1416
# successes: 1021 (72.1%)
Current task success rate: 1.0
Current total success rate: 0.721045197740113

Task: pick up the black bowl next to the ramekin and place it on the plate view 0 0 100 0 0 initstate 0 noise 14
Success: True
# episodes completed so far: 1417
# successes: 1022 (72.1%)
Current task success rate: 1.0
Current total success rate: 0.721242060691602

Task: pick up the black bowl next to the ramekin and place it on the plate view 0 0 100 0 0 initstate 0 noise 15
Success: True
# episodes completed so far: 1418
# successes: 1023 (72.1%)
Current task success rate: 1.0
Current total success rate: 0.7214386459802539

Task: pick up the black bowl next to the ramekin and place it on the plate view 0 0 100 0 0 initstate 0 noise 17
Success: False
# episodes completed so far: 1419
# successes: 1023 (72.1%)
Current task success rate: 0.0
Current total success rate: 0.7209302325581395

Task: pick up the black bowl next to the ramekin and place it on the plate view 0 0 100 0 0 initstate 0 noise 18
Success: False
# episodes completed so far: 1420
# successes: 1023 (72.0%)
Current task success rate: 0.0
Current total success rate: 0.7204225352112676

Task: pick up the black bowl next to the ramekin and place it on the plate view 0 0 100 0 0 initstate 0 noise 19
Success: False
# episodes completed so far: 1421
# successes: 1023 (72.0%)
Current task success rate: 0.0
Current total success rate: 0.7199155524278676

Task: pick up the black bowl next to the ramekin and place it on the plate view 0 0 100 0 0 initstate 0 noise 24
Success: True
# episodes completed so far: 1422
# successes: 1024 (72.0%)
Current task success rate: 1.0
Current total success rate: 0.720112517580872

Task: pick up the black bowl next to the ramekin and place it on the plate view 0 0 100 0 0 initstate 0 noise 26
Success: True
# episodes completed so far: 1423
# successes: 1025 (72.0%)
Current task success rate: 1.0
Current total success rate: 0.7203092059030218

Task: pick up the black bowl next to the ramekin and place it on the plate view 0 0 100 0 0 initstate 0 noise 27
Success: True
# episodes completed so far: 1424
# successes: 1026 (72.1%)
Current task success rate: 1.0
Current total success rate: 0.7205056179775281

Task: pick up the black bowl next to the ramekin and place it on the plate view 0 0 100 0 0 initstate 0 noise 28
Success: True
# episodes completed so far: 1425
# successes: 1027 (72.1%)
Current task success rate: 1.0
Current total success rate: 0.720701754385965

Task: pick up the black bowl next to the ramekin and place it on the plate view 0 0 100 0 0 initstate 0 noise 29
Success: True
# episodes completed so far: 1426
# successes: 1028 (72.1%)
Current task success rate: 1.0
Current total success rate: 0.7208976157082749

Task: pick up the black bowl next to the ramekin and place it on the plate view 0 0 100 0 0 initstate 0 noise 30
Success: False
# episodes completed so far: 1427
# successes: 1028 (72.0%)
Current task success rate: 0.0
Current total success rate: 0.7203924316748423

Task: pick up the black bowl next to the ramekin and place it on the plate view 0 0 100 0 0 initstate 0 noise 33
Success: True
# episodes completed so far: 1428
# successes: 1029 (72.1%)
Current task success rate: 1.0
Current total success rate: 0.7205882352941176

Task: pick up the black bowl next to the ramekin and place it on the plate view 0 0 100 0 0 initstate 0 noise 36
Success: True
# episodes completed so far: 1429
# successes: 1030 (72.1%)
Current task success rate: 1.0
Current total success rate: 0.7207837648705389

Task: pick up the black bowl next to the ramekin and place it on the plate view 0 0 100 0 0 initstate 0 noise 37
Success: True
# episodes completed so far: 1430
# successes: 1031 (72.1%)
Current task success rate: 1.0
Current total success rate: 0.720979020979021

Task: pick up the black bowl next to the ramekin and place it on the plate view 0 0 100 0 0 initstate 0 noise 38
Success: True
# episodes completed so far: 1431
# successes: 1032 (72.1%)
Current task success rate: 1.0
Current total success rate: 0.7211740041928721

Task: pick up the black bowl next to the ramekin and place it on the plate view 0 0 100 0 0 initstate 0 noise 40
Success: False
# episodes completed so far: 1432
# successes: 1032 (72.1%)
Current task success rate: 0.0
Current total success rate: 0.7206703910614525

Task: pick up the black bowl next to the ramekin and place it on the plate view 0 0 100 0 0 initstate 0 noise 43
Success: True
# episodes completed so far: 1433
# successes: 1033 (72.1%)
Current task success rate: 1.0
Current total success rate: 0.7208653175157014

Task: pick up the black bowl next to the ramekin and place it on the plate view 0 0 100 0 0 initstate 0 noise 44
Success: True
# episodes completed so far: 1434
# successes: 1034 (72.1%)
Current task success rate: 1.0
Current total success rate: 0.7210599721059973

Task: pick up the black bowl next to the ramekin and place it on the plate view 0 0 100 0 0 initstate 0 noise 45
Success: True
# episodes completed so far: 1435
# successes: 1035 (72.1%)
Current task success rate: 1.0
Current total success rate: 0.7212543554006968

Task: pick up the black bowl next to the ramekin and place it on the plate view 0 0 100 0 0 initstate 0 noise 46
Success: True
# episodes completed so far: 1436
# successes: 1036 (72.1%)
Current task success rate: 1.0
Current total success rate: 0.7214484679665738

Task: pick up the black bowl next to the ramekin and place it on the plate view 0 0 100 0 0 initstate 0 noise 47
Success: True
# episodes completed so far: 1437
# successes: 1037 (72.2%)
Current task success rate: 1.0
Current total success rate: 0.721642310368824

Task: pick up the black bowl next to the ramekin and place it on the plate view 0 0 100 0 0 initstate 0 noise 48
Success: False
# episodes completed so far: 1438
# successes: 1037 (72.1%)
Current task success rate: 0.0
Current total success rate: 0.7211404728789986

Task: pick up the black bowl next to the ramekin and place it on the plate view 0 0 100 0 0 initstate 0 noise 49
Success: True
# episodes completed so far: 1439
# successes: 1038 (72.1%)
Current task success rate: 1.0
Current total success rate: 0.7213342599027102

Task: pick up the black bowl next to the ramekin and place it on the plate view 0 0 100 0 0 initstate 0 noise 50
Success: True
# episodes completed so far: 1440
# successes: 1039 (72.2%)
Current task success rate: 1.0
Current total success rate: 0.7215277777777778

Task: pick up the black bowl from table center and place it on the plate view 0 0 100 0 0 initstate 0 noise 3
Success: True
# episodes completed so far: 1441
# successes: 1040 (72.2%)
Current task success rate: 1.0
Current total success rate: 0.7217210270645386

Task: pick up the black bowl from table center and place it on the plate view 0 0 100 0 0 initstate 0 noise 4
Success: True
# episodes completed so far: 1442
# successes: 1041 (72.2%)
Current task success rate: 1.0
Current total success rate: 0.7219140083217753

Task: pick up the black bowl from table center and place it on the plate view 0 0 100 0 0 initstate 0 noise 5
Success: True
# episodes completed so far: 1443
# successes: 1042 (72.2%)
Current task success rate: 1.0
Current total success rate: 0.7221067221067221

Task: pick up the black bowl from table center and place it on the plate view 0 0 100 0 0 initstate 0 noise 6
Success: True
# episodes completed so far: 1444
# successes: 1043 (72.2%)
Current task success rate: 1.0
Current total success rate: 0.7222991689750693

Task: pick up the black bowl from table center and place it on the plate view 0 0 100 0 0 initstate 0 noise 7
Success: True
# episodes completed so far: 1445
# successes: 1044 (72.2%)
Current task success rate: 1.0
Current total success rate: 0.7224913494809688

Task: pick up the black bowl from table center and place it on the plate view 0 0 100 0 0 initstate 0 noise 8
Success: True
# episodes completed so far: 1446
# successes: 1045 (72.3%)
Current task success rate: 1.0
Current total success rate: 0.7226832641770401

Task: pick up the black bowl from table center and place it on the plate view 0 0 100 0 0 initstate 0 noise 9
Success: True
# episodes completed so far: 1447
# successes: 1046 (72.3%)
Current task success rate: 1.0
Current total success rate: 0.7228749136143746

Task: pick up the black bowl from table center and place it on the plate view 0 0 100 0 0 initstate 0 noise 10
Success: True
# episodes completed so far: 1448
# successes: 1047 (72.3%)
Current task success rate: 1.0
Current total success rate: 0.7230662983425414

Task: pick up the black bowl from table center and place it on the plate view 0 0 100 0 0 initstate 0 noise 12
Success: True
# episodes completed so far: 1449
# successes: 1048 (72.3%)
Current task success rate: 1.0
Current total success rate: 0.7232574189095928

Task: pick up the black bowl from table center and place it on the plate view 0 0 100 0 0 initstate 0 noise 13
Success: True
# episodes completed so far: 1450
# successes: 1049 (72.3%)
Current task success rate: 1.0
Current total success rate: 0.723448275862069

Task: pick up the black bowl from table center and place it on the plate view 0 0 100 0 0 initstate 0 noise 14
Success: True
# episodes completed so far: 1451
# successes: 1050 (72.4%)
Current task success rate: 1.0
Current total success rate: 0.7236388697450035

Task: pick up the black bowl from table center and place it on the plate view 0 0 100 0 0 initstate 0 noise 15
Success: True
# episodes completed so far: 1452
# successes: 1051 (72.4%)
Current task success rate: 1.0
Current total success rate: 0.7238292011019284

Task: pick up the black bowl from table center and place it on the plate view 0 0 100 0 0 initstate 0 noise 16
Success: True
# episodes completed so far: 1453
# successes: 1052 (72.4%)
Current task success rate: 1.0
Current total success rate: 0.7240192704748796

Task: pick up the black bowl from table center and place it on the plate view 0 0 100 0 0 initstate 0 noise 17
Success: True
# episodes completed so far: 1454
# successes: 1053 (72.4%)
Current task success rate: 1.0
Current total success rate: 0.7242090784044016

Task: pick up the black bowl from table center and place it on the plate view 0 0 100 0 0 initstate 0 noise 18
Success: True
# episodes completed so far: 1455
# successes: 1054 (72.4%)
Current task success rate: 1.0
Current total success rate: 0.7243986254295532

Task: pick up the black bowl from table center and place it on the plate view 0 0 100 0 0 initstate 0 noise 19
Success: True
# episodes completed so far: 1456
# successes: 1055 (72.5%)
Current task success rate: 1.0
Current total success rate: 0.7245879120879121

Task: pick up the black bowl from table center and place it on the plate view 0 0 100 0 0 initstate 0 noise 20
Success: False
# episodes completed so far: 1457
# successes: 1055 (72.4%)
Current task success rate: 0.0
Current total success rate: 0.7240905971173645

Task: pick up the black bowl from table center and place it on the plate view 0 0 100 0 0 initstate 0 noise 24
Success: True
# episodes completed so far: 1458
# successes: 1056 (72.4%)
Current task success rate: 1.0
Current total success rate: 0.7242798353909465

Task: pick up the black bowl from table center and place it on the plate view 0 0 100 0 0 initstate 0 noise 27
Success: False
# episodes completed so far: 1459
# successes: 1056 (72.4%)
Current task success rate: 0.0
Current total success rate: 0.7237834132967786

Task: pick up the black bowl from table center and place it on the plate view 0 0 100 0 0 initstate 0 noise 28
Success: True
# episodes completed so far: 1460
# successes: 1057 (72.4%)
Current task success rate: 1.0
Current total success rate: 0.7239726027397261

Task: pick up the black bowl from table center and place it on the plate view 0 0 100 0 0 initstate 0 noise 29
Success: True
# episodes completed so far: 1461
# successes: 1058 (72.4%)
Current task success rate: 1.0
Current total success rate: 0.7241615331964408

Task: pick up the black bowl from table center and place it on the plate view 0 0 100 0 0 initstate 0 noise 30
Success: False
# episodes completed so far: 1462
# successes: 1058 (72.4%)
Current task success rate: 0.0
Current total success rate: 0.7236662106703147

Task: pick up the black bowl from table center and place it on the plate view 0 0 100 0 0 initstate 0 noise 36
Success: True
# episodes completed so far: 1463
# successes: 1059 (72.4%)
Current task success rate: 1.0
Current total success rate: 0.7238550922761449

Task: pick up the black bowl from table center and place it on the plate view 0 0 100 0 0 initstate 0 noise 37
Success: True
# episodes completed so far: 1464
# successes: 1060 (72.4%)
Current task success rate: 1.0
Current total success rate: 0.7240437158469946

Task: pick up the black bowl from table center and place it on the plate view 0 0 100 0 0 initstate 0 noise 38
Success: True
# episodes completed so far: 1465
# successes: 1061 (72.4%)
Current task success rate: 1.0
Current total success rate: 0.7242320819112628

Task: pick up the black bowl from table center and place it on the plate view 0 0 100 0 0 initstate 0 noise 39
Success: True
# episodes completed so far: 1466
# successes: 1062 (72.4%)
Current task success rate: 1.0
Current total success rate: 0.7244201909959073

Task: pick up the black bowl from table center and place it on the plate view 0 0 100 0 0 initstate 0 noise 40
Success: True
# episodes completed so far: 1467
# successes: 1063 (72.5%)
Current task success rate: 1.0
Current total success rate: 0.7246080436264485

Task: pick up the black bowl from table center and place it on the plate view 0 0 100 0 0 initstate 0 noise 43
Success: True
# episodes completed so far: 1468
# successes: 1064 (72.5%)
Current task success rate: 1.0
Current total success rate: 0.7247956403269755

Task: pick up the black bowl from table center and place it on the plate view 0 0 100 0 0 initstate 0 noise 44
Success: True
# episodes completed so far: 1469
# successes: 1065 (72.5%)
Current task success rate: 1.0
Current total success rate: 0.7249829816201497

Task: pick up the black bowl from table center and place it on the plate view 0 0 100 0 0 initstate 0 noise 45
Success: True
# episodes completed so far: 1470
# successes: 1066 (72.5%)
Current task success rate: 1.0
Current total success rate: 0.7251700680272108

Task: pick up the black bowl from table center and place it on the plate view 0 0 100 0 0 initstate 0 noise 46
Success: True
# episodes completed so far: 1471
# successes: 1067 (72.5%)
Current task success rate: 1.0
Current total success rate: 0.7253569000679809

Task: pick up the black bowl from table center and place it on the plate view 0 0 100 0 0 initstate 0 noise 47
Success: True
# episodes completed so far: 1472
# successes: 1068 (72.6%)
Current task success rate: 1.0
Current total success rate: 0.7255434782608695

Task: pick up the black bowl from table center and place it on the plate view 0 0 100 0 0 initstate 0 noise 48
Success: True
# episodes completed so far: 1473
# successes: 1069 (72.6%)
Current task success rate: 1.0
Current total success rate: 0.7257298031228785

Task: pick up the black bowl from table center and place it on the plate view 0 0 100 0 0 initstate 0 noise 49
Success: True
# episodes completed so far: 1474
# successes: 1070 (72.6%)
Current task success rate: 1.0
Current total success rate: 0.7259158751696065

Task: pick up the black bowl from table center and place it on the plate view 0 0 100 0 0 initstate 0 noise 50
Success: True
# episodes completed so far: 1475
# successes: 1071 (72.6%)
Current task success rate: 1.0
Current total success rate: 0.7261016949152542

Task: pick up the black bowl on the cookie box and place it on the plate view 0 0 100 0 0 initstate 0 noise 5
Success: True
# episodes completed so far: 1476
# successes: 1072 (72.6%)
Current task success rate: 1.0
Current total success rate: 0.7262872628726287

Task: pick up the black bowl on the cookie box and place it on the plate view 0 0 100 0 0 initstate 0 noise 6
Success: True
# episodes completed so far: 1477
# successes: 1073 (72.6%)
Current task success rate: 1.0
Current total success rate: 0.7264725795531483

Task: pick up the black bowl on the cookie box and place it on the plate view 0 0 100 0 0 initstate 0 noise 7
Success: True
# episodes completed so far: 1478
# successes: 1074 (72.7%)
Current task success rate: 1.0
Current total success rate: 0.7266576454668471

Task: pick up the black bowl on the cookie box and place it on the plate view 0 0 100 0 0 initstate 0 noise 8
Success: True
# episodes completed so far: 1479
# successes: 1075 (72.7%)
Current task success rate: 1.0
Current total success rate: 0.7268424611223799

Task: pick up the black bowl on the cookie box and place it on the plate view 0 0 100 0 0 initstate 0 noise 9
Success: True
# episodes completed so far: 1480
# successes: 1076 (72.7%)
Current task success rate: 1.0
Current total success rate: 0.727027027027027

Task: pick up the black bowl on the cookie box and place it on the plate view 0 0 100 0 0 initstate 0 noise 10
Success: True
# episodes completed so far: 1481
# successes: 1077 (72.7%)
Current task success rate: 1.0
Current total success rate: 0.7272113436866982

Task: pick up the black bowl on the cookie box and place it on the plate view 0 0 100 0 0 initstate 0 noise 13
Success: True
# episodes completed so far: 1482
# successes: 1078 (72.7%)
Current task success rate: 1.0
Current total success rate: 0.7273954116059379

Task: pick up the black bowl on the cookie box and place it on the plate view 0 0 100 0 0 initstate 0 noise 14
Success: True
# episodes completed so far: 1483
# successes: 1079 (72.8%)
Current task success rate: 1.0
Current total success rate: 0.7275792312879299

Task: pick up the black bowl on the cookie box and place it on the plate view 0 0 100 0 0 initstate 0 noise 15
Success: True
# episodes completed so far: 1484
# successes: 1080 (72.8%)
Current task success rate: 1.0
Current total success rate: 0.7277628032345014

Task: pick up the black bowl on the cookie box and place it on the plate view 0 0 100 0 0 initstate 0 noise 16
Success: True
# episodes completed so far: 1485
# successes: 1081 (72.8%)
Current task success rate: 1.0
Current total success rate: 0.7279461279461279

Task: pick up the black bowl on the cookie box and place it on the plate view 0 0 100 0 0 initstate 0 noise 17
Success: True
# episodes completed so far: 1486
# successes: 1082 (72.8%)
Current task success rate: 1.0
Current total success rate: 0.7281292059219381

Task: pick up the black bowl on the cookie box and place it on the plate view 0 0 100 0 0 initstate 0 noise 18
Success: True
# episodes completed so far: 1487
# successes: 1083 (72.8%)
Current task success rate: 1.0
Current total success rate: 0.7283120376597175

Task: pick up the black bowl on the cookie box and place it on the plate view 0 0 100 0 0 initstate 0 noise 19
Success: True
# episodes completed so far: 1488
# successes: 1084 (72.8%)
Current task success rate: 1.0
Current total success rate: 0.728494623655914

Task: pick up the black bowl on the cookie box and place it on the plate view 0 0 100 0 0 initstate 0 noise 20
Success: True
# episodes completed so far: 1489
# successes: 1085 (72.9%)
Current task success rate: 1.0
Current total success rate: 0.7286769644056413

Task: pick up the black bowl on the cookie box and place it on the plate view 0 0 100 0 0 initstate 0 noise 27
Success: True
# episodes completed so far: 1490
# successes: 1086 (72.9%)
Current task success rate: 1.0
Current total success rate: 0.7288590604026846

Task: pick up the black bowl on the cookie box and place it on the plate view 0 0 100 0 0 initstate 0 noise 28
Success: True
# episodes completed so far: 1491
# successes: 1087 (72.9%)
Current task success rate: 1.0
Current total success rate: 0.7290409121395037

Task: pick up the black bowl on the cookie box and place it on the plate view 0 0 100 0 0 initstate 0 noise 29
Success: True
# episodes completed so far: 1492
# successes: 1088 (72.9%)
Current task success rate: 1.0
Current total success rate: 0.7292225201072386

Task: pick up the black bowl on the cookie box and place it on the plate view 0 0 100 0 0 initstate 0 noise 30
Success: True
# episodes completed so far: 1493
# successes: 1089 (72.9%)
Current task success rate: 1.0
Current total success rate: 0.7294038847957133

Task: pick up the black bowl on the cookie box and place it on the plate view 0 0 100 0 0 initstate 0 noise 35
Success: True
# episodes completed so far: 1494
# successes: 1090 (73.0%)
Current task success rate: 1.0
Current total success rate: 0.7295850066934404

Task: pick up the black bowl on the cookie box and place it on the plate view 0 0 100 0 0 initstate 0 noise 37
Success: True
# episodes completed so far: 1495
# successes: 1091 (73.0%)
Current task success rate: 1.0
Current total success rate: 0.7297658862876254

Task: pick up the black bowl on the cookie box and place it on the plate view 0 0 100 0 0 initstate 0 noise 38
Success: True
# episodes completed so far: 1496
# successes: 1092 (73.0%)
Current task success rate: 1.0
Current total success rate: 0.7299465240641712

Task: pick up the black bowl on the cookie box and place it on the plate view 0 0 100 0 0 initstate 0 noise 39
Success: True
# episodes completed so far: 1497
# successes: 1093 (73.0%)
Current task success rate: 1.0
Current total success rate: 0.730126920507682

Task: pick up the black bowl on the cookie box and place it on the plate view 0 0 100 0 0 initstate 0 noise 40
Success: True
# episodes completed so far: 1498
# successes: 1094 (73.0%)
Current task success rate: 1.0
Current total success rate: 0.7303070761014686

Task: pick up the black bowl on the cookie box and place it on the plate view 0 0 100 0 0 initstate 0 noise 43
Success: True
# episodes completed so far: 1499
# successes: 1095 (73.0%)
Current task success rate: 1.0
Current total success rate: 0.7304869913275517

Task: pick up the black bowl on the cookie box and place it on the plate view 0 0 100 0 0 initstate 0 noise 44
Success: True
# episodes completed so far: 1500
# successes: 1096 (73.1%)
Current task success rate: 1.0
Current total success rate: 0.7306666666666667

Task: pick up the black bowl on the cookie box and place it on the plate view 0 0 100 0 0 initstate 0 noise 45
Success: True
# episodes completed so far: 1501
# successes: 1097 (73.1%)
Current task success rate: 1.0
Current total success rate: 0.7308461025982678

Task: pick up the black bowl on the cookie box and place it on the plate view 0 0 100 0 0 initstate 0 noise 46
Success: True
# episodes completed so far: 1502
# successes: 1098 (73.1%)
Current task success rate: 1.0
Current total success rate: 0.7310252996005326

Task: pick up the black bowl on the cookie box and place it on the plate view 0 0 100 0 0 initstate 0 noise 47
Success: True
# episodes completed so far: 1503
# successes: 1099 (73.1%)
Current task success rate: 1.0
Current total success rate: 0.7312042581503659

Task: pick up the black bowl on the cookie box and place it on the plate view 0 0 100 0 0 initstate 0 noise 48
Success: True
# episodes completed so far: 1504
# successes: 1100 (73.1%)
Current task success rate: 1.0
Current total success rate: 0.7313829787234043

Task: pick up the black bowl on the cookie box and place it on the plate view 0 0 100 0 0 initstate 0 noise 49
Success: True
# episodes completed so far: 1505
# successes: 1101 (73.2%)
Current task success rate: 1.0
Current total success rate: 0.7315614617940199

Task: pick up the black bowl on the cookie box and place it on the plate view 0 0 100 0 0 initstate 0 noise 50
Success: True
# episodes completed so far: 1506
# successes: 1102 (73.2%)
Current task success rate: 1.0
Current total success rate: 0.7317397078353254

Task: pick up the black bowl in the top drawer of the wooden cabinet and place it on the plate view 0 0 100 0 0 initstate 0 noise 4
Success: True
# episodes completed so far: 1507
# successes: 1103 (73.2%)
Current task success rate: 1.0
Current total success rate: 0.7319177173191772

Task: pick up the black bowl in the top drawer of the wooden cabinet and place it on the plate view 0 0 100 0 0 initstate 0 noise 5
Success: True
# episodes completed so far: 1508
# successes: 1104 (73.2%)
Current task success rate: 1.0
Current total success rate: 0.7320954907161804

Task: pick up the black bowl in the top drawer of the wooden cabinet and place it on the plate view 0 0 100 0 0 initstate 0 noise 6
Success: False
# episodes completed so far: 1509
# successes: 1104 (73.2%)
Current task success rate: 0.0
Current total success rate: 0.731610337972167

Task: pick up the black bowl in the top drawer of the wooden cabinet and place it on the plate view 0 0 100 0 0 initstate 0 noise 7
Success: True
# episodes completed so far: 1510
# successes: 1105 (73.2%)
Current task success rate: 1.0
Current total success rate: 0.7317880794701986

Task: pick up the black bowl in the top drawer of the wooden cabinet and place it on the plate view 0 0 100 0 0 initstate 0 noise 8
Success: False
# episodes completed so far: 1511
# successes: 1105 (73.1%)
Current task success rate: 0.0
Current total success rate: 0.7313037723362011

Task: pick up the black bowl in the top drawer of the wooden cabinet and place it on the plate view 0 0 100 0 0 initstate 0 noise 9
Success: False
# episodes completed so far: 1512
# successes: 1105 (73.1%)
Current task success rate: 0.0
Current total success rate: 0.7308201058201058

Task: pick up the black bowl in the top drawer of the wooden cabinet and place it on the plate view 0 0 100 0 0 initstate 0 noise 10
Success: False
# episodes completed so far: 1513
# successes: 1105 (73.0%)
Current task success rate: 0.0
Current total success rate: 0.7303370786516854

Task: pick up the black bowl in the top drawer of the wooden cabinet and place it on the plate view 0 0 100 0 0 initstate 0 noise 11
Success: True
# episodes completed so far: 1514
# successes: 1106 (73.1%)
Current task success rate: 1.0
Current total success rate: 0.7305151915455746

Task: pick up the black bowl in the top drawer of the wooden cabinet and place it on the plate view 0 0 100 0 0 initstate 0 noise 12
Success: True
# episodes completed so far: 1515
# successes: 1107 (73.1%)
Current task success rate: 1.0
Current total success rate: 0.7306930693069307

Task: pick up the black bowl in the top drawer of the wooden cabinet and place it on the plate view 0 0 100 0 0 initstate 0 noise 13
Success: False
# episodes completed so far: 1516
# successes: 1107 (73.0%)
Current task success rate: 0.0
Current total success rate: 0.7302110817941952

Task: pick up the black bowl in the top drawer of the wooden cabinet and place it on the plate view 0 0 100 0 0 initstate 0 noise 14
Success: False
# episodes completed so far: 1517
# successes: 1107 (73.0%)
Current task success rate: 0.0
Current total success rate: 0.7297297297297297

Task: pick up the black bowl in the top drawer of the wooden cabinet and place it on the plate view 0 0 100 0 0 initstate 0 noise 15
Success: False
# episodes completed so far: 1518
# successes: 1107 (72.9%)
Current task success rate: 0.0
Current total success rate: 0.7292490118577075

Task: pick up the black bowl in the top drawer of the wooden cabinet and place it on the plate view 0 0 100 0 0 initstate 0 noise 16
Success: False
# episodes completed so far: 1519
# successes: 1107 (72.9%)
Current task success rate: 0.0
Current total success rate: 0.7287689269256089

Task: pick up the black bowl in the top drawer of the wooden cabinet and place it on the plate view 0 0 100 0 0 initstate 0 noise 17
Success: False
# episodes completed so far: 1520
# successes: 1107 (72.8%)
Current task success rate: 0.0
Current total success rate: 0.7282894736842105

Task: pick up the black bowl in the top drawer of the wooden cabinet and place it on the plate view 0 0 100 0 0 initstate 0 noise 18
Success: False
# episodes completed so far: 1521
# successes: 1107 (72.8%)
Current task success rate: 0.0
Current total success rate: 0.727810650887574

Task: pick up the black bowl in the top drawer of the wooden cabinet and place it on the plate view 0 0 100 0 0 initstate 0 noise 19
Success: False
# episodes completed so far: 1522
# successes: 1107 (72.7%)
Current task success rate: 0.0
Current total success rate: 0.7273324572930355

Task: pick up the black bowl in the top drawer of the wooden cabinet and place it on the plate view 0 0 100 0 0 initstate 0 noise 20
Success: False
# episodes completed so far: 1523
# successes: 1107 (72.7%)
Current task success rate: 0.0
Current total success rate: 0.726854891661195

Task: pick up the black bowl in the top drawer of the wooden cabinet and place it on the plate view 0 0 100 0 0 initstate 0 noise 22
Success: False
# episodes completed so far: 1524
# successes: 1107 (72.6%)
Current task success rate: 0.0
Current total success rate: 0.7263779527559056

Task: pick up the black bowl in the top drawer of the wooden cabinet and place it on the plate view 0 0 100 0 0 initstate 0 noise 23
Success: False
# episodes completed so far: 1525
# successes: 1107 (72.6%)
Current task success rate: 0.0
Current total success rate: 0.7259016393442623

Task: pick up the black bowl in the top drawer of the wooden cabinet and place it on the plate view 0 0 100 0 0 initstate 0 noise 24
Success: False
# episodes completed so far: 1526
# successes: 1107 (72.5%)
Current task success rate: 0.0
Current total success rate: 0.7254259501965924

Task: pick up the black bowl in the top drawer of the wooden cabinet and place it on the plate view 0 0 100 0 0 initstate 0 noise 25
Success: False
# episodes completed so far: 1527
# successes: 1107 (72.5%)
Current task success rate: 0.0
Current total success rate: 0.724950884086444

Task: pick up the black bowl in the top drawer of the wooden cabinet and place it on the plate view 0 0 100 0 0 initstate 0 noise 26
Success: False
# episodes completed so far: 1528
# successes: 1107 (72.4%)
Current task success rate: 0.0
Current total success rate: 0.724476439790576

Task: pick up the black bowl in the top drawer of the wooden cabinet and place it on the plate view 0 0 100 0 0 initstate 0 noise 27
Success: False
# episodes completed so far: 1529
# successes: 1107 (72.4%)
Current task success rate: 0.0
Current total success rate: 0.724002616088947

Task: pick up the black bowl in the top drawer of the wooden cabinet and place it on the plate view 0 0 100 0 0 initstate 0 noise 28
Success: False
# episodes completed so far: 1530
# successes: 1107 (72.4%)
Current task success rate: 0.0
Current total success rate: 0.7235294117647059

Task: pick up the black bowl in the top drawer of the wooden cabinet and place it on the plate view 0 0 100 0 0 initstate 0 noise 29
Success: False
# episodes completed so far: 1531
# successes: 1107 (72.3%)
Current task success rate: 0.0
Current total success rate: 0.7230568256041803

Task: pick up the black bowl in the top drawer of the wooden cabinet and place it on the plate view 0 0 100 0 0 initstate 0 noise 30
Success: False
# episodes completed so far: 1532
# successes: 1107 (72.3%)
Current task success rate: 0.0
Current total success rate: 0.7225848563968669

Task: pick up the black bowl in the top drawer of the wooden cabinet and place it on the plate view 0 0 100 0 0 initstate 0 noise 36
Success: True
# episodes completed so far: 1533
# successes: 1108 (72.3%)
Current task success rate: 1.0
Current total success rate: 0.7227658186562296

Task: pick up the black bowl in the top drawer of the wooden cabinet and place it on the plate view 0 0 100 0 0 initstate 0 noise 37
Success: True
# episodes completed so far: 1534
# successes: 1109 (72.3%)
Current task success rate: 1.0
Current total success rate: 0.7229465449804433

Task: pick up the black bowl in the top drawer of the wooden cabinet and place it on the plate view 0 0 100 0 0 initstate 0 noise 38
Success: True
# episodes completed so far: 1535
# successes: 1110 (72.3%)
Current task success rate: 1.0
Current total success rate: 0.7231270358306189

Task: pick up the black bowl in the top drawer of the wooden cabinet and place it on the plate view 0 0 100 0 0 initstate 0 noise 39
Success: False
# episodes completed so far: 1536
# successes: 1110 (72.3%)
Current task success rate: 0.0
Current total success rate: 0.72265625

Task: pick up the black bowl in the top drawer of the wooden cabinet and place it on the plate view 0 0 100 0 0 initstate 0 noise 40
Success: False
# episodes completed so far: 1537
# successes: 1110 (72.2%)
Current task success rate: 0.0
Current total success rate: 0.7221860767729343

Task: pick up the black bowl in the top drawer of the wooden cabinet and place it on the plate view 0 0 100 0 0 initstate 0 noise 41
Success: True
# episodes completed so far: 1538
# successes: 1111 (72.2%)
Current task success rate: 1.0
Current total success rate: 0.7223667100130039

Task: pick up the black bowl in the top drawer of the wooden cabinet and place it on the plate view 0 0 100 0 0 initstate 0 noise 43
Success: False
# episodes completed so far: 1539
# successes: 1111 (72.2%)
Current task success rate: 0.0
Current total success rate: 0.7218973359324237

Task: pick up the black bowl in the top drawer of the wooden cabinet and place it on the plate view 0 0 100 0 0 initstate 0 noise 44
Success: True
# episodes completed so far: 1540
# successes: 1112 (72.2%)
Current task success rate: 1.0
Current total success rate: 0.7220779220779221

Task: pick up the black bowl in the top drawer of the wooden cabinet and place it on the plate view 0 0 100 0 0 initstate 0 noise 45
Success: False
# episodes completed so far: 1541
# successes: 1112 (72.2%)
Current task success rate: 0.0
Current total success rate: 0.7216093445814407

Task: pick up the black bowl in the top drawer of the wooden cabinet and place it on the plate view 0 0 100 0 0 initstate 0 noise 46
Success: True
# episodes completed so far: 1542
# successes: 1113 (72.2%)
Current task success rate: 1.0
Current total success rate: 0.7217898832684825

Task: pick up the black bowl in the top drawer of the wooden cabinet and place it on the plate view 0 0 100 0 0 initstate 0 noise 47
Success: False
# episodes completed so far: 1543
# successes: 1113 (72.1%)
Current task success rate: 0.0
Current total success rate: 0.7213220998055736

Task: pick up the black bowl in the top drawer of the wooden cabinet and place it on the plate view 0 0 100 0 0 initstate 0 noise 48
Success: False
# episodes completed so far: 1544
# successes: 1113 (72.1%)
Current task success rate: 0.0
Current total success rate: 0.7208549222797928

Task: pick up the black bowl in the top drawer of the wooden cabinet and place it on the plate view 0 0 100 0 0 initstate 0 noise 49
Success: False
# episodes completed so far: 1545
# successes: 1113 (72.0%)
Current task success rate: 0.0
Current total success rate: 0.7203883495145631

Task: pick up the black bowl in the top drawer of the wooden cabinet and place it on the plate view 0 0 100 0 0 initstate 0 noise 50
Success: False
# episodes completed so far: 1546
# successes: 1113 (72.0%)
Current task success rate: 0.0
Current total success rate: 0.7199223803363519

Task: pick up the black bowl on the ramekin and place it on the plate view 0 0 100 0 0 initstate 0 noise 2
Success: True
# episodes completed so far: 1547
# successes: 1114 (72.0%)
Current task success rate: 1.0
Current total success rate: 0.7201034259857789

Task: pick up the black bowl on the ramekin and place it on the plate view 0 0 100 0 0 initstate 0 noise 3
Success: True
# episodes completed so far: 1548
# successes: 1115 (72.0%)
Current task success rate: 1.0
Current total success rate: 0.7202842377260982

Task: pick up the black bowl on the ramekin and place it on the plate view 0 0 100 0 0 initstate 0 noise 4
Success: True
# episodes completed so far: 1549
# successes: 1116 (72.0%)
Current task success rate: 1.0
Current total success rate: 0.7204648160103292

Task: pick up the black bowl on the ramekin and place it on the plate view 0 0 100 0 0 initstate 0 noise 5
Success: True
# episodes completed so far: 1550
# successes: 1117 (72.1%)
Current task success rate: 1.0
Current total success rate: 0.7206451612903226

Task: pick up the black bowl on the ramekin and place it on the plate view 0 0 100 0 0 initstate 0 noise 6
Success: True
# episodes completed so far: 1551
# successes: 1118 (72.1%)
Current task success rate: 1.0
Current total success rate: 0.7208252740167633

Task: pick up the black bowl on the ramekin and place it on the plate view 0 0 100 0 0 initstate 0 noise 7
Success: True
# episodes completed so far: 1552
# successes: 1119 (72.1%)
Current task success rate: 1.0
Current total success rate: 0.7210051546391752

Task: pick up the black bowl on the ramekin and place it on the plate view 0 0 100 0 0 initstate 0 noise 8
Success: True
# episodes completed so far: 1553
# successes: 1120 (72.1%)
Current task success rate: 1.0
Current total success rate: 0.721184803605924

Task: pick up the black bowl on the ramekin and place it on the plate view 0 0 100 0 0 initstate 0 noise 10
Success: False
# episodes completed so far: 1554
# successes: 1120 (72.1%)
Current task success rate: 0.0
Current total success rate: 0.7207207207207207

Task: pick up the black bowl on the ramekin and place it on the plate view 0 0 100 0 0 initstate 0 noise 12
Success: True
# episodes completed so far: 1555
# successes: 1121 (72.1%)
Current task success rate: 1.0
Current total success rate: 0.7209003215434083

Task: pick up the black bowl on the ramekin and place it on the plate view 0 0 100 0 0 initstate 0 noise 13
Success: True
# episodes completed so far: 1556
# successes: 1122 (72.1%)
Current task success rate: 1.0
Current total success rate: 0.7210796915167095

Task: pick up the black bowl on the ramekin and place it on the plate view 0 0 100 0 0 initstate 0 noise 14
Success: True
# episodes completed so far: 1557
# successes: 1123 (72.1%)
Current task success rate: 1.0
Current total success rate: 0.7212588310854207

Task: pick up the black bowl on the ramekin and place it on the plate view 0 0 100 0 0 initstate 0 noise 15
Success: True
# episodes completed so far: 1558
# successes: 1124 (72.1%)
Current task success rate: 1.0
Current total success rate: 0.7214377406931964

Task: pick up the black bowl on the ramekin and place it on the plate view 0 0 100 0 0 initstate 0 noise 16
Success: False
# episodes completed so far: 1559
# successes: 1124 (72.1%)
Current task success rate: 0.0
Current total success rate: 0.7209749839640796

Task: pick up the black bowl on the ramekin and place it on the plate view 0 0 100 0 0 initstate 0 noise 17
Success: False
# episodes completed so far: 1560
# successes: 1124 (72.1%)
Current task success rate: 0.0
Current total success rate: 0.7205128205128205

Task: pick up the black bowl on the ramekin and place it on the plate view 0 0 100 0 0 initstate 0 noise 18
Success: False
# episodes completed so far: 1561
# successes: 1124 (72.0%)
Current task success rate: 0.0
Current total success rate: 0.7200512491992312

Task: pick up the black bowl on the ramekin and place it on the plate view 0 0 100 0 0 initstate 0 noise 19
Success: False
# episodes completed so far: 1562
# successes: 1124 (72.0%)
Current task success rate: 0.0
Current total success rate: 0.7195902688860435

Task: pick up the black bowl on the ramekin and place it on the plate view 0 0 100 0 0 initstate 0 noise 20
Success: False
# episodes completed so far: 1563
# successes: 1124 (71.9%)
Current task success rate: 0.0
Current total success rate: 0.7191298784388995

Task: pick up the black bowl on the ramekin and place it on the plate view 0 0 100 0 0 initstate 0 noise 26
Success: False
# episodes completed so far: 1564
# successes: 1124 (71.9%)
Current task success rate: 0.0
Current total success rate: 0.7186700767263428

Task: pick up the black bowl on the ramekin and place it on the plate view 0 0 100 0 0 initstate 0 noise 27
Success: False
# episodes completed so far: 1565
# successes: 1124 (71.8%)
Current task success rate: 0.0
Current total success rate: 0.7182108626198083

Task: pick up the black bowl on the ramekin and place it on the plate view 0 0 100 0 0 initstate 0 noise 28
Success: False
# episodes completed so far: 1566
# successes: 1124 (71.8%)
Current task success rate: 0.0
Current total success rate: 0.7177522349936143

Task: pick up the black bowl on the ramekin and place it on the plate view 0 0 100 0 0 initstate 0 noise 29
Success: False
# episodes completed so far: 1567
# successes: 1124 (71.7%)
Current task success rate: 0.0
Current total success rate: 0.7172941927249521

Task: pick up the black bowl on the ramekin and place it on the plate view 0 0 100 0 0 initstate 0 noise 30
Success: False
# episodes completed so far: 1568
# successes: 1124 (71.7%)
Current task success rate: 0.0
Current total success rate: 0.7168367346938775

Task: pick up the black bowl on the ramekin and place it on the plate view 0 0 100 0 0 initstate 0 noise 35
Success: True
# episodes completed so far: 1569
# successes: 1125 (71.7%)
Current task success rate: 1.0
Current total success rate: 0.7170172084130019

Task: pick up the black bowl on the ramekin and place it on the plate view 0 0 100 0 0 initstate 0 noise 37
Success: True
# episodes completed so far: 1570
# successes: 1126 (71.7%)
Current task success rate: 1.0
Current total success rate: 0.7171974522292993

Task: pick up the black bowl on the ramekin and place it on the plate view 0 0 100 0 0 initstate 0 noise 38
Success: True
# episodes completed so far: 1571
# successes: 1127 (71.7%)
Current task success rate: 1.0
Current total success rate: 0.717377466581795

Task: pick up the black bowl on the ramekin and place it on the plate view 0 0 100 0 0 initstate 0 noise 39
Success: True
# episodes completed so far: 1572
# successes: 1128 (71.8%)
Current task success rate: 1.0
Current total success rate: 0.7175572519083969

Task: pick up the black bowl on the ramekin and place it on the plate view 0 0 100 0 0 initstate 0 noise 40
Success: False
# episodes completed so far: 1573
# successes: 1128 (71.7%)
Current task success rate: 0.0
Current total success rate: 0.7171010807374444

Task: pick up the black bowl on the ramekin and place it on the plate view 0 0 100 0 0 initstate 0 noise 41
Success: True
# episodes completed so far: 1574
# successes: 1129 (71.7%)
Current task success rate: 1.0
Current total success rate: 0.7172808132147395

Task: pick up the black bowl on the ramekin and place it on the plate view 0 0 100 0 0 initstate 0 noise 42
Success: True
# episodes completed so far: 1575
# successes: 1130 (71.7%)
Current task success rate: 1.0
Current total success rate: 0.7174603174603175

Task: pick up the black bowl on the ramekin and place it on the plate view 0 0 100 0 0 initstate 0 noise 43
Success: True
# episodes completed so far: 1576
# successes: 1131 (71.8%)
Current task success rate: 1.0
Current total success rate: 0.7176395939086294

Task: pick up the black bowl on the ramekin and place it on the plate view 0 0 100 0 0 initstate 0 noise 44
Success: True
# episodes completed so far: 1577
# successes: 1132 (71.8%)
Current task success rate: 1.0
Current total success rate: 0.7178186429930248

Task: pick up the black bowl on the ramekin and place it on the plate view 0 0 100 0 0 initstate 0 noise 45
Success: True
# episodes completed so far: 1578
# successes: 1133 (71.8%)
Current task success rate: 1.0
Current total success rate: 0.7179974651457541

Task: pick up the black bowl on the ramekin and place it on the plate view 0 0 100 0 0 initstate 0 noise 46
Success: True
# episodes completed so far: 1579
# successes: 1134 (71.8%)
Current task success rate: 1.0
Current total success rate: 0.7181760607979734

Task: pick up the black bowl on the ramekin and place it on the plate view 0 0 100 0 0 initstate 0 noise 47
Success: False
# episodes completed so far: 1580
# successes: 1134 (71.8%)
Current task success rate: 0.0
Current total success rate: 0.7177215189873418

Task: pick up the black bowl on the ramekin and place it on the plate view 0 0 100 0 0 initstate 0 noise 48
Success: False
# episodes completed so far: 1581
# successes: 1134 (71.7%)
Current task success rate: 0.0
Current total success rate: 0.7172675521821632

Task: pick up the black bowl on the ramekin and place it on the plate view 0 0 100 0 0 initstate 0 noise 49
Success: True
# episodes completed so far: 1582
# successes: 1135 (71.7%)
Current task success rate: 1.0
Current total success rate: 0.7174462705436156

Task: pick up the black bowl on the ramekin and place it on the plate view 0 0 100 0 0 initstate 0 noise 50
Success: True
# episodes completed so far: 1583
# successes: 1136 (71.8%)
Current task success rate: 1.0
Current total success rate: 0.7176247631080227

Task: pick up the black bowl next to the cookie box and place it on the plate view 0 0 100 0 0 initstate 0 noise 1
Success: True
# episodes completed so far: 1584
# successes: 1137 (71.8%)
Current task success rate: 1.0
Current total success rate: 0.7178030303030303

Task: pick up the black bowl next to the cookie box and place it on the plate view 0 0 100 0 0 initstate 0 noise 3
Success: True
# episodes completed so far: 1585
# successes: 1138 (71.8%)
Current task success rate: 1.0
Current total success rate: 0.717981072555205

Task: pick up the black bowl next to the cookie box and place it on the plate view 0 0 100 0 0 initstate 0 noise 4
Success: True
# episodes completed so far: 1586
# successes: 1139 (71.8%)
Current task success rate: 1.0
Current total success rate: 0.7181588902900379

Task: pick up the black bowl next to the cookie box and place it on the plate view 0 0 100 0 0 initstate 0 noise 5
Success: True
# episodes completed so far: 1587
# successes: 1140 (71.8%)
Current task success rate: 1.0
Current total success rate: 0.718336483931947

Task: pick up the black bowl next to the cookie box and place it on the plate view 0 0 100 0 0 initstate 0 noise 6
Success: True
# episodes completed so far: 1588
# successes: 1141 (71.9%)
Current task success rate: 1.0
Current total success rate: 0.7185138539042821

Task: pick up the black bowl next to the cookie box and place it on the plate view 0 0 100 0 0 initstate 0 noise 7
Success: True
# episodes completed so far: 1589
# successes: 1142 (71.9%)
Current task success rate: 1.0
Current total success rate: 0.7186910006293267

Task: pick up the black bowl next to the cookie box and place it on the plate view 0 0 100 0 0 initstate 0 noise 8
Success: True
# episodes completed so far: 1590
# successes: 1143 (71.9%)
Current task success rate: 1.0
Current total success rate: 0.7188679245283018

Task: pick up the black bowl next to the cookie box and place it on the plate view 0 0 100 0 0 initstate 0 noise 9
Success: True
# episodes completed so far: 1591
# successes: 1144 (71.9%)
Current task success rate: 1.0
Current total success rate: 0.7190446260213702

Task: pick up the black bowl next to the cookie box and place it on the plate view 0 0 100 0 0 initstate 0 noise 10
Success: False
# episodes completed so far: 1592
# successes: 1144 (71.9%)
Current task success rate: 0.0
Current total success rate: 0.7185929648241206

Task: pick up the black bowl next to the cookie box and place it on the plate view 0 0 100 0 0 initstate 0 noise 14
Success: True
# episodes completed so far: 1593
# successes: 1145 (71.9%)
Current task success rate: 1.0
Current total success rate: 0.7187696170747018

Task: pick up the black bowl next to the cookie box and place it on the plate view 0 0 100 0 0 initstate 0 noise 15
Success: True
# episodes completed so far: 1594
# successes: 1146 (71.9%)
Current task success rate: 1.0
Current total success rate: 0.7189460476787954

Task: pick up the black bowl next to the cookie box and place it on the plate view 0 0 100 0 0 initstate 0 noise 16
Success: True
# episodes completed so far: 1595
# successes: 1147 (71.9%)
Current task success rate: 1.0
Current total success rate: 0.7191222570532916

Task: pick up the black bowl next to the cookie box and place it on the plate view 0 0 100 0 0 initstate 0 noise 17
Success: True
# episodes completed so far: 1596
# successes: 1148 (71.9%)
Current task success rate: 1.0
Current total success rate: 0.7192982456140351

Task: pick up the black bowl next to the cookie box and place it on the plate view 0 0 100 0 0 initstate 0 noise 19
Success: False
# episodes completed so far: 1597
# successes: 1148 (71.9%)
Current task success rate: 0.0
Current total success rate: 0.7188478396994364

Task: pick up the black bowl next to the cookie box and place it on the plate view 0 0 100 0 0 initstate 0 noise 20
Success: True
# episodes completed so far: 1598
# successes: 1149 (71.9%)
Current task success rate: 1.0
Current total success rate: 0.7190237797246558

Task: pick up the black bowl next to the cookie box and place it on the plate view 0 0 100 0 0 initstate 0 noise 27
Success: True
# episodes completed so far: 1599
# successes: 1150 (71.9%)
Current task success rate: 1.0
Current total success rate: 0.7191994996873046

Task: pick up the black bowl next to the cookie box and place it on the plate view 0 0 100 0 0 initstate 0 noise 28
Success: True
# episodes completed so far: 1600
# successes: 1151 (71.9%)
Current task success rate: 1.0
Current total success rate: 0.719375

Task: pick up the black bowl next to the cookie box and place it on the plate view 0 0 100 0 0 initstate 0 noise 29
Success: False
# episodes completed so far: 1601
# successes: 1151 (71.9%)
Current task success rate: 0.0
Current total success rate: 0.7189256714553404

Task: pick up the black bowl next to the cookie box and place it on the plate view 0 0 100 0 0 initstate 0 noise 30
Success: False
# episodes completed so far: 1602
# successes: 1151 (71.8%)
Current task success rate: 0.0
Current total success rate: 0.7184769038701623

Task: pick up the black bowl next to the cookie box and place it on the plate view 0 0 100 0 0 initstate 0 noise 35
Success: True
# episodes completed so far: 1603
# successes: 1152 (71.9%)
Current task success rate: 1.0
Current total success rate: 0.7186525265127885

Task: pick up the black bowl next to the cookie box and place it on the plate view 0 0 100 0 0 initstate 0 noise 36
Success: True
# episodes completed so far: 1604
# successes: 1153 (71.9%)
Current task success rate: 1.0
Current total success rate: 0.7188279301745636

Task: pick up the black bowl next to the cookie box and place it on the plate view 0 0 100 0 0 initstate 0 noise 37
Success: True
# episodes completed so far: 1605
# successes: 1154 (71.9%)
Current task success rate: 1.0
Current total success rate: 0.7190031152647975

Task: pick up the black bowl next to the cookie box and place it on the plate view 0 0 100 0 0 initstate 0 noise 38
Success: True
# episodes completed so far: 1606
# successes: 1155 (71.9%)
Current task success rate: 1.0
Current total success rate: 0.7191780821917808

Task: pick up the black bowl next to the cookie box and place it on the plate view 0 0 100 0 0 initstate 0 noise 39
Success: True
# episodes completed so far: 1607
# successes: 1156 (71.9%)
Current task success rate: 1.0
Current total success rate: 0.7193528313627878

Task: pick up the black bowl next to the cookie box and place it on the plate view 0 0 100 0 0 initstate 0 noise 40
Success: False
# episodes completed so far: 1608
# successes: 1156 (71.9%)
Current task success rate: 0.0
Current total success rate: 0.7189054726368159

Task: pick up the black bowl next to the cookie box and place it on the plate view 0 0 100 0 0 initstate 0 noise 41
Success: True
# episodes completed so far: 1609
# successes: 1157 (71.9%)
Current task success rate: 1.0
Current total success rate: 0.7190801740211311

Task: pick up the black bowl next to the cookie box and place it on the plate view 0 0 100 0 0 initstate 0 noise 43
Success: True
# episodes completed so far: 1610
# successes: 1158 (71.9%)
Current task success rate: 1.0
Current total success rate: 0.7192546583850932

Task: pick up the black bowl next to the cookie box and place it on the plate view 0 0 100 0 0 initstate 0 noise 44
Success: True
# episodes completed so far: 1611
# successes: 1159 (71.9%)
Current task success rate: 1.0
Current total success rate: 0.7194289261328367

Task: pick up the black bowl next to the cookie box and place it on the plate view 0 0 100 0 0 initstate 0 noise 45
Success: True
# episodes completed so far: 1612
# successes: 1160 (72.0%)
Current task success rate: 1.0
Current total success rate: 0.7196029776674938

Task: pick up the black bowl next to the cookie box and place it on the plate view 0 0 100 0 0 initstate 0 noise 46
Success: True
# episodes completed so far: 1613
# successes: 1161 (72.0%)
Current task success rate: 1.0
Current total success rate: 0.7197768133911965

Task: pick up the black bowl next to the cookie box and place it on the plate view 0 0 100 0 0 initstate 0 noise 47
Success: True
# episodes completed so far: 1614
# successes: 1162 (72.0%)
Current task success rate: 1.0
Current total success rate: 0.7199504337050805

Task: pick up the black bowl next to the cookie box and place it on the plate view 0 0 100 0 0 initstate 0 noise 48
Success: True
# episodes completed so far: 1615
# successes: 1163 (72.0%)
Current task success rate: 1.0
Current total success rate: 0.7201238390092879

Task: pick up the black bowl next to the cookie box and place it on the plate view 0 0 100 0 0 initstate 0 noise 49
Success: True
# episodes completed so far: 1616
# successes: 1164 (72.0%)
Current task success rate: 1.0
Current total success rate: 0.7202970297029703

Task: pick up the black bowl next to the cookie box and place it on the plate view 0 0 100 0 0 initstate 0 noise 50
Success: True
# episodes completed so far: 1617
# successes: 1165 (72.0%)
Current task success rate: 1.0
Current total success rate: 0.7204700061842919

Task: pick up the black bowl on the stove and place it on the plate view 0 0 100 0 0 initstate 0 noise 2
Success: True
# episodes completed so far: 1618
# successes: 1166 (72.1%)
Current task success rate: 1.0
Current total success rate: 0.7206427688504327

Task: pick up the black bowl on the stove and place it on the plate view 0 0 100 0 0 initstate 0 noise 3
Success: True
# episodes completed so far: 1619
# successes: 1167 (72.1%)
Current task success rate: 1.0
Current total success rate: 0.7208153180975911

Task: pick up the black bowl on the stove and place it on the plate view 0 0 100 0 0 initstate 0 noise 4
Success: True
# episodes completed so far: 1620
# successes: 1168 (72.1%)
Current task success rate: 1.0
Current total success rate: 0.7209876543209877

Task: pick up the black bowl on the stove and place it on the plate view 0 0 100 0 0 initstate 0 noise 5
Success: True
# episodes completed so far: 1621
# successes: 1169 (72.1%)
Current task success rate: 1.0
Current total success rate: 0.7211597779148674

Task: pick up the black bowl on the stove and place it on the plate view 0 0 100 0 0 initstate 0 noise 6
Success: True
# episodes completed so far: 1622
# successes: 1170 (72.1%)
Current task success rate: 1.0
Current total success rate: 0.7213316892725031

Task: pick up the black bowl on the stove and place it on the plate view 0 0 100 0 0 initstate 0 noise 7
Success: True
# episodes completed so far: 1623
# successes: 1171 (72.2%)
Current task success rate: 1.0
Current total success rate: 0.7215033887861984

Task: pick up the black bowl on the stove and place it on the plate view 0 0 100 0 0 initstate 0 noise 8
Success: True
# episodes completed so far: 1624
# successes: 1172 (72.2%)
Current task success rate: 1.0
Current total success rate: 0.7216748768472906

Task: pick up the black bowl on the stove and place it on the plate view 0 0 100 0 0 initstate 0 noise 9
Success: True
# episodes completed so far: 1625
# successes: 1173 (72.2%)
Current task success rate: 1.0
Current total success rate: 0.7218461538461538

Task: pick up the black bowl on the stove and place it on the plate view 0 0 100 0 0 initstate 0 noise 10
Success: False
# episodes completed so far: 1626
# successes: 1173 (72.1%)
Current task success rate: 0.0
Current total success rate: 0.7214022140221402

Task: pick up the black bowl on the stove and place it on the plate view 0 0 100 0 0 initstate 0 noise 12
Success: True
# episodes completed so far: 1627
# successes: 1174 (72.2%)
Current task success rate: 1.0
Current total success rate: 0.7215734480639213

Task: pick up the black bowl on the stove and place it on the plate view 0 0 100 0 0 initstate 0 noise 13
Success: True
# episodes completed so far: 1628
# successes: 1175 (72.2%)
Current task success rate: 1.0
Current total success rate: 0.7217444717444718

Task: pick up the black bowl on the stove and place it on the plate view 0 0 100 0 0 initstate 0 noise 14
Success: True
# episodes completed so far: 1629
# successes: 1176 (72.2%)
Current task success rate: 1.0
Current total success rate: 0.7219152854511971

Task: pick up the black bowl on the stove and place it on the plate view 0 0 100 0 0 initstate 0 noise 15
Success: True
# episodes completed so far: 1630
# successes: 1177 (72.2%)
Current task success rate: 1.0
Current total success rate: 0.7220858895705522

Task: pick up the black bowl on the stove and place it on the plate view 0 0 100 0 0 initstate 0 noise 16
Success: False
# episodes completed so far: 1631
# successes: 1177 (72.2%)
Current task success rate: 0.0
Current total success rate: 0.7216431637032495

Task: pick up the black bowl on the stove and place it on the plate view 0 0 100 0 0 initstate 0 noise 17
Success: False
# episodes completed so far: 1632
# successes: 1177 (72.1%)
Current task success rate: 0.0
Current total success rate: 0.7212009803921569

Task: pick up the black bowl on the stove and place it on the plate view 0 0 100 0 0 initstate 0 noise 18
Success: False
# episodes completed so far: 1633
# successes: 1177 (72.1%)
Current task success rate: 0.0
Current total success rate: 0.7207593386405389

Task: pick up the black bowl on the stove and place it on the plate view 0 0 100 0 0 initstate 0 noise 19
Success: False
# episodes completed so far: 1634
# successes: 1177 (72.0%)
Current task success rate: 0.0
Current total success rate: 0.7203182374541004

Task: pick up the black bowl on the stove and place it on the plate view 0 0 100 0 0 initstate 0 noise 20
Success: False
# episodes completed so far: 1635
# successes: 1177 (72.0%)
Current task success rate: 0.0
Current total success rate: 0.7198776758409786

Task: pick up the black bowl on the stove and place it on the plate view 0 0 100 0 0 initstate 0 noise 22
Success: False
# episodes completed so far: 1636
# successes: 1177 (71.9%)
Current task success rate: 0.0
Current total success rate: 0.719437652811736

Task: pick up the black bowl on the stove and place it on the plate view 0 0 100 0 0 initstate 0 noise 23
Success: True
# episodes completed so far: 1637
# successes: 1178 (72.0%)
Current task success rate: 1.0
Current total success rate: 0.7196090409285278

Task: pick up the black bowl on the stove and place it on the plate view 0 0 100 0 0 initstate 0 noise 24
Success: True
# episodes completed so far: 1638
# successes: 1179 (72.0%)
Current task success rate: 1.0
Current total success rate: 0.7197802197802198

Task: pick up the black bowl on the stove and place it on the plate view 0 0 100 0 0 initstate 0 noise 25
Success: False
# episodes completed so far: 1639
# successes: 1179 (71.9%)
Current task success rate: 0.0
Current total success rate: 0.7193410616229409

Task: pick up the black bowl on the stove and place it on the plate view 0 0 100 0 0 initstate 0 noise 26
Success: True
# episodes completed so far: 1640
# successes: 1180 (72.0%)
Current task success rate: 1.0
Current total success rate: 0.7195121951219512

Task: pick up the black bowl on the stove and place it on the plate view 0 0 100 0 0 initstate 0 noise 27
Success: False
# episodes completed so far: 1641
# successes: 1180 (71.9%)
Current task success rate: 0.0
Current total success rate: 0.7190737355271176

Task: pick up the black bowl on the stove and place it on the plate view 0 0 100 0 0 initstate 0 noise 28
Success: True
# episodes completed so far: 1642
# successes: 1181 (71.9%)
Current task success rate: 1.0
Current total success rate: 0.7192448233861145

Task: pick up the black bowl on the stove and place it on the plate view 0 0 100 0 0 initstate 0 noise 29
Success: False
# episodes completed so far: 1643
# successes: 1181 (71.9%)
Current task success rate: 0.0
Current total success rate: 0.7188070602556299

Task: pick up the black bowl on the stove and place it on the plate view 0 0 100 0 0 initstate 0 noise 32
Success: True
# episodes completed so far: 1644
# successes: 1182 (71.9%)
Current task success rate: 1.0
Current total success rate: 0.718978102189781

Task: pick up the black bowl on the stove and place it on the plate view 0 0 100 0 0 initstate 0 noise 36
Success: True
# episodes completed so far: 1645
# successes: 1183 (71.9%)
Current task success rate: 1.0
Current total success rate: 0.7191489361702128

Task: pick up the black bowl on the stove and place it on the plate view 0 0 100 0 0 initstate 0 noise 37
Success: True
# episodes completed so far: 1646
# successes: 1184 (71.9%)
Current task success rate: 1.0
Current total success rate: 0.7193195625759417

Task: pick up the black bowl on the stove and place it on the plate view 0 0 100 0 0 initstate 0 noise 38
Success: True
# episodes completed so far: 1647
# successes: 1185 (71.9%)
Current task success rate: 1.0
Current total success rate: 0.7194899817850637

Task: pick up the black bowl on the stove and place it on the plate view 0 0 100 0 0 initstate 0 noise 39
Success: True
# episodes completed so far: 1648
# successes: 1186 (72.0%)
Current task success rate: 1.0
Current total success rate: 0.7196601941747572

Task: pick up the black bowl on the stove and place it on the plate view 0 0 100 0 0 initstate 0 noise 40
Success: False
# episodes completed so far: 1649
# successes: 1186 (71.9%)
Current task success rate: 0.0
Current total success rate: 0.71922377198302

Task: pick up the black bowl on the stove and place it on the plate view 0 0 100 0 0 initstate 0 noise 41
Success: True
# episodes completed so far: 1650
# successes: 1187 (71.9%)
Current task success rate: 1.0
Current total success rate: 0.7193939393939394

Task: pick up the black bowl on the stove and place it on the plate view 0 0 100 0 0 initstate 0 noise 43
Success: True
# episodes completed so far: 1651
# successes: 1188 (72.0%)
Current task success rate: 1.0
Current total success rate: 0.7195639006662629

Task: pick up the black bowl on the stove and place it on the plate view 0 0 100 0 0 initstate 0 noise 44
Success: True
# episodes completed so far: 1652
# successes: 1189 (72.0%)
Current task success rate: 1.0
Current total success rate: 0.7197336561743342

Task: pick up the black bowl on the stove and place it on the plate view 0 0 100 0 0 initstate 0 noise 45
Success: True
# episodes completed so far: 1653
# successes: 1190 (72.0%)
Current task success rate: 1.0
Current total success rate: 0.719903206291591

Task: pick up the black bowl on the stove and place it on the plate view 0 0 100 0 0 initstate 0 noise 46
Success: True
# episodes completed so far: 1654
# successes: 1191 (72.0%)
Current task success rate: 1.0
Current total success rate: 0.7200725513905684

Task: pick up the black bowl on the stove and place it on the plate view 0 0 100 0 0 initstate 0 noise 47
Success: True
# episodes completed so far: 1655
# successes: 1192 (72.0%)
Current task success rate: 1.0
Current total success rate: 0.7202416918429003

Task: pick up the black bowl on the stove and place it on the plate view 0 0 100 0 0 initstate 0 noise 48
Success: True
# episodes completed so far: 1656
# successes: 1193 (72.0%)
Current task success rate: 1.0
Current total success rate: 0.7204106280193237

Task: pick up the black bowl on the stove and place it on the plate view 0 0 100 0 0 initstate 0 noise 49
Success: True
# episodes completed so far: 1657
# successes: 1194 (72.1%)
Current task success rate: 1.0
Current total success rate: 0.7205793602896802

Task: pick up the black bowl on the stove and place it on the plate view 0 0 100 0 0 initstate 0 noise 50
Success: True
# episodes completed so far: 1658
# successes: 1195 (72.1%)
Current task success rate: 1.0
Current total success rate: 0.7207478890229192

Task: pick up the black bowl next to the plate and place it on the plate view 0 0 100 0 0 initstate 0 noise 3
Success: True
# episodes completed so far: 1659
# successes: 1196 (72.1%)
Current task success rate: 1.0
Current total success rate: 0.7209162145871006

Task: pick up the black bowl next to the plate and place it on the plate view 0 0 100 0 0 initstate 0 noise 5
Success: True
# episodes completed so far: 1660
# successes: 1197 (72.1%)
Current task success rate: 1.0
Current total success rate: 0.7210843373493976

Task: pick up the black bowl next to the plate and place it on the plate view 0 0 100 0 0 initstate 0 noise 6
Success: True
# episodes completed so far: 1661
# successes: 1198 (72.1%)
Current task success rate: 1.0
Current total success rate: 0.7212522576760987

Task: pick up the black bowl next to the plate and place it on the plate view 0 0 100 0 0 initstate 0 noise 7
Success: True
# episodes completed so far: 1662
# successes: 1199 (72.1%)
Current task success rate: 1.0
Current total success rate: 0.7214199759326113

Task: pick up the black bowl next to the plate and place it on the plate view 0 0 100 0 0 initstate 0 noise 9
Success: False
# episodes completed so far: 1663
# successes: 1199 (72.1%)
Current task success rate: 0.0
Current total success rate: 0.7209861695730607

Task: pick up the black bowl next to the plate and place it on the plate view 0 0 100 0 0 initstate 0 noise 10
Success: True
# episodes completed so far: 1664
# successes: 1200 (72.1%)
Current task success rate: 1.0
Current total success rate: 0.7211538461538461

Task: pick up the black bowl next to the plate and place it on the plate view 0 0 100 0 0 initstate 0 noise 13
Success: True
# episodes completed so far: 1665
# successes: 1201 (72.1%)
Current task success rate: 1.0
Current total success rate: 0.7213213213213213

Task: pick up the black bowl next to the plate and place it on the plate view 0 0 100 0 0 initstate 0 noise 14
Success: True
# episodes completed so far: 1666
# successes: 1202 (72.1%)
Current task success rate: 1.0
Current total success rate: 0.7214885954381752

Task: pick up the black bowl next to the plate and place it on the plate view 0 0 100 0 0 initstate 0 noise 15
Success: False
# episodes completed so far: 1667
# successes: 1202 (72.1%)
Current task success rate: 0.0
Current total success rate: 0.7210557888422315

Task: pick up the black bowl next to the plate and place it on the plate view 0 0 100 0 0 initstate 0 noise 16
Success: True
# episodes completed so far: 1668
# successes: 1203 (72.1%)
Current task success rate: 1.0
Current total success rate: 0.7212230215827338

Task: pick up the black bowl next to the plate and place it on the plate view 0 0 100 0 0 initstate 0 noise 17
Success: False
# episodes completed so far: 1669
# successes: 1203 (72.1%)
Current task success rate: 0.0
Current total success rate: 0.7207908927501497

Task: pick up the black bowl next to the plate and place it on the plate view 0 0 100 0 0 initstate 0 noise 19
Success: False
# episodes completed so far: 1670
# successes: 1203 (72.0%)
Current task success rate: 0.0
Current total success rate: 0.7203592814371258

Task: pick up the black bowl next to the plate and place it on the plate view 0 0 100 0 0 initstate 0 noise 20
Success: False
# episodes completed so far: 1671
# successes: 1203 (72.0%)
Current task success rate: 0.0
Current total success rate: 0.7199281867145422

Task: pick up the black bowl next to the plate and place it on the plate view 0 0 100 0 0 initstate 0 noise 27
Success: False
# episodes completed so far: 1672
# successes: 1203 (71.9%)
Current task success rate: 0.0
Current total success rate: 0.7194976076555024

Task: pick up the black bowl next to the plate and place it on the plate view 0 0 100 0 0 initstate 0 noise 28
Success: True
# episodes completed so far: 1673
# successes: 1204 (72.0%)
Current task success rate: 1.0
Current total success rate: 0.7196652719665272

Task: pick up the black bowl next to the plate and place it on the plate view 0 0 100 0 0 initstate 0 noise 29
Success: False
# episodes completed so far: 1674
# successes: 1204 (71.9%)
Current task success rate: 0.0
Current total success rate: 0.7192353643966547

Task: pick up the black bowl next to the plate and place it on the plate view 0 0 100 0 0 initstate 0 noise 30
Success: False
# episodes completed so far: 1675
# successes: 1204 (71.9%)
Current task success rate: 0.0
Current total success rate: 0.7188059701492537

Task: pick up the black bowl next to the plate and place it on the plate view 0 0 100 0 0 initstate 0 noise 35
Success: True
# episodes completed so far: 1676
# successes: 1205 (71.9%)
Current task success rate: 1.0
Current total success rate: 0.7189737470167065

Task: pick up the black bowl next to the plate and place it on the plate view 0 0 100 0 0 initstate 0 noise 38
Success: True
# episodes completed so far: 1677
# successes: 1206 (71.9%)
Current task success rate: 1.0
Current total success rate: 0.7191413237924866

Task: pick up the black bowl next to the plate and place it on the plate view 0 0 100 0 0 initstate 0 noise 39
Success: True
# episodes completed so far: 1678
# successes: 1207 (71.9%)
Current task success rate: 1.0
Current total success rate: 0.7193087008343266

Task: pick up the black bowl next to the plate and place it on the plate view 0 0 100 0 0 initstate 0 noise 40
Success: False
# episodes completed so far: 1679
# successes: 1207 (71.9%)
Current task success rate: 0.0
Current total success rate: 0.7188802858844551

Task: pick up the black bowl next to the plate and place it on the plate view 0 0 100 0 0 initstate 0 noise 43
Success: True
# episodes completed so far: 1680
# successes: 1208 (71.9%)
Current task success rate: 1.0
Current total success rate: 0.719047619047619

Task: pick up the black bowl next to the plate and place it on the plate view 0 0 100 0 0 initstate 0 noise 45
Success: True
# episodes completed so far: 1681
# successes: 1209 (71.9%)
Current task success rate: 1.0
Current total success rate: 0.719214753123141

Task: pick up the black bowl next to the plate and place it on the plate view 0 0 100 0 0 initstate 0 noise 46
Success: True
# episodes completed so far: 1682
# successes: 1210 (71.9%)
Current task success rate: 1.0
Current total success rate: 0.7193816884661117

Task: pick up the black bowl next to the plate and place it on the plate view 0 0 100 0 0 initstate 0 noise 47
Success: False
# episodes completed so far: 1683
# successes: 1210 (71.9%)
Current task success rate: 0.0
Current total success rate: 0.7189542483660131

Task: pick up the black bowl next to the plate and place it on the plate view 0 0 100 0 0 initstate 0 noise 48
Success: True
# episodes completed so far: 1684
# successes: 1211 (71.9%)
Current task success rate: 1.0
Current total success rate: 0.7191211401425178

Task: pick up the black bowl next to the plate and place it on the plate view 0 0 100 0 0 initstate 0 noise 49
Success: True
# episodes completed so far: 1685
# successes: 1212 (71.9%)
Current task success rate: 1.0
Current total success rate: 0.7192878338278932

Task: pick up the black bowl next to the plate and place it on the plate view 0 0 100 0 0 initstate 0 noise 50
Success: True
# episodes completed so far: 1686
# successes: 1213 (71.9%)
Current task success rate: 1.0
Current total success rate: 0.7194543297746144

Task: pick up the black bowl on the wooden cabinet and place it on the plate view 0 0 100 0 0 initstate 0 noise 4
Success: True
# episodes completed so far: 1687
# successes: 1214 (72.0%)
Current task success rate: 1.0
Current total success rate: 0.7196206283343213

Task: pick up the black bowl on the wooden cabinet and place it on the plate view 0 0 100 0 0 initstate 0 noise 5
Success: True
# episodes completed so far: 1688
# successes: 1215 (72.0%)
Current task success rate: 1.0
Current total success rate: 0.7197867298578199

Task: pick up the black bowl on the wooden cabinet and place it on the plate view 0 0 100 0 0 initstate 0 noise 6
Success: True
# episodes completed so far: 1689
# successes: 1216 (72.0%)
Current task success rate: 1.0
Current total success rate: 0.7199526346950859

Task: pick up the black bowl on the wooden cabinet and place it on the plate view 0 0 100 0 0 initstate 0 noise 7
Success: False
# episodes completed so far: 1690
# successes: 1216 (72.0%)
Current task success rate: 0.0
Current total success rate: 0.7195266272189349

Task: pick up the black bowl on the wooden cabinet and place it on the plate view 0 0 100 0 0 initstate 0 noise 8
Success: False
# episodes completed so far: 1691
# successes: 1216 (71.9%)
Current task success rate: 0.0
Current total success rate: 0.7191011235955056

Task: pick up the black bowl on the wooden cabinet and place it on the plate view 0 0 100 0 0 initstate 0 noise 9
Success: False
# episodes completed so far: 1692
# successes: 1216 (71.9%)
Current task success rate: 0.0
Current total success rate: 0.7186761229314421

Task: pick up the black bowl on the wooden cabinet and place it on the plate view 0 0 100 0 0 initstate 0 noise 10
Success: False
# episodes completed so far: 1693
# successes: 1216 (71.8%)
Current task success rate: 0.0
Current total success rate: 0.7182516243354992

Task: pick up the black bowl on the wooden cabinet and place it on the plate view 0 0 100 0 0 initstate 0 noise 12
Success: True
# episodes completed so far: 1694
# successes: 1217 (71.8%)
Current task success rate: 1.0
Current total success rate: 0.718417945690673

Task: pick up the black bowl on the wooden cabinet and place it on the plate view 0 0 100 0 0 initstate 0 noise 13
Success: True
# episodes completed so far: 1695
# successes: 1218 (71.9%)
Current task success rate: 1.0
Current total success rate: 0.7185840707964601

Task: pick up the black bowl on the wooden cabinet and place it on the plate view 0 0 100 0 0 initstate 0 noise 14
Success: True
# episodes completed so far: 1696
# successes: 1219 (71.9%)
Current task success rate: 1.0
Current total success rate: 0.71875

Task: pick up the black bowl on the wooden cabinet and place it on the plate view 0 0 100 0 0 initstate 0 noise 15
Success: False
# episodes completed so far: 1697
# successes: 1219 (71.8%)
Current task success rate: 0.0
Current total success rate: 0.718326458456099

Task: pick up the black bowl on the wooden cabinet and place it on the plate view 0 0 100 0 0 initstate 0 noise 16
Success: False
# episodes completed so far: 1698
# successes: 1219 (71.8%)
Current task success rate: 0.0
Current total success rate: 0.7179034157832744

Task: pick up the black bowl on the wooden cabinet and place it on the plate view 0 0 100 0 0 initstate 0 noise 17
Success: False
# episodes completed so far: 1699
# successes: 1219 (71.7%)
Current task success rate: 0.0
Current total success rate: 0.7174808711006474

Task: pick up the black bowl on the wooden cabinet and place it on the plate view 0 0 100 0 0 initstate 0 noise 18
Success: False
# episodes completed so far: 1700
# successes: 1219 (71.7%)
Current task success rate: 0.0
Current total success rate: 0.7170588235294117

Task: pick up the black bowl on the wooden cabinet and place it on the plate view 0 0 100 0 0 initstate 0 noise 19
Success: False
# episodes completed so far: 1701
# successes: 1219 (71.7%)
Current task success rate: 0.0
Current total success rate: 0.7166372721928278

Task: pick up the black bowl on the wooden cabinet and place it on the plate view 0 0 100 0 0 initstate 0 noise 20
Success: False
# episodes completed so far: 1702
# successes: 1219 (71.6%)
Current task success rate: 0.0
Current total success rate: 0.7162162162162162

Task: pick up the black bowl on the wooden cabinet and place it on the plate view 0 0 100 0 0 initstate 0 noise 22
Success: False
# episodes completed so far: 1703
# successes: 1219 (71.6%)
Current task success rate: 0.0
Current total success rate: 0.7157956547269524

Task: pick up the black bowl on the wooden cabinet and place it on the plate view 0 0 100 0 0 initstate 0 noise 25
Success: True
# episodes completed so far: 1704
# successes: 1220 (71.6%)
Current task success rate: 1.0
Current total success rate: 0.715962441314554

Task: pick up the black bowl on the wooden cabinet and place it on the plate view 0 0 100 0 0 initstate 0 noise 26
Success: False
# episodes completed so far: 1705
# successes: 1220 (71.6%)
Current task success rate: 0.0
Current total success rate: 0.7155425219941349

Task: pick up the black bowl on the wooden cabinet and place it on the plate view 0 0 100 0 0 initstate 0 noise 27
Success: False
# episodes completed so far: 1706
# successes: 1220 (71.5%)
Current task success rate: 0.0
Current total success rate: 0.7151230949589683

Task: pick up the black bowl on the wooden cabinet and place it on the plate view 0 0 100 0 0 initstate 0 noise 28
Success: False
# episodes completed so far: 1707
# successes: 1220 (71.5%)
Current task success rate: 0.0
Current total success rate: 0.7147041593438781

Task: pick up the black bowl on the wooden cabinet and place it on the plate view 0 0 100 0 0 initstate 0 noise 29
Success: False
# episodes completed so far: 1708
# successes: 1220 (71.4%)
Current task success rate: 0.0
Current total success rate: 0.7142857142857143

Task: pick up the black bowl on the wooden cabinet and place it on the plate view 0 0 100 0 0 initstate 0 noise 30
Success: False
# episodes completed so far: 1709
# successes: 1220 (71.4%)
Current task success rate: 0.0
Current total success rate: 0.713867758923347

Task: pick up the black bowl on the wooden cabinet and place it on the plate view 0 0 100 0 0 initstate 0 noise 32
Success: True
# episodes completed so far: 1710
# successes: 1221 (71.4%)
Current task success rate: 1.0
Current total success rate: 0.7140350877192982

Task: pick up the black bowl on the wooden cabinet and place it on the plate view 0 0 100 0 0 initstate 0 noise 35
Success: True
# episodes completed so far: 1711
# successes: 1222 (71.4%)
Current task success rate: 1.0
Current total success rate: 0.7142022209234365

Task: pick up the black bowl on the wooden cabinet and place it on the plate view 0 0 100 0 0 initstate 0 noise 36
Success: True
# episodes completed so far: 1712
# successes: 1223 (71.4%)
Current task success rate: 1.0
Current total success rate: 0.7143691588785047

Task: pick up the black bowl on the wooden cabinet and place it on the plate view 0 0 100 0 0 initstate 0 noise 37
Success: True
# episodes completed so far: 1713
# successes: 1224 (71.5%)
Current task success rate: 1.0
Current total success rate: 0.7145359019264448

Task: pick up the black bowl on the wooden cabinet and place it on the plate view 0 0 100 0 0 initstate 0 noise 38
Success: True
# episodes completed so far: 1714
# successes: 1225 (71.5%)
Current task success rate: 1.0
Current total success rate: 0.7147024504084014

Task: pick up the black bowl on the wooden cabinet and place it on the plate view 0 0 100 0 0 initstate 0 noise 39
Success: False
# episodes completed so far: 1715
# successes: 1225 (71.4%)
Current task success rate: 0.0
Current total success rate: 0.7142857142857143

Task: pick up the black bowl on the wooden cabinet and place it on the plate view 0 0 100 0 0 initstate 0 noise 40
Success: False
# episodes completed so far: 1716
# successes: 1225 (71.4%)
Current task success rate: 0.0
Current total success rate: 0.7138694638694638

Task: pick up the black bowl on the wooden cabinet and place it on the plate view 0 0 100 0 0 initstate 0 noise 41
Success: True
# episodes completed so far: 1717
# successes: 1226 (71.4%)
Current task success rate: 1.0
Current total success rate: 0.7140361094933023

Task: pick up the black bowl on the wooden cabinet and place it on the plate view 0 0 100 0 0 initstate 0 noise 43
Success: True
# episodes completed so far: 1718
# successes: 1227 (71.4%)
Current task success rate: 1.0
Current total success rate: 0.7142025611175786

Task: pick up the black bowl on the wooden cabinet and place it on the plate view 0 0 100 0 0 initstate 0 noise 44
Success: True
# episodes completed so far: 1719
# successes: 1228 (71.4%)
Current task success rate: 1.0
Current total success rate: 0.7143688190808609

Task: pick up the black bowl on the wooden cabinet and place it on the plate view 0 0 100 0 0 initstate 0 noise 45
Success: True
# episodes completed so far: 1720
# successes: 1229 (71.5%)
Current task success rate: 1.0
Current total success rate: 0.7145348837209302

Task: pick up the black bowl on the wooden cabinet and place it on the plate view 0 0 100 0 0 initstate 0 noise 46
Success: True
# episodes completed so far: 1721
# successes: 1230 (71.5%)
Current task success rate: 1.0
Current total success rate: 0.7147007553747821

Task: pick up the black bowl on the wooden cabinet and place it on the plate view 0 0 100 0 0 initstate 0 noise 47
Success: True
# episodes completed so far: 1722
# successes: 1231 (71.5%)
Current task success rate: 1.0
Current total success rate: 0.7148664343786295

Task: pick up the black bowl on the wooden cabinet and place it on the plate view 0 0 100 0 0 initstate 0 noise 48
Success: True
# episodes completed so far: 1723
# successes: 1232 (71.5%)
Current task success rate: 1.0
Current total success rate: 0.7150319210679048

Task: pick up the black bowl on the wooden cabinet and place it on the plate view 0 0 100 0 0 initstate 0 noise 49
Success: False
# episodes completed so far: 1724
# successes: 1232 (71.5%)
Current task success rate: 0.0
Current total success rate: 0.7146171693735499

Task: pick up the black bowl on the wooden cabinet and place it on the plate view 0 0 100 0 0 initstate 0 noise 50
Success: False
# episodes completed so far: 1725
# successes: 1232 (71.4%)
Current task success rate: 0.0
Current total success rate: 0.7142028985507246

Task: pick up the black bowl between the plate and the ramekin and place it on the plate add 10
Success: True
# episodes completed so far: 1726
# successes: 1233 (71.4%)
Current task success rate: 1.0
Current total success rate: 0.7143684820393974

Task: pick up the black bowl between the plate and the ramekin and place it on the plate add 11
Success: True
# episodes completed so far: 1727
# successes: 1234 (71.5%)
Current task success rate: 1.0
Current total success rate: 0.7145338737695426

Task: pick up the black bowl between the plate and the ramekin and place it on the plate add 12
Success: True
# episodes completed so far: 1728
# successes: 1235 (71.5%)
Current task success rate: 1.0
Current total success rate: 0.7146990740740741

Task: pick up the black bowl between the plate and the ramekin and place it on the plate add 13
Success: True
# episodes completed so far: 1729
# successes: 1236 (71.5%)
Current task success rate: 1.0
Current total success rate: 0.714864083285136

Task: pick up the black bowl between the plate and the ramekin and place it on the plate add 14
Success: True
# episodes completed so far: 1730
# successes: 1237 (71.5%)
Current task success rate: 1.0
Current total success rate: 0.715028901734104

Task: pick up the black bowl between the plate and the ramekin and place it on the plate add 15
Success: True
# episodes completed so far: 1731
# successes: 1238 (71.5%)
Current task success rate: 1.0
Current total success rate: 0.7151935297515887

Task: pick up the black bowl between the plate and the ramekin and place it on the plate add 16
Success: True
# episodes completed so far: 1732
# successes: 1239 (71.5%)
Current task success rate: 1.0
Current total success rate: 0.7153579676674365

Task: pick up the black bowl between the plate and the ramekin and place it on the plate add 18
Success: True
# episodes completed so far: 1733
# successes: 1240 (71.6%)
Current task success rate: 1.0
Current total success rate: 0.7155222158107328

Task: pick up the black bowl between the plate and the ramekin and place it on the plate add 19
Success: True
# episodes completed so far: 1734
# successes: 1241 (71.6%)
Current task success rate: 1.0
Current total success rate: 0.7156862745098039

Task: pick up the black bowl between the plate and the ramekin and place it on the plate add 2
Success: True
# episodes completed so far: 1735
# successes: 1242 (71.6%)
Current task success rate: 1.0
Current total success rate: 0.715850144092219

Task: pick up the black bowl between the plate and the ramekin and place it on the plate add 20
Success: True
# episodes completed so far: 1736
# successes: 1243 (71.6%)
Current task success rate: 1.0
Current total success rate: 0.7160138248847926

Task: pick up the black bowl between the plate and the ramekin and place it on the plate add 22
Success: True
# episodes completed so far: 1737
# successes: 1244 (71.6%)
Current task success rate: 1.0
Current total success rate: 0.7161773172135867

Task: pick up the black bowl between the plate and the ramekin and place it on the plate add 23
Success: True
# episodes completed so far: 1738
# successes: 1245 (71.6%)
Current task success rate: 1.0
Current total success rate: 0.7163406214039125

Task: pick up the black bowl between the plate and the ramekin and place it on the plate add 24
Success: True
# episodes completed so far: 1739
# successes: 1246 (71.7%)
Current task success rate: 1.0
Current total success rate: 0.7165037377803335

Task: pick up the black bowl between the plate and the ramekin and place it on the plate add 25
Success: True
# episodes completed so far: 1740
# successes: 1247 (71.7%)
Current task success rate: 1.0
Current total success rate: 0.7166666666666667

Task: pick up the black bowl between the plate and the ramekin and place it on the plate add 26
Success: True
# episodes completed so far: 1741
# successes: 1248 (71.7%)
Current task success rate: 1.0
Current total success rate: 0.7168294083859851

Task: pick up the black bowl between the plate and the ramekin and place it on the plate add 27
Success: True
# episodes completed so far: 1742
# successes: 1249 (71.7%)
Current task success rate: 1.0
Current total success rate: 0.71699196326062

Task: pick up the black bowl between the plate and the ramekin and place it on the plate add 28
Success: True
# episodes completed so far: 1743
# successes: 1250 (71.7%)
Current task success rate: 1.0
Current total success rate: 0.7171543316121629

Task: pick up the black bowl between the plate and the ramekin and place it on the plate add 29
Success: True
# episodes completed so far: 1744
# successes: 1251 (71.7%)
Current task success rate: 1.0
Current total success rate: 0.7173165137614679

Task: pick up the black bowl between the plate and the ramekin and place it on the plate add 30
Success: True
# episodes completed so far: 1745
# successes: 1252 (71.7%)
Current task success rate: 1.0
Current total success rate: 0.7174785100286533

Task: pick up the black bowl between the plate and the ramekin and place it on the plate add 5
Success: True
# episodes completed so far: 1746
# successes: 1253 (71.8%)
Current task success rate: 1.0
Current total success rate: 0.7176403207331042

Task: pick up the black bowl between the plate and the ramekin and place it on the plate add 7
Success: True
# episodes completed so far: 1747
# successes: 1254 (71.8%)
Current task success rate: 1.0
Current total success rate: 0.7178019461934745

Task: pick up the black bowl between the plate and the ramekin and place it on the plate add 8
Success: True
# episodes completed so far: 1748
# successes: 1255 (71.8%)
Current task success rate: 1.0
Current total success rate: 0.7179633867276888

Task: pick up the black bowl between the plate and the ramekin and place it on the plate add 9
Success: True
# episodes completed so far: 1749
# successes: 1256 (71.8%)
Current task success rate: 1.0
Current total success rate: 0.7181246426529445

Task: pick up the black bowl between the plate and the ramekin and place it on the plate level1 sample1
Success: True
# episodes completed so far: 1750
# successes: 1257 (71.8%)
Current task success rate: 1.0
Current total success rate: 0.7182857142857143

Task: pick up the black bowl between the plate and the ramekin and place it on the plate level1 sample2
Success: True
# episodes completed so far: 1751
# successes: 1258 (71.8%)
Current task success rate: 1.0
Current total success rate: 0.7184466019417476

Task: pick up the black bowl between the plate and the ramekin and place it on the plate level1 sample3
Success: True
# episodes completed so far: 1752
# successes: 1259 (71.9%)
Current task success rate: 1.0
Current total success rate: 0.718607305936073

Task: pick up the black bowl between the plate and the ramekin and place it on the plate level1 sample4
Success: True
# episodes completed so far: 1753
# successes: 1260 (71.9%)
Current task success rate: 1.0
Current total success rate: 0.7187678265830005

Task: pick up the black bowl between the plate and the ramekin and place it on the plate level2 sample1
Success: True
# episodes completed so far: 1754
# successes: 1261 (71.9%)
Current task success rate: 1.0
Current total success rate: 0.7189281641961232

Task: pick up the black bowl between the plate and the ramekin and place it on the plate level2 sample2
Success: True
# episodes completed so far: 1755
# successes: 1262 (71.9%)
Current task success rate: 1.0
Current total success rate: 0.719088319088319

Task: pick up the black bowl between the plate and the ramekin and place it on the plate level2 sample3
Success: True
# episodes completed so far: 1756
# successes: 1263 (71.9%)
Current task success rate: 1.0
Current total success rate: 0.719248291571754

Task: pick up the black bowl between the plate and the ramekin and place it on the plate level2 sample4
Success: True
# episodes completed so far: 1757
# successes: 1264 (71.9%)
Current task success rate: 1.0
Current total success rate: 0.7194080819578828

Task: pick up the black bowl between the plate and the ramekin and place it on the plate level3 sample1
Success: True
# episodes completed so far: 1758
# successes: 1265 (72.0%)
Current task success rate: 1.0
Current total success rate: 0.7195676905574516

Task: pick up the black bowl between the plate and the ramekin and place it on the plate level3 sample2
Success: True
# episodes completed so far: 1759
# successes: 1266 (72.0%)
Current task success rate: 1.0
Current total success rate: 0.7197271176805002

Task: pick up the black bowl between the plate and the ramekin and place it on the plate level3 sample3
Success: False
# episodes completed so far: 1760
# successes: 1266 (71.9%)
Current task success rate: 0.0
Current total success rate: 0.7193181818181819

Task: pick up the black bowl between the plate and the ramekin and place it on the plate level3 sample4
Success: True
# episodes completed so far: 1761
# successes: 1267 (71.9%)
Current task success rate: 1.0
Current total success rate: 0.7194775695627484

Task: pick up the black bowl between the plate and the ramekin and place it on the plate level4 sample1
Success: True
# episodes completed so far: 1762
# successes: 1268 (72.0%)
Current task success rate: 1.0
Current total success rate: 0.7196367763904654

Task: pick up the black bowl between the plate and the ramekin and place it on the plate level4 sample2
Success: False
# episodes completed so far: 1763
# successes: 1268 (71.9%)
Current task success rate: 0.0
Current total success rate: 0.7192285876347135

Task: pick up the black bowl between the plate and the ramekin and place it on the plate level4 sample3
Success: True
# episodes completed so far: 1764
# successes: 1269 (71.9%)
Current task success rate: 1.0
Current total success rate: 0.7193877551020408

Task: pick up the black bowl between the plate and the ramekin and place it on the plate level4 sample4
Success: False
# episodes completed so far: 1765
# successes: 1269 (71.9%)
Current task success rate: 0.0
Current total success rate: 0.7189801699716714

Task: pick up the black bowl between the plate and the ramekin and place it on the plate level5 sample1
Success: True
# episodes completed so far: 1766
# successes: 1270 (71.9%)
Current task success rate: 1.0
Current total success rate: 0.7191392978482446

Task: pick up the black bowl between the plate and the ramekin and place it on the plate level5 sample2
Success: True
# episodes completed so far: 1767
# successes: 1271 (71.9%)
Current task success rate: 1.0
Current total success rate: 0.7192982456140351

Task: pick up the black bowl between the plate and the ramekin and place it on the plate level5 sample3
Success: False
# episodes completed so far: 1768
# successes: 1271 (71.9%)
Current task success rate: 0.0
Current total success rate: 0.7188914027149321

Task: pick up the black bowl between the plate and the ramekin and place it on the plate level5 sample4
Success: True
# episodes completed so far: 1769
# successes: 1272 (71.9%)
Current task success rate: 1.0
Current total success rate: 0.7190503109101187

Task: pick up the black bowl from table center and place it on the plate add 10
Success: True
# episodes completed so far: 1770
# successes: 1273 (71.9%)
Current task success rate: 1.0
Current total success rate: 0.7192090395480226

Task: pick up the black bowl from table center and place it on the plate add 11
Success: True
# episodes completed so far: 1771
# successes: 1274 (71.9%)
Current task success rate: 1.0
Current total success rate: 0.7193675889328063

Task: pick up the black bowl from table center and place it on the plate add 14
Success: True
# episodes completed so far: 1772
# successes: 1275 (72.0%)
Current task success rate: 1.0
Current total success rate: 0.7195259593679458

Task: pick up the black bowl from table center and place it on the plate add 15
Success: True
# episodes completed so far: 1773
# successes: 1276 (72.0%)
Current task success rate: 1.0
Current total success rate: 0.7196841511562324

Task: pick up the black bowl from table center and place it on the plate add 16
Success: True
# episodes completed so far: 1774
# successes: 1277 (72.0%)
Current task success rate: 1.0
Current total success rate: 0.7198421645997746

Task: pick up the black bowl from table center and place it on the plate add 17
Success: True
# episodes completed so far: 1775
# successes: 1278 (72.0%)
Current task success rate: 1.0
Current total success rate: 0.72

Task: pick up the black bowl from table center and place it on the plate add 20
Success: True
# episodes completed so far: 1776
# successes: 1279 (72.0%)
Current task success rate: 1.0
Current total success rate: 0.7201576576576577

Task: pick up the black bowl from table center and place it on the plate add 21
Success: True
# episodes completed so far: 1777
# successes: 1280 (72.0%)
Current task success rate: 1.0
Current total success rate: 0.7203151378728193

Task: pick up the black bowl from table center and place it on the plate add 22
Success: True
# episodes completed so far: 1778
# successes: 1281 (72.0%)
Current task success rate: 1.0
Current total success rate: 0.7204724409448819

Task: pick up the black bowl from table center and place it on the plate add 24
Success: True
# episodes completed so far: 1779
# successes: 1282 (72.1%)
Current task success rate: 1.0
Current total success rate: 0.7206295671725689

Task: pick up the black bowl from table center and place it on the plate add 25
Success: True
# episodes completed so far: 1780
# successes: 1283 (72.1%)
Current task success rate: 1.0
Current total success rate: 0.7207865168539326

Task: pick up the black bowl from table center and place it on the plate add 26
Success: True
# episodes completed so far: 1781
# successes: 1284 (72.1%)
Current task success rate: 1.0
Current total success rate: 0.720943290286356

Task: pick up the black bowl from table center and place it on the plate add 27
Success: True
# episodes completed so far: 1782
# successes: 1285 (72.1%)
Current task success rate: 1.0
Current total success rate: 0.7210998877665544

Task: pick up the black bowl from table center and place it on the plate add 28
Success: True
# episodes completed so far: 1783
# successes: 1286 (72.1%)
Current task success rate: 1.0
Current total success rate: 0.7212563095905776

Task: pick up the black bowl from table center and place it on the plate add 29
Success: True
# episodes completed so far: 1784
# successes: 1287 (72.1%)
Current task success rate: 1.0
Current total success rate: 0.7214125560538116

Task: pick up the black bowl from table center and place it on the plate add 3
Success: True
# episodes completed so far: 1785
# successes: 1288 (72.2%)
Current task success rate: 1.0
Current total success rate: 0.7215686274509804

Task: pick up the black bowl from table center and place it on the plate add 30
Success: True
# episodes completed so far: 1786
# successes: 1289 (72.2%)
Current task success rate: 1.0
Current total success rate: 0.7217245240761478

Task: pick up the black bowl from table center and place it on the plate add 4
Success: True
# episodes completed so far: 1787
# successes: 1290 (72.2%)
Current task success rate: 1.0
Current total success rate: 0.7218802462227196

Task: pick up the black bowl from table center and place it on the plate add 5
Success: True
# episodes completed so far: 1788
# successes: 1291 (72.2%)
Current task success rate: 1.0
Current total success rate: 0.7220357941834452

Task: pick up the black bowl from table center and place it on the plate add 7
Success: True
# episodes completed so far: 1789
# successes: 1292 (72.2%)
Current task success rate: 1.0
Current total success rate: 0.7221911682504192

Task: pick up the black bowl from table center and place it on the plate add 9
Success: True
# episodes completed so far: 1790
# successes: 1293 (72.2%)
Current task success rate: 1.0
Current total success rate: 0.7223463687150838

Task: pick up the black bowl from table center and place it on the plate level1 sample1
Success: True
# episodes completed so far: 1791
# successes: 1294 (72.3%)
Current task success rate: 1.0
Current total success rate: 0.72250139586823

Task: pick up the black bowl from table center and place it on the plate level1 sample2
Success: True
# episodes completed so far: 1792
# successes: 1295 (72.3%)
Current task success rate: 1.0
Current total success rate: 0.72265625

Task: pick up the black bowl from table center and place it on the plate level1 sample3
Success: True
# episodes completed so far: 1793
# successes: 1296 (72.3%)
Current task success rate: 1.0
Current total success rate: 0.7228109313998885

Task: pick up the black bowl from table center and place it on the plate level1 sample4
Success: True
# episodes completed so far: 1794
# successes: 1297 (72.3%)
Current task success rate: 1.0
Current total success rate: 0.7229654403567447

Task: pick up the black bowl from table center and place it on the plate level2 sample1
Success: True
# episodes completed so far: 1795
# successes: 1298 (72.3%)
Current task success rate: 1.0
Current total success rate: 0.7231197771587744

Task: pick up the black bowl from table center and place it on the plate level2 sample2
Success: True
# episodes completed so far: 1796
# successes: 1299 (72.3%)
Current task success rate: 1.0
Current total success rate: 0.7232739420935412

Task: pick up the black bowl from table center and place it on the plate level2 sample3
Success: True
# episodes completed so far: 1797
# successes: 1300 (72.3%)
Current task success rate: 1.0
Current total success rate: 0.7234279354479688

Task: pick up the black bowl from table center and place it on the plate level3 sample1
Success: True
# episodes completed so far: 1798
# successes: 1301 (72.4%)
Current task success rate: 1.0
Current total success rate: 0.7235817575083426

Task: pick up the black bowl from table center and place it on the plate level3 sample2
Success: True
# episodes completed so far: 1799
# successes: 1302 (72.4%)
Current task success rate: 1.0
Current total success rate: 0.7237354085603113

Task: pick up the black bowl from table center and place it on the plate level3 sample3
Success: True
# episodes completed so far: 1800
# successes: 1303 (72.4%)
Current task success rate: 1.0
Current total success rate: 0.7238888888888889

Task: pick up the black bowl from table center and place it on the plate level3 sample4
Success: True
# episodes completed so far: 1801
# successes: 1304 (72.4%)
Current task success rate: 1.0
Current total success rate: 0.7240421987784564

Task: pick up the black bowl from table center and place it on the plate level4 sample1
Success: True
# episodes completed so far: 1802
# successes: 1305 (72.4%)
Current task success rate: 1.0
Current total success rate: 0.7241953385127636

Task: pick up the black bowl from table center and place it on the plate level4 sample2
Success: True
# episodes completed so far: 1803
# successes: 1306 (72.4%)
Current task success rate: 1.0
Current total success rate: 0.7243483083749307

Task: pick up the black bowl from table center and place it on the plate level4 sample3
Success: True
# episodes completed so far: 1804
# successes: 1307 (72.5%)
Current task success rate: 1.0
Current total success rate: 0.7245011086474501

Task: pick up the black bowl from table center and place it on the plate level5 sample1
Success: True
# episodes completed so far: 1805
# successes: 1308 (72.5%)
Current task success rate: 1.0
Current total success rate: 0.7246537396121884

Task: pick up the black bowl from table center and place it on the plate level5 sample2
Success: True
# episodes completed so far: 1806
# successes: 1309 (72.5%)
Current task success rate: 1.0
Current total success rate: 0.7248062015503876

Task: pick up the black bowl from table center and place it on the plate level5 sample4
Success: True
# episodes completed so far: 1807
# successes: 1310 (72.5%)
Current task success rate: 1.0
Current total success rate: 0.7249584947426674

Task: pick up the black bowl in the top drawer of the wooden cabinet and place it on the plate add 1
Success: True
# episodes completed so far: 1808
# successes: 1311 (72.5%)
Current task success rate: 1.0
Current total success rate: 0.7251106194690266

Task: pick up the black bowl in the top drawer of the wooden cabinet and place it on the plate add 10
Success: True
# episodes completed so far: 1809
# successes: 1312 (72.5%)
Current task success rate: 1.0
Current total success rate: 0.7252625760088447

Task: pick up the black bowl in the top drawer of the wooden cabinet and place it on the plate add 11
Success: True
# episodes completed so far: 1810
# successes: 1313 (72.5%)
Current task success rate: 1.0
Current total success rate: 0.7254143646408839

Task: pick up the black bowl in the top drawer of the wooden cabinet and place it on the plate add 12
Success: True
# episodes completed so far: 1811
# successes: 1314 (72.6%)
Current task success rate: 1.0
Current total success rate: 0.725565985643291

Task: pick up the black bowl in the top drawer of the wooden cabinet and place it on the plate add 13
Success: True
# episodes completed so far: 1812
# successes: 1315 (72.6%)
Current task success rate: 1.0
Current total success rate: 0.7257174392935982

Task: pick up the black bowl in the top drawer of the wooden cabinet and place it on the plate add 15
Success: True
# episodes completed so far: 1813
# successes: 1316 (72.6%)
Current task success rate: 1.0
Current total success rate: 0.7258687258687259

Task: pick up the black bowl in the top drawer of the wooden cabinet and place it on the plate add 16
Success: True
# episodes completed so far: 1814
# successes: 1317 (72.6%)
Current task success rate: 1.0
Current total success rate: 0.7260198456449835

Task: pick up the black bowl in the top drawer of the wooden cabinet and place it on the plate add 17
Success: True
# episodes completed so far: 1815
# successes: 1318 (72.6%)
Current task success rate: 1.0
Current total success rate: 0.7261707988980717

Task: pick up the black bowl in the top drawer of the wooden cabinet and place it on the plate add 18
Success: True
# episodes completed so far: 1816
# successes: 1319 (72.6%)
Current task success rate: 1.0
Current total success rate: 0.7263215859030837

Task: pick up the black bowl in the top drawer of the wooden cabinet and place it on the plate add 19
Success: True
# episodes completed so far: 1817
# successes: 1320 (72.6%)
Current task success rate: 1.0
Current total success rate: 0.7264722069345074

Task: pick up the black bowl in the top drawer of the wooden cabinet and place it on the plate add 20
Success: True
# episodes completed so far: 1818
# successes: 1321 (72.7%)
Current task success rate: 1.0
Current total success rate: 0.7266226622662266

Task: pick up the black bowl in the top drawer of the wooden cabinet and place it on the plate add 21
Success: True
# episodes completed so far: 1819
# successes: 1322 (72.7%)
Current task success rate: 1.0
Current total success rate: 0.7267729521715228

Task: pick up the black bowl in the top drawer of the wooden cabinet and place it on the plate add 22
Success: True
# episodes completed so far: 1820
# successes: 1323 (72.7%)
Current task success rate: 1.0
Current total success rate: 0.7269230769230769

Task: pick up the black bowl in the top drawer of the wooden cabinet and place it on the plate add 23
Success: True
# episodes completed so far: 1821
# successes: 1324 (72.7%)
Current task success rate: 1.0
Current total success rate: 0.7270730367929709

Task: pick up the black bowl in the top drawer of the wooden cabinet and place it on the plate add 24
Success: True
# episodes completed so far: 1822
# successes: 1325 (72.7%)
Current task success rate: 1.0
Current total success rate: 0.7272228320526893

Task: pick up the black bowl in the top drawer of the wooden cabinet and place it on the plate add 25
Success: True
# episodes completed so far: 1823
# successes: 1326 (72.7%)
Current task success rate: 1.0
Current total success rate: 0.7273724629731212

Task: pick up the black bowl in the top drawer of the wooden cabinet and place it on the plate add 26
Success: True
# episodes completed so far: 1824
# successes: 1327 (72.8%)
Current task success rate: 1.0
Current total success rate: 0.7275219298245614

Task: pick up the black bowl in the top drawer of the wooden cabinet and place it on the plate add 27
Success: True
# episodes completed so far: 1825
# successes: 1328 (72.8%)
Current task success rate: 1.0
Current total success rate: 0.7276712328767123

Task: pick up the black bowl in the top drawer of the wooden cabinet and place it on the plate add 28
Success: True
# episodes completed so far: 1826
# successes: 1329 (72.8%)
Current task success rate: 1.0
Current total success rate: 0.7278203723986857

Task: pick up the black bowl in the top drawer of the wooden cabinet and place it on the plate add 29
Success: True
# episodes completed so far: 1827
# successes: 1330 (72.8%)
Current task success rate: 1.0
Current total success rate: 0.7279693486590039

Task: pick up the black bowl in the top drawer of the wooden cabinet and place it on the plate add 3
Success: True
# episodes completed so far: 1828
# successes: 1331 (72.8%)
Current task success rate: 1.0
Current total success rate: 0.7281181619256017

Task: pick up the black bowl in the top drawer of the wooden cabinet and place it on the plate add 30
Success: True
# episodes completed so far: 1829
# successes: 1332 (72.8%)
Current task success rate: 1.0
Current total success rate: 0.7282668124658284

Task: pick up the black bowl in the top drawer of the wooden cabinet and place it on the plate add 5
Success: True
# episodes completed so far: 1830
# successes: 1333 (72.8%)
Current task success rate: 1.0
Current total success rate: 0.7284153005464481

Task: pick up the black bowl in the top drawer of the wooden cabinet and place it on the plate add 7
Success: True
# episodes completed so far: 1831
# successes: 1334 (72.9%)
Current task success rate: 1.0
Current total success rate: 0.7285636264336428

Task: pick up the black bowl in the top drawer of the wooden cabinet and place it on the plate add 8
Success: True
# episodes completed so far: 1832
# successes: 1335 (72.9%)
Current task success rate: 1.0
Current total success rate: 0.7287117903930131

Task: pick up the black bowl in the top drawer of the wooden cabinet and place it on the plate add 9
Success: True
# episodes completed so far: 1833
# successes: 1336 (72.9%)
Current task success rate: 1.0
Current total success rate: 0.7288597926895799

Task: pick up the black bowl in the top drawer of the wooden cabinet and place it on the plate level1 sample1
Success: True
# episodes completed so far: 1834
# successes: 1337 (72.9%)
Current task success rate: 1.0
Current total success rate: 0.7290076335877863

Task: pick up the black bowl in the top drawer of the wooden cabinet and place it on the plate level1 sample2
Success: True
# episodes completed so far: 1835
# successes: 1338 (72.9%)
Current task success rate: 1.0
Current total success rate: 0.7291553133514986

Task: pick up the black bowl in the top drawer of the wooden cabinet and place it on the plate level1 sample3
Success: True
# episodes completed so far: 1836
# successes: 1339 (72.9%)
Current task success rate: 1.0
Current total success rate: 0.7293028322440087

Task: pick up the black bowl in the top drawer of the wooden cabinet and place it on the plate level1 sample4
Success: True
# episodes completed so far: 1837
# successes: 1340 (72.9%)
Current task success rate: 1.0
Current total success rate: 0.7294501905280348

Task: pick up the black bowl in the top drawer of the wooden cabinet and place it on the plate level2 sample1
Success: True
# episodes completed so far: 1838
# successes: 1341 (73.0%)
Current task success rate: 1.0
Current total success rate: 0.7295973884657236

Task: pick up the black bowl in the top drawer of the wooden cabinet and place it on the plate level2 sample2
Success: False
# episodes completed so far: 1839
# successes: 1341 (72.9%)
Current task success rate: 0.0
Current total success rate: 0.7292006525285482

Task: pick up the black bowl in the top drawer of the wooden cabinet and place it on the plate level2 sample3
Success: True
# episodes completed so far: 1840
# successes: 1342 (72.9%)
Current task success rate: 1.0
Current total success rate: 0.7293478260869565

Task: pick up the black bowl in the top drawer of the wooden cabinet and place it on the plate level2 sample4
Success: False
# episodes completed so far: 1841
# successes: 1342 (72.9%)
Current task success rate: 0.0
Current total success rate: 0.7289516567083107

Task: pick up the black bowl in the top drawer of the wooden cabinet and place it on the plate level3 sample1
Success: True
# episodes completed so far: 1842
# successes: 1343 (72.9%)
Current task success rate: 1.0
Current total success rate: 0.7290988056460369

Task: pick up the black bowl in the top drawer of the wooden cabinet and place it on the plate level3 sample2
Success: True
# episodes completed so far: 1843
# successes: 1344 (72.9%)
Current task success rate: 1.0
Current total success rate: 0.7292457948996202

Task: pick up the black bowl in the top drawer of the wooden cabinet and place it on the plate level3 sample3
Success: False
# episodes completed so far: 1844
# successes: 1344 (72.9%)
Current task success rate: 0.0
Current total success rate: 0.7288503253796096

Task: pick up the black bowl in the top drawer of the wooden cabinet and place it on the plate level3 sample4
Success: True
# episodes completed so far: 1845
# successes: 1345 (72.9%)
Current task success rate: 1.0
Current total success rate: 0.7289972899728997

Task: pick up the black bowl in the top drawer of the wooden cabinet and place it on the plate level4 sample1
Success: True
# episodes completed so far: 1846
# successes: 1346 (72.9%)
Current task success rate: 1.0
Current total success rate: 0.7291440953412784

Task: pick up the black bowl in the top drawer of the wooden cabinet and place it on the plate level4 sample2
Success: True
# episodes completed so far: 1847
# successes: 1347 (72.9%)
Current task success rate: 1.0
Current total success rate: 0.7292907417433676

Task: pick up the black bowl in the top drawer of the wooden cabinet and place it on the plate level4 sample3
Success: True
# episodes completed so far: 1848
# successes: 1348 (72.9%)
Current task success rate: 1.0
Current total success rate: 0.7294372294372294

Task: pick up the black bowl in the top drawer of the wooden cabinet and place it on the plate level4 sample4
Success: True
# episodes completed so far: 1849
# successes: 1349 (73.0%)
Current task success rate: 1.0
Current total success rate: 0.7295835586803677

Task: pick up the black bowl in the top drawer of the wooden cabinet and place it on the plate level5 sample1
Success: False
# episodes completed so far: 1850
# successes: 1349 (72.9%)
Current task success rate: 0.0
Current total success rate: 0.7291891891891892

Task: pick up the black bowl in the top drawer of the wooden cabinet and place it on the plate level5 sample3
Success: True
# episodes completed so far: 1851
# successes: 1350 (72.9%)
Current task success rate: 1.0
Current total success rate: 0.7293354943273906

Task: pick up the black bowl in the top drawer of the wooden cabinet and place it on the plate level5 sample4
Success: False
# episodes completed so far: 1852
# successes: 1350 (72.9%)
Current task success rate: 0.0
Current total success rate: 0.7289416846652268

Task: pick up the black bowl next to the cookie box and place it on the plate add 1
Success: True
# episodes completed so far: 1853
# successes: 1351 (72.9%)
Current task success rate: 1.0
Current total success rate: 0.729087965461414

Task: pick up the black bowl next to the cookie box and place it on the plate add 13
Success: True
# episodes completed so far: 1854
# successes: 1352 (72.9%)
Current task success rate: 1.0
Current total success rate: 0.7292340884573895

Task: pick up the black bowl next to the cookie box and place it on the plate add 14
Success: True
# episodes completed so far: 1855
# successes: 1353 (72.9%)
Current task success rate: 1.0
Current total success rate: 0.7293800539083558

Task: pick up the black bowl next to the cookie box and place it on the plate add 16
Success: True
# episodes completed so far: 1856
# successes: 1354 (73.0%)
Current task success rate: 1.0
Current total success rate: 0.7295258620689655

Task: pick up the black bowl next to the cookie box and place it on the plate add 18
Success: True
# episodes completed so far: 1857
# successes: 1355 (73.0%)
Current task success rate: 1.0
Current total success rate: 0.7296715131933226

Task: pick up the black bowl next to the cookie box and place it on the plate add 19
Success: True
# episodes completed so far: 1858
# successes: 1356 (73.0%)
Current task success rate: 1.0
Current total success rate: 0.7298170075349839

Task: pick up the black bowl next to the cookie box and place it on the plate add 20
Success: True
# episodes completed so far: 1859
# successes: 1357 (73.0%)
Current task success rate: 1.0
Current total success rate: 0.7299623453469607

Task: pick up the black bowl next to the cookie box and place it on the plate add 21
Success: True
# episodes completed so far: 1860
# successes: 1358 (73.0%)
Current task success rate: 1.0
Current total success rate: 0.7301075268817204

Task: pick up the black bowl next to the cookie box and place it on the plate add 22
Success: True
# episodes completed so far: 1861
# successes: 1359 (73.0%)
Current task success rate: 1.0
Current total success rate: 0.7302525523911876

Task: pick up the black bowl next to the cookie box and place it on the plate add 23
Success: True
# episodes completed so far: 1862
# successes: 1360 (73.0%)
Current task success rate: 1.0
Current total success rate: 0.7303974221267454

Task: pick up the black bowl next to the cookie box and place it on the plate add 24
Success: True
# episodes completed so far: 1863
# successes: 1361 (73.1%)
Current task success rate: 1.0
Current total success rate: 0.7305421363392378

Task: pick up the black bowl next to the cookie box and place it on the plate add 25
Success: True
# episodes completed so far: 1864
# successes: 1362 (73.1%)
Current task success rate: 1.0
Current total success rate: 0.73068669527897

Task: pick up the black bowl next to the cookie box and place it on the plate add 26
Success: True
# episodes completed so far: 1865
# successes: 1363 (73.1%)
Current task success rate: 1.0
Current total success rate: 0.7308310991957104

Task: pick up the black bowl next to the cookie box and place it on the plate add 27
Success: True
# episodes completed so far: 1866
# successes: 1364 (73.1%)
Current task success rate: 1.0
Current total success rate: 0.7309753483386924

Task: pick up the black bowl next to the cookie box and place it on the plate add 28
Success: True
# episodes completed so far: 1867
# successes: 1365 (73.1%)
Current task success rate: 1.0
Current total success rate: 0.7311194429566149

Task: pick up the black bowl next to the cookie box and place it on the plate add 29
Success: True
# episodes completed so far: 1868
# successes: 1366 (73.1%)
Current task success rate: 1.0
Current total success rate: 0.7312633832976445

Task: pick up the black bowl next to the cookie box and place it on the plate add 30
Success: True
# episodes completed so far: 1869
# successes: 1367 (73.1%)
Current task success rate: 1.0
Current total success rate: 0.7314071696094168

Task: pick up the black bowl next to the cookie box and place it on the plate add 7
Success: True
# episodes completed so far: 1870
# successes: 1368 (73.2%)
Current task success rate: 1.0
Current total success rate: 0.7315508021390374

Task: pick up the black bowl next to the cookie box and place it on the plate add 9
Success: True
# episodes completed so far: 1871
# successes: 1369 (73.2%)
Current task success rate: 1.0
Current total success rate: 0.7316942811330839

Task: pick up the black bowl next to the cookie box and place it on the plate level2 sample1
Success: True
# episodes completed so far: 1872
# successes: 1370 (73.2%)
Current task success rate: 1.0
Current total success rate: 0.7318376068376068

Task: pick up the black bowl next to the cookie box and place it on the plate level2 sample2
Success: True
# episodes completed so far: 1873
# successes: 1371 (73.2%)
Current task success rate: 1.0
Current total success rate: 0.7319807794981313

Task: pick up the black bowl next to the cookie box and place it on the plate level2 sample3
Success: True
# episodes completed so far: 1874
# successes: 1372 (73.2%)
Current task success rate: 1.0
Current total success rate: 0.7321237993596584

Task: pick up the black bowl next to the cookie box and place it on the plate level2 sample4
Success: True
# episodes completed so far: 1875
# successes: 1373 (73.2%)
Current task success rate: 1.0
Current total success rate: 0.7322666666666666

Task: pick up the black bowl next to the cookie box and place it on the plate level3 sample2
Success: True
# episodes completed so far: 1876
# successes: 1374 (73.2%)
Current task success rate: 1.0
Current total success rate: 0.732409381663113

Task: pick up the black bowl next to the cookie box and place it on the plate level3 sample3
Success: True
# episodes completed so far: 1877
# successes: 1375 (73.3%)
Current task success rate: 1.0
Current total success rate: 0.7325519445924348

Task: pick up the black bowl next to the cookie box and place it on the plate level3 sample4
Success: True
# episodes completed so far: 1878
# successes: 1376 (73.3%)
Current task success rate: 1.0
Current total success rate: 0.7326943556975506

Task: pick up the black bowl next to the cookie box and place it on the plate level4 sample1
Success: True
# episodes completed so far: 1879
# successes: 1377 (73.3%)
Current task success rate: 1.0
Current total success rate: 0.7328366152208622

Task: pick up the black bowl next to the cookie box and place it on the plate level4 sample3
Success: True
# episodes completed so far: 1880
# successes: 1378 (73.3%)
Current task success rate: 1.0
Current total success rate: 0.7329787234042553

Task: pick up the black bowl next to the cookie box and place it on the plate level4 sample4
Success: False
# episodes completed so far: 1881
# successes: 1378 (73.3%)
Current task success rate: 0.0
Current total success rate: 0.732589048378522

Task: pick up the black bowl next to the cookie box and place it on the plate level5 sample1
Success: True
# episodes completed so far: 1882
# successes: 1379 (73.3%)
Current task success rate: 1.0
Current total success rate: 0.732731137088204

Task: pick up the black bowl next to the cookie box and place it on the plate level5 sample2
Success: True
# episodes completed so far: 1883
# successes: 1380 (73.3%)
Current task success rate: 1.0
Current total success rate: 0.7328730748805098

Task: pick up the black bowl next to the cookie box and place it on the plate level5 sample4
Success: True
# episodes completed so far: 1884
# successes: 1381 (73.3%)
Current task success rate: 1.0
Current total success rate: 0.7330148619957537

Task: pick up the black bowl next to the plate and place it on the plate add 14
Success: True
# episodes completed so far: 1885
# successes: 1382 (73.3%)
Current task success rate: 1.0
Current total success rate: 0.73315649867374

Task: pick up the black bowl next to the plate and place it on the plate add 18
Success: True
# episodes completed so far: 1886
# successes: 1383 (73.3%)
Current task success rate: 1.0
Current total success rate: 0.7332979851537645

Task: pick up the black bowl next to the plate and place it on the plate add 22
Success: True
# episodes completed so far: 1887
# successes: 1384 (73.3%)
Current task success rate: 1.0
Current total success rate: 0.7334393216746158

Task: pick up the black bowl next to the plate and place it on the plate add 24
Success: True
# episodes completed so far: 1888
# successes: 1385 (73.4%)
Current task success rate: 1.0
Current total success rate: 0.7335805084745762

Task: pick up the black bowl next to the plate and place it on the plate add 25
Success: True
# episodes completed so far: 1889
# successes: 1386 (73.4%)
Current task success rate: 1.0
Current total success rate: 0.733721545791424

Task: pick up the black bowl next to the plate and place it on the plate add 26
Success: True
# episodes completed so far: 1890
# successes: 1387 (73.4%)
Current task success rate: 1.0
Current total success rate: 0.7338624338624339

Task: pick up the black bowl next to the plate and place it on the plate add 27
Success: True
# episodes completed so far: 1891
# successes: 1388 (73.4%)
Current task success rate: 1.0
Current total success rate: 0.7340031729243787

Task: pick up the black bowl next to the plate and place it on the plate add 28
Success: True
# episodes completed so far: 1892
# successes: 1389 (73.4%)
Current task success rate: 1.0
Current total success rate: 0.7341437632135307

Task: pick up the black bowl next to the plate and place it on the plate add 30
Success: True
# episodes completed so far: 1893
# successes: 1390 (73.4%)
Current task success rate: 1.0
Current total success rate: 0.7342842049656629

Task: pick up the black bowl next to the plate and place it on the plate level1 sample1
Success: True
# episodes completed so far: 1894
# successes: 1391 (73.4%)
Current task success rate: 1.0
Current total success rate: 0.7344244984160507

Task: pick up the black bowl next to the plate and place it on the plate level1 sample2
Success: True
# episodes completed so far: 1895
# successes: 1392 (73.5%)
Current task success rate: 1.0
Current total success rate: 0.7345646437994723

Task: pick up the black bowl next to the plate and place it on the plate level1 sample3
Success: True
# episodes completed so far: 1896
# successes: 1393 (73.5%)
Current task success rate: 1.0
Current total success rate: 0.734704641350211

Task: pick up the black bowl next to the plate and place it on the plate level1 sample4
Success: True
# episodes completed so far: 1897
# successes: 1394 (73.5%)
Current task success rate: 1.0
Current total success rate: 0.7348444913020559

Task: pick up the black bowl next to the plate and place it on the plate level2 sample1
Success: True
# episodes completed so far: 1898
# successes: 1395 (73.5%)
Current task success rate: 1.0
Current total success rate: 0.7349841938883035

Task: pick up the black bowl next to the plate and place it on the plate level2 sample2
Success: True
# episodes completed so far: 1899
# successes: 1396 (73.5%)
Current task success rate: 1.0
Current total success rate: 0.7351237493417588

Task: pick up the black bowl next to the plate and place it on the plate level2 sample4
Success: True
# episodes completed so far: 1900
# successes: 1397 (73.5%)
Current task success rate: 1.0
Current total success rate: 0.7352631578947368

Task: pick up the black bowl next to the plate and place it on the plate level3 sample1
Success: False
# episodes completed so far: 1901
# successes: 1397 (73.5%)
Current task success rate: 0.0
Current total success rate: 0.7348763808521831

Task: pick up the black bowl next to the plate and place it on the plate level3 sample2
Success: True
# episodes completed so far: 1902
# successes: 1398 (73.5%)
Current task success rate: 1.0
Current total success rate: 0.7350157728706624

Task: pick up the black bowl next to the plate and place it on the plate level3 sample3
Success: True
# episodes completed so far: 1903
# successes: 1399 (73.5%)
Current task success rate: 1.0
Current total success rate: 0.7351550183920126

Task: pick up the black bowl next to the plate and place it on the plate level3 sample4
Success: True
# episodes completed so far: 1904
# successes: 1400 (73.5%)
Current task success rate: 1.0
Current total success rate: 0.7352941176470589

Task: pick up the black bowl next to the plate and place it on the plate level4 sample1
Success: False
# episodes completed so far: 1905
# successes: 1400 (73.5%)
Current task success rate: 0.0
Current total success rate: 0.7349081364829396

Task: pick up the black bowl next to the plate and place it on the plate level4 sample2
Success: True
# episodes completed so far: 1906
# successes: 1401 (73.5%)
Current task success rate: 1.0
Current total success rate: 0.7350472193074502

Task: pick up the black bowl next to the plate and place it on the plate level4 sample3
Success: True
# episodes completed so far: 1907
# successes: 1402 (73.5%)
Current task success rate: 1.0
Current total success rate: 0.735186156266387

Task: pick up the black bowl next to the plate and place it on the plate level4 sample4
Success: True
# episodes completed so far: 1908
# successes: 1403 (73.5%)
Current task success rate: 1.0
Current total success rate: 0.7353249475890985

Task: pick up the black bowl next to the plate and place it on the plate level5 sample1
Success: True
# episodes completed so far: 1909
# successes: 1404 (73.5%)
Current task success rate: 1.0
Current total success rate: 0.7354635935044526

Task: pick up the black bowl next to the plate and place it on the plate level5 sample2
Success: False
# episodes completed so far: 1910
# successes: 1404 (73.5%)
Current task success rate: 0.0
Current total success rate: 0.7350785340314137

Task: pick up the black bowl next to the plate and place it on the plate level5 sample3
Success: False
# episodes completed so far: 1911
# successes: 1404 (73.5%)
Current task success rate: 0.0
Current total success rate: 0.7346938775510204

Task: pick up the black bowl next to the ramekin and place it on the plate add 1
Success: True
# episodes completed so far: 1912
# successes: 1405 (73.5%)
Current task success rate: 1.0
Current total success rate: 0.7348326359832636

Task: pick up the black bowl next to the ramekin and place it on the plate add 10
Success: True
# episodes completed so far: 1913
# successes: 1406 (73.5%)
Current task success rate: 1.0
Current total success rate: 0.7349712493465761

Task: pick up the black bowl next to the ramekin and place it on the plate add 11
Success: True
# episodes completed so far: 1914
# successes: 1407 (73.5%)
Current task success rate: 1.0
Current total success rate: 0.7351097178683386

Task: pick up the black bowl next to the ramekin and place it on the plate add 13
Success: True
# episodes completed so far: 1915
# successes: 1408 (73.5%)
Current task success rate: 1.0
Current total success rate: 0.7352480417754569

Task: pick up the black bowl next to the ramekin and place it on the plate add 15
Success: True
# episodes completed so far: 1916
# successes: 1409 (73.5%)
Current task success rate: 1.0
Current total success rate: 0.7353862212943633

Task: pick up the black bowl next to the ramekin and place it on the plate add 16
Success: True
# episodes completed so far: 1917
# successes: 1410 (73.6%)
Current task success rate: 1.0
Current total success rate: 0.7355242566510172

Task: pick up the black bowl next to the ramekin and place it on the plate add 17
Success: True
# episodes completed so far: 1918
# successes: 1411 (73.6%)
Current task success rate: 1.0
Current total success rate: 0.7356621480709072

Task: pick up the black bowl next to the ramekin and place it on the plate add 18
Success: True
# episodes completed so far: 1919
# successes: 1412 (73.6%)
Current task success rate: 1.0
Current total success rate: 0.7357998957790516

Task: pick up the black bowl next to the ramekin and place it on the plate add 19
Success: True
# episodes completed so far: 1920
# successes: 1413 (73.6%)
Current task success rate: 1.0
Current total success rate: 0.7359375

Task: pick up the black bowl next to the ramekin and place it on the plate add 20
Success: True
# episodes completed so far: 1921
# successes: 1414 (73.6%)
Current task success rate: 1.0
Current total success rate: 0.7360749609578344

Task: pick up the black bowl next to the ramekin and place it on the plate add 22
Success: True
# episodes completed so far: 1922
# successes: 1415 (73.6%)
Current task success rate: 1.0
Current total success rate: 0.7362122788761707

Task: pick up the black bowl next to the ramekin and place it on the plate add 23
Success: True
# episodes completed so far: 1923
# successes: 1416 (73.6%)
Current task success rate: 1.0
Current total success rate: 0.7363494539781591

Task: pick up the black bowl next to the ramekin and place it on the plate add 24
Success: True
# episodes completed so far: 1924
# successes: 1417 (73.6%)
Current task success rate: 1.0
Current total success rate: 0.7364864864864865

Task: pick up the black bowl next to the ramekin and place it on the plate add 25
Success: True
# episodes completed so far: 1925
# successes: 1418 (73.7%)
Current task success rate: 1.0
Current total success rate: 0.7366233766233766

Task: pick up the black bowl next to the ramekin and place it on the plate add 27
Success: False
# episodes completed so far: 1926
# successes: 1418 (73.6%)
Current task success rate: 0.0
Current total success rate: 0.7362409138110073

Task: pick up the black bowl next to the ramekin and place it on the plate add 28
Success: True
# episodes completed so far: 1927
# successes: 1419 (73.6%)
Current task success rate: 1.0
Current total success rate: 0.736377789309808

Task: pick up the black bowl next to the ramekin and place it on the plate add 29
Success: True
# episodes completed so far: 1928
# successes: 1420 (73.7%)
Current task success rate: 1.0
Current total success rate: 0.7365145228215768

Task: pick up the black bowl next to the ramekin and place it on the plate add 30
Success: True
# episodes completed so far: 1929
# successes: 1421 (73.7%)
Current task success rate: 1.0
Current total success rate: 0.7366511145671333

Task: pick up the black bowl next to the ramekin and place it on the plate level1 sample2
Success: True
# episodes completed so far: 1930
# successes: 1422 (73.7%)
Current task success rate: 1.0
Current total success rate: 0.7367875647668394

Task: pick up the black bowl next to the ramekin and place it on the plate level1 sample3
Success: True
# episodes completed so far: 1931
# successes: 1423 (73.7%)
Current task success rate: 1.0
Current total success rate: 0.7369238736406007

Task: pick up the black bowl next to the ramekin and place it on the plate level1 sample4
Success: True
# episodes completed so far: 1932
# successes: 1424 (73.7%)
Current task success rate: 1.0
Current total success rate: 0.7370600414078675

Task: pick up the black bowl next to the ramekin and place it on the plate level2 sample1
Success: True
# episodes completed so far: 1933
# successes: 1425 (73.7%)
Current task success rate: 1.0
Current total success rate: 0.7371960682876358

Task: pick up the black bowl next to the ramekin and place it on the plate level2 sample2
Success: True
# episodes completed so far: 1934
# successes: 1426 (73.7%)
Current task success rate: 1.0
Current total success rate: 0.7373319544984488

Task: pick up the black bowl next to the ramekin and place it on the plate level2 sample3
Success: True
# episodes completed so far: 1935
# successes: 1427 (73.7%)
Current task success rate: 1.0
Current total success rate: 0.7374677002583979

Task: pick up the black bowl next to the ramekin and place it on the plate level2 sample4
Success: True
# episodes completed so far: 1936
# successes: 1428 (73.8%)
Current task success rate: 1.0
Current total success rate: 0.737603305785124

Task: pick up the black bowl next to the ramekin and place it on the plate level3 sample1
Success: False
# episodes completed so far: 1937
# successes: 1428 (73.7%)
Current task success rate: 0.0
Current total success rate: 0.7372225090345895

Task: pick up the black bowl next to the ramekin and place it on the plate level3 sample2
Success: True
# episodes completed so far: 1938
# successes: 1429 (73.7%)
Current task success rate: 1.0
Current total success rate: 0.737358101135191

Task: pick up the black bowl next to the ramekin and place it on the plate level3 sample3
Success: True
# episodes completed so far: 1939
# successes: 1430 (73.7%)
Current task success rate: 1.0
Current total success rate: 0.7374935533780299

Task: pick up the black bowl next to the ramekin and place it on the plate level3 sample4
Success: True
# episodes completed so far: 1940
# successes: 1431 (73.8%)
Current task success rate: 1.0
Current total success rate: 0.7376288659793815

Task: pick up the black bowl next to the ramekin and place it on the plate level4 sample1
Success: True
# episodes completed so far: 1941
# successes: 1432 (73.8%)
Current task success rate: 1.0
Current total success rate: 0.7377640391550747

Task: pick up the black bowl next to the ramekin and place it on the plate level4 sample2
Success: True
# episodes completed so far: 1942
# successes: 1433 (73.8%)
Current task success rate: 1.0
Current total success rate: 0.7378990731204943

Task: pick up the black bowl next to the ramekin and place it on the plate level4 sample3
Success: True
# episodes completed so far: 1943
# successes: 1434 (73.8%)
Current task success rate: 1.0
Current total success rate: 0.7380339680905815

Task: pick up the black bowl next to the ramekin and place it on the plate level4 sample4
Success: True
# episodes completed so far: 1944
# successes: 1435 (73.8%)
Current task success rate: 1.0
Current total success rate: 0.7381687242798354

Task: pick up the black bowl next to the ramekin and place it on the plate level5 sample1
Success: True
# episodes completed so far: 1945
# successes: 1436 (73.8%)
Current task success rate: 1.0
Current total success rate: 0.7383033419023136

Task: pick up the black bowl next to the ramekin and place it on the plate level5 sample2
Success: False
# episodes completed so far: 1946
# successes: 1436 (73.8%)
Current task success rate: 0.0
Current total success rate: 0.7379239465570401

Task: pick up the black bowl next to the ramekin and place it on the plate level5 sample3
Success: True
# episodes completed so far: 1947
# successes: 1437 (73.8%)
Current task success rate: 1.0
Current total success rate: 0.7380585516178737

Task: pick up the black bowl next to the ramekin and place it on the plate level5 sample4
Success: True
# episodes completed so far: 1948
# successes: 1438 (73.8%)
Current task success rate: 1.0
Current total success rate: 0.7381930184804928

Task: pick up the black bowl on the cookie box and place it on the plate add 10
Success: True
# episodes completed so far: 1949
# successes: 1439 (73.8%)
Current task success rate: 1.0
Current total success rate: 0.7383273473576193

Task: pick up the black bowl on the cookie box and place it on the plate add 11
Success: True
# episodes completed so far: 1950
# successes: 1440 (73.8%)
Current task success rate: 1.0
Current total success rate: 0.7384615384615385

Task: pick up the black bowl on the cookie box and place it on the plate add 12
Success: True
# episodes completed so far: 1951
# successes: 1441 (73.9%)
Current task success rate: 1.0
Current total success rate: 0.7385955920041004

Task: pick up the black bowl on the cookie box and place it on the plate add 13
Success: True
# episodes completed so far: 1952
# successes: 1442 (73.9%)
Current task success rate: 1.0
Current total success rate: 0.7387295081967213

Task: pick up the black bowl on the cookie box and place it on the plate add 14
Success: True
# episodes completed so far: 1953
# successes: 1443 (73.9%)
Current task success rate: 1.0
Current total success rate: 0.738863287250384

Task: pick up the black bowl on the cookie box and place it on the plate add 16
Success: True
# episodes completed so far: 1954
# successes: 1444 (73.9%)
Current task success rate: 1.0
Current total success rate: 0.7389969293756398

Task: pick up the black bowl on the cookie box and place it on the plate add 17
Success: True
# episodes completed so far: 1955
# successes: 1445 (73.9%)
Current task success rate: 1.0
Current total success rate: 0.7391304347826086

Task: pick up the black bowl on the cookie box and place it on the plate add 18
Success: True
# episodes completed so far: 1956
# successes: 1446 (73.9%)
Current task success rate: 1.0
Current total success rate: 0.7392638036809815

Task: pick up the black bowl on the cookie box and place it on the plate add 19
Success: True
# episodes completed so far: 1957
# successes: 1447 (73.9%)
Current task success rate: 1.0
Current total success rate: 0.7393970362800204

Task: pick up the black bowl on the cookie box and place it on the plate add 20
Success: True
# episodes completed so far: 1958
# successes: 1448 (74.0%)
Current task success rate: 1.0
Current total success rate: 0.7395301327885597

Task: pick up the black bowl on the cookie box and place it on the plate add 21
Success: True
# episodes completed so far: 1959
# successes: 1449 (74.0%)
Current task success rate: 1.0
Current total success rate: 0.7396630934150077

Task: pick up the black bowl on the cookie box and place it on the plate add 22
Success: True
# episodes completed so far: 1960
# successes: 1450 (74.0%)
Current task success rate: 1.0
Current total success rate: 0.7397959183673469

Task: pick up the black bowl on the cookie box and place it on the plate add 23
Success: True
# episodes completed so far: 1961
# successes: 1451 (74.0%)
Current task success rate: 1.0
Current total success rate: 0.7399286078531362

Task: pick up the black bowl on the cookie box and place it on the plate add 24
Success: True
# episodes completed so far: 1962
# successes: 1452 (74.0%)
Current task success rate: 1.0
Current total success rate: 0.7400611620795107

Task: pick up the black bowl on the cookie box and place it on the plate add 25
Success: True
# episodes completed so far: 1963
# successes: 1453 (74.0%)
Current task success rate: 1.0
Current total success rate: 0.7401935812531839

Task: pick up the black bowl on the cookie box and place it on the plate add 26
Success: True
# episodes completed so far: 1964
# successes: 1454 (74.0%)
Current task success rate: 1.0
Current total success rate: 0.7403258655804481

Task: pick up the black bowl on the cookie box and place it on the plate add 27
Success: True
# episodes completed so far: 1965
# successes: 1455 (74.0%)
Current task success rate: 1.0
Current total success rate: 0.7404580152671756

Task: pick up the black bowl on the cookie box and place it on the plate add 28
Success: True
# episodes completed so far: 1966
# successes: 1456 (74.1%)
Current task success rate: 1.0
Current total success rate: 0.7405900305188199

Task: pick up the black bowl on the cookie box and place it on the plate add 29
Success: True
# episodes completed so far: 1967
# successes: 1457 (74.1%)
Current task success rate: 1.0
Current total success rate: 0.7407219115404169

Task: pick up the black bowl on the cookie box and place it on the plate add 3
Success: True
# episodes completed so far: 1968
# successes: 1458 (74.1%)
Current task success rate: 1.0
Current total success rate: 0.7408536585365854

Task: pick up the black bowl on the cookie box and place it on the plate add 30
Success: True
# episodes completed so far: 1969
# successes: 1459 (74.1%)
Current task success rate: 1.0
Current total success rate: 0.7409852717115287

Task: pick up the black bowl on the cookie box and place it on the plate add 4
Success: True
# episodes completed so far: 1970
# successes: 1460 (74.1%)
Current task success rate: 1.0
Current total success rate: 0.7411167512690355

Task: pick up the black bowl on the cookie box and place it on the plate add 5
Success: True
# episodes completed so far: 1971
# successes: 1461 (74.1%)
Current task success rate: 1.0
Current total success rate: 0.741248097412481

Task: pick up the black bowl on the cookie box and place it on the plate add 8
Success: True
# episodes completed so far: 1972
# successes: 1462 (74.1%)
Current task success rate: 1.0
Current total success rate: 0.7413793103448276

Task: pick up the black bowl on the cookie box and place it on the plate add 9
Success: True
# episodes completed so far: 1973
# successes: 1463 (74.2%)
Current task success rate: 1.0
Current total success rate: 0.7415103902686264

Task: pick up the black bowl on the cookie box and place it on the plate level1 sample1
Success: True
# episodes completed so far: 1974
# successes: 1464 (74.2%)
Current task success rate: 1.0
Current total success rate: 0.7416413373860182

Task: pick up the black bowl on the cookie box and place it on the plate level1 sample2
Success: True
# episodes completed so far: 1975
# successes: 1465 (74.2%)
Current task success rate: 1.0
Current total success rate: 0.7417721518987341

Task: pick up the black bowl on the cookie box and place it on the plate level1 sample3
Success: True
# episodes completed so far: 1976
# successes: 1466 (74.2%)
Current task success rate: 1.0
Current total success rate: 0.7419028340080972

Task: pick up the black bowl on the cookie box and place it on the plate level1 sample4
Success: True
# episodes completed so far: 1977
# successes: 1467 (74.2%)
Current task success rate: 1.0
Current total success rate: 0.7420333839150227

Task: pick up the black bowl on the cookie box and place it on the plate level2 sample1
Success: True
# episodes completed so far: 1978
# successes: 1468 (74.2%)
Current task success rate: 1.0
Current total success rate: 0.7421638018200202

Task: pick up the black bowl on the cookie box and place it on the plate level2 sample2
Success: True
# episodes completed so far: 1979
# successes: 1469 (74.2%)
Current task success rate: 1.0
Current total success rate: 0.7422940879231935

Task: pick up the black bowl on the cookie box and place it on the plate level2 sample3
Success: True
# episodes completed so far: 1980
# successes: 1470 (74.2%)
Current task success rate: 1.0
Current total success rate: 0.7424242424242424

Task: pick up the black bowl on the cookie box and place it on the plate level2 sample4
Success: True
# episodes completed so far: 1981
# successes: 1471 (74.3%)
Current task success rate: 1.0
Current total success rate: 0.7425542655224634

Task: pick up the black bowl on the cookie box and place it on the plate level3 sample1
Success: True
# episodes completed so far: 1982
# successes: 1472 (74.3%)
Current task success rate: 1.0
Current total success rate: 0.7426841574167508

Task: pick up the black bowl on the cookie box and place it on the plate level3 sample2
Success: True
# episodes completed so far: 1983
# successes: 1473 (74.3%)
Current task success rate: 1.0
Current total success rate: 0.7428139183055976

Task: pick up the black bowl on the cookie box and place it on the plate level3 sample3
Success: True
# episodes completed so far: 1984
# successes: 1474 (74.3%)
Current task success rate: 1.0
Current total success rate: 0.7429435483870968

Task: pick up the black bowl on the cookie box and place it on the plate level3 sample4
Success: True
# episodes completed so far: 1985
# successes: 1475 (74.3%)
Current task success rate: 1.0
Current total success rate: 0.743073047858942

Task: pick up the black bowl on the cookie box and place it on the plate level4 sample1
Success: True
# episodes completed so far: 1986
# successes: 1476 (74.3%)
Current task success rate: 1.0
Current total success rate: 0.743202416918429

Task: pick up the black bowl on the cookie box and place it on the plate level4 sample2
Success: True
# episodes completed so far: 1987
# successes: 1477 (74.3%)
Current task success rate: 1.0
Current total success rate: 0.743331655762456

Task: pick up the black bowl on the cookie box and place it on the plate level4 sample3
Success: True
# episodes completed so far: 1988
# successes: 1478 (74.3%)
Current task success rate: 1.0
Current total success rate: 0.7434607645875252

Task: pick up the black bowl on the cookie box and place it on the plate level4 sample4
Success: True
# episodes completed so far: 1989
# successes: 1479 (74.4%)
Current task success rate: 1.0
Current total success rate: 0.7435897435897436

Task: pick up the black bowl on the cookie box and place it on the plate level5 sample1
Success: True
# episodes completed so far: 1990
# successes: 1480 (74.4%)
Current task success rate: 1.0
Current total success rate: 0.7437185929648241

Task: pick up the black bowl on the cookie box and place it on the plate level5 sample2
Success: True
# episodes completed so far: 1991
# successes: 1481 (74.4%)
Current task success rate: 1.0
Current total success rate: 0.7438473129080864

Task: pick up the black bowl on the cookie box and place it on the plate level5 sample3
Success: True
# episodes completed so far: 1992
# successes: 1482 (74.4%)
Current task success rate: 1.0
Current total success rate: 0.7439759036144579

Task: pick up the black bowl on the cookie box and place it on the plate level5 sample4
Success: True
# episodes completed so far: 1993
# successes: 1483 (74.4%)
Current task success rate: 1.0
Current total success rate: 0.7441043652784747

Task: pick up the black bowl on the ramekin and place it on the plate add 1
Success: True
# episodes completed so far: 1994
# successes: 1484 (74.4%)
Current task success rate: 1.0
Current total success rate: 0.7442326980942828

Task: pick up the black bowl on the ramekin and place it on the plate add 10
Success: True
# episodes completed so far: 1995
# successes: 1485 (74.4%)
Current task success rate: 1.0
Current total success rate: 0.7443609022556391

Task: pick up the black bowl on the ramekin and place it on the plate add 11
Success: True
# episodes completed so far: 1996
# successes: 1486 (74.4%)
Current task success rate: 1.0
Current total success rate: 0.7444889779559118

Task: pick up the black bowl on the ramekin and place it on the plate add 12
Success: True
# episodes completed so far: 1997
# successes: 1487 (74.5%)
Current task success rate: 1.0
Current total success rate: 0.7446169253880821

Task: pick up the black bowl on the ramekin and place it on the plate add 13
Success: True
# episodes completed so far: 1998
# successes: 1488 (74.5%)
Current task success rate: 1.0
Current total success rate: 0.7447447447447447

Task: pick up the black bowl on the ramekin and place it on the plate add 14
Success: True
# episodes completed so far: 1999
# successes: 1489 (74.5%)
Current task success rate: 1.0
Current total success rate: 0.7448724362181091

Task: pick up the black bowl on the ramekin and place it on the plate add 15
Success: True
# episodes completed so far: 2000
# successes: 1490 (74.5%)
Current task success rate: 1.0
Current total success rate: 0.745

Task: pick up the black bowl on the ramekin and place it on the plate add 16
Success: True
# episodes completed so far: 2001
# successes: 1491 (74.5%)
Current task success rate: 1.0
Current total success rate: 0.7451274362818591

Task: pick up the black bowl on the ramekin and place it on the plate add 18
Success: True
# episodes completed so far: 2002
# successes: 1492 (74.5%)
Current task success rate: 1.0
Current total success rate: 0.7452547452547452

Task: pick up the black bowl on the ramekin and place it on the plate add 20
Success: True
# episodes completed so far: 2003
# successes: 1493 (74.5%)
Current task success rate: 1.0
Current total success rate: 0.745381927109336

Task: pick up the black bowl on the ramekin and place it on the plate add 21
Success: True
# episodes completed so far: 2004
# successes: 1494 (74.6%)
Current task success rate: 1.0
Current total success rate: 0.7455089820359282

Task: pick up the black bowl on the ramekin and place it on the plate add 22
Success: True
# episodes completed so far: 2005
# successes: 1495 (74.6%)
Current task success rate: 1.0
Current total success rate: 0.7456359102244389

Task: pick up the black bowl on the ramekin and place it on the plate add 23
Success: True
# episodes completed so far: 2006
# successes: 1496 (74.6%)
Current task success rate: 1.0
Current total success rate: 0.7457627118644068

Task: pick up the black bowl on the ramekin and place it on the plate add 24
Success: True
# episodes completed so far: 2007
# successes: 1497 (74.6%)
Current task success rate: 1.0
Current total success rate: 0.7458893871449925

Task: pick up the black bowl on the ramekin and place it on the plate add 25
Success: True
# episodes completed so far: 2008
# successes: 1498 (74.6%)
Current task success rate: 1.0
Current total success rate: 0.7460159362549801

Task: pick up the black bowl on the ramekin and place it on the plate add 28
Success: True
# episodes completed so far: 2009
# successes: 1499 (74.6%)
Current task success rate: 1.0
Current total success rate: 0.7461423593827775

Task: pick up the black bowl on the ramekin and place it on the plate add 3
Success: True
# episodes completed so far: 2010
# successes: 1500 (74.6%)
Current task success rate: 1.0
Current total success rate: 0.746268656716418

Task: pick up the black bowl on the ramekin and place it on the plate add 30
Success: True
# episodes completed so far: 2011
# successes: 1501 (74.6%)
Current task success rate: 1.0
Current total success rate: 0.7463948284435604

Task: pick up the black bowl on the ramekin and place it on the plate add 4
Success: True
# episodes completed so far: 2012
# successes: 1502 (74.7%)
Current task success rate: 1.0
Current total success rate: 0.7465208747514911

Task: pick up the black bowl on the ramekin and place it on the plate add 5
Success: True
# episodes completed so far: 2013
# successes: 1503 (74.7%)
Current task success rate: 1.0
Current total success rate: 0.7466467958271237

Task: pick up the black bowl on the ramekin and place it on the plate add 6
Success: True
# episodes completed so far: 2014
# successes: 1504 (74.7%)
Current task success rate: 1.0
Current total success rate: 0.746772591857001

Task: pick up the black bowl on the ramekin and place it on the plate add 7
Success: True
# episodes completed so far: 2015
# successes: 1505 (74.7%)
Current task success rate: 1.0
Current total success rate: 0.7468982630272953

Task: pick up the black bowl on the ramekin and place it on the plate add 8
Success: True
# episodes completed so far: 2016
# successes: 1506 (74.7%)
Current task success rate: 1.0
Current total success rate: 0.7470238095238095

Task: pick up the black bowl on the ramekin and place it on the plate add 9
Success: True
# episodes completed so far: 2017
# successes: 1507 (74.7%)
Current task success rate: 1.0
Current total success rate: 0.7471492315319782

Task: pick up the black bowl on the ramekin and place it on the plate level1 sample2
Success: True
# episodes completed so far: 2018
# successes: 1508 (74.7%)
Current task success rate: 1.0
Current total success rate: 0.7472745292368682

Task: pick up the black bowl on the ramekin and place it on the plate level2 sample1
Success: True
# episodes completed so far: 2019
# successes: 1509 (74.7%)
Current task success rate: 1.0
Current total success rate: 0.7473997028231798

Task: pick up the black bowl on the ramekin and place it on the plate level2 sample2
Success: True
# episodes completed so far: 2020
# successes: 1510 (74.8%)
Current task success rate: 1.0
Current total success rate: 0.7475247524752475

Task: pick up the black bowl on the ramekin and place it on the plate level2 sample3
Success: True
# episodes completed so far: 2021
# successes: 1511 (74.8%)
Current task success rate: 1.0
Current total success rate: 0.7476496783770411

Task: pick up the black bowl on the ramekin and place it on the plate level2 sample4
Success: False
# episodes completed so far: 2022
# successes: 1511 (74.7%)
Current task success rate: 0.0
Current total success rate: 0.7472799208704253

Task: pick up the black bowl on the ramekin and place it on the plate level3 sample1
Success: True
# episodes completed so far: 2023
# successes: 1512 (74.7%)
Current task success rate: 1.0
Current total success rate: 0.7474048442906575

Task: pick up the black bowl on the ramekin and place it on the plate level3 sample2
Success: True
# episodes completed so far: 2024
# successes: 1513 (74.8%)
Current task success rate: 1.0
Current total success rate: 0.7475296442687747

Task: pick up the black bowl on the ramekin and place it on the plate level3 sample3
Success: True
# episodes completed so far: 2025
# successes: 1514 (74.8%)
Current task success rate: 1.0
Current total success rate: 0.7476543209876543

Task: pick up the black bowl on the ramekin and place it on the plate level3 sample4
Success: True
# episodes completed so far: 2026
# successes: 1515 (74.8%)
Current task success rate: 1.0
Current total success rate: 0.7477788746298124

Task: pick up the black bowl on the ramekin and place it on the plate level4 sample1
Success: False
# episodes completed so far: 2027
# successes: 1515 (74.7%)
Current task success rate: 0.0
Current total success rate: 0.7474099654662062

Task: pick up the black bowl on the ramekin and place it on the plate level4 sample2
Success: True
# episodes completed so far: 2028
# successes: 1516 (74.8%)
Current task success rate: 1.0
Current total success rate: 0.747534516765286

Task: pick up the black bowl on the ramekin and place it on the plate level4 sample3
Success: True
# episodes completed so far: 2029
# successes: 1517 (74.8%)
Current task success rate: 1.0
Current total success rate: 0.747658945293248

Task: pick up the black bowl on the ramekin and place it on the plate level5 sample1
Success: True
# episodes completed so far: 2030
# successes: 1518 (74.8%)
Current task success rate: 1.0
Current total success rate: 0.7477832512315271

Task: pick up the black bowl on the ramekin and place it on the plate level5 sample2
Success: True
# episodes completed so far: 2031
# successes: 1519 (74.8%)
Current task success rate: 1.0
Current total success rate: 0.7479074347612014

Task: pick up the black bowl on the ramekin and place it on the plate level5 sample3
Success: True
# episodes completed so far: 2032
# successes: 1520 (74.8%)
Current task success rate: 1.0
Current total success rate: 0.7480314960629921

Task: pick up the black bowl on the ramekin and place it on the plate level5 sample4
Success: True
# episodes completed so far: 2033
# successes: 1521 (74.8%)
Current task success rate: 1.0
Current total success rate: 0.7481554353172651

Task: pick up the black bowl on the stove and place it on the plate add 12
Success: True
# episodes completed so far: 2034
# successes: 1522 (74.8%)
Current task success rate: 1.0
Current total success rate: 0.7482792527040315

Task: pick up the black bowl on the stove and place it on the plate add 13
Success: True
# episodes completed so far: 2035
# successes: 1523 (74.8%)
Current task success rate: 1.0
Current total success rate: 0.7484029484029484

Task: pick up the black bowl on the stove and place it on the plate add 14
Success: True
# episodes completed so far: 2036
# successes: 1524 (74.9%)
Current task success rate: 1.0
Current total success rate: 0.7485265225933202

Task: pick up the black bowl on the stove and place it on the plate add 16
Success: True
# episodes completed so far: 2037
# successes: 1525 (74.9%)
Current task success rate: 1.0
Current total success rate: 0.7486499754540992

Task: pick up the black bowl on the stove and place it on the plate add 17
Success: True
# episodes completed so far: 2038
# successes: 1526 (74.9%)
Current task success rate: 1.0
Current total success rate: 0.7487733071638861

Task: pick up the black bowl on the stove and place it on the plate add 18
Success: True
# episodes completed so far: 2039
# successes: 1527 (74.9%)
Current task success rate: 1.0
Current total success rate: 0.7488965179009318

Task: pick up the black bowl on the stove and place it on the plate add 19
Success: False
# episodes completed so far: 2040
# successes: 1527 (74.9%)
Current task success rate: 0.0
Current total success rate: 0.7485294117647059

Task: pick up the black bowl on the stove and place it on the plate add 20
Success: True
# episodes completed so far: 2041
# successes: 1528 (74.9%)
Current task success rate: 1.0
Current total success rate: 0.7486526212640863

Task: pick up the black bowl on the stove and place it on the plate add 21
Success: True
# episodes completed so far: 2042
# successes: 1529 (74.9%)
Current task success rate: 1.0
Current total success rate: 0.7487757100881489

Task: pick up the black bowl on the stove and place it on the plate add 22
Success: True
# episodes completed so far: 2043
# successes: 1530 (74.9%)
Current task success rate: 1.0
Current total success rate: 0.748898678414097

Task: pick up the black bowl on the stove and place it on the plate add 24
Success: True
# episodes completed so far: 2044
# successes: 1531 (74.9%)
Current task success rate: 1.0
Current total success rate: 0.7490215264187867

Task: pick up the black bowl on the stove and place it on the plate add 25
Success: True
# episodes completed so far: 2045
# successes: 1532 (74.9%)
Current task success rate: 1.0
Current total success rate: 0.7491442542787287

Task: pick up the black bowl on the stove and place it on the plate add 26
Success: True
# episodes completed so far: 2046
# successes: 1533 (74.9%)
Current task success rate: 1.0
Current total success rate: 0.749266862170088

Task: pick up the black bowl on the stove and place it on the plate add 28
Success: True
# episodes completed so far: 2047
# successes: 1534 (74.9%)
Current task success rate: 1.0
Current total success rate: 0.7493893502686859

Task: pick up the black bowl on the stove and place it on the plate add 4
Success: True
# episodes completed so far: 2048
# successes: 1535 (75.0%)
Current task success rate: 1.0
Current total success rate: 0.74951171875

Task: pick up the black bowl on the stove and place it on the plate add 5
Success: True
# episodes completed so far: 2049
# successes: 1536 (75.0%)
Current task success rate: 1.0
Current total success rate: 0.7496339677891655

Task: pick up the black bowl on the stove and place it on the plate add 7
Success: True
# episodes completed so far: 2050
# successes: 1537 (75.0%)
Current task success rate: 1.0
Current total success rate: 0.7497560975609756

Task: pick up the black bowl on the stove and place it on the plate add 8
Success: True
# episodes completed so far: 2051
# successes: 1538 (75.0%)
Current task success rate: 1.0
Current total success rate: 0.749878108239883

Task: pick up the black bowl on the stove and place it on the plate level1 sample1
Success: True
# episodes completed so far: 2052
# successes: 1539 (75.0%)
Current task success rate: 1.0
Current total success rate: 0.75

Task: pick up the black bowl on the stove and place it on the plate level1 sample2
Success: True
# episodes completed so far: 2053
# successes: 1540 (75.0%)
Current task success rate: 1.0
Current total success rate: 0.7501217730150999

Task: pick up the black bowl on the stove and place it on the plate level1 sample3
Success: True
# episodes completed so far: 2054
# successes: 1541 (75.0%)
Current task success rate: 1.0
Current total success rate: 0.7502434274586174

Task: pick up the black bowl on the stove and place it on the plate level1 sample4
Success: True
# episodes completed so far: 2055
# successes: 1542 (75.0%)
Current task success rate: 1.0
Current total success rate: 0.7503649635036497

Task: pick up the black bowl on the stove and place it on the plate level2 sample1
Success: True
# episodes completed so far: 2056
# successes: 1543 (75.0%)
Current task success rate: 1.0
Current total success rate: 0.7504863813229572

Task: pick up the black bowl on the stove and place it on the plate level2 sample2
Success: True
# episodes completed so far: 2057
# successes: 1544 (75.1%)
Current task success rate: 1.0
Current total success rate: 0.7506076810889645

Task: pick up the black bowl on the stove and place it on the plate level2 sample3
Success: True
# episodes completed so far: 2058
# successes: 1545 (75.1%)
Current task success rate: 1.0
Current total success rate: 0.750728862973761

Task: pick up the black bowl on the stove and place it on the plate level2 sample4
Success: True
# episodes completed so far: 2059
# successes: 1546 (75.1%)
Current task success rate: 1.0
Current total success rate: 0.7508499271491015

Task: pick up the black bowl on the stove and place it on the plate level3 sample2
Success: True
# episodes completed so far: 2060
# successes: 1547 (75.1%)
Current task success rate: 1.0
Current total success rate: 0.7509708737864078

Task: pick up the black bowl on the stove and place it on the plate level3 sample3
Success: True
# episodes completed so far: 2061
# successes: 1548 (75.1%)
Current task success rate: 1.0
Current total success rate: 0.7510917030567685

Task: pick up the black bowl on the stove and place it on the plate level3 sample4
Success: True
# episodes completed so far: 2062
# successes: 1549 (75.1%)
Current task success rate: 1.0
Current total success rate: 0.7512124151309408

Task: pick up the black bowl on the stove and place it on the plate level4 sample2
Success: True
# episodes completed so far: 2063
# successes: 1550 (75.1%)
Current task success rate: 1.0
Current total success rate: 0.7513330101793505

Task: pick up the black bowl on the stove and place it on the plate level4 sample3
Success: True
# episodes completed so far: 2064
# successes: 1551 (75.1%)
Current task success rate: 1.0
Current total success rate: 0.751453488372093

Task: pick up the black bowl on the stove and place it on the plate level4 sample4
Success: True
# episodes completed so far: 2065
# successes: 1552 (75.2%)
Current task success rate: 1.0
Current total success rate: 0.7515738498789346

Task: pick up the black bowl on the stove and place it on the plate level5 sample1
Success: True
# episodes completed so far: 2066
# successes: 1553 (75.2%)
Current task success rate: 1.0
Current total success rate: 0.7516940948693127

Task: pick up the black bowl on the stove and place it on the plate level5 sample4
Success: True
# episodes completed so far: 2067
# successes: 1554 (75.2%)
Current task success rate: 1.0
Current total success rate: 0.7518142235123367

Task: pick up the black bowl on the wooden cabinet and place it on the plate add 1
Success: True
# episodes completed so far: 2068
# successes: 1555 (75.2%)
Current task success rate: 1.0
Current total success rate: 0.7519342359767892

Task: pick up the black bowl on the wooden cabinet and place it on the plate add 11
Success: True
# episodes completed so far: 2069
# successes: 1556 (75.2%)
Current task success rate: 1.0
Current total success rate: 0.7520541324311262

Task: pick up the black bowl on the wooden cabinet and place it on the plate add 12
Success: True
# episodes completed so far: 2070
# successes: 1557 (75.2%)
Current task success rate: 1.0
Current total success rate: 0.7521739130434782

Task: pick up the black bowl on the wooden cabinet and place it on the plate add 14
Success: True
# episodes completed so far: 2071
# successes: 1558 (75.2%)
Current task success rate: 1.0
Current total success rate: 0.7522935779816514

Task: pick up the black bowl on the wooden cabinet and place it on the plate add 15
Success: True
# episodes completed so far: 2072
# successes: 1559 (75.2%)
Current task success rate: 1.0
Current total success rate: 0.7524131274131274

Task: pick up the black bowl on the wooden cabinet and place it on the plate add 16
Success: True
# episodes completed so far: 2073
# successes: 1560 (75.3%)
Current task success rate: 1.0
Current total success rate: 0.7525325615050651

Task: pick up the black bowl on the wooden cabinet and place it on the plate add 18
Success: True
# episodes completed so far: 2074
# successes: 1561 (75.3%)
Current task success rate: 1.0
Current total success rate: 0.7526518804243009

Task: pick up the black bowl on the wooden cabinet and place it on the plate add 19
Success: True
# episodes completed so far: 2075
# successes: 1562 (75.3%)
Current task success rate: 1.0
Current total success rate: 0.7527710843373494

Task: pick up the black bowl on the wooden cabinet and place it on the plate add 2
Success: True
# episodes completed so far: 2076
# successes: 1563 (75.3%)
Current task success rate: 1.0
Current total success rate: 0.7528901734104047

Task: pick up the black bowl on the wooden cabinet and place it on the plate add 20
Success: True
# episodes completed so far: 2077
# successes: 1564 (75.3%)
Current task success rate: 1.0
Current total success rate: 0.7530091478093404

Task: pick up the black bowl on the wooden cabinet and place it on the plate add 21
Success: True
# episodes completed so far: 2078
# successes: 1565 (75.3%)
Current task success rate: 1.0
Current total success rate: 0.7531280076997112

Task: pick up the black bowl on the wooden cabinet and place it on the plate add 22
Success: True
# episodes completed so far: 2079
# successes: 1566 (75.3%)
Current task success rate: 1.0
Current total success rate: 0.7532467532467533

Task: pick up the black bowl on the wooden cabinet and place it on the plate add 24
Success: True
# episodes completed so far: 2080
# successes: 1567 (75.3%)
Current task success rate: 1.0
Current total success rate: 0.7533653846153846

Task: pick up the black bowl on the wooden cabinet and place it on the plate add 25
Success: True
# episodes completed so far: 2081
# successes: 1568 (75.3%)
Current task success rate: 1.0
Current total success rate: 0.7534839019702066

Task: pick up the black bowl on the wooden cabinet and place it on the plate add 26
Success: True
# episodes completed so far: 2082
# successes: 1569 (75.4%)
Current task success rate: 1.0
Current total success rate: 0.7536023054755043

Task: pick up the black bowl on the wooden cabinet and place it on the plate add 28
Success: True
# episodes completed so far: 2083
# successes: 1570 (75.4%)
Current task success rate: 1.0
Current total success rate: 0.7537205952952473

Task: pick up the black bowl on the wooden cabinet and place it on the plate add 3
Success: True
# episodes completed so far: 2084
# successes: 1571 (75.4%)
Current task success rate: 1.0
Current total success rate: 0.7538387715930902

Task: pick up the black bowl on the wooden cabinet and place it on the plate add 30
Success: True
# episodes completed so far: 2085
# successes: 1572 (75.4%)
Current task success rate: 1.0
Current total success rate: 0.753956834532374

Task: pick up the black bowl on the wooden cabinet and place it on the plate add 4
Success: True
# episodes completed so far: 2086
# successes: 1573 (75.4%)
Current task success rate: 1.0
Current total success rate: 0.7540747842761265

Task: pick up the black bowl on the wooden cabinet and place it on the plate add 5
Success: True
# episodes completed so far: 2087
# successes: 1574 (75.4%)
Current task success rate: 1.0
Current total success rate: 0.7541926209870627

Task: pick up the black bowl on the wooden cabinet and place it on the plate add 6
Success: True
# episodes completed so far: 2088
# successes: 1575 (75.4%)
Current task success rate: 1.0
Current total success rate: 0.7543103448275862

Task: pick up the black bowl on the wooden cabinet and place it on the plate add 7
Success: True
# episodes completed so far: 2089
# successes: 1576 (75.4%)
Current task success rate: 1.0
Current total success rate: 0.7544279559597894

Task: pick up the black bowl on the wooden cabinet and place it on the plate add 8
Success: True
# episodes completed so far: 2090
# successes: 1577 (75.5%)
Current task success rate: 1.0
Current total success rate: 0.7545454545454545

Task: pick up the black bowl on the wooden cabinet and place it on the plate add 9
Success: True
# episodes completed so far: 2091
# successes: 1578 (75.5%)
Current task success rate: 1.0
Current total success rate: 0.7546628407460545

Task: pick up the black bowl on the wooden cabinet and place it on the plate level1 sample1
Success: True
# episodes completed so far: 2092
# successes: 1579 (75.5%)
Current task success rate: 1.0
Current total success rate: 0.7547801147227533

Task: pick up the black bowl on the wooden cabinet and place it on the plate level1 sample2
Success: True
# episodes completed so far: 2093
# successes: 1580 (75.5%)
Current task success rate: 1.0
Current total success rate: 0.754897276636407

Task: pick up the black bowl on the wooden cabinet and place it on the plate level1 sample4
Success: True
# episodes completed so far: 2094
# successes: 1581 (75.5%)
Current task success rate: 1.0
Current total success rate: 0.7550143266475645

Task: pick up the black bowl on the wooden cabinet and place it on the plate level2 sample1
Success: True
# episodes completed so far: 2095
# successes: 1582 (75.5%)
Current task success rate: 1.0
Current total success rate: 0.7551312649164678

Task: pick up the black bowl on the wooden cabinet and place it on the plate level2 sample2
Success: True
# episodes completed so far: 2096
# successes: 1583 (75.5%)
Current task success rate: 1.0
Current total success rate: 0.7552480916030534

Task: pick up the black bowl on the wooden cabinet and place it on the plate level2 sample3
Success: True
# episodes completed so far: 2097
# successes: 1584 (75.5%)
Current task success rate: 1.0
Current total success rate: 0.7553648068669528

Task: pick up the black bowl on the wooden cabinet and place it on the plate level2 sample4
Success: True
# episodes completed so far: 2098
# successes: 1585 (75.5%)
Current task success rate: 1.0
Current total success rate: 0.7554814108674929

Task: pick up the black bowl on the wooden cabinet and place it on the plate level3 sample1
Success: True
# episodes completed so far: 2099
# successes: 1586 (75.6%)
Current task success rate: 1.0
Current total success rate: 0.755597903763697

Task: pick up the black bowl on the wooden cabinet and place it on the plate level3 sample2
Success: True
# episodes completed so far: 2100
# successes: 1587 (75.6%)
Current task success rate: 1.0
Current total success rate: 0.7557142857142857

Task: pick up the black bowl on the wooden cabinet and place it on the plate level3 sample3
Success: True
# episodes completed so far: 2101
# successes: 1588 (75.6%)
Current task success rate: 1.0
Current total success rate: 0.7558305568776773

Task: pick up the black bowl on the wooden cabinet and place it on the plate level3 sample4
Success: True
# episodes completed so far: 2102
# successes: 1589 (75.6%)
Current task success rate: 1.0
Current total success rate: 0.7559467174119886

Task: pick up the black bowl on the wooden cabinet and place it on the plate level4 sample1
Success: True
# episodes completed so far: 2103
# successes: 1590 (75.6%)
Current task success rate: 1.0
Current total success rate: 0.7560627674750356

Task: pick up the black bowl on the wooden cabinet and place it on the plate level4 sample2
Success: True
# episodes completed so far: 2104
# successes: 1591 (75.6%)
Current task success rate: 1.0
Current total success rate: 0.7561787072243346

Task: pick up the black bowl on the wooden cabinet and place it on the plate level4 sample3
Success: True
# episodes completed so far: 2105
# successes: 1592 (75.6%)
Current task success rate: 1.0
Current total success rate: 0.7562945368171021

Task: pick up the black bowl on the wooden cabinet and place it on the plate level4 sample4
Success: True
# episodes completed so far: 2106
# successes: 1593 (75.6%)
Current task success rate: 1.0
Current total success rate: 0.7564102564102564

Task: pick up the black bowl on the wooden cabinet and place it on the plate level5 sample1
Success: True
# episodes completed so far: 2107
# successes: 1594 (75.7%)
Current task success rate: 1.0
Current total success rate: 0.7565258661604176

Task: pick up the black bowl on the wooden cabinet and place it on the plate level5 sample2
Success: True
# episodes completed so far: 2108
# successes: 1595 (75.7%)
Current task success rate: 1.0
Current total success rate: 0.7566413662239089

Task: pick up the black bowl on the wooden cabinet and place it on the plate level5 sample3
Success: False
# episodes completed so far: 2109
# successes: 1595 (75.6%)
Current task success rate: 0.0
Current total success rate: 0.7562825983878615

Task: pick up the black bowl on the wooden cabinet and place it on the plate level5 sample4
Success: True
# episodes completed so far: 2110
# successes: 1596 (75.6%)
Current task success rate: 1.0
Current total success rate: 0.7563981042654029

Task: pick up the black bowl between the plate and the ramekin and place it on the plate light 1
Success: True
# episodes completed so far: 2111
# successes: 1597 (75.7%)
Current task success rate: 1.0
Current total success rate: 0.7565135007105637

Task: pick up the black bowl between the plate and the ramekin and place it on the plate light 10
Success: True
# episodes completed so far: 2112
# successes: 1598 (75.7%)
Current task success rate: 1.0
Current total success rate: 0.7566287878787878

Task: pick up the black bowl between the plate and the ramekin and place it on the plate light 11
Success: True
# episodes completed so far: 2113
# successes: 1599 (75.7%)
Current task success rate: 1.0
Current total success rate: 0.7567439659252247

Task: pick up the black bowl between the plate and the ramekin and place it on the plate light 12
Success: True
# episodes completed so far: 2114
# successes: 1600 (75.7%)
Current task success rate: 1.0
Current total success rate: 0.7568590350047304

Task: pick up the black bowl between the plate and the ramekin and place it on the plate light 13
Success: True
# episodes completed so far: 2115
# successes: 1601 (75.7%)
Current task success rate: 1.0
Current total success rate: 0.7569739952718676

Task: pick up the black bowl between the plate and the ramekin and place it on the plate light 14
Success: True
# episodes completed so far: 2116
# successes: 1602 (75.7%)
Current task success rate: 1.0
Current total success rate: 0.7570888468809074

Task: pick up the black bowl between the plate and the ramekin and place it on the plate light 15
Success: True
# episodes completed so far: 2117
# successes: 1603 (75.7%)
Current task success rate: 1.0
Current total success rate: 0.757203589985829

Task: pick up the black bowl between the plate and the ramekin and place it on the plate light 16
Success: True
# episodes completed so far: 2118
# successes: 1604 (75.7%)
Current task success rate: 1.0
Current total success rate: 0.7573182247403211

Task: pick up the black bowl between the plate and the ramekin and place it on the plate light 17
Success: True
# episodes completed so far: 2119
# successes: 1605 (75.7%)
Current task success rate: 1.0
Current total success rate: 0.757432751297782

Task: pick up the black bowl between the plate and the ramekin and place it on the plate light 18
Success: True
# episodes completed so far: 2120
# successes: 1606 (75.8%)
Current task success rate: 1.0
Current total success rate: 0.7575471698113208

Task: pick up the black bowl between the plate and the ramekin and place it on the plate light 19
Success: True
# episodes completed so far: 2121
# successes: 1607 (75.8%)
Current task success rate: 1.0
Current total success rate: 0.7576614804337577

Task: pick up the black bowl between the plate and the ramekin and place it on the plate light 2
Success: True
# episodes completed so far: 2122
# successes: 1608 (75.8%)
Current task success rate: 1.0
Current total success rate: 0.7577756833176249

Task: pick up the black bowl between the plate and the ramekin and place it on the plate light 20
Success: True
# episodes completed so far: 2123
# successes: 1609 (75.8%)
Current task success rate: 1.0
Current total success rate: 0.7578897786151673

Task: pick up the black bowl between the plate and the ramekin and place it on the plate light 21
Success: True
# episodes completed so far: 2124
# successes: 1610 (75.8%)
Current task success rate: 1.0
Current total success rate: 0.7580037664783428

Task: pick up the black bowl between the plate and the ramekin and place it on the plate light 24
Success: True
# episodes completed so far: 2125
# successes: 1611 (75.8%)
Current task success rate: 1.0
Current total success rate: 0.7581176470588236

Task: pick up the black bowl between the plate and the ramekin and place it on the plate light 25
Success: True
# episodes completed so far: 2126
# successes: 1612 (75.8%)
Current task success rate: 1.0
Current total success rate: 0.7582314205079962

Task: pick up the black bowl between the plate and the ramekin and place it on the plate light 26
Success: True
# episodes completed so far: 2127
# successes: 1613 (75.8%)
Current task success rate: 1.0
Current total success rate: 0.7583450869769629

Task: pick up the black bowl between the plate and the ramekin and place it on the plate light 27
Success: True
# episodes completed so far: 2128
# successes: 1614 (75.8%)
Current task success rate: 1.0
Current total success rate: 0.7584586466165414

Task: pick up the black bowl between the plate and the ramekin and place it on the plate light 28
Success: True
# episodes completed so far: 2129
# successes: 1615 (75.9%)
Current task success rate: 1.0
Current total success rate: 0.7585720995772663

Task: pick up the black bowl between the plate and the ramekin and place it on the plate light 29
Success: True
# episodes completed so far: 2130
# successes: 1616 (75.9%)
Current task success rate: 1.0
Current total success rate: 0.7586854460093897

Task: pick up the black bowl between the plate and the ramekin and place it on the plate light 3
Success: True
# episodes completed so far: 2131
# successes: 1617 (75.9%)
Current task success rate: 1.0
Current total success rate: 0.7587986860628813

Task: pick up the black bowl between the plate and the ramekin and place it on the plate light 30
Success: True
# episodes completed so far: 2132
# successes: 1618 (75.9%)
Current task success rate: 1.0
Current total success rate: 0.7589118198874296

Task: pick up the black bowl between the plate and the ramekin and place it on the plate light 31
Success: True
# episodes completed so far: 2133
# successes: 1619 (75.9%)
Current task success rate: 1.0
Current total success rate: 0.7590248476324426

Task: pick up the black bowl between the plate and the ramekin and place it on the plate light 33
Success: True
# episodes completed so far: 2134
# successes: 1620 (75.9%)
Current task success rate: 1.0
Current total success rate: 0.7591377694470478

Task: pick up the black bowl between the plate and the ramekin and place it on the plate light 34
Success: True
# episodes completed so far: 2135
# successes: 1621 (75.9%)
Current task success rate: 1.0
Current total success rate: 0.7592505854800937

Task: pick up the black bowl between the plate and the ramekin and place it on the plate light 35
Success: True
# episodes completed so far: 2136
# successes: 1622 (75.9%)
Current task success rate: 1.0
Current total success rate: 0.7593632958801498

Task: pick up the black bowl between the plate and the ramekin and place it on the plate light 36
Success: True
# episodes completed so far: 2137
# successes: 1623 (75.9%)
Current task success rate: 1.0
Current total success rate: 0.7594759007955078

Task: pick up the black bowl between the plate and the ramekin and place it on the plate light 38
Success: True
# episodes completed so far: 2138
# successes: 1624 (76.0%)
Current task success rate: 1.0
Current total success rate: 0.7595884003741815

Task: pick up the black bowl between the plate and the ramekin and place it on the plate light 4
Success: True
# episodes completed so far: 2139
# successes: 1625 (76.0%)
Current task success rate: 1.0
Current total success rate: 0.7597007947639084

Task: pick up the black bowl between the plate and the ramekin and place it on the plate light 41
Success: True
# episodes completed so far: 2140
# successes: 1626 (76.0%)
Current task success rate: 1.0
Current total success rate: 0.7598130841121495

Task: pick up the black bowl between the plate and the ramekin and place it on the plate light 42
Success: True
# episodes completed so far: 2141
# successes: 1627 (76.0%)
Current task success rate: 1.0
Current total success rate: 0.7599252685660907

Task: pick up the black bowl between the plate and the ramekin and place it on the plate light 43
Success: True
# episodes completed so far: 2142
# successes: 1628 (76.0%)
Current task success rate: 1.0
Current total success rate: 0.7600373482726424

Task: pick up the black bowl between the plate and the ramekin and place it on the plate light 45
Success: True
# episodes completed so far: 2143
# successes: 1629 (76.0%)
Current task success rate: 1.0
Current total success rate: 0.7601493233784414

Task: pick up the black bowl between the plate and the ramekin and place it on the plate light 46
Success: True
# episodes completed so far: 2144
# successes: 1630 (76.0%)
Current task success rate: 1.0
Current total success rate: 0.7602611940298507

Task: pick up the black bowl between the plate and the ramekin and place it on the plate light 47
Success: True
# episodes completed so far: 2145
# successes: 1631 (76.0%)
Current task success rate: 1.0
Current total success rate: 0.7603729603729604

Task: pick up the black bowl between the plate and the ramekin and place it on the plate light 48
Success: True
# episodes completed so far: 2146
# successes: 1632 (76.0%)
Current task success rate: 1.0
Current total success rate: 0.7604846225535881

Task: pick up the black bowl between the plate and the ramekin and place it on the plate light 49
Success: True
# episodes completed so far: 2147
# successes: 1633 (76.1%)
Current task success rate: 1.0
Current total success rate: 0.76059618071728

Task: pick up the black bowl between the plate and the ramekin and place it on the plate light 5
Success: True
# episodes completed so far: 2148
# successes: 1634 (76.1%)
Current task success rate: 1.0
Current total success rate: 0.7607076350093109

Task: pick up the black bowl between the plate and the ramekin and place it on the plate light 50
Success: True
# episodes completed so far: 2149
# successes: 1635 (76.1%)
Current task success rate: 1.0
Current total success rate: 0.7608189855746859

Task: pick up the black bowl between the plate and the ramekin and place it on the plate light 7
Success: True
# episodes completed so far: 2150
# successes: 1636 (76.1%)
Current task success rate: 1.0
Current total success rate: 0.7609302325581395

Task: pick up the black bowl between the plate and the ramekin and place it on the plate light 8
Success: True
# episodes completed so far: 2151
# successes: 1637 (76.1%)
Current task success rate: 1.0
Current total success rate: 0.7610413761041376

Task: pick up the black bowl between the plate and the ramekin and place it on the plate light 9
Success: True
# episodes completed so far: 2152
# successes: 1638 (76.1%)
Current task success rate: 1.0
Current total success rate: 0.7611524163568774

Task: pick up the black bowl from table center and place it on the plate light 1
Success: True
# episodes completed so far: 2153
# successes: 1639 (76.1%)
Current task success rate: 1.0
Current total success rate: 0.761263353460288

Task: pick up the black bowl from table center and place it on the plate light 10
Success: True
# episodes completed so far: 2154
# successes: 1640 (76.1%)
Current task success rate: 1.0
Current total success rate: 0.7613741875580315

Task: pick up the black bowl from table center and place it on the plate light 11
Success: True
# episodes completed so far: 2155
# successes: 1641 (76.1%)
Current task success rate: 1.0
Current total success rate: 0.7614849187935034

Task: pick up the black bowl from table center and place it on the plate light 12
Success: True
# episodes completed so far: 2156
# successes: 1642 (76.2%)
Current task success rate: 1.0
Current total success rate: 0.761595547309833

Task: pick up the black bowl from table center and place it on the plate light 13
Success: True
# episodes completed so far: 2157
# successes: 1643 (76.2%)
Current task success rate: 1.0
Current total success rate: 0.7617060732498842

Task: pick up the black bowl from table center and place it on the plate light 14
Success: True
# episodes completed so far: 2158
# successes: 1644 (76.2%)
Current task success rate: 1.0
Current total success rate: 0.7618164967562558

Task: pick up the black bowl from table center and place it on the plate light 15
Success: True
# episodes completed so far: 2159
# successes: 1645 (76.2%)
Current task success rate: 1.0
Current total success rate: 0.761926817971283

Task: pick up the black bowl from table center and place it on the plate light 16
Success: True
# episodes completed so far: 2160
# successes: 1646 (76.2%)
Current task success rate: 1.0
Current total success rate: 0.7620370370370371

Task: pick up the black bowl from table center and place it on the plate light 17
Success: True
# episodes completed so far: 2161
# successes: 1647 (76.2%)
Current task success rate: 1.0
Current total success rate: 0.7621471540953262

Task: pick up the black bowl from table center and place it on the plate light 18
Success: True
# episodes completed so far: 2162
# successes: 1648 (76.2%)
Current task success rate: 1.0
Current total success rate: 0.7622571692876966

Task: pick up the black bowl from table center and place it on the plate light 19
Success: True
# episodes completed so far: 2163
# successes: 1649 (76.2%)
Current task success rate: 1.0
Current total success rate: 0.7623670827554323

Task: pick up the black bowl from table center and place it on the plate light 2
Success: True
# episodes completed so far: 2164
# successes: 1650 (76.2%)
Current task success rate: 1.0
Current total success rate: 0.7624768946395564

Task: pick up the black bowl from table center and place it on the plate light 20
Success: True
# episodes completed so far: 2165
# successes: 1651 (76.3%)
Current task success rate: 1.0
Current total success rate: 0.7625866050808314

Task: pick up the black bowl from table center and place it on the plate light 21
Success: True
# episodes completed so far: 2166
# successes: 1652 (76.3%)
Current task success rate: 1.0
Current total success rate: 0.76269621421976

Task: pick up the black bowl from table center and place it on the plate light 22
Success: True
# episodes completed so far: 2167
# successes: 1653 (76.3%)
Current task success rate: 1.0
Current total success rate: 0.7628057221965852

Task: pick up the black bowl from table center and place it on the plate light 23
Success: True
# episodes completed so far: 2168
# successes: 1654 (76.3%)
Current task success rate: 1.0
Current total success rate: 0.7629151291512916

Task: pick up the black bowl from table center and place it on the plate light 24
Success: True
# episodes completed so far: 2169
# successes: 1655 (76.3%)
Current task success rate: 1.0
Current total success rate: 0.7630244352236053

Task: pick up the black bowl from table center and place it on the plate light 25
Success: True
# episodes completed so far: 2170
# successes: 1656 (76.3%)
Current task success rate: 1.0
Current total success rate: 0.7631336405529954

Task: pick up the black bowl from table center and place it on the plate light 26
Success: True
# episodes completed so far: 2171
# successes: 1657 (76.3%)
Current task success rate: 1.0
Current total success rate: 0.7632427452786734

Task: pick up the black bowl from table center and place it on the plate light 27
Success: True
# episodes completed so far: 2172
# successes: 1658 (76.3%)
Current task success rate: 1.0
Current total success rate: 0.7633517495395948

Task: pick up the black bowl from table center and place it on the plate light 28
Success: True
# episodes completed so far: 2173
# successes: 1659 (76.3%)
Current task success rate: 1.0
Current total success rate: 0.7634606534744592

Task: pick up the black bowl from table center and place it on the plate light 29
Success: True
# episodes completed so far: 2174
# successes: 1660 (76.4%)
Current task success rate: 1.0
Current total success rate: 0.7635694572217111

Task: pick up the black bowl from table center and place it on the plate light 3
Success: True
# episodes completed so far: 2175
# successes: 1661 (76.4%)
Current task success rate: 1.0
Current total success rate: 0.7636781609195402

Task: pick up the black bowl from table center and place it on the plate light 30
Success: True
# episodes completed so far: 2176
# successes: 1662 (76.4%)
Current task success rate: 1.0
Current total success rate: 0.7637867647058824

Task: pick up the black bowl from table center and place it on the plate light 31
Success: True
# episodes completed so far: 2177
# successes: 1663 (76.4%)
Current task success rate: 1.0
Current total success rate: 0.7638952687184198

Task: pick up the black bowl from table center and place it on the plate light 32
Success: True
# episodes completed so far: 2178
# successes: 1664 (76.4%)
Current task success rate: 1.0
Current total success rate: 0.7640036730945822

Task: pick up the black bowl from table center and place it on the plate light 33
Success: True
# episodes completed so far: 2179
# successes: 1665 (76.4%)
Current task success rate: 1.0
Current total success rate: 0.7641119779715466

Task: pick up the black bowl from table center and place it on the plate light 34
Success: True
# episodes completed so far: 2180
# successes: 1666 (76.4%)
Current task success rate: 1.0
Current total success rate: 0.7642201834862385

Task: pick up the black bowl from table center and place it on the plate light 35
Success: True
# episodes completed so far: 2181
# successes: 1667 (76.4%)
Current task success rate: 1.0
Current total success rate: 0.7643282897753324

Task: pick up the black bowl from table center and place it on the plate light 36
Success: True
# episodes completed so far: 2182
# successes: 1668 (76.4%)
Current task success rate: 1.0
Current total success rate: 0.7644362969752521

Task: pick up the black bowl from table center and place it on the plate light 37
Success: True
# episodes completed so far: 2183
# successes: 1669 (76.5%)
Current task success rate: 1.0
Current total success rate: 0.7645442052221714

Task: pick up the black bowl from table center and place it on the plate light 38
Success: True
# episodes completed so far: 2184
# successes: 1670 (76.5%)
Current task success rate: 1.0
Current total success rate: 0.7646520146520146

Task: pick up the black bowl from table center and place it on the plate light 39
Success: True
# episodes completed so far: 2185
# successes: 1671 (76.5%)
Current task success rate: 1.0
Current total success rate: 0.7647597254004577

Task: pick up the black bowl from table center and place it on the plate light 4
Success: True
# episodes completed so far: 2186
# successes: 1672 (76.5%)
Current task success rate: 1.0
Current total success rate: 0.7648673376029277

Task: pick up the black bowl from table center and place it on the plate light 40
Success: True
# episodes completed so far: 2187
# successes: 1673 (76.5%)
Current task success rate: 1.0
Current total success rate: 0.7649748513946045

Task: pick up the black bowl from table center and place it on the plate light 41
Success: True
# episodes completed so far: 2188
# successes: 1674 (76.5%)
Current task success rate: 1.0
Current total success rate: 0.7650822669104205

Task: pick up the black bowl from table center and place it on the plate light 42
Success: True
# episodes completed so far: 2189
# successes: 1675 (76.5%)
Current task success rate: 1.0
Current total success rate: 0.7651895842850617

Task: pick up the black bowl from table center and place it on the plate light 43
Success: True
# episodes completed so far: 2190
# successes: 1676 (76.5%)
Current task success rate: 1.0
Current total success rate: 0.765296803652968

Task: pick up the black bowl from table center and place it on the plate light 44
Success: True
# episodes completed so far: 2191
# successes: 1677 (76.5%)
Current task success rate: 1.0
Current total success rate: 0.7654039251483341

Task: pick up the black bowl from table center and place it on the plate light 45
Success: True
# episodes completed so far: 2192
# successes: 1678 (76.6%)
Current task success rate: 1.0
Current total success rate: 0.7655109489051095

Task: pick up the black bowl from table center and place it on the plate light 46
Success: True
# episodes completed so far: 2193
# successes: 1679 (76.6%)
Current task success rate: 1.0
Current total success rate: 0.7656178750569995

Task: pick up the black bowl from table center and place it on the plate light 47
Success: True
# episodes completed so far: 2194
# successes: 1680 (76.6%)
Current task success rate: 1.0
Current total success rate: 0.7657247037374658

Task: pick up the black bowl from table center and place it on the plate light 48
Success: True
# episodes completed so far: 2195
# successes: 1681 (76.6%)
Current task success rate: 1.0
Current total success rate: 0.7658314350797266

Task: pick up the black bowl from table center and place it on the plate light 49
Success: True
# episodes completed so far: 2196
# successes: 1682 (76.6%)
Current task success rate: 1.0
Current total success rate: 0.7659380692167578

Task: pick up the black bowl from table center and place it on the plate light 5
Success: True
# episodes completed so far: 2197
# successes: 1683 (76.6%)
Current task success rate: 1.0
Current total success rate: 0.7660446062812927

Task: pick up the black bowl from table center and place it on the plate light 50
Success: True
# episodes completed so far: 2198
# successes: 1684 (76.6%)
Current task success rate: 1.0
Current total success rate: 0.7661510464058234

Task: pick up the black bowl from table center and place it on the plate light 6
Success: True
# episodes completed so far: 2199
# successes: 1685 (76.6%)
Current task success rate: 1.0
Current total success rate: 0.7662573897226012

Task: pick up the black bowl from table center and place it on the plate light 7
Success: True
# episodes completed so far: 2200
# successes: 1686 (76.6%)
Current task success rate: 1.0
Current total success rate: 0.7663636363636364

Task: pick up the black bowl from table center and place it on the plate light 8
Success: True
# episodes completed so far: 2201
# successes: 1687 (76.6%)
Current task success rate: 1.0
Current total success rate: 0.7664697864606996

Task: pick up the black bowl from table center and place it on the plate light 9
Success: True
# episodes completed so far: 2202
# successes: 1688 (76.7%)
Current task success rate: 1.0
Current total success rate: 0.7665758401453224

Task: pick up the black bowl in the top drawer of the wooden cabinet and place it on the plate light 1
Success: True
# episodes completed so far: 2203
# successes: 1689 (76.7%)
Current task success rate: 1.0
Current total success rate: 0.7666817975487971

Task: pick up the black bowl in the top drawer of the wooden cabinet and place it on the plate light 10
Success: True
# episodes completed so far: 2204
# successes: 1690 (76.7%)
Current task success rate: 1.0
Current total success rate: 0.7667876588021778

Task: pick up the black bowl in the top drawer of the wooden cabinet and place it on the plate light 11
Success: True
# episodes completed so far: 2205
# successes: 1691 (76.7%)
Current task success rate: 1.0
Current total success rate: 0.7668934240362811

Task: pick up the black bowl in the top drawer of the wooden cabinet and place it on the plate light 12
Success: True
# episodes completed so far: 2206
# successes: 1692 (76.7%)
Current task success rate: 1.0
Current total success rate: 0.7669990933816863

Task: pick up the black bowl in the top drawer of the wooden cabinet and place it on the plate light 13
Success: True
# episodes completed so far: 2207
# successes: 1693 (76.7%)
Current task success rate: 1.0
Current total success rate: 0.7671046669687358

Task: pick up the black bowl in the top drawer of the wooden cabinet and place it on the plate light 14
Success: True
# episodes completed so far: 2208
# successes: 1694 (76.7%)
Current task success rate: 1.0
Current total success rate: 0.7672101449275363

Task: pick up the black bowl in the top drawer of the wooden cabinet and place it on the plate light 15
Success: True
# episodes completed so far: 2209
# successes: 1695 (76.7%)
Current task success rate: 1.0
Current total success rate: 0.7673155273879584

Task: pick up the black bowl in the top drawer of the wooden cabinet and place it on the plate light 16
Success: True
# episodes completed so far: 2210
# successes: 1696 (76.7%)
Current task success rate: 1.0
Current total success rate: 0.7674208144796381

Task: pick up the black bowl in the top drawer of the wooden cabinet and place it on the plate light 17
Success: True
# episodes completed so far: 2211
# successes: 1697 (76.8%)
Current task success rate: 1.0
Current total success rate: 0.7675260063319764

Task: pick up the black bowl in the top drawer of the wooden cabinet and place it on the plate light 18
Success: True
# episodes completed so far: 2212
# successes: 1698 (76.8%)
Current task success rate: 1.0
Current total success rate: 0.7676311030741411

Task: pick up the black bowl in the top drawer of the wooden cabinet and place it on the plate light 19
Success: True
# episodes completed so far: 2213
# successes: 1699 (76.8%)
Current task success rate: 1.0
Current total success rate: 0.7677361048350655

Task: pick up the black bowl in the top drawer of the wooden cabinet and place it on the plate light 2
Success: True
# episodes completed so far: 2214
# successes: 1700 (76.8%)
Current task success rate: 1.0
Current total success rate: 0.7678410117434508

Task: pick up the black bowl in the top drawer of the wooden cabinet and place it on the plate light 20
Success: True
# episodes completed so far: 2215
# successes: 1701 (76.8%)
Current task success rate: 1.0
Current total success rate: 0.7679458239277652

Task: pick up the black bowl in the top drawer of the wooden cabinet and place it on the plate light 21
Success: True
# episodes completed so far: 2216
# successes: 1702 (76.8%)
Current task success rate: 1.0
Current total success rate: 0.7680505415162455

Task: pick up the black bowl in the top drawer of the wooden cabinet and place it on the plate light 22
Success: True
# episodes completed so far: 2217
# successes: 1703 (76.8%)
Current task success rate: 1.0
Current total success rate: 0.7681551646368967

Task: pick up the black bowl in the top drawer of the wooden cabinet and place it on the plate light 23
Success: True
# episodes completed so far: 2218
# successes: 1704 (76.8%)
Current task success rate: 1.0
Current total success rate: 0.7682596934174932

Task: pick up the black bowl in the top drawer of the wooden cabinet and place it on the plate light 24
Success: True
# episodes completed so far: 2219
# successes: 1705 (76.8%)
Current task success rate: 1.0
Current total success rate: 0.7683641279855791

Task: pick up the black bowl in the top drawer of the wooden cabinet and place it on the plate light 25
Success: True
# episodes completed so far: 2220
# successes: 1706 (76.8%)
Current task success rate: 1.0
Current total success rate: 0.7684684684684685

Task: pick up the black bowl in the top drawer of the wooden cabinet and place it on the plate light 26
Success: True
# episodes completed so far: 2221
# successes: 1707 (76.9%)
Current task success rate: 1.0
Current total success rate: 0.7685727149932463

Task: pick up the black bowl in the top drawer of the wooden cabinet and place it on the plate light 27
Success: True
# episodes completed so far: 2222
# successes: 1708 (76.9%)
Current task success rate: 1.0
Current total success rate: 0.7686768676867687

Task: pick up the black bowl in the top drawer of the wooden cabinet and place it on the plate light 28
Success: True
# episodes completed so far: 2223
# successes: 1709 (76.9%)
Current task success rate: 1.0
Current total success rate: 0.7687809266756636

Task: pick up the black bowl in the top drawer of the wooden cabinet and place it on the plate light 29
Success: True
# episodes completed so far: 2224
# successes: 1710 (76.9%)
Current task success rate: 1.0
Current total success rate: 0.7688848920863309

Task: pick up the black bowl in the top drawer of the wooden cabinet and place it on the plate light 30
Success: True
# episodes completed so far: 2225
# successes: 1711 (76.9%)
Current task success rate: 1.0
Current total success rate: 0.7689887640449439

Task: pick up the black bowl in the top drawer of the wooden cabinet and place it on the plate light 31
Success: True
# episodes completed so far: 2226
# successes: 1712 (76.9%)
Current task success rate: 1.0
Current total success rate: 0.7690925426774483

Task: pick up the black bowl in the top drawer of the wooden cabinet and place it on the plate light 32
Success: True
# episodes completed so far: 2227
# successes: 1713 (76.9%)
Current task success rate: 1.0
Current total success rate: 0.7691962281095645

Task: pick up the black bowl in the top drawer of the wooden cabinet and place it on the plate light 33
Success: True
# episodes completed so far: 2228
# successes: 1714 (76.9%)
Current task success rate: 1.0
Current total success rate: 0.7692998204667864

Task: pick up the black bowl in the top drawer of the wooden cabinet and place it on the plate light 34
Success: True
# episodes completed so far: 2229
# successes: 1715 (76.9%)
Current task success rate: 1.0
Current total success rate: 0.7694033198743832

Task: pick up the black bowl in the top drawer of the wooden cabinet and place it on the plate light 35
Success: True
# episodes completed so far: 2230
# successes: 1716 (77.0%)
Current task success rate: 1.0
Current total success rate: 0.7695067264573991

Task: pick up the black bowl in the top drawer of the wooden cabinet and place it on the plate light 36
Success: True
# episodes completed so far: 2231
# successes: 1717 (77.0%)
Current task success rate: 1.0
Current total success rate: 0.7696100403406544

Task: pick up the black bowl in the top drawer of the wooden cabinet and place it on the plate light 37
Success: True
# episodes completed so far: 2232
# successes: 1718 (77.0%)
Current task success rate: 1.0
Current total success rate: 0.7697132616487455

Task: pick up the black bowl in the top drawer of the wooden cabinet and place it on the plate light 38
Success: True
# episodes completed so far: 2233
# successes: 1719 (77.0%)
Current task success rate: 1.0
Current total success rate: 0.7698163905060457

Task: pick up the black bowl in the top drawer of the wooden cabinet and place it on the plate light 39
Success: True
# episodes completed so far: 2234
# successes: 1720 (77.0%)
Current task success rate: 1.0
Current total success rate: 0.7699194270367055

Task: pick up the black bowl in the top drawer of the wooden cabinet and place it on the plate light 4
Success: True
# episodes completed so far: 2235
# successes: 1721 (77.0%)
Current task success rate: 1.0
Current total success rate: 0.7700223713646532

Task: pick up the black bowl in the top drawer of the wooden cabinet and place it on the plate light 41
Success: True
# episodes completed so far: 2236
# successes: 1722 (77.0%)
Current task success rate: 1.0
Current total success rate: 0.7701252236135957

Task: pick up the black bowl in the top drawer of the wooden cabinet and place it on the plate light 42
Success: True
# episodes completed so far: 2237
# successes: 1723 (77.0%)
Current task success rate: 1.0
Current total success rate: 0.7702279839070183

Task: pick up the black bowl in the top drawer of the wooden cabinet and place it on the plate light 43
Success: True
# episodes completed so far: 2238
# successes: 1724 (77.0%)
Current task success rate: 1.0
Current total success rate: 0.7703306523681859

Task: pick up the black bowl in the top drawer of the wooden cabinet and place it on the plate light 44
Success: True
# episodes completed so far: 2239
# successes: 1725 (77.0%)
Current task success rate: 1.0
Current total success rate: 0.7704332291201429

Task: pick up the black bowl in the top drawer of the wooden cabinet and place it on the plate light 46
Success: True
# episodes completed so far: 2240
# successes: 1726 (77.1%)
Current task success rate: 1.0
Current total success rate: 0.7705357142857143

Task: pick up the black bowl in the top drawer of the wooden cabinet and place it on the plate light 48
Success: True
# episodes completed so far: 2241
# successes: 1727 (77.1%)
Current task success rate: 1.0
Current total success rate: 0.7706381079875055

Task: pick up the black bowl in the top drawer of the wooden cabinet and place it on the plate light 49
Success: True
# episodes completed so far: 2242
# successes: 1728 (77.1%)
Current task success rate: 1.0
Current total success rate: 0.7707404103479036

Task: pick up the black bowl in the top drawer of the wooden cabinet and place it on the plate light 5
Success: True
# episodes completed so far: 2243
# successes: 1729 (77.1%)
Current task success rate: 1.0
Current total success rate: 0.7708426214890771

Task: pick up the black bowl in the top drawer of the wooden cabinet and place it on the plate light 50
Success: True
# episodes completed so far: 2244
# successes: 1730 (77.1%)
Current task success rate: 1.0
Current total success rate: 0.7709447415329769

Task: pick up the black bowl in the top drawer of the wooden cabinet and place it on the plate light 7
Success: True
# episodes completed so far: 2245
# successes: 1731 (77.1%)
Current task success rate: 1.0
Current total success rate: 0.7710467706013363

Task: pick up the black bowl in the top drawer of the wooden cabinet and place it on the plate light 9
Success: True
# episodes completed so far: 2246
# successes: 1732 (77.1%)
Current task success rate: 1.0
Current total success rate: 0.7711487088156723

Task: pick up the black bowl next to the cookie box and place it on the plate light 1
Success: True
# episodes completed so far: 2247
# successes: 1733 (77.1%)
Current task success rate: 1.0
Current total success rate: 0.7712505562972852

Task: pick up the black bowl next to the cookie box and place it on the plate light 11
Success: True
# episodes completed so far: 2248
# successes: 1734 (77.1%)
Current task success rate: 1.0
Current total success rate: 0.7713523131672598

Task: pick up the black bowl next to the cookie box and place it on the plate light 13
Success: True
# episodes completed so far: 2249
# successes: 1735 (77.1%)
Current task success rate: 1.0
Current total success rate: 0.7714539795464651

Task: pick up the black bowl next to the cookie box and place it on the plate light 15
Success: True
# episodes completed so far: 2250
# successes: 1736 (77.2%)
Current task success rate: 1.0
Current total success rate: 0.7715555555555556

Task: pick up the black bowl next to the cookie box and place it on the plate light 16
Success: True
# episodes completed so far: 2251
# successes: 1737 (77.2%)
Current task success rate: 1.0
Current total success rate: 0.7716570413149711

Task: pick up the black bowl next to the cookie box and place it on the plate light 18
Success: True
# episodes completed so far: 2252
# successes: 1738 (77.2%)
Current task success rate: 1.0
Current total success rate: 0.7717584369449378

Task: pick up the black bowl next to the cookie box and place it on the plate light 2
Success: True
# episodes completed so far: 2253
# successes: 1739 (77.2%)
Current task success rate: 1.0
Current total success rate: 0.7718597425654683

Task: pick up the black bowl next to the cookie box and place it on the plate light 20
Success: True
# episodes completed so far: 2254
# successes: 1740 (77.2%)
Current task success rate: 1.0
Current total success rate: 0.771960958296362

Task: pick up the black bowl next to the cookie box and place it on the plate light 24
Success: True
# episodes completed so far: 2255
# successes: 1741 (77.2%)
Current task success rate: 1.0
Current total success rate: 0.7720620842572062

Task: pick up the black bowl next to the cookie box and place it on the plate light 26
Success: True
# episodes completed so far: 2256
# successes: 1742 (77.2%)
Current task success rate: 1.0
Current total success rate: 0.7721631205673759

Task: pick up the black bowl next to the cookie box and place it on the plate light 27
Success: True
# episodes completed so far: 2257
# successes: 1743 (77.2%)
Current task success rate: 1.0
Current total success rate: 0.7722640673460346

Task: pick up the black bowl next to the cookie box and place it on the plate light 29
Success: True
# episodes completed so far: 2258
# successes: 1744 (77.2%)
Current task success rate: 1.0
Current total success rate: 0.7723649247121346

Task: pick up the black bowl next to the cookie box and place it on the plate light 30
Success: True
# episodes completed so far: 2259
# successes: 1745 (77.2%)
Current task success rate: 1.0
Current total success rate: 0.7724656927844179

Task: pick up the black bowl next to the cookie box and place it on the plate light 31
Success: True
# episodes completed so far: 2260
# successes: 1746 (77.3%)
Current task success rate: 1.0
Current total success rate: 0.772566371681416

Task: pick up the black bowl next to the cookie box and place it on the plate light 33
Success: True
# episodes completed so far: 2261
# successes: 1747 (77.3%)
Current task success rate: 1.0
Current total success rate: 0.7726669615214506

Task: pick up the black bowl next to the cookie box and place it on the plate light 34
Success: True
# episodes completed so far: 2262
# successes: 1748 (77.3%)
Current task success rate: 1.0
Current total success rate: 0.7727674624226348

Task: pick up the black bowl next to the cookie box and place it on the plate light 35
Success: True
# episodes completed so far: 2263
# successes: 1749 (77.3%)
Current task success rate: 1.0
Current total success rate: 0.7728678745028723

Task: pick up the black bowl next to the cookie box and place it on the plate light 36
Success: True
# episodes completed so far: 2264
# successes: 1750 (77.3%)
Current task success rate: 1.0
Current total success rate: 0.7729681978798587

Task: pick up the black bowl next to the cookie box and place it on the plate light 37
Success: True
# episodes completed so far: 2265
# successes: 1751 (77.3%)
Current task success rate: 1.0
Current total success rate: 0.7730684326710817

Task: pick up the black bowl next to the cookie box and place it on the plate light 38
Success: True
# episodes completed so far: 2266
# successes: 1752 (77.3%)
Current task success rate: 1.0
Current total success rate: 0.7731685789938217

Task: pick up the black bowl next to the cookie box and place it on the plate light 39
Success: True
# episodes completed so far: 2267
# successes: 1753 (77.3%)
Current task success rate: 1.0
Current total success rate: 0.7732686369651521

Task: pick up the black bowl next to the cookie box and place it on the plate light 4
Success: True
# episodes completed so far: 2268
# successes: 1754 (77.3%)
Current task success rate: 1.0
Current total success rate: 0.7733686067019401

Task: pick up the black bowl next to the cookie box and place it on the plate light 40
Success: True
# episodes completed so far: 2269
# successes: 1755 (77.3%)
Current task success rate: 1.0
Current total success rate: 0.7734684883208461

Task: pick up the black bowl next to the cookie box and place it on the plate light 41
Success: True
# episodes completed so far: 2270
# successes: 1756 (77.4%)
Current task success rate: 1.0
Current total success rate: 0.7735682819383259

Task: pick up the black bowl next to the cookie box and place it on the plate light 42
Success: True
# episodes completed so far: 2271
# successes: 1757 (77.4%)
Current task success rate: 1.0
Current total success rate: 0.7736679876706297

Task: pick up the black bowl next to the cookie box and place it on the plate light 44
Success: True
# episodes completed so far: 2272
# successes: 1758 (77.4%)
Current task success rate: 1.0
Current total success rate: 0.7737676056338029

Task: pick up the black bowl next to the cookie box and place it on the plate light 46
Success: True
# episodes completed so far: 2273
# successes: 1759 (77.4%)
Current task success rate: 1.0
Current total success rate: 0.7738671359436867

Task: pick up the black bowl next to the cookie box and place it on the plate light 49
Success: True
# episodes completed so far: 2274
# successes: 1760 (77.4%)
Current task success rate: 1.0
Current total success rate: 0.7739665787159191

Task: pick up the black bowl next to the cookie box and place it on the plate light 5
Success: True
# episodes completed so far: 2275
# successes: 1761 (77.4%)
Current task success rate: 1.0
Current total success rate: 0.774065934065934

Task: pick up the black bowl next to the cookie box and place it on the plate light 7
Success: True
# episodes completed so far: 2276
# successes: 1762 (77.4%)
Current task success rate: 1.0
Current total success rate: 0.7741652021089631

Task: pick up the black bowl next to the cookie box and place it on the plate light 9
Success: True
# episodes completed so far: 2277
# successes: 1763 (77.4%)
Current task success rate: 1.0
Current total success rate: 0.7742643829600351

Task: pick up the black bowl next to the plate and place it on the plate light 11
Success: True
# episodes completed so far: 2278
# successes: 1764 (77.4%)
Current task success rate: 1.0
Current total success rate: 0.7743634767339772

Task: pick up the black bowl next to the plate and place it on the plate light 15
Success: True
# episodes completed so far: 2279
# successes: 1765 (77.4%)
Current task success rate: 1.0
Current total success rate: 0.7744624835454147

Task: pick up the black bowl next to the plate and place it on the plate light 24
Success: True
# episodes completed so far: 2280
# successes: 1766 (77.5%)
Current task success rate: 1.0
Current total success rate: 0.7745614035087719

Task: pick up the black bowl next to the plate and place it on the plate light 37
Success: True
# episodes completed so far: 2281
# successes: 1767 (77.5%)
Current task success rate: 1.0
Current total success rate: 0.7746602367382727

Task: pick up the black bowl next to the ramekin and place it on the plate light 10
Success: True
# episodes completed so far: 2282
# successes: 1768 (77.5%)
Current task success rate: 1.0
Current total success rate: 0.7747589833479404

Task: pick up the black bowl next to the ramekin and place it on the plate light 2
Success: True
# episodes completed so far: 2283
# successes: 1769 (77.5%)
Current task success rate: 1.0
Current total success rate: 0.7748576434515988

Task: pick up the black bowl next to the ramekin and place it on the plate light 21
Success: True
# episodes completed so far: 2284
# successes: 1770 (77.5%)
Current task success rate: 1.0
Current total success rate: 0.7749562171628721

Task: pick up the black bowl next to the ramekin and place it on the plate light 38
Success: True
# episodes completed so far: 2285
# successes: 1771 (77.5%)
Current task success rate: 1.0
Current total success rate: 0.775054704595186

Task: pick up the black bowl next to the ramekin and place it on the plate light 39
Success: True
# episodes completed so far: 2286
# successes: 1772 (77.5%)
Current task success rate: 1.0
Current total success rate: 0.7751531058617673

Task: pick up the black bowl next to the ramekin and place it on the plate light 40
Success: True
# episodes completed so far: 2287
# successes: 1773 (77.5%)
Current task success rate: 1.0
Current total success rate: 0.7752514210756449

Task: pick up the black bowl next to the ramekin and place it on the plate light 45
Success: True
# episodes completed so far: 2288
# successes: 1774 (77.5%)
Current task success rate: 1.0
Current total success rate: 0.7753496503496503

Task: pick up the black bowl next to the ramekin and place it on the plate light 50
Success: True
# episodes completed so far: 2289
# successes: 1775 (77.5%)
Current task success rate: 1.0
Current total success rate: 0.7754477937964176

Task: pick up the black bowl next to the ramekin and place it on the plate light 6
Success: True
# episodes completed so far: 2290
# successes: 1776 (77.6%)
Current task success rate: 1.0
Current total success rate: 0.7755458515283843

Task: pick up the black bowl next to the ramekin and place it on the plate light 8
Success: True
# episodes completed so far: 2291
# successes: 1777 (77.6%)
Current task success rate: 1.0
Current total success rate: 0.7756438236577914

Task: pick up the black bowl on the cookie box and place it on the plate light 1
Success: True
# episodes completed so far: 2292
# successes: 1778 (77.6%)
Current task success rate: 1.0
Current total success rate: 0.7757417102966842

Task: pick up the black bowl on the cookie box and place it on the plate light 10
Success: True
# episodes completed so far: 2293
# successes: 1779 (77.6%)
Current task success rate: 1.0
Current total success rate: 0.7758395115569123

Task: pick up the black bowl on the cookie box and place it on the plate light 14
Success: True
# episodes completed so far: 2294
# successes: 1780 (77.6%)
Current task success rate: 1.0
Current total success rate: 0.7759372275501307

Task: pick up the black bowl on the cookie box and place it on the plate light 15
Success: True
# episodes completed so far: 2295
# successes: 1781 (77.6%)
Current task success rate: 1.0
Current total success rate: 0.7760348583877995

Task: pick up the black bowl on the cookie box and place it on the plate light 18
Success: True
# episodes completed so far: 2296
# successes: 1782 (77.6%)
Current task success rate: 1.0
Current total success rate: 0.7761324041811847

Task: pick up the black bowl on the cookie box and place it on the plate light 21
Success: True
# episodes completed so far: 2297
# successes: 1783 (77.6%)
Current task success rate: 1.0
Current total success rate: 0.7762298650413583

Task: pick up the black bowl on the cookie box and place it on the plate light 22
Success: True
# episodes completed so far: 2298
# successes: 1784 (77.6%)
Current task success rate: 1.0
Current total success rate: 0.7763272410791993

Task: pick up the black bowl on the cookie box and place it on the plate light 25
Success: True
# episodes completed so far: 2299
# successes: 1785 (77.6%)
Current task success rate: 1.0
Current total success rate: 0.7764245324053937

Task: pick up the black bowl on the cookie box and place it on the plate light 26
Success: True
# episodes completed so far: 2300
# successes: 1786 (77.7%)
Current task success rate: 1.0
Current total success rate: 0.7765217391304348

Task: pick up the black bowl on the cookie box and place it on the plate light 27
Success: True
# episodes completed so far: 2301
# successes: 1787 (77.7%)
Current task success rate: 1.0
Current total success rate: 0.7766188613646241

Task: pick up the black bowl on the cookie box and place it on the plate light 32
Success: True
# episodes completed so far: 2302
# successes: 1788 (77.7%)
Current task success rate: 1.0
Current total success rate: 0.7767158992180713

Task: pick up the black bowl on the cookie box and place it on the plate light 37
Success: True
# episodes completed so far: 2303
# successes: 1789 (77.7%)
Current task success rate: 1.0
Current total success rate: 0.7768128528006948

Task: pick up the black bowl on the cookie box and place it on the plate light 38
Success: True
# episodes completed so far: 2304
# successes: 1790 (77.7%)
Current task success rate: 1.0
Current total success rate: 0.7769097222222222

Task: pick up the black bowl on the cookie box and place it on the plate light 39
Success: True
# episodes completed so far: 2305
# successes: 1791 (77.7%)
Current task success rate: 1.0
Current total success rate: 0.7770065075921909

Task: pick up the black bowl on the cookie box and place it on the plate light 41
Success: True
# episodes completed so far: 2306
# successes: 1792 (77.7%)
Current task success rate: 1.0
Current total success rate: 0.777103209019948

Task: pick up the black bowl on the cookie box and place it on the plate light 42
Success: True
# episodes completed so far: 2307
# successes: 1793 (77.7%)
Current task success rate: 1.0
Current total success rate: 0.777199826614651

Task: pick up the black bowl on the cookie box and place it on the plate light 44
Success: True
# episodes completed so far: 2308
# successes: 1794 (77.7%)
Current task success rate: 1.0
Current total success rate: 0.7772963604852686

Task: pick up the black bowl on the cookie box and place it on the plate light 46
Success: True
# episodes completed so far: 2309
# successes: 1795 (77.7%)
Current task success rate: 1.0
Current total success rate: 0.7773928107405803

Task: pick up the black bowl on the cookie box and place it on the plate light 47
Success: True
# episodes completed so far: 2310
# successes: 1796 (77.7%)
Current task success rate: 1.0
Current total success rate: 0.7774891774891775

Task: pick up the black bowl on the cookie box and place it on the plate light 48
Success: True
# episodes completed so far: 2311
# successes: 1797 (77.8%)
Current task success rate: 1.0
Current total success rate: 0.7775854608394634

Task: pick up the black bowl on the cookie box and place it on the plate light 50
Success: True
# episodes completed so far: 2312
# successes: 1798 (77.8%)
Current task success rate: 1.0
Current total success rate: 0.777681660899654

Task: pick up the black bowl on the cookie box and place it on the plate light 6
Success: True
# episodes completed so far: 2313
# successes: 1799 (77.8%)
Current task success rate: 1.0
Current total success rate: 0.7777777777777778

Task: pick up the black bowl on the cookie box and place it on the plate light 7
Success: True
# episodes completed so far: 2314
# successes: 1800 (77.8%)
Current task success rate: 1.0
Current total success rate: 0.7778738115816768

Task: pick up the black bowl on the cookie box and place it on the plate light 8
Success: False
# episodes completed so far: 2315
# successes: 1800 (77.8%)
Current task success rate: 0.0
Current total success rate: 0.7775377969762419

Task: pick up the black bowl on the ramekin and place it on the plate light 10
Success: True
# episodes completed so far: 2316
# successes: 1801 (77.8%)
Current task success rate: 1.0
Current total success rate: 0.7776338514680483

Task: pick up the black bowl on the ramekin and place it on the plate light 11
Success: True
# episodes completed so far: 2317
# successes: 1802 (77.8%)
Current task success rate: 1.0
Current total success rate: 0.7777298230470436

Task: pick up the black bowl on the ramekin and place it on the plate light 12
Success: True
# episodes completed so far: 2318
# successes: 1803 (77.8%)
Current task success rate: 1.0
Current total success rate: 0.777825711820535

Task: pick up the black bowl on the ramekin and place it on the plate light 13
Success: True
# episodes completed so far: 2319
# successes: 1804 (77.8%)
Current task success rate: 1.0
Current total success rate: 0.7779215178956447

Task: pick up the black bowl on the ramekin and place it on the plate light 15
Success: True
# episodes completed so far: 2320
# successes: 1805 (77.8%)
Current task success rate: 1.0
Current total success rate: 0.7780172413793104

Task: pick up the black bowl on the ramekin and place it on the plate light 16
Success: True
# episodes completed so far: 2321
# successes: 1806 (77.8%)
Current task success rate: 1.0
Current total success rate: 0.7781128823782852

Task: pick up the black bowl on the ramekin and place it on the plate light 17
Success: True
# episodes completed so far: 2322
# successes: 1807 (77.8%)
Current task success rate: 1.0
Current total success rate: 0.7782084409991387

Task: pick up the black bowl on the ramekin and place it on the plate light 18
Success: True
# episodes completed so far: 2323
# successes: 1808 (77.8%)
Current task success rate: 1.0
Current total success rate: 0.7783039173482565

Task: pick up the black bowl on the ramekin and place it on the plate light 19
Success: True
# episodes completed so far: 2324
# successes: 1809 (77.8%)
Current task success rate: 1.0
Current total success rate: 0.7783993115318416

Task: pick up the black bowl on the ramekin and place it on the plate light 2
Success: True
# episodes completed so far: 2325
# successes: 1810 (77.8%)
Current task success rate: 1.0
Current total success rate: 0.7784946236559139

Task: pick up the black bowl on the ramekin and place it on the plate light 20
Success: True
# episodes completed so far: 2326
# successes: 1811 (77.9%)
Current task success rate: 1.0
Current total success rate: 0.7785898538263113

Task: pick up the black bowl on the ramekin and place it on the plate light 21
Success: True
# episodes completed so far: 2327
# successes: 1812 (77.9%)
Current task success rate: 1.0
Current total success rate: 0.7786850021486893

Task: pick up the black bowl on the ramekin and place it on the plate light 22
Success: True
# episodes completed so far: 2328
# successes: 1813 (77.9%)
Current task success rate: 1.0
Current total success rate: 0.7787800687285223

Task: pick up the black bowl on the ramekin and place it on the plate light 24
Success: True
# episodes completed so far: 2329
# successes: 1814 (77.9%)
Current task success rate: 1.0
Current total success rate: 0.7788750536711034

Task: pick up the black bowl on the ramekin and place it on the plate light 25
Success: True
# episodes completed so far: 2330
# successes: 1815 (77.9%)
Current task success rate: 1.0
Current total success rate: 0.778969957081545

Task: pick up the black bowl on the ramekin and place it on the plate light 26
Success: True
# episodes completed so far: 2331
# successes: 1816 (77.9%)
Current task success rate: 1.0
Current total success rate: 0.7790647790647791

Task: pick up the black bowl on the ramekin and place it on the plate light 27
Success: True
# episodes completed so far: 2332
# successes: 1817 (77.9%)
Current task success rate: 1.0
Current total success rate: 0.7791595197255574

Task: pick up the black bowl on the ramekin and place it on the plate light 28
Success: True
# episodes completed so far: 2333
# successes: 1818 (77.9%)
Current task success rate: 1.0
Current total success rate: 0.7792541791684526

Task: pick up the black bowl on the ramekin and place it on the plate light 29
Success: True
# episodes completed so far: 2334
# successes: 1819 (77.9%)
Current task success rate: 1.0
Current total success rate: 0.7793487574978577

Task: pick up the black bowl on the ramekin and place it on the plate light 31
Success: True
# episodes completed so far: 2335
# successes: 1820 (77.9%)
Current task success rate: 1.0
Current total success rate: 0.7794432548179872

Task: pick up the black bowl on the ramekin and place it on the plate light 33
Success: True
# episodes completed so far: 2336
# successes: 1821 (78.0%)
Current task success rate: 1.0
Current total success rate: 0.7795376712328768

Task: pick up the black bowl on the ramekin and place it on the plate light 35
Success: True
# episodes completed so far: 2337
# successes: 1822 (78.0%)
Current task success rate: 1.0
Current total success rate: 0.7796320068463842

Task: pick up the black bowl on the ramekin and place it on the plate light 36
Success: True
# episodes completed so far: 2338
# successes: 1823 (78.0%)
Current task success rate: 1.0
Current total success rate: 0.77972626176219

Task: pick up the black bowl on the ramekin and place it on the plate light 39
Success: True
# episodes completed so far: 2339
# successes: 1824 (78.0%)
Current task success rate: 1.0
Current total success rate: 0.7798204360837965

Task: pick up the black bowl on the ramekin and place it on the plate light 41
Success: True
# episodes completed so far: 2340
# successes: 1825 (78.0%)
Current task success rate: 1.0
Current total success rate: 0.7799145299145299

Task: pick up the black bowl on the ramekin and place it on the plate light 43
Success: True
# episodes completed so far: 2341
# successes: 1826 (78.0%)
Current task success rate: 1.0
Current total success rate: 0.7800085433575396

Task: pick up the black bowl on the ramekin and place it on the plate light 44
Success: True
# episodes completed so far: 2342
# successes: 1827 (78.0%)
Current task success rate: 1.0
Current total success rate: 0.7801024765157984

Task: pick up the black bowl on the ramekin and place it on the plate light 46
Success: True
# episodes completed so far: 2343
# successes: 1828 (78.0%)
Current task success rate: 1.0
Current total success rate: 0.7801963294921042

Task: pick up the black bowl on the ramekin and place it on the plate light 49
Success: True
# episodes completed so far: 2344
# successes: 1829 (78.0%)
Current task success rate: 1.0
Current total success rate: 0.7802901023890785

Task: pick up the black bowl on the ramekin and place it on the plate light 5
Success: True
# episodes completed so far: 2345
# successes: 1830 (78.0%)
Current task success rate: 1.0
Current total success rate: 0.7803837953091685

Task: pick up the black bowl on the ramekin and place it on the plate light 50
Success: True
# episodes completed so far: 2346
# successes: 1831 (78.0%)
Current task success rate: 1.0
Current total success rate: 0.7804774083546462

Task: pick up the black bowl on the ramekin and place it on the plate light 6
Success: True
# episodes completed so far: 2347
# successes: 1832 (78.1%)
Current task success rate: 1.0
Current total success rate: 0.7805709416276098

Task: pick up the black bowl on the ramekin and place it on the plate light 7
Success: True
# episodes completed so far: 2348
# successes: 1833 (78.1%)
Current task success rate: 1.0
Current total success rate: 0.780664395229983

Task: pick up the black bowl on the ramekin and place it on the plate light 8
Success: True
# episodes completed so far: 2349
# successes: 1834 (78.1%)
Current task success rate: 1.0
Current total success rate: 0.7807577692635164

Task: pick up the black bowl on the stove and place it on the plate light 10
Success: False
# episodes completed so far: 2350
# successes: 1834 (78.0%)
Current task success rate: 0.0
Current total success rate: 0.7804255319148936

Task: pick up the black bowl on the stove and place it on the plate light 11
Success: True
# episodes completed so far: 2351
# successes: 1835 (78.1%)
Current task success rate: 1.0
Current total success rate: 0.7805189281156955

Task: pick up the black bowl on the stove and place it on the plate light 13
Success: True
# episodes completed so far: 2352
# successes: 1836 (78.1%)
Current task success rate: 1.0
Current total success rate: 0.7806122448979592

Task: pick up the black bowl on the stove and place it on the plate light 14
Success: True
# episodes completed so far: 2353
# successes: 1837 (78.1%)
Current task success rate: 1.0
Current total success rate: 0.7807054823629409

Task: pick up the black bowl on the stove and place it on the plate light 15
Success: True
# episodes completed so far: 2354
# successes: 1838 (78.1%)
Current task success rate: 1.0
Current total success rate: 0.7807986406117248

Task: pick up the black bowl on the stove and place it on the plate light 16
Success: True
# episodes completed so far: 2355
# successes: 1839 (78.1%)
Current task success rate: 1.0
Current total success rate: 0.780891719745223

Task: pick up the black bowl on the stove and place it on the plate light 18
Success: True
# episodes completed so far: 2356
# successes: 1840 (78.1%)
Current task success rate: 1.0
Current total success rate: 0.7809847198641766

Task: pick up the black bowl on the stove and place it on the plate light 19
Success: True
# episodes completed so far: 2357
# successes: 1841 (78.1%)
Current task success rate: 1.0
Current total success rate: 0.7810776410691557

Task: pick up the black bowl on the stove and place it on the plate light 2
Success: False
# episodes completed so far: 2358
# successes: 1841 (78.1%)
Current task success rate: 0.0
Current total success rate: 0.780746395250212

Task: pick up the black bowl on the stove and place it on the plate light 21
Success: True
# episodes completed so far: 2359
# successes: 1842 (78.1%)
Current task success rate: 1.0
Current total success rate: 0.7808393387028402

Task: pick up the black bowl on the stove and place it on the plate light 22
Success: True
# episodes completed so far: 2360
# successes: 1843 (78.1%)
Current task success rate: 1.0
Current total success rate: 0.7809322033898305

Task: pick up the black bowl on the stove and place it on the plate light 23
Success: True
# episodes completed so far: 2361
# successes: 1844 (78.1%)
Current task success rate: 1.0
Current total success rate: 0.7810249894112664

Task: pick up the black bowl on the stove and place it on the plate light 3
Success: True
# episodes completed so far: 2362
# successes: 1845 (78.1%)
Current task success rate: 1.0
Current total success rate: 0.7811176968670618

Task: pick up the black bowl on the stove and place it on the plate light 30
Success: True
# episodes completed so far: 2363
# successes: 1846 (78.1%)
Current task success rate: 1.0
Current total success rate: 0.7812103258569615

Task: pick up the black bowl on the stove and place it on the plate light 32
Success: False
# episodes completed so far: 2364
# successes: 1846 (78.1%)
Current task success rate: 0.0
Current total success rate: 0.7808798646362098

Task: pick up the black bowl on the stove and place it on the plate light 33
Success: True
# episodes completed so far: 2365
# successes: 1847 (78.1%)
Current task success rate: 1.0
Current total success rate: 0.7809725158562368

Task: pick up the black bowl on the stove and place it on the plate light 34
Success: True
# episodes completed so far: 2366
# successes: 1848 (78.1%)
Current task success rate: 1.0
Current total success rate: 0.7810650887573964

Task: pick up the black bowl on the stove and place it on the plate light 35
Success: True
# episodes completed so far: 2367
# successes: 1849 (78.1%)
Current task success rate: 1.0
Current total success rate: 0.7811575834389523

Task: pick up the black bowl on the stove and place it on the plate light 36
Success: True
# episodes completed so far: 2368
# successes: 1850 (78.1%)
Current task success rate: 1.0
Current total success rate: 0.78125

Task: pick up the black bowl on the stove and place it on the plate light 37
Success: True
# episodes completed so far: 2369
# successes: 1851 (78.1%)
Current task success rate: 1.0
Current total success rate: 0.7813423385394681

Task: pick up the black bowl on the stove and place it on the plate light 38
Success: True
# episodes completed so far: 2370
# successes: 1852 (78.1%)
Current task success rate: 1.0
Current total success rate: 0.7814345991561181

Task: pick up the black bowl on the stove and place it on the plate light 39
Success: True
# episodes completed so far: 2371
# successes: 1853 (78.2%)
Current task success rate: 1.0
Current total success rate: 0.781526781948545

Task: pick up the black bowl on the stove and place it on the plate light 4
Success: True
# episodes completed so far: 2372
# successes: 1854 (78.2%)
Current task success rate: 1.0
Current total success rate: 0.781618887015177

Task: pick up the black bowl on the stove and place it on the plate light 40
Success: True
# episodes completed so far: 2373
# successes: 1855 (78.2%)
Current task success rate: 1.0
Current total success rate: 0.7817109144542773

Task: pick up the black bowl on the stove and place it on the plate light 43
Success: True
# episodes completed so far: 2374
# successes: 1856 (78.2%)
Current task success rate: 1.0
Current total success rate: 0.7818028643639428

Task: pick up the black bowl on the stove and place it on the plate light 44
Success: True
# episodes completed so far: 2375
# successes: 1857 (78.2%)
Current task success rate: 1.0
Current total success rate: 0.7818947368421053

Task: pick up the black bowl on the stove and place it on the plate light 45
Success: True
# episodes completed so far: 2376
# successes: 1858 (78.2%)
Current task success rate: 1.0
Current total success rate: 0.781986531986532

Task: pick up the black bowl on the stove and place it on the plate light 48
Success: True
# episodes completed so far: 2377
# successes: 1859 (78.2%)
Current task success rate: 1.0
Current total success rate: 0.7820782498948254

Task: pick up the black bowl on the stove and place it on the plate light 49
Success: True
# episodes completed so far: 2378
# successes: 1860 (78.2%)
Current task success rate: 1.0
Current total success rate: 0.7821698906644239

Task: pick up the black bowl on the stove and place it on the plate light 5
Success: True
# episodes completed so far: 2379
# successes: 1861 (78.2%)
Current task success rate: 1.0
Current total success rate: 0.782261454392602

Task: pick up the black bowl on the stove and place it on the plate light 50
Success: True
# episodes completed so far: 2380
# successes: 1862 (78.2%)
Current task success rate: 1.0
Current total success rate: 0.7823529411764706

Task: pick up the black bowl on the stove and place it on the plate light 8
Success: False
# episodes completed so far: 2381
# successes: 1862 (78.2%)
Current task success rate: 0.0
Current total success rate: 0.7820243595128098

Task: pick up the black bowl on the wooden cabinet and place it on the plate light 1
Success: True
# episodes completed so far: 2382
# successes: 1863 (78.2%)
Current task success rate: 1.0
Current total success rate: 0.7821158690176322

Task: pick up the black bowl on the wooden cabinet and place it on the plate light 11
Success: True
# episodes completed so far: 2383
# successes: 1864 (78.2%)
Current task success rate: 1.0
Current total success rate: 0.7822073017205203

Task: pick up the black bowl on the wooden cabinet and place it on the plate light 12
Success: True
# episodes completed so far: 2384
# successes: 1865 (78.2%)
Current task success rate: 1.0
Current total success rate: 0.7822986577181208

Task: pick up the black bowl on the wooden cabinet and place it on the plate light 13
Success: True
# episodes completed so far: 2385
# successes: 1866 (78.2%)
Current task success rate: 1.0
Current total success rate: 0.7823899371069183

Task: pick up the black bowl on the wooden cabinet and place it on the plate light 14
Success: True
# episodes completed so far: 2386
# successes: 1867 (78.2%)
Current task success rate: 1.0
Current total success rate: 0.7824811399832355

Task: pick up the black bowl on the wooden cabinet and place it on the plate light 19
Success: True
# episodes completed so far: 2387
# successes: 1868 (78.3%)
Current task success rate: 1.0
Current total success rate: 0.7825722664432342

Task: pick up the black bowl on the wooden cabinet and place it on the plate light 2
Success: True
# episodes completed so far: 2388
# successes: 1869 (78.3%)
Current task success rate: 1.0
Current total success rate: 0.7826633165829145

Task: pick up the black bowl on the wooden cabinet and place it on the plate light 20
Success: True
# episodes completed so far: 2389
# successes: 1870 (78.3%)
Current task success rate: 1.0
Current total success rate: 0.7827542904981164

Task: pick up the black bowl on the wooden cabinet and place it on the plate light 22
Success: True
# episodes completed so far: 2390
# successes: 1871 (78.3%)
Current task success rate: 1.0
Current total success rate: 0.7828451882845189

Task: pick up the black bowl on the wooden cabinet and place it on the plate light 23
Success: True
# episodes completed so far: 2391
# successes: 1872 (78.3%)
Current task success rate: 1.0
Current total success rate: 0.7829360100376411

Task: pick up the black bowl on the wooden cabinet and place it on the plate light 24
Success: True
# episodes completed so far: 2392
# successes: 1873 (78.3%)
Current task success rate: 1.0
Current total success rate: 0.7830267558528428

Task: pick up the black bowl on the wooden cabinet and place it on the plate light 25
Success: True
# episodes completed so far: 2393
# successes: 1874 (78.3%)
Current task success rate: 1.0
Current total success rate: 0.7831174258253238

Task: pick up the black bowl on the wooden cabinet and place it on the plate light 28
Success: True
# episodes completed so far: 2394
# successes: 1875 (78.3%)
Current task success rate: 1.0
Current total success rate: 0.7832080200501254

Task: pick up the black bowl on the wooden cabinet and place it on the plate light 29
Success: True
# episodes completed so far: 2395
# successes: 1876 (78.3%)
Current task success rate: 1.0
Current total success rate: 0.7832985386221294

Task: pick up the black bowl on the wooden cabinet and place it on the plate light 30
Success: True
# episodes completed so far: 2396
# successes: 1877 (78.3%)
Current task success rate: 1.0
Current total success rate: 0.7833889816360601

Task: pick up the black bowl on the wooden cabinet and place it on the plate light 31
Success: True
# episodes completed so far: 2397
# successes: 1878 (78.3%)
Current task success rate: 1.0
Current total success rate: 0.7834793491864831

Task: pick up the black bowl on the wooden cabinet and place it on the plate light 32
Success: True
# episodes completed so far: 2398
# successes: 1879 (78.4%)
Current task success rate: 1.0
Current total success rate: 0.7835696413678065

Task: pick up the black bowl on the wooden cabinet and place it on the plate light 38
Success: True
# episodes completed so far: 2399
# successes: 1880 (78.4%)
Current task success rate: 1.0
Current total success rate: 0.783659858274281

Task: pick up the black bowl on the wooden cabinet and place it on the plate light 39
Success: True
# episodes completed so far: 2400
# successes: 1881 (78.4%)
Current task success rate: 1.0
Current total success rate: 0.78375

Task: pick up the black bowl on the wooden cabinet and place it on the plate light 41
Success: True
# episodes completed so far: 2401
# successes: 1882 (78.4%)
Current task success rate: 1.0
Current total success rate: 0.7838400666389005

Task: pick up the black bowl on the wooden cabinet and place it on the plate light 5
Success: True
# episodes completed so far: 2402
# successes: 1883 (78.4%)
Current task success rate: 1.0
Current total success rate: 0.7839300582847627
