Task suite: libero_object
num_tasks: 2518

Task: pick up the alphabet soup and place it in the basket table 1
Success: True
# episodes completed so far: 1
# successes: 1 (100.0%)
Current task success rate: 1.0
Current total success rate: 1.0

Task: pick up the alphabet soup and place it in the basket table 10
Success: True
# episodes completed so far: 2
# successes: 2 (100.0%)
Current task success rate: 1.0
Current total success rate: 1.0

Task: pick up the alphabet soup and place it in the basket table 12
Success: True
# episodes completed so far: 3
# successes: 3 (100.0%)
Current task success rate: 1.0
Current total success rate: 1.0

Task: pick up the alphabet soup and place it in the basket table 13
Success: True
# episodes completed so far: 4
# successes: 4 (100.0%)
Current task success rate: 1.0
Current total success rate: 1.0

Task: pick up the alphabet soup and place it in the basket table 14
Success: True
# episodes completed so far: 5
# successes: 5 (100.0%)
Current task success rate: 1.0
Current total success rate: 1.0

Task: pick up the alphabet soup and place it in the basket table 15
Success: True
# episodes completed so far: 6
# successes: 6 (100.0%)
Current task success rate: 1.0
Current total success rate: 1.0

Task: pick up the alphabet soup and place it in the basket table 16
Success: True
# episodes completed so far: 7
# successes: 7 (100.0%)
Current task success rate: 1.0
Current total success rate: 1.0

Task: pick up the alphabet soup and place it in the basket table 17
Success: True
# episodes completed so far: 8
# successes: 8 (100.0%)
Current task success rate: 1.0
Current total success rate: 1.0

Task: pick up the alphabet soup and place it in the basket table 18
Success: True
# episodes completed so far: 9
# successes: 9 (100.0%)
Current task success rate: 1.0
Current total success rate: 1.0

Task: pick up the alphabet soup and place it in the basket table 19
Success: True
# episodes completed so far: 10
# successes: 10 (100.0%)
Current task success rate: 1.0
Current total success rate: 1.0

Task: pick up the alphabet soup and place it in the basket table 2
Success: True
# episodes completed so far: 11
# successes: 11 (100.0%)
Current task success rate: 1.0
Current total success rate: 1.0

Task: pick up the alphabet soup and place it in the basket table 20
Success: True
# episodes completed so far: 12
# successes: 12 (100.0%)
Current task success rate: 1.0
Current total success rate: 1.0

Task: pick up the alphabet soup and place it in the basket table 21
Success: True
# episodes completed so far: 13
# successes: 13 (100.0%)
Current task success rate: 1.0
Current total success rate: 1.0

Task: pick up the alphabet soup and place it in the basket table 22
Success: True
# episodes completed so far: 14
# successes: 14 (100.0%)
Current task success rate: 1.0
Current total success rate: 1.0

Task: pick up the alphabet soup and place it in the basket table 24
Success: True
# episodes completed so far: 15
# successes: 15 (100.0%)
Current task success rate: 1.0
Current total success rate: 1.0

Task: pick up the alphabet soup and place it in the basket table 27
Success: True
# episodes completed so far: 16
# successes: 16 (100.0%)
Current task success rate: 1.0
Current total success rate: 1.0

Task: pick up the alphabet soup and place it in the basket table 28
Success: True
# episodes completed so far: 17
# successes: 17 (100.0%)
Current task success rate: 1.0
Current total success rate: 1.0

Task: pick up the alphabet soup and place it in the basket table 5
Success: True
# episodes completed so far: 18
# successes: 18 (100.0%)
Current task success rate: 1.0
Current total success rate: 1.0

Task: pick up the alphabet soup and place it in the basket table 8
Success: True
# episodes completed so far: 19
# successes: 19 (100.0%)
Current task success rate: 1.0
Current total success rate: 1.0

Task: pick up the alphabet soup and place it in the basket table 9
Success: True
# episodes completed so far: 20
# successes: 20 (100.0%)
Current task success rate: 1.0
Current total success rate: 1.0

Task: pick up the alphabet soup and place it in the basket tb 10
Success: False
# episodes completed so far: 21
# successes: 20 (95.2%)
Current task success rate: 0.0
Current total success rate: 0.9523809523809523

Task: pick up the alphabet soup and place it in the basket tb 12
Success: True
# episodes completed so far: 22
# successes: 21 (95.5%)
Current task success rate: 1.0
Current total success rate: 0.9545454545454546

Task: pick up the alphabet soup and place it in the basket tb 18
Success: True
# episodes completed so far: 23
# successes: 22 (95.7%)
Current task success rate: 1.0
Current total success rate: 0.9565217391304348

Task: pick up the alphabet soup and place it in the basket tb 2
Success: False
# episodes completed so far: 24
# successes: 22 (91.7%)
Current task success rate: 0.0
Current total success rate: 0.9166666666666666

Task: pick up the alphabet soup and place it in the basket tb 20
Success: False
# episodes completed so far: 25
# successes: 22 (88.0%)
Current task success rate: 0.0
Current total success rate: 0.88

Task: pick up the alphabet soup and place it in the basket tb 21
Success: True
# episodes completed so far: 26
# successes: 23 (88.5%)
Current task success rate: 1.0
Current total success rate: 0.8846153846153846

Task: pick up the alphabet soup and place it in the basket tb 22
Success: True
# episodes completed so far: 27
# successes: 24 (88.9%)
Current task success rate: 1.0
Current total success rate: 0.8888888888888888

Task: pick up the alphabet soup and place it in the basket tb 5
Success: False
# episodes completed so far: 28
# successes: 24 (85.7%)
Current task success rate: 0.0
Current total success rate: 0.8571428571428571

Task: pick up the alphabet soup and place it in the basket tb 6
Success: True
# episodes completed so far: 29
# successes: 25 (86.2%)
Current task success rate: 1.0
Current total success rate: 0.8620689655172413

Task: pick up the alphabet soup and place it in the basket tb 7
Success: True
# episodes completed so far: 30
# successes: 26 (86.7%)
Current task success rate: 1.0
Current total success rate: 0.8666666666666667

Task: pick up the alphabet soup and place it in the basket tb 8
Success: True
# episodes completed so far: 31
# successes: 27 (87.1%)
Current task success rate: 1.0
Current total success rate: 0.8709677419354839

Task: pick up the alphabet soup and place it in the basket tb 9
Success: True
# episodes completed so far: 32
# successes: 28 (87.5%)
Current task success rate: 1.0
Current total success rate: 0.875

Task: pick up the bbq sauce and place it in the basket table 1
Success: True
# episodes completed so far: 33
# successes: 29 (87.9%)
Current task success rate: 1.0
Current total success rate: 0.8787878787878788

Task: pick up the bbq sauce and place it in the basket table 11
Success: True
# episodes completed so far: 34
# successes: 30 (88.2%)
Current task success rate: 1.0
Current total success rate: 0.8823529411764706

Task: pick up the bbq sauce and place it in the basket table 12
Success: True
# episodes completed so far: 35
# successes: 31 (88.6%)
Current task success rate: 1.0
Current total success rate: 0.8857142857142857

Task: pick up the bbq sauce and place it in the basket table 13
Success: True
# episodes completed so far: 36
# successes: 32 (88.9%)
Current task success rate: 1.0
Current total success rate: 0.8888888888888888

Task: pick up the bbq sauce and place it in the basket table 14
Success: True
# episodes completed so far: 37
# successes: 33 (89.2%)
Current task success rate: 1.0
Current total success rate: 0.8918918918918919

Task: pick up the bbq sauce and place it in the basket table 15
Success: True
# episodes completed so far: 38
# successes: 34 (89.5%)
Current task success rate: 1.0
Current total success rate: 0.8947368421052632

Task: pick up the bbq sauce and place it in the basket table 16
Success: True
# episodes completed so far: 39
# successes: 35 (89.7%)
Current task success rate: 1.0
Current total success rate: 0.8974358974358975

Task: pick up the bbq sauce and place it in the basket table 17
Success: True
# episodes completed so far: 40
# successes: 36 (90.0%)
Current task success rate: 1.0
Current total success rate: 0.9

Task: pick up the bbq sauce and place it in the basket table 18
Success: True
# episodes completed so far: 41
# successes: 37 (90.2%)
Current task success rate: 1.0
Current total success rate: 0.9024390243902439

Task: pick up the bbq sauce and place it in the basket table 19
Success: True
# episodes completed so far: 42
# successes: 38 (90.5%)
Current task success rate: 1.0
Current total success rate: 0.9047619047619048

Task: pick up the bbq sauce and place it in the basket table 2
Success: True
# episodes completed so far: 43
# successes: 39 (90.7%)
Current task success rate: 1.0
Current total success rate: 0.9069767441860465

Task: pick up the bbq sauce and place it in the basket table 20
Success: True
# episodes completed so far: 44
# successes: 40 (90.9%)
Current task success rate: 1.0
Current total success rate: 0.9090909090909091

Task: pick up the bbq sauce and place it in the basket table 21
Success: True
# episodes completed so far: 45
# successes: 41 (91.1%)
Current task success rate: 1.0
Current total success rate: 0.9111111111111111

Task: pick up the bbq sauce and place it in the basket table 22
Success: True
# episodes completed so far: 46
# successes: 42 (91.3%)
Current task success rate: 1.0
Current total success rate: 0.9130434782608695

Task: pick up the bbq sauce and place it in the basket table 23
Success: True
# episodes completed so far: 47
# successes: 43 (91.5%)
Current task success rate: 1.0
Current total success rate: 0.9148936170212766

Task: pick up the bbq sauce and place it in the basket table 24
Success: True
# episodes completed so far: 48
# successes: 44 (91.7%)
Current task success rate: 1.0
Current total success rate: 0.9166666666666666

Task: pick up the bbq sauce and place it in the basket table 25
Success: True
# episodes completed so far: 49
# successes: 45 (91.8%)
Current task success rate: 1.0
Current total success rate: 0.9183673469387755

Task: pick up the bbq sauce and place it in the basket table 26
Success: True
# episodes completed so far: 50
# successes: 46 (92.0%)
Current task success rate: 1.0
Current total success rate: 0.92

Task: pick up the bbq sauce and place it in the basket table 27
Success: True
# episodes completed so far: 51
# successes: 47 (92.2%)
Current task success rate: 1.0
Current total success rate: 0.9215686274509803

Task: pick up the bbq sauce and place it in the basket table 28
Success: True
# episodes completed so far: 52
# successes: 48 (92.3%)
Current task success rate: 1.0
Current total success rate: 0.9230769230769231

Task: pick up the bbq sauce and place it in the basket table 3
Success: True
# episodes completed so far: 53
# successes: 49 (92.5%)
Current task success rate: 1.0
Current total success rate: 0.9245283018867925

Task: pick up the bbq sauce and place it in the basket table 4
Success: True
# episodes completed so far: 54
# successes: 50 (92.6%)
Current task success rate: 1.0
Current total success rate: 0.9259259259259259

Task: pick up the bbq sauce and place it in the basket table 5
Success: True
# episodes completed so far: 55
# successes: 51 (92.7%)
Current task success rate: 1.0
Current total success rate: 0.9272727272727272

Task: pick up the bbq sauce and place it in the basket table 6
Success: True
# episodes completed so far: 56
# successes: 52 (92.9%)
Current task success rate: 1.0
Current total success rate: 0.9285714285714286

Task: pick up the bbq sauce and place it in the basket table 7
Success: True
# episodes completed so far: 57
# successes: 53 (93.0%)
Current task success rate: 1.0
Current total success rate: 0.9298245614035088

Task: pick up the bbq sauce and place it in the basket table 9
Success: True
# episodes completed so far: 58
# successes: 54 (93.1%)
Current task success rate: 1.0
Current total success rate: 0.9310344827586207

Task: pick up the bbq sauce and place it in the basket tb 1
Success: True
# episodes completed so far: 59
# successes: 55 (93.2%)
Current task success rate: 1.0
Current total success rate: 0.9322033898305084

Task: pick up the bbq sauce and place it in the basket tb 10
Success: False
# episodes completed so far: 60
# successes: 55 (91.7%)
Current task success rate: 0.0
Current total success rate: 0.9166666666666666

Task: pick up the bbq sauce and place it in the basket tb 11
Success: True
# episodes completed so far: 61
# successes: 56 (91.8%)
Current task success rate: 1.0
Current total success rate: 0.9180327868852459

Task: pick up the bbq sauce and place it in the basket tb 12
Success: True
# episodes completed so far: 62
# successes: 57 (91.9%)
Current task success rate: 1.0
Current total success rate: 0.9193548387096774

Task: pick up the bbq sauce and place it in the basket tb 13
Success: True
# episodes completed so far: 63
# successes: 58 (92.1%)
Current task success rate: 1.0
Current total success rate: 0.9206349206349206

Task: pick up the bbq sauce and place it in the basket tb 14
Success: True
# episodes completed so far: 64
# successes: 59 (92.2%)
Current task success rate: 1.0
Current total success rate: 0.921875

Task: pick up the bbq sauce and place it in the basket tb 15
Success: True
# episodes completed so far: 65
# successes: 60 (92.3%)
Current task success rate: 1.0
Current total success rate: 0.9230769230769231

Task: pick up the bbq sauce and place it in the basket tb 16
Success: True
# episodes completed so far: 66
# successes: 61 (92.4%)
Current task success rate: 1.0
Current total success rate: 0.9242424242424242

Task: pick up the bbq sauce and place it in the basket tb 17
Success: True
# episodes completed so far: 67
# successes: 62 (92.5%)
Current task success rate: 1.0
Current total success rate: 0.9253731343283582

Task: pick up the bbq sauce and place it in the basket tb 18
Success: True
# episodes completed so far: 68
# successes: 63 (92.6%)
Current task success rate: 1.0
Current total success rate: 0.9264705882352942

Task: pick up the bbq sauce and place it in the basket tb 19
Success: True
# episodes completed so far: 69
# successes: 64 (92.8%)
Current task success rate: 1.0
Current total success rate: 0.927536231884058

Task: pick up the bbq sauce and place it in the basket tb 2
Success: True
# episodes completed so far: 70
# successes: 65 (92.9%)
Current task success rate: 1.0
Current total success rate: 0.9285714285714286

Task: pick up the bbq sauce and place it in the basket tb 21
Success: True
# episodes completed so far: 71
# successes: 66 (93.0%)
Current task success rate: 1.0
Current total success rate: 0.9295774647887324

Task: pick up the bbq sauce and place it in the basket tb 22
Success: True
# episodes completed so far: 72
# successes: 67 (93.1%)
Current task success rate: 1.0
Current total success rate: 0.9305555555555556

Task: pick up the bbq sauce and place it in the basket tb 3
Success: True
# episodes completed so far: 73
# successes: 68 (93.2%)
Current task success rate: 1.0
Current total success rate: 0.9315068493150684

Task: pick up the bbq sauce and place it in the basket tb 4
Success: True
# episodes completed so far: 74
# successes: 69 (93.2%)
Current task success rate: 1.0
Current total success rate: 0.9324324324324325

Task: pick up the bbq sauce and place it in the basket tb 5
Success: True
# episodes completed so far: 75
# successes: 70 (93.3%)
Current task success rate: 1.0
Current total success rate: 0.9333333333333333

Task: pick up the bbq sauce and place it in the basket tb 6
Success: True
# episodes completed so far: 76
# successes: 71 (93.4%)
Current task success rate: 1.0
Current total success rate: 0.9342105263157895

Task: pick up the bbq sauce and place it in the basket tb 7
Success: True
# episodes completed so far: 77
# successes: 72 (93.5%)
Current task success rate: 1.0
Current total success rate: 0.935064935064935

Task: pick up the bbq sauce and place it in the basket tb 8
Success: True
# episodes completed so far: 78
# successes: 73 (93.6%)
Current task success rate: 1.0
Current total success rate: 0.9358974358974359

Task: pick up the bbq sauce and place it in the basket tb 9
Success: True
# episodes completed so far: 79
# successes: 74 (93.7%)
Current task success rate: 1.0
Current total success rate: 0.9367088607594937

Task: pick up the butter and place it in the basket table 12
Success: True
# episodes completed so far: 80
# successes: 75 (93.8%)
Current task success rate: 1.0
Current total success rate: 0.9375

Task: pick up the butter and place it in the basket table 14
Success: True
# episodes completed so far: 81
# successes: 76 (93.8%)
Current task success rate: 1.0
Current total success rate: 0.9382716049382716

Task: pick up the butter and place it in the basket table 15
Success: True
# episodes completed so far: 82
# successes: 77 (93.9%)
Current task success rate: 1.0
Current total success rate: 0.9390243902439024

Task: pick up the butter and place it in the basket table 17
Success: True
# episodes completed so far: 83
# successes: 78 (94.0%)
Current task success rate: 1.0
Current total success rate: 0.9397590361445783

Task: pick up the butter and place it in the basket table 19
Success: True
# episodes completed so far: 84
# successes: 79 (94.0%)
Current task success rate: 1.0
Current total success rate: 0.9404761904761905

Task: pick up the butter and place it in the basket table 2
Success: True
# episodes completed so far: 85
# successes: 80 (94.1%)
Current task success rate: 1.0
Current total success rate: 0.9411764705882353

Task: pick up the butter and place it in the basket table 22
Success: True
# episodes completed so far: 86
# successes: 81 (94.2%)
Current task success rate: 1.0
Current total success rate: 0.9418604651162791

Task: pick up the butter and place it in the basket table 24
Success: True
# episodes completed so far: 87
# successes: 82 (94.3%)
Current task success rate: 1.0
Current total success rate: 0.9425287356321839

Task: pick up the butter and place it in the basket table 25
Success: True
# episodes completed so far: 88
# successes: 83 (94.3%)
Current task success rate: 1.0
Current total success rate: 0.9431818181818182

Task: pick up the butter and place it in the basket table 26
Success: True
# episodes completed so far: 89
# successes: 84 (94.4%)
Current task success rate: 1.0
Current total success rate: 0.9438202247191011

Task: pick up the butter and place it in the basket table 27
Success: True
# episodes completed so far: 90
# successes: 85 (94.4%)
Current task success rate: 1.0
Current total success rate: 0.9444444444444444

Task: pick up the butter and place it in the basket table 3
Success: True
# episodes completed so far: 91
# successes: 86 (94.5%)
Current task success rate: 1.0
Current total success rate: 0.945054945054945

Task: pick up the butter and place it in the basket table 4
Success: True
# episodes completed so far: 92
# successes: 87 (94.6%)
Current task success rate: 1.0
Current total success rate: 0.9456521739130435

Task: pick up the butter and place it in the basket table 5
Success: True
# episodes completed so far: 93
# successes: 88 (94.6%)
Current task success rate: 1.0
Current total success rate: 0.946236559139785

Task: pick up the butter and place it in the basket table 6
Success: True
# episodes completed so far: 94
# successes: 89 (94.7%)
Current task success rate: 1.0
Current total success rate: 0.9468085106382979

Task: pick up the butter and place it in the basket table 7
Success: True
# episodes completed so far: 95
# successes: 90 (94.7%)
Current task success rate: 1.0
Current total success rate: 0.9473684210526315

Task: pick up the butter and place it in the basket table 8
Success: True
# episodes completed so far: 96
# successes: 91 (94.8%)
Current task success rate: 1.0
Current total success rate: 0.9479166666666666

Task: pick up the butter and place it in the basket table 9
Success: True
# episodes completed so far: 97
# successes: 92 (94.8%)
Current task success rate: 1.0
Current total success rate: 0.9484536082474226

Task: pick up the butter and place it in the basket tb 19
Success: True
# episodes completed so far: 98
# successes: 93 (94.9%)
Current task success rate: 1.0
Current total success rate: 0.9489795918367347

Task: pick up the butter and place it in the basket tb 21
Success: True
# episodes completed so far: 99
# successes: 94 (94.9%)
Current task success rate: 1.0
Current total success rate: 0.9494949494949495

Task: pick up the butter and place it in the basket tb 22
Success: True
# episodes completed so far: 100
# successes: 95 (95.0%)
Current task success rate: 1.0
Current total success rate: 0.95

Task: pick up the chocolate pudding and place it in the basket table 1
Success: True
# episodes completed so far: 101
# successes: 96 (95.0%)
Current task success rate: 1.0
Current total success rate: 0.9504950495049505

Task: pick up the chocolate pudding and place it in the basket table 10
Success: True
# episodes completed so far: 102
# successes: 97 (95.1%)
Current task success rate: 1.0
Current total success rate: 0.9509803921568627

Task: pick up the chocolate pudding and place it in the basket table 12
Success: True
# episodes completed so far: 103
# successes: 98 (95.1%)
Current task success rate: 1.0
Current total success rate: 0.9514563106796117

Task: pick up the chocolate pudding and place it in the basket table 15
Success: False
# episodes completed so far: 104
# successes: 98 (94.2%)
Current task success rate: 0.0
Current total success rate: 0.9423076923076923

Task: pick up the chocolate pudding and place it in the basket table 16
Success: True
# episodes completed so far: 105
# successes: 99 (94.3%)
Current task success rate: 1.0
Current total success rate: 0.9428571428571428

Task: pick up the chocolate pudding and place it in the basket table 17
Success: True
# episodes completed so far: 106
# successes: 100 (94.3%)
Current task success rate: 1.0
Current total success rate: 0.9433962264150944

Task: pick up the chocolate pudding and place it in the basket table 2
Success: True
# episodes completed so far: 107
# successes: 101 (94.4%)
Current task success rate: 1.0
Current total success rate: 0.9439252336448598

Task: pick up the chocolate pudding and place it in the basket table 21
Success: True
# episodes completed so far: 108
# successes: 102 (94.4%)
Current task success rate: 1.0
Current total success rate: 0.9444444444444444

Task: pick up the chocolate pudding and place it in the basket table 22
Success: True
# episodes completed so far: 109
# successes: 103 (94.5%)
Current task success rate: 1.0
Current total success rate: 0.944954128440367

Task: pick up the chocolate pudding and place it in the basket table 23
Success: True
# episodes completed so far: 110
# successes: 104 (94.5%)
Current task success rate: 1.0
Current total success rate: 0.9454545454545454

Task: pick up the chocolate pudding and place it in the basket table 24
Success: True
# episodes completed so far: 111
# successes: 105 (94.6%)
Current task success rate: 1.0
Current total success rate: 0.9459459459459459

Task: pick up the chocolate pudding and place it in the basket table 27
Success: True
# episodes completed so far: 112
# successes: 106 (94.6%)
Current task success rate: 1.0
Current total success rate: 0.9464285714285714

Task: pick up the chocolate pudding and place it in the basket table 3
Success: True
# episodes completed so far: 113
# successes: 107 (94.7%)
Current task success rate: 1.0
Current total success rate: 0.9469026548672567

Task: pick up the chocolate pudding and place it in the basket table 4
Success: True
# episodes completed so far: 114
# successes: 108 (94.7%)
Current task success rate: 1.0
Current total success rate: 0.9473684210526315

Task: pick up the chocolate pudding and place it in the basket table 6
Success: True
# episodes completed so far: 115
# successes: 109 (94.8%)
Current task success rate: 1.0
Current total success rate: 0.9478260869565217

Task: pick up the chocolate pudding and place it in the basket table 8
Success: True
# episodes completed so far: 116
# successes: 110 (94.8%)
Current task success rate: 1.0
Current total success rate: 0.9482758620689655

Task: pick up the chocolate pudding and place it in the basket tb 1
Success: True
# episodes completed so far: 117
# successes: 111 (94.9%)
Current task success rate: 1.0
Current total success rate: 0.9487179487179487

Task: pick up the chocolate pudding and place it in the basket tb 13
Success: True
# episodes completed so far: 118
# successes: 112 (94.9%)
Current task success rate: 1.0
Current total success rate: 0.9491525423728814

Task: pick up the chocolate pudding and place it in the basket tb 18
Success: True
# episodes completed so far: 119
# successes: 113 (95.0%)
Current task success rate: 1.0
Current total success rate: 0.9495798319327731

Task: pick up the chocolate pudding and place it in the basket tb 19
Success: True
# episodes completed so far: 120
# successes: 114 (95.0%)
Current task success rate: 1.0
Current total success rate: 0.95

Task: pick up the chocolate pudding and place it in the basket tb 20
Success: True
# episodes completed so far: 121
# successes: 115 (95.0%)
Current task success rate: 1.0
Current total success rate: 0.9504132231404959

Task: pick up the chocolate pudding and place it in the basket tb 9
Success: True
# episodes completed so far: 122
# successes: 116 (95.1%)
Current task success rate: 1.0
Current total success rate: 0.9508196721311475

Task: pick up the cream cheese and place it in the basket table 1
Success: True
# episodes completed so far: 123
# successes: 117 (95.1%)
Current task success rate: 1.0
Current total success rate: 0.9512195121951219

Task: pick up the cream cheese and place it in the basket table 24
Success: True
# episodes completed so far: 124
# successes: 118 (95.2%)
Current task success rate: 1.0
Current total success rate: 0.9516129032258065

Task: pick up the cream cheese and place it in the basket table 3
Success: True
# episodes completed so far: 125
# successes: 119 (95.2%)
Current task success rate: 1.0
Current total success rate: 0.952

Task: pick up the cream cheese and place it in the basket table 5
Success: True
# episodes completed so far: 126
# successes: 120 (95.2%)
Current task success rate: 1.0
Current total success rate: 0.9523809523809523

Task: pick up the cream cheese and place it in the basket table 7
Success: True
# episodes completed so far: 127
# successes: 121 (95.3%)
Current task success rate: 1.0
Current total success rate: 0.952755905511811

Task: pick up the ketchup and place it in the basket table 1
Success: True
# episodes completed so far: 128
# successes: 122 (95.3%)
Current task success rate: 1.0
Current total success rate: 0.953125

Task: pick up the ketchup and place it in the basket table 10
Success: True
# episodes completed so far: 129
# successes: 123 (95.3%)
Current task success rate: 1.0
Current total success rate: 0.9534883720930233

Task: pick up the ketchup and place it in the basket table 12
Success: True
# episodes completed so far: 130
# successes: 124 (95.4%)
Current task success rate: 1.0
Current total success rate: 0.9538461538461539

Task: pick up the ketchup and place it in the basket table 13
Success: True
# episodes completed so far: 131
# successes: 125 (95.4%)
Current task success rate: 1.0
Current total success rate: 0.9541984732824428

Task: pick up the ketchup and place it in the basket table 19
Success: True
# episodes completed so far: 132
# successes: 126 (95.5%)
Current task success rate: 1.0
Current total success rate: 0.9545454545454546

Task: pick up the ketchup and place it in the basket table 4
Success: True
# episodes completed so far: 133
# successes: 127 (95.5%)
Current task success rate: 1.0
Current total success rate: 0.9548872180451128

Task: pick up the ketchup and place it in the basket tb 10
Success: True
# episodes completed so far: 134
# successes: 128 (95.5%)
Current task success rate: 1.0
Current total success rate: 0.9552238805970149

Task: pick up the ketchup and place it in the basket tb 2
Success: True
# episodes completed so far: 135
# successes: 129 (95.6%)
Current task success rate: 1.0
Current total success rate: 0.9555555555555556

Task: pick up the ketchup and place it in the basket tb 21
Success: True
# episodes completed so far: 136
# successes: 130 (95.6%)
Current task success rate: 1.0
Current total success rate: 0.9558823529411765

Task: pick up the ketchup and place it in the basket tb 22
Success: True
# episodes completed so far: 137
# successes: 131 (95.6%)
Current task success rate: 1.0
Current total success rate: 0.9562043795620438

Task: pick up the ketchup and place it in the basket tb 3
Success: True
# episodes completed so far: 138
# successes: 132 (95.7%)
Current task success rate: 1.0
Current total success rate: 0.9565217391304348

Task: pick up the milk and place it in the basket table 1
Success: True
# episodes completed so far: 139
# successes: 133 (95.7%)
Current task success rate: 1.0
Current total success rate: 0.9568345323741008

Task: pick up the milk and place it in the basket table 11
Success: True
# episodes completed so far: 140
# successes: 134 (95.7%)
Current task success rate: 1.0
Current total success rate: 0.9571428571428572

Task: pick up the milk and place it in the basket table 12
Success: True
# episodes completed so far: 141
# successes: 135 (95.7%)
Current task success rate: 1.0
Current total success rate: 0.9574468085106383

Task: pick up the milk and place it in the basket table 13
Success: True
# episodes completed so far: 142
# successes: 136 (95.8%)
Current task success rate: 1.0
Current total success rate: 0.9577464788732394

Task: pick up the milk and place it in the basket table 21
Success: True
# episodes completed so far: 143
# successes: 137 (95.8%)
Current task success rate: 1.0
Current total success rate: 0.958041958041958

Task: pick up the milk and place it in the basket table 22
Success: True
# episodes completed so far: 144
# successes: 138 (95.8%)
Current task success rate: 1.0
Current total success rate: 0.9583333333333334

Task: pick up the milk and place it in the basket table 23
Success: True
# episodes completed so far: 145
# successes: 139 (95.9%)
Current task success rate: 1.0
Current total success rate: 0.9586206896551724

Task: pick up the milk and place it in the basket table 25
Success: True
# episodes completed so far: 146
# successes: 140 (95.9%)
Current task success rate: 1.0
Current total success rate: 0.958904109589041

Task: pick up the milk and place it in the basket table 26
Success: True
# episodes completed so far: 147
# successes: 141 (95.9%)
Current task success rate: 1.0
Current total success rate: 0.9591836734693877

Task: pick up the milk and place it in the basket table 27
Success: True
# episodes completed so far: 148
# successes: 142 (95.9%)
Current task success rate: 1.0
Current total success rate: 0.9594594594594594

Task: pick up the milk and place it in the basket table 3
Success: True
# episodes completed so far: 149
# successes: 143 (96.0%)
Current task success rate: 1.0
Current total success rate: 0.959731543624161

Task: pick up the milk and place it in the basket table 4
Success: True
# episodes completed so far: 150
# successes: 144 (96.0%)
Current task success rate: 1.0
Current total success rate: 0.96

Task: pick up the milk and place it in the basket table 7
Success: True
# episodes completed so far: 151
# successes: 145 (96.0%)
Current task success rate: 1.0
Current total success rate: 0.9602649006622517

Task: pick up the milk and place it in the basket table 8
Success: True
# episodes completed so far: 152
# successes: 146 (96.1%)
Current task success rate: 1.0
Current total success rate: 0.9605263157894737

Task: pick up the milk and place it in the basket table 9
Success: True
# episodes completed so far: 153
# successes: 147 (96.1%)
Current task success rate: 1.0
Current total success rate: 0.9607843137254902

Task: pick up the milk and place it in the basket tb 1
Success: True
# episodes completed so far: 154
# successes: 148 (96.1%)
Current task success rate: 1.0
Current total success rate: 0.961038961038961

Task: pick up the milk and place it in the basket tb 10
Success: True
# episodes completed so far: 155
# successes: 149 (96.1%)
Current task success rate: 1.0
Current total success rate: 0.9612903225806452

Task: pick up the milk and place it in the basket tb 11
Success: True
# episodes completed so far: 156
# successes: 150 (96.2%)
Current task success rate: 1.0
Current total success rate: 0.9615384615384616

Task: pick up the milk and place it in the basket tb 12
Success: True
# episodes completed so far: 157
# successes: 151 (96.2%)
Current task success rate: 1.0
Current total success rate: 0.9617834394904459

Task: pick up the milk and place it in the basket tb 13
Success: True
# episodes completed so far: 158
# successes: 152 (96.2%)
Current task success rate: 1.0
Current total success rate: 0.9620253164556962

Task: pick up the milk and place it in the basket tb 14
Success: True
# episodes completed so far: 159
# successes: 153 (96.2%)
Current task success rate: 1.0
Current total success rate: 0.9622641509433962

Task: pick up the milk and place it in the basket tb 15
Success: True
# episodes completed so far: 160
# successes: 154 (96.2%)
Current task success rate: 1.0
Current total success rate: 0.9625

Task: pick up the milk and place it in the basket tb 16
Success: True
# episodes completed so far: 161
# successes: 155 (96.3%)
Current task success rate: 1.0
Current total success rate: 0.9627329192546584

Task: pick up the milk and place it in the basket tb 18
Success: True
# episodes completed so far: 162
# successes: 156 (96.3%)
Current task success rate: 1.0
Current total success rate: 0.9629629629629629

Task: pick up the milk and place it in the basket tb 19
Success: True
# episodes completed so far: 163
# successes: 157 (96.3%)
Current task success rate: 1.0
Current total success rate: 0.9631901840490797

Task: pick up the milk and place it in the basket tb 20
Success: True
# episodes completed so far: 164
# successes: 158 (96.3%)
Current task success rate: 1.0
Current total success rate: 0.9634146341463414

Task: pick up the milk and place it in the basket tb 21
Success: True
# episodes completed so far: 165
# successes: 159 (96.4%)
Current task success rate: 1.0
Current total success rate: 0.9636363636363636

Task: pick up the milk and place it in the basket tb 22
Success: True
# episodes completed so far: 166
# successes: 160 (96.4%)
Current task success rate: 1.0
Current total success rate: 0.963855421686747

Task: pick up the milk and place it in the basket tb 3
Success: True
# episodes completed so far: 167
# successes: 161 (96.4%)
Current task success rate: 1.0
Current total success rate: 0.9640718562874252

Task: pick up the milk and place it in the basket tb 6
Success: True
# episodes completed so far: 168
# successes: 162 (96.4%)
Current task success rate: 1.0
Current total success rate: 0.9642857142857143

Task: pick up the milk and place it in the basket tb 8
Success: True
# episodes completed so far: 169
# successes: 163 (96.4%)
Current task success rate: 1.0
Current total success rate: 0.9644970414201184

Task: pick up the milk and place it in the basket tb 9
Success: True
# episodes completed so far: 170
# successes: 164 (96.5%)
Current task success rate: 1.0
Current total success rate: 0.9647058823529412

Task: pick up the orange juice and place it in the basket table 1
Success: True
# episodes completed so far: 171
# successes: 165 (96.5%)
Current task success rate: 1.0
Current total success rate: 0.9649122807017544

Task: pick up the orange juice and place it in the basket table 10
Success: True
# episodes completed so far: 172
# successes: 166 (96.5%)
Current task success rate: 1.0
Current total success rate: 0.9651162790697675

Task: pick up the orange juice and place it in the basket table 11
Success: True
# episodes completed so far: 173
# successes: 167 (96.5%)
Current task success rate: 1.0
Current total success rate: 0.9653179190751445

Task: pick up the orange juice and place it in the basket table 12
Success: True
# episodes completed so far: 174
# successes: 168 (96.6%)
Current task success rate: 1.0
Current total success rate: 0.9655172413793104

Task: pick up the orange juice and place it in the basket table 14
Success: True
# episodes completed so far: 175
# successes: 169 (96.6%)
Current task success rate: 1.0
Current total success rate: 0.9657142857142857

Task: pick up the orange juice and place it in the basket table 16
Success: True
# episodes completed so far: 176
# successes: 170 (96.6%)
Current task success rate: 1.0
Current total success rate: 0.9659090909090909

Task: pick up the orange juice and place it in the basket table 17
Success: True
# episodes completed so far: 177
# successes: 171 (96.6%)
Current task success rate: 1.0
Current total success rate: 0.9661016949152542

Task: pick up the orange juice and place it in the basket table 18
Success: True
# episodes completed so far: 178
# successes: 172 (96.6%)
Current task success rate: 1.0
Current total success rate: 0.9662921348314607

Task: pick up the orange juice and place it in the basket table 19
Success: True
# episodes completed so far: 179
# successes: 173 (96.6%)
Current task success rate: 1.0
Current total success rate: 0.9664804469273743

Task: pick up the orange juice and place it in the basket table 2
Success: True
# episodes completed so far: 180
# successes: 174 (96.7%)
Current task success rate: 1.0
Current total success rate: 0.9666666666666667

Task: pick up the orange juice and place it in the basket table 20
Success: True
# episodes completed so far: 181
# successes: 175 (96.7%)
Current task success rate: 1.0
Current total success rate: 0.9668508287292817

Task: pick up the orange juice and place it in the basket table 22
Success: True
# episodes completed so far: 182
# successes: 176 (96.7%)
Current task success rate: 1.0
Current total success rate: 0.967032967032967

Task: pick up the orange juice and place it in the basket table 23
Success: True
# episodes completed so far: 183
# successes: 177 (96.7%)
Current task success rate: 1.0
Current total success rate: 0.9672131147540983

Task: pick up the orange juice and place it in the basket table 25
Success: True
# episodes completed so far: 184
# successes: 178 (96.7%)
Current task success rate: 1.0
Current total success rate: 0.967391304347826

Task: pick up the orange juice and place it in the basket table 28
Success: True
# episodes completed so far: 185
# successes: 179 (96.8%)
Current task success rate: 1.0
Current total success rate: 0.9675675675675676

Task: pick up the orange juice and place it in the basket table 3
Success: True
# episodes completed so far: 186
# successes: 180 (96.8%)
Current task success rate: 1.0
Current total success rate: 0.967741935483871

Task: pick up the orange juice and place it in the basket table 5
Success: True
# episodes completed so far: 187
# successes: 181 (96.8%)
Current task success rate: 1.0
Current total success rate: 0.9679144385026738

Task: pick up the orange juice and place it in the basket table 6
Success: True
# episodes completed so far: 188
# successes: 182 (96.8%)
Current task success rate: 1.0
Current total success rate: 0.9680851063829787

Task: pick up the orange juice and place it in the basket table 7
Success: True
# episodes completed so far: 189
# successes: 183 (96.8%)
Current task success rate: 1.0
Current total success rate: 0.9682539682539683

Task: pick up the orange juice and place it in the basket table 8
Success: True
# episodes completed so far: 190
# successes: 184 (96.8%)
Current task success rate: 1.0
Current total success rate: 0.968421052631579

Task: pick up the orange juice and place it in the basket table 9
Success: True
# episodes completed so far: 191
# successes: 185 (96.9%)
Current task success rate: 1.0
Current total success rate: 0.9685863874345549

Task: pick up the orange juice and place it in the basket tb 1
Success: True
# episodes completed so far: 192
# successes: 186 (96.9%)
Current task success rate: 1.0
Current total success rate: 0.96875

Task: pick up the orange juice and place it in the basket tb 10
Success: True
# episodes completed so far: 193
# successes: 187 (96.9%)
Current task success rate: 1.0
Current total success rate: 0.9689119170984456

Task: pick up the orange juice and place it in the basket tb 11
Success: True
# episodes completed so far: 194
# successes: 188 (96.9%)
Current task success rate: 1.0
Current total success rate: 0.9690721649484536

Task: pick up the orange juice and place it in the basket tb 12
Success: True
# episodes completed so far: 195
# successes: 189 (96.9%)
Current task success rate: 1.0
Current total success rate: 0.9692307692307692

Task: pick up the orange juice and place it in the basket tb 13
Success: True
# episodes completed so far: 196
# successes: 190 (96.9%)
Current task success rate: 1.0
Current total success rate: 0.9693877551020408

Task: pick up the orange juice and place it in the basket tb 14
Success: True
# episodes completed so far: 197
# successes: 191 (97.0%)
Current task success rate: 1.0
Current total success rate: 0.9695431472081218

Task: pick up the orange juice and place it in the basket tb 15
Success: True
# episodes completed so far: 198
# successes: 192 (97.0%)
Current task success rate: 1.0
Current total success rate: 0.9696969696969697

Task: pick up the orange juice and place it in the basket tb 16
Success: True
# episodes completed so far: 199
# successes: 193 (97.0%)
Current task success rate: 1.0
Current total success rate: 0.9698492462311558

Task: pick up the orange juice and place it in the basket tb 17
Success: True
# episodes completed so far: 200
# successes: 194 (97.0%)
Current task success rate: 1.0
Current total success rate: 0.97

Task: pick up the orange juice and place it in the basket tb 18
Success: True
# episodes completed so far: 201
# successes: 195 (97.0%)
Current task success rate: 1.0
Current total success rate: 0.9701492537313433

Task: pick up the orange juice and place it in the basket tb 19
Success: True
# episodes completed so far: 202
# successes: 196 (97.0%)
Current task success rate: 1.0
Current total success rate: 0.9702970297029703

Task: pick up the orange juice and place it in the basket tb 20
Success: True
# episodes completed so far: 203
# successes: 197 (97.0%)
Current task success rate: 1.0
Current total success rate: 0.9704433497536946

Task: pick up the orange juice and place it in the basket tb 21
Success: True
# episodes completed so far: 204
# successes: 198 (97.1%)
Current task success rate: 1.0
Current total success rate: 0.9705882352941176

Task: pick up the orange juice and place it in the basket tb 22
Success: True
# episodes completed so far: 205
# successes: 199 (97.1%)
Current task success rate: 1.0
Current total success rate: 0.9707317073170731

Task: pick up the orange juice and place it in the basket tb 3
Success: True
# episodes completed so far: 206
# successes: 200 (97.1%)
Current task success rate: 1.0
Current total success rate: 0.970873786407767

Task: pick up the orange juice and place it in the basket tb 4
Success: True
# episodes completed so far: 207
# successes: 201 (97.1%)
Current task success rate: 1.0
Current total success rate: 0.9710144927536232

Task: pick up the orange juice and place it in the basket tb 5
Success: True
# episodes completed so far: 208
# successes: 202 (97.1%)
Current task success rate: 1.0
Current total success rate: 0.9711538461538461

Task: pick up the orange juice and place it in the basket tb 8
Success: True
# episodes completed so far: 209
# successes: 203 (97.1%)
Current task success rate: 1.0
Current total success rate: 0.9712918660287081

Task: pick up the orange juice and place it in the basket tb 9
Success: True
# episodes completed so far: 210
# successes: 204 (97.1%)
Current task success rate: 1.0
Current total success rate: 0.9714285714285714

Task: pick up the salad dressing and place it in the basket table 1
Success: True
# episodes completed so far: 211
# successes: 205 (97.2%)
Current task success rate: 1.0
Current total success rate: 0.9715639810426541

Task: pick up the salad dressing and place it in the basket table 15
Success: True
# episodes completed so far: 212
# successes: 206 (97.2%)
Current task success rate: 1.0
Current total success rate: 0.9716981132075472

Task: pick up the salad dressing and place it in the basket table 2
Success: True
# episodes completed so far: 213
# successes: 207 (97.2%)
Current task success rate: 1.0
Current total success rate: 0.971830985915493

Task: pick up the salad dressing and place it in the basket table 21
Success: True
# episodes completed so far: 214
# successes: 208 (97.2%)
Current task success rate: 1.0
Current total success rate: 0.9719626168224299

Task: pick up the salad dressing and place it in the basket table 22
Success: True
# episodes completed so far: 215
# successes: 209 (97.2%)
Current task success rate: 1.0
Current total success rate: 0.9720930232558139

Task: pick up the salad dressing and place it in the basket table 23
Success: True
# episodes completed so far: 216
# successes: 210 (97.2%)
Current task success rate: 1.0
Current total success rate: 0.9722222222222222

Task: pick up the salad dressing and place it in the basket table 3
Success: True
# episodes completed so far: 217
# successes: 211 (97.2%)
Current task success rate: 1.0
Current total success rate: 0.9723502304147466

Task: pick up the salad dressing and place it in the basket table 4
Success: True
# episodes completed so far: 218
# successes: 212 (97.2%)
Current task success rate: 1.0
Current total success rate: 0.9724770642201835

Task: pick up the salad dressing and place it in the basket table 6
Success: True
# episodes completed so far: 219
# successes: 213 (97.3%)
Current task success rate: 1.0
Current total success rate: 0.9726027397260274

Task: pick up the salad dressing and place it in the basket table 7
Success: True
# episodes completed so far: 220
# successes: 214 (97.3%)
Current task success rate: 1.0
Current total success rate: 0.9727272727272728

Task: pick up the salad dressing and place it in the basket table 9
Success: True
# episodes completed so far: 221
# successes: 215 (97.3%)
Current task success rate: 1.0
Current total success rate: 0.9728506787330317

Task: pick up the salad dressing and place it in the basket tb 1
Success: True
# episodes completed so far: 222
# successes: 216 (97.3%)
Current task success rate: 1.0
Current total success rate: 0.972972972972973

Task: pick up the salad dressing and place it in the basket tb 12
Success: True
# episodes completed so far: 223
# successes: 217 (97.3%)
Current task success rate: 1.0
Current total success rate: 0.9730941704035875

Task: pick up the salad dressing and place it in the basket tb 13
Success: True
# episodes completed so far: 224
# successes: 218 (97.3%)
Current task success rate: 1.0
Current total success rate: 0.9732142857142857

Task: pick up the salad dressing and place it in the basket tb 15
Success: True
# episodes completed so far: 225
# successes: 219 (97.3%)
Current task success rate: 1.0
Current total success rate: 0.9733333333333334

Task: pick up the salad dressing and place it in the basket tb 16
Success: True
# episodes completed so far: 226
# successes: 220 (97.3%)
Current task success rate: 1.0
Current total success rate: 0.9734513274336283

Task: pick up the salad dressing and place it in the basket tb 18
Success: True
# episodes completed so far: 227
# successes: 221 (97.4%)
Current task success rate: 1.0
Current total success rate: 0.973568281938326

Task: pick up the salad dressing and place it in the basket tb 2
Success: True
# episodes completed so far: 228
# successes: 222 (97.4%)
Current task success rate: 1.0
Current total success rate: 0.9736842105263158

Task: pick up the salad dressing and place it in the basket tb 23
Success: True
# episodes completed so far: 229
# successes: 223 (97.4%)
Current task success rate: 1.0
Current total success rate: 0.9737991266375546

Task: pick up the salad dressing and place it in the basket tb 3
Success: True
# episodes completed so far: 230
# successes: 224 (97.4%)
Current task success rate: 1.0
Current total success rate: 0.9739130434782609

Task: pick up the salad dressing and place it in the basket tb 4
Success: True
# episodes completed so far: 231
# successes: 225 (97.4%)
Current task success rate: 1.0
Current total success rate: 0.974025974025974

Task: pick up the salad dressing and place it in the basket tb 5
Success: True
# episodes completed so far: 232
# successes: 226 (97.4%)
Current task success rate: 1.0
Current total success rate: 0.9741379310344828

Task: pick up the salad dressing and place it in the basket tb 6
Success: True
# episodes completed so far: 233
# successes: 227 (97.4%)
Current task success rate: 1.0
Current total success rate: 0.9742489270386266

Task: pick up the salad dressing and place it in the basket tb 8
Success: True
# episodes completed so far: 234
# successes: 228 (97.4%)
Current task success rate: 1.0
Current total success rate: 0.9743589743589743

Task: pick up the salad dressing and place it in the basket tb 9
Success: True
# episodes completed so far: 235
# successes: 229 (97.4%)
Current task success rate: 1.0
Current total success rate: 0.9744680851063829

Task: pick up the tomato sauce and place it in the basket table 1
Success: True
# episodes completed so far: 236
# successes: 230 (97.5%)
Current task success rate: 1.0
Current total success rate: 0.9745762711864406

Task: pick up the tomato sauce and place it in the basket table 14
Success: True
# episodes completed so far: 237
# successes: 231 (97.5%)
Current task success rate: 1.0
Current total success rate: 0.9746835443037974

Task: pick up the tomato sauce and place it in the basket table 17
Success: True
# episodes completed so far: 238
# successes: 232 (97.5%)
Current task success rate: 1.0
Current total success rate: 0.9747899159663865

Task: pick up the tomato sauce and place it in the basket table 2
Success: True
# episodes completed so far: 239
# successes: 233 (97.5%)
Current task success rate: 1.0
Current total success rate: 0.9748953974895398

Task: pick up the tomato sauce and place it in the basket table 23
Success: True
# episodes completed so far: 240
# successes: 234 (97.5%)
Current task success rate: 1.0
Current total success rate: 0.975

Task: pick up the tomato sauce and place it in the basket table 27
Success: True
# episodes completed so far: 241
# successes: 235 (97.5%)
Current task success rate: 1.0
Current total success rate: 0.975103734439834

Task: pick up the tomato sauce and place it in the basket table 28
Success: True
# episodes completed so far: 242
# successes: 236 (97.5%)
Current task success rate: 1.0
Current total success rate: 0.9752066115702479

Task: pick up the tomato sauce and place it in the basket table 3
Success: True
# episodes completed so far: 243
# successes: 237 (97.5%)
Current task success rate: 1.0
Current total success rate: 0.9753086419753086

Task: pick up the tomato sauce and place it in the basket table 4
Success: True
# episodes completed so far: 244
# successes: 238 (97.5%)
Current task success rate: 1.0
Current total success rate: 0.9754098360655737

Task: pick up the tomato sauce and place it in the basket tb 1
Success: True
# episodes completed so far: 245
# successes: 239 (97.6%)
Current task success rate: 1.0
Current total success rate: 0.9755102040816327

Task: pick up the tomato sauce and place it in the basket tb 12
Success: True
# episodes completed so far: 246
# successes: 240 (97.6%)
Current task success rate: 1.0
Current total success rate: 0.975609756097561

Task: pick up the tomato sauce and place it in the basket tb 2
Success: True
# episodes completed so far: 247
# successes: 241 (97.6%)
Current task success rate: 1.0
Current total success rate: 0.9757085020242915

Task: pick up the tomato sauce and place it in the basket tb 6
Success: True
# episodes completed so far: 248
# successes: 242 (97.6%)
Current task success rate: 1.0
Current total success rate: 0.9758064516129032

Task: pick up the alphabet soup and place it in the basket view 0 0 100 0 0 initstate 11
Success: True
# episodes completed so far: 249
# successes: 243 (97.6%)
Current task success rate: 1.0
Current total success rate: 0.9759036144578314

Task: pick up the alphabet soup and place it in the basket view 0 0 100 0 0 initstate 51
Success: False
# episodes completed so far: 250
# successes: 243 (97.2%)
Current task success rate: 0.0
Current total success rate: 0.972

Task: pick up the alphabet soup and place it in the basket view 0 0 100 0 0 initstate 71
Success: False
# episodes completed so far: 251
# successes: 243 (96.8%)
Current task success rate: 0.0
Current total success rate: 0.9681274900398407

Task: pick up the alphabet soup and place it in the basket view 0 0 100 0 0 initstate 81
Success: False
# episodes completed so far: 252
# successes: 243 (96.4%)
Current task success rate: 0.0
Current total success rate: 0.9642857142857143

Task: pick up the alphabet soup and place it in the basket view 0 0 100 0 0 initstate 101
Success: False
# episodes completed so far: 253
# successes: 243 (96.0%)
Current task success rate: 0.0
Current total success rate: 0.9604743083003953

Task: pick up the alphabet soup and place it in the basket view 0 0 100 0 0 initstate 121
Success: True
# episodes completed so far: 254
# successes: 244 (96.1%)
Current task success rate: 1.0
Current total success rate: 0.9606299212598425

Task: pick up the alphabet soup and place it in the basket view 0 0 100 0 0 initstate 131
Success: True
# episodes completed so far: 255
# successes: 245 (96.1%)
Current task success rate: 1.0
Current total success rate: 0.9607843137254902

Task: pick up the alphabet soup and place it in the basket view 0 0 100 0 0 initstate 141
Success: False
# episodes completed so far: 256
# successes: 245 (95.7%)
Current task success rate: 0.0
Current total success rate: 0.95703125

Task: pick up the alphabet soup and place it in the basket view 0 0 100 0 0 initstate 161
Success: False
# episodes completed so far: 257
# successes: 245 (95.3%)
Current task success rate: 0.0
Current total success rate: 0.953307392996109

Task: pick up the alphabet soup and place it in the basket view 0 0 100 0 0 initstate 171
Success: True
# episodes completed so far: 258
# successes: 246 (95.3%)
Current task success rate: 1.0
Current total success rate: 0.9534883720930233

Task: pick up the alphabet soup and place it in the basket view 0 0 100 0 0 initstate 181
Success: False
# episodes completed so far: 259
# successes: 246 (95.0%)
Current task success rate: 0.0
Current total success rate: 0.9498069498069498

Task: pick up the alphabet soup and place it in the basket view 0 0 100 0 0 initstate 191
Success: True
# episodes completed so far: 260
# successes: 247 (95.0%)
Current task success rate: 1.0
Current total success rate: 0.95

Task: pick up the alphabet soup and place it in the basket view 0 0 100 0 0 initstate 201
Success: False
# episodes completed so far: 261
# successes: 247 (94.6%)
Current task success rate: 0.0
Current total success rate: 0.946360153256705

Task: pick up the alphabet soup and place it in the basket view 0 0 100 0 0 initstate 211
Success: False
# episodes completed so far: 262
# successes: 247 (94.3%)
Current task success rate: 0.0
Current total success rate: 0.9427480916030534

Task: pick up the alphabet soup and place it in the basket view 0 0 100 0 0 initstate 221
Success: False
# episodes completed so far: 263
# successes: 247 (93.9%)
Current task success rate: 0.0
Current total success rate: 0.9391634980988594

Task: pick up the alphabet soup and place it in the basket view 0 0 100 0 0 initstate 231
Success: False
# episodes completed so far: 264
# successes: 247 (93.6%)
Current task success rate: 0.0
Current total success rate: 0.9356060606060606

Task: pick up the alphabet soup and place it in the basket view 0 0 100 0 0 initstate 241
Success: True
# episodes completed so far: 265
# successes: 248 (93.6%)
Current task success rate: 1.0
Current total success rate: 0.9358490566037736

Task: pick up the alphabet soup and place it in the basket view 0 0 100 0 0 initstate 251
Success: False
# episodes completed so far: 266
# successes: 248 (93.2%)
Current task success rate: 0.0
Current total success rate: 0.9323308270676691

Task: pick up the alphabet soup and place it in the basket view 0 0 100 0 0 initstate 261
Success: False
# episodes completed so far: 267
# successes: 248 (92.9%)
Current task success rate: 0.0
Current total success rate: 0.9288389513108615

Task: pick up the alphabet soup and place it in the basket view 0 0 100 0 0 initstate 271
Success: False
# episodes completed so far: 268
# successes: 248 (92.5%)
Current task success rate: 0.0
Current total success rate: 0.9253731343283582

Task: pick up the alphabet soup and place it in the basket view 0 0 100 0 0 initstate 281
Success: False
# episodes completed so far: 269
# successes: 248 (92.2%)
Current task success rate: 0.0
Current total success rate: 0.9219330855018587

Task: pick up the alphabet soup and place it in the basket view 0 0 100 0 0 initstate 291
Success: False
# episodes completed so far: 270
# successes: 248 (91.9%)
Current task success rate: 0.0
Current total success rate: 0.9185185185185185

Task: pick up the alphabet soup and place it in the basket view 0 0 100 0 0 initstate 301
Success: False
# episodes completed so far: 271
# successes: 248 (91.5%)
Current task success rate: 0.0
Current total success rate: 0.915129151291513

Task: pick up the alphabet soup and place it in the basket view 0 0 100 0 0 initstate 311
Success: False
# episodes completed so far: 272
# successes: 248 (91.2%)
Current task success rate: 0.0
Current total success rate: 0.9117647058823529

Task: pick up the alphabet soup and place it in the basket view 0 0 100 0 0 initstate 321
Success: False
# episodes completed so far: 273
# successes: 248 (90.8%)
Current task success rate: 0.0
Current total success rate: 0.9084249084249084

Task: pick up the alphabet soup and place it in the basket view 0 0 100 0 0 initstate 331
Success: False
# episodes completed so far: 274
# successes: 248 (90.5%)
Current task success rate: 0.0
Current total success rate: 0.9051094890510949

Task: pick up the alphabet soup and place it in the basket view 0 0 100 0 0 initstate 341
Success: True
# episodes completed so far: 275
# successes: 249 (90.5%)
Current task success rate: 1.0
Current total success rate: 0.9054545454545454

Task: pick up the alphabet soup and place it in the basket view 0 0 100 0 0 initstate 351
Success: True
# episodes completed so far: 276
# successes: 250 (90.6%)
Current task success rate: 1.0
Current total success rate: 0.9057971014492754

Task: pick up the alphabet soup and place it in the basket view 0 0 100 0 0 initstate 361
Success: False
# episodes completed so far: 277
# successes: 250 (90.3%)
Current task success rate: 0.0
Current total success rate: 0.9025270758122743

Task: pick up the alphabet soup and place it in the basket view 0 0 100 0 0 initstate 371
Success: False
# episodes completed so far: 278
# successes: 250 (89.9%)
Current task success rate: 0.0
Current total success rate: 0.8992805755395683

Task: pick up the alphabet soup and place it in the basket view 0 0 100 0 0 initstate 381
Success: False
# episodes completed so far: 279
# successes: 250 (89.6%)
Current task success rate: 0.0
Current total success rate: 0.8960573476702509

Task: pick up the alphabet soup and place it in the basket view 0 0 100 0 0 initstate 391
Success: False
# episodes completed so far: 280
# successes: 250 (89.3%)
Current task success rate: 0.0
Current total success rate: 0.8928571428571429

Task: pick up the alphabet soup and place it in the basket view 0 0 100 0 0 initstate 401
Success: False
# episodes completed so far: 281
# successes: 250 (89.0%)
Current task success rate: 0.0
Current total success rate: 0.8896797153024911

Task: pick up the alphabet soup and place it in the basket view 0 0 100 0 0 initstate 411
Success: False
# episodes completed so far: 282
# successes: 250 (88.7%)
Current task success rate: 0.0
Current total success rate: 0.8865248226950354

Task: pick up the alphabet soup and place it in the basket view 0 0 100 0 0 initstate 421
Success: False
# episodes completed so far: 283
# successes: 250 (88.3%)
Current task success rate: 0.0
Current total success rate: 0.8833922261484098

Task: pick up the alphabet soup and place it in the basket view 0 0 100 0 0 initstate 431
Success: False
# episodes completed so far: 284
# successes: 250 (88.0%)
Current task success rate: 0.0
Current total success rate: 0.8802816901408451

Task: pick up the alphabet soup and place it in the basket view 0 0 100 0 0 initstate 441
Success: False
# episodes completed so far: 285
# successes: 250 (87.7%)
Current task success rate: 0.0
Current total success rate: 0.8771929824561403

Task: pick up the alphabet soup and place it in the basket view 0 0 100 0 0 initstate 451
Success: False
# episodes completed so far: 286
# successes: 250 (87.4%)
Current task success rate: 0.0
Current total success rate: 0.8741258741258742

Task: pick up the alphabet soup and place it in the basket view 0 0 100 0 0 initstate 461
Success: False
# episodes completed so far: 287
# successes: 250 (87.1%)
Current task success rate: 0.0
Current total success rate: 0.8710801393728222

Task: pick up the alphabet soup and place it in the basket view 0 0 100 0 0 initstate 471
Success: False
# episodes completed so far: 288
# successes: 250 (86.8%)
Current task success rate: 0.0
Current total success rate: 0.8680555555555556

Task: pick up the alphabet soup and place it in the basket view 0 0 100 0 0 initstate 481
Success: True
# episodes completed so far: 289
# successes: 251 (86.9%)
Current task success rate: 1.0
Current total success rate: 0.8685121107266436

Task: pick up the alphabet soup and place it in the basket view 0 0 100 0 0 initstate 491
Success: False
# episodes completed so far: 290
# successes: 251 (86.6%)
Current task success rate: 0.0
Current total success rate: 0.8655172413793103

Task: pick up the cream cheese and place it in the basket view 0 0 100 0 0 initstate 2
Success: True
# episodes completed so far: 291
# successes: 252 (86.6%)
Current task success rate: 1.0
Current total success rate: 0.865979381443299

Task: pick up the cream cheese and place it in the basket view 0 0 100 0 0 initstate 42
Success: False
# episodes completed so far: 292
# successes: 252 (86.3%)
Current task success rate: 0.0
Current total success rate: 0.863013698630137

Task: pick up the cream cheese and place it in the basket view 0 0 100 0 0 initstate 62
Success: False
# episodes completed so far: 293
# successes: 252 (86.0%)
Current task success rate: 0.0
Current total success rate: 0.8600682593856656

Task: pick up the cream cheese and place it in the basket view 0 0 100 0 0 initstate 102
Success: True
# episodes completed so far: 294
# successes: 253 (86.1%)
Current task success rate: 1.0
Current total success rate: 0.8605442176870748

Task: pick up the cream cheese and place it in the basket view 0 0 100 0 0 initstate 112
Success: True
# episodes completed so far: 295
# successes: 254 (86.1%)
Current task success rate: 1.0
Current total success rate: 0.8610169491525423

Task: pick up the cream cheese and place it in the basket view 0 0 100 0 0 initstate 132
Success: True
# episodes completed so far: 296
# successes: 255 (86.1%)
Current task success rate: 1.0
Current total success rate: 0.8614864864864865

Task: pick up the cream cheese and place it in the basket view 0 0 100 0 0 initstate 142
Success: True
# episodes completed so far: 297
# successes: 256 (86.2%)
Current task success rate: 1.0
Current total success rate: 0.8619528619528619

Task: pick up the cream cheese and place it in the basket view 0 0 100 0 0 initstate 152
Success: True
# episodes completed so far: 298
# successes: 257 (86.2%)
Current task success rate: 1.0
Current total success rate: 0.8624161073825504

Task: pick up the cream cheese and place it in the basket view 0 0 100 0 0 initstate 162
Success: True
# episodes completed so far: 299
# successes: 258 (86.3%)
Current task success rate: 1.0
Current total success rate: 0.862876254180602

Task: pick up the cream cheese and place it in the basket view 0 0 100 0 0 initstate 172
Success: True
# episodes completed so far: 300
# successes: 259 (86.3%)
Current task success rate: 1.0
Current total success rate: 0.8633333333333333

Task: pick up the cream cheese and place it in the basket view 0 0 100 0 0 initstate 192
Success: True
# episodes completed so far: 301
# successes: 260 (86.4%)
Current task success rate: 1.0
Current total success rate: 0.8637873754152824

Task: pick up the cream cheese and place it in the basket view 0 0 100 0 0 initstate 202
Success: True
# episodes completed so far: 302
# successes: 261 (86.4%)
Current task success rate: 1.0
Current total success rate: 0.8642384105960265

Task: pick up the cream cheese and place it in the basket view 0 0 100 0 0 initstate 222
Success: False
# episodes completed so far: 303
# successes: 261 (86.1%)
Current task success rate: 0.0
Current total success rate: 0.8613861386138614

Task: pick up the cream cheese and place it in the basket view 0 0 100 0 0 initstate 232
Success: True
# episodes completed so far: 304
# successes: 262 (86.2%)
Current task success rate: 1.0
Current total success rate: 0.8618421052631579

Task: pick up the cream cheese and place it in the basket view 0 0 100 0 0 initstate 242
Success: True
# episodes completed so far: 305
# successes: 263 (86.2%)
Current task success rate: 1.0
Current total success rate: 0.8622950819672132

Task: pick up the cream cheese and place it in the basket view 0 0 100 0 0 initstate 252
Success: True
# episodes completed so far: 306
# successes: 264 (86.3%)
Current task success rate: 1.0
Current total success rate: 0.8627450980392157

Task: pick up the cream cheese and place it in the basket view 0 0 100 0 0 initstate 262
Success: True
# episodes completed so far: 307
# successes: 265 (86.3%)
Current task success rate: 1.0
Current total success rate: 0.8631921824104235

Task: pick up the cream cheese and place it in the basket view 0 0 100 0 0 initstate 282
Success: False
# episodes completed so far: 308
# successes: 265 (86.0%)
Current task success rate: 0.0
Current total success rate: 0.8603896103896104

Task: pick up the cream cheese and place it in the basket view 0 0 100 0 0 initstate 292
Success: False
# episodes completed so far: 309
# successes: 265 (85.8%)
Current task success rate: 0.0
Current total success rate: 0.8576051779935275

Task: pick up the cream cheese and place it in the basket view 0 0 100 0 0 initstate 302
Success: False
# episodes completed so far: 310
# successes: 265 (85.5%)
Current task success rate: 0.0
Current total success rate: 0.8548387096774194

Task: pick up the cream cheese and place it in the basket view 0 0 100 0 0 initstate 312
Success: False
# episodes completed so far: 311
# successes: 265 (85.2%)
Current task success rate: 0.0
Current total success rate: 0.8520900321543409

Task: pick up the cream cheese and place it in the basket view 0 0 100 0 0 initstate 322
Success: False
# episodes completed so far: 312
# successes: 265 (84.9%)
Current task success rate: 0.0
Current total success rate: 0.8493589743589743

Task: pick up the cream cheese and place it in the basket view 0 0 100 0 0 initstate 332
Success: False
# episodes completed so far: 313
# successes: 265 (84.7%)
Current task success rate: 0.0
Current total success rate: 0.8466453674121406

Task: pick up the cream cheese and place it in the basket view 0 0 100 0 0 initstate 342
Success: False
# episodes completed so far: 314
# successes: 265 (84.4%)
Current task success rate: 0.0
Current total success rate: 0.8439490445859873

Task: pick up the cream cheese and place it in the basket view 0 0 100 0 0 initstate 352
Success: False
# episodes completed so far: 315
# successes: 265 (84.1%)
Current task success rate: 0.0
Current total success rate: 0.8412698412698413

Task: pick up the cream cheese and place it in the basket view 0 0 100 0 0 initstate 362
Success: False
# episodes completed so far: 316
# successes: 265 (83.9%)
Current task success rate: 0.0
Current total success rate: 0.8386075949367089

Task: pick up the cream cheese and place it in the basket view 0 0 100 0 0 initstate 372
Success: False
# episodes completed so far: 317
# successes: 265 (83.6%)
Current task success rate: 0.0
Current total success rate: 0.8359621451104101

Task: pick up the cream cheese and place it in the basket view 0 0 100 0 0 initstate 382
Success: False
# episodes completed so far: 318
# successes: 265 (83.3%)
Current task success rate: 0.0
Current total success rate: 0.8333333333333334

Task: pick up the cream cheese and place it in the basket view 0 0 100 0 0 initstate 392
Success: False
# episodes completed so far: 319
# successes: 265 (83.1%)
Current task success rate: 0.0
Current total success rate: 0.8307210031347962

Task: pick up the cream cheese and place it in the basket view 0 0 100 0 0 initstate 402
Success: True
# episodes completed so far: 320
# successes: 266 (83.1%)
Current task success rate: 1.0
Current total success rate: 0.83125

Task: pick up the cream cheese and place it in the basket view 0 0 100 0 0 initstate 412
Success: False
# episodes completed so far: 321
# successes: 266 (82.9%)
Current task success rate: 0.0
Current total success rate: 0.8286604361370716

Task: pick up the cream cheese and place it in the basket view 0 0 100 0 0 initstate 422
Success: True
# episodes completed so far: 322
# successes: 267 (82.9%)
Current task success rate: 1.0
Current total success rate: 0.8291925465838509

Task: pick up the cream cheese and place it in the basket view 0 0 100 0 0 initstate 432
Success: True
# episodes completed so far: 323
# successes: 268 (83.0%)
Current task success rate: 1.0
Current total success rate: 0.8297213622291022

Task: pick up the cream cheese and place it in the basket view 0 0 100 0 0 initstate 442
Success: True
# episodes completed so far: 324
# successes: 269 (83.0%)
Current task success rate: 1.0
Current total success rate: 0.8302469135802469

Task: pick up the cream cheese and place it in the basket view 0 0 100 0 0 initstate 452
Success: False
# episodes completed so far: 325
# successes: 269 (82.8%)
Current task success rate: 0.0
Current total success rate: 0.8276923076923077

Task: pick up the cream cheese and place it in the basket view 0 0 100 0 0 initstate 462
Success: False
# episodes completed so far: 326
# successes: 269 (82.5%)
Current task success rate: 0.0
Current total success rate: 0.8251533742331288

Task: pick up the cream cheese and place it in the basket view 0 0 100 0 0 initstate 472
Success: False
# episodes completed so far: 327
# successes: 269 (82.3%)
Current task success rate: 0.0
Current total success rate: 0.8226299694189603

Task: pick up the cream cheese and place it in the basket view 0 0 100 0 0 initstate 482
Success: True
# episodes completed so far: 328
# successes: 270 (82.3%)
Current task success rate: 1.0
Current total success rate: 0.823170731707317

Task: pick up the cream cheese and place it in the basket view 0 0 100 0 0 initstate 492
Success: True
# episodes completed so far: 329
# successes: 271 (82.4%)
Current task success rate: 1.0
Current total success rate: 0.8237082066869301

Task: pick up the salad dressing and place it in the basket view 0 0 100 0 0 initstate 3
Success: False
# episodes completed so far: 330
# successes: 271 (82.1%)
Current task success rate: 0.0
Current total success rate: 0.8212121212121212

Task: pick up the salad dressing and place it in the basket view 0 0 100 0 0 initstate 23
Success: True
# episodes completed so far: 331
# successes: 272 (82.2%)
Current task success rate: 1.0
Current total success rate: 0.8217522658610272

Task: pick up the salad dressing and place it in the basket view 0 0 100 0 0 initstate 63
Success: True
# episodes completed so far: 332
# successes: 273 (82.2%)
Current task success rate: 1.0
Current total success rate: 0.822289156626506

Task: pick up the salad dressing and place it in the basket view 0 0 100 0 0 initstate 73
Success: True
# episodes completed so far: 333
# successes: 274 (82.3%)
Current task success rate: 1.0
Current total success rate: 0.8228228228228228

Task: pick up the salad dressing and place it in the basket view 0 0 100 0 0 initstate 83
Success: True
# episodes completed so far: 334
# successes: 275 (82.3%)
Current task success rate: 1.0
Current total success rate: 0.8233532934131736

Task: pick up the salad dressing and place it in the basket view 0 0 100 0 0 initstate 103
Success: False
# episodes completed so far: 335
# successes: 275 (82.1%)
Current task success rate: 0.0
Current total success rate: 0.8208955223880597

Task: pick up the salad dressing and place it in the basket view 0 0 100 0 0 initstate 113
Success: False
# episodes completed so far: 336
# successes: 275 (81.8%)
Current task success rate: 0.0
Current total success rate: 0.8184523809523809

Task: pick up the salad dressing and place it in the basket view 0 0 100 0 0 initstate 123
Success: True
# episodes completed so far: 337
# successes: 276 (81.9%)
Current task success rate: 1.0
Current total success rate: 0.8189910979228486

Task: pick up the salad dressing and place it in the basket view 0 0 100 0 0 initstate 133
Success: True
# episodes completed so far: 338
# successes: 277 (82.0%)
Current task success rate: 1.0
Current total success rate: 0.8195266272189349

Task: pick up the salad dressing and place it in the basket view 0 0 100 0 0 initstate 153
Success: True
# episodes completed so far: 339
# successes: 278 (82.0%)
Current task success rate: 1.0
Current total success rate: 0.8200589970501475

Task: pick up the salad dressing and place it in the basket view 0 0 100 0 0 initstate 163
Success: False
# episodes completed so far: 340
# successes: 278 (81.8%)
Current task success rate: 0.0
Current total success rate: 0.8176470588235294

Task: pick up the salad dressing and place it in the basket view 0 0 100 0 0 initstate 173
Success: True
# episodes completed so far: 341
# successes: 279 (81.8%)
Current task success rate: 1.0
Current total success rate: 0.8181818181818182

Task: pick up the salad dressing and place it in the basket view 0 0 100 0 0 initstate 183
Success: True
# episodes completed so far: 342
# successes: 280 (81.9%)
Current task success rate: 1.0
Current total success rate: 0.8187134502923976

Task: pick up the salad dressing and place it in the basket view 0 0 100 0 0 initstate 203
Success: True
# episodes completed so far: 343
# successes: 281 (81.9%)
Current task success rate: 1.0
Current total success rate: 0.8192419825072886

Task: pick up the salad dressing and place it in the basket view 0 0 100 0 0 initstate 213
Success: False
# episodes completed so far: 344
# successes: 281 (81.7%)
Current task success rate: 0.0
Current total success rate: 0.8168604651162791

Task: pick up the salad dressing and place it in the basket view 0 0 100 0 0 initstate 223
Success: False
# episodes completed so far: 345
# successes: 281 (81.4%)
Current task success rate: 0.0
Current total success rate: 0.8144927536231884

Task: pick up the salad dressing and place it in the basket view 0 0 100 0 0 initstate 233
Success: True
# episodes completed so far: 346
# successes: 282 (81.5%)
Current task success rate: 1.0
Current total success rate: 0.815028901734104

Task: pick up the salad dressing and place it in the basket view 0 0 100 0 0 initstate 243
Success: False
# episodes completed so far: 347
# successes: 282 (81.3%)
Current task success rate: 0.0
Current total success rate: 0.8126801152737753

Task: pick up the salad dressing and place it in the basket view 0 0 100 0 0 initstate 263
Success: False
# episodes completed so far: 348
# successes: 282 (81.0%)
Current task success rate: 0.0
Current total success rate: 0.8103448275862069

Task: pick up the salad dressing and place it in the basket view 0 0 100 0 0 initstate 273
Success: False
# episodes completed so far: 349
# successes: 282 (80.8%)
Current task success rate: 0.0
Current total success rate: 0.8080229226361032

Task: pick up the salad dressing and place it in the basket view 0 0 100 0 0 initstate 283
Success: True
# episodes completed so far: 350
# successes: 283 (80.9%)
Current task success rate: 1.0
Current total success rate: 0.8085714285714286

Task: pick up the salad dressing and place it in the basket view 0 0 100 0 0 initstate 293
Success: False
# episodes completed so far: 351
# successes: 283 (80.6%)
Current task success rate: 0.0
Current total success rate: 0.8062678062678063

Task: pick up the salad dressing and place it in the basket view 0 0 100 0 0 initstate 303
Success: False
# episodes completed so far: 352
# successes: 283 (80.4%)
Current task success rate: 0.0
Current total success rate: 0.8039772727272727

Task: pick up the salad dressing and place it in the basket view 0 0 100 0 0 initstate 313
Success: False
# episodes completed so far: 353
# successes: 283 (80.2%)
Current task success rate: 0.0
Current total success rate: 0.8016997167138811

Task: pick up the salad dressing and place it in the basket view 0 0 100 0 0 initstate 323
Success: False
# episodes completed so far: 354
# successes: 283 (79.9%)
Current task success rate: 0.0
Current total success rate: 0.7994350282485876

Task: pick up the salad dressing and place it in the basket view 0 0 100 0 0 initstate 333
Success: False
# episodes completed so far: 355
# successes: 283 (79.7%)
Current task success rate: 0.0
Current total success rate: 0.7971830985915493

Task: pick up the salad dressing and place it in the basket view 0 0 100 0 0 initstate 343
Success: True
# episodes completed so far: 356
# successes: 284 (79.8%)
Current task success rate: 1.0
Current total success rate: 0.797752808988764

Task: pick up the salad dressing and place it in the basket view 0 0 100 0 0 initstate 353
Success: False
# episodes completed so far: 357
# successes: 284 (79.6%)
Current task success rate: 0.0
Current total success rate: 0.7955182072829131

Task: pick up the salad dressing and place it in the basket view 0 0 100 0 0 initstate 363
Success: True
# episodes completed so far: 358
# successes: 285 (79.6%)
Current task success rate: 1.0
Current total success rate: 0.7960893854748603

Task: pick up the salad dressing and place it in the basket view 0 0 100 0 0 initstate 373
Success: False
# episodes completed so far: 359
# successes: 285 (79.4%)
Current task success rate: 0.0
Current total success rate: 0.7938718662952646

Task: pick up the salad dressing and place it in the basket view 0 0 100 0 0 initstate 393
Success: False
# episodes completed so far: 360
# successes: 285 (79.2%)
Current task success rate: 0.0
Current total success rate: 0.7916666666666666

Task: pick up the salad dressing and place it in the basket view 0 0 100 0 0 initstate 403
Success: False
# episodes completed so far: 361
# successes: 285 (78.9%)
Current task success rate: 0.0
Current total success rate: 0.7894736842105263

Task: pick up the salad dressing and place it in the basket view 0 0 100 0 0 initstate 413
Success: False
# episodes completed so far: 362
# successes: 285 (78.7%)
Current task success rate: 0.0
Current total success rate: 0.787292817679558

Task: pick up the salad dressing and place it in the basket view 0 0 100 0 0 initstate 423
Success: False
# episodes completed so far: 363
# successes: 285 (78.5%)
Current task success rate: 0.0
Current total success rate: 0.7851239669421488

Task: pick up the salad dressing and place it in the basket view 0 0 100 0 0 initstate 443
Success: True
# episodes completed so far: 364
# successes: 286 (78.6%)
Current task success rate: 1.0
Current total success rate: 0.7857142857142857

Task: pick up the salad dressing and place it in the basket view 0 0 100 0 0 initstate 453
Success: True
# episodes completed so far: 365
# successes: 287 (78.6%)
Current task success rate: 1.0
Current total success rate: 0.7863013698630137

Task: pick up the salad dressing and place it in the basket view 0 0 100 0 0 initstate 463
Success: False
# episodes completed so far: 366
# successes: 287 (78.4%)
Current task success rate: 0.0
Current total success rate: 0.7841530054644809

Task: pick up the salad dressing and place it in the basket view 0 0 100 0 0 initstate 473
Success: False
# episodes completed so far: 367
# successes: 287 (78.2%)
Current task success rate: 0.0
Current total success rate: 0.782016348773842

Task: pick up the salad dressing and place it in the basket view 0 0 100 0 0 initstate 483
Success: False
# episodes completed so far: 368
# successes: 287 (78.0%)
Current task success rate: 0.0
Current total success rate: 0.779891304347826

Task: pick up the salad dressing and place it in the basket view 0 0 100 0 0 initstate 493
Success: True
# episodes completed so far: 369
# successes: 288 (78.0%)
Current task success rate: 1.0
Current total success rate: 0.7804878048780488

Task: pick up the bbq sauce and place it in the basket view 0 0 100 0 0 initstate 4
Success: False
# episodes completed so far: 370
# successes: 288 (77.8%)
Current task success rate: 0.0
Current total success rate: 0.7783783783783784

Task: pick up the bbq sauce and place it in the basket view 0 0 100 0 0 initstate 74
Success: True
# episodes completed so far: 371
# successes: 289 (77.9%)
Current task success rate: 1.0
Current total success rate: 0.7789757412398922

Task: pick up the bbq sauce and place it in the basket view 0 0 100 0 0 initstate 114
Success: False
# episodes completed so far: 372
# successes: 289 (77.7%)
Current task success rate: 0.0
Current total success rate: 0.7768817204301075

Task: pick up the bbq sauce and place it in the basket view 0 0 100 0 0 initstate 124
Success: False
# episodes completed so far: 373
# successes: 289 (77.5%)
Current task success rate: 0.0
Current total success rate: 0.774798927613941

Task: pick up the bbq sauce and place it in the basket view 0 0 100 0 0 initstate 144
Success: True
# episodes completed so far: 374
# successes: 290 (77.5%)
Current task success rate: 1.0
Current total success rate: 0.7754010695187166

Task: pick up the bbq sauce and place it in the basket view 0 0 100 0 0 initstate 154
Success: True
# episodes completed so far: 375
# successes: 291 (77.6%)
Current task success rate: 1.0
Current total success rate: 0.776

Task: pick up the bbq sauce and place it in the basket view 0 0 100 0 0 initstate 164
Success: False
# episodes completed so far: 376
# successes: 291 (77.4%)
Current task success rate: 0.0
Current total success rate: 0.773936170212766

Task: pick up the bbq sauce and place it in the basket view 0 0 100 0 0 initstate 184
Success: False
# episodes completed so far: 377
# successes: 291 (77.2%)
Current task success rate: 0.0
Current total success rate: 0.7718832891246684

Task: pick up the bbq sauce and place it in the basket view 0 0 100 0 0 initstate 194
Success: True
# episodes completed so far: 378
# successes: 292 (77.2%)
Current task success rate: 1.0
Current total success rate: 0.7724867724867724

Task: pick up the bbq sauce and place it in the basket view 0 0 100 0 0 initstate 204
Success: True
# episodes completed so far: 379
# successes: 293 (77.3%)
Current task success rate: 1.0
Current total success rate: 0.7730870712401056

Task: pick up the bbq sauce and place it in the basket view 0 0 100 0 0 initstate 214
Success: False
# episodes completed so far: 380
# successes: 293 (77.1%)
Current task success rate: 0.0
Current total success rate: 0.7710526315789473

Task: pick up the bbq sauce and place it in the basket view 0 0 100 0 0 initstate 224
Success: True
# episodes completed so far: 381
# successes: 294 (77.2%)
Current task success rate: 1.0
Current total success rate: 0.7716535433070866

Task: pick up the bbq sauce and place it in the basket view 0 0 100 0 0 initstate 234
Success: True
# episodes completed so far: 382
# successes: 295 (77.2%)
Current task success rate: 1.0
Current total success rate: 0.7722513089005235

Task: pick up the bbq sauce and place it in the basket view 0 0 100 0 0 initstate 254
Success: False
# episodes completed so far: 383
# successes: 295 (77.0%)
Current task success rate: 0.0
Current total success rate: 0.7702349869451697

Task: pick up the bbq sauce and place it in the basket view 0 0 100 0 0 initstate 264
Success: True
# episodes completed so far: 384
# successes: 296 (77.1%)
Current task success rate: 1.0
Current total success rate: 0.7708333333333334

Task: pick up the bbq sauce and place it in the basket view 0 0 100 0 0 initstate 274
Success: False
# episodes completed so far: 385
# successes: 296 (76.9%)
Current task success rate: 0.0
Current total success rate: 0.7688311688311689

Task: pick up the bbq sauce and place it in the basket view 0 0 100 0 0 initstate 284
Success: True
# episodes completed so far: 386
# successes: 297 (76.9%)
Current task success rate: 1.0
Current total success rate: 0.7694300518134715

Task: pick up the bbq sauce and place it in the basket view 0 0 100 0 0 initstate 294
Success: False
# episodes completed so far: 387
# successes: 297 (76.7%)
Current task success rate: 0.0
Current total success rate: 0.7674418604651163

Task: pick up the bbq sauce and place it in the basket view 0 0 100 0 0 initstate 304
Success: False
# episodes completed so far: 388
# successes: 297 (76.5%)
Current task success rate: 0.0
Current total success rate: 0.7654639175257731

Task: pick up the bbq sauce and place it in the basket view 0 0 100 0 0 initstate 314
Success: False
# episodes completed so far: 389
# successes: 297 (76.3%)
Current task success rate: 0.0
Current total success rate: 0.7634961439588689

Task: pick up the bbq sauce and place it in the basket view 0 0 100 0 0 initstate 324
Success: False
# episodes completed so far: 390
# successes: 297 (76.2%)
Current task success rate: 0.0
Current total success rate: 0.7615384615384615

Task: pick up the bbq sauce and place it in the basket view 0 0 100 0 0 initstate 334
Success: False
# episodes completed so far: 391
# successes: 297 (76.0%)
Current task success rate: 0.0
Current total success rate: 0.7595907928388747

Task: pick up the bbq sauce and place it in the basket view 0 0 100 0 0 initstate 344
Success: True
# episodes completed so far: 392
# successes: 298 (76.0%)
Current task success rate: 1.0
Current total success rate: 0.7602040816326531

Task: pick up the bbq sauce and place it in the basket view 0 0 100 0 0 initstate 354
Success: True
# episodes completed so far: 393
# successes: 299 (76.1%)
Current task success rate: 1.0
Current total success rate: 0.7608142493638677

Task: pick up the bbq sauce and place it in the basket view 0 0 100 0 0 initstate 364
Success: True
# episodes completed so far: 394
# successes: 300 (76.1%)
Current task success rate: 1.0
Current total success rate: 0.7614213197969543

Task: pick up the bbq sauce and place it in the basket view 0 0 100 0 0 initstate 374
Success: False
# episodes completed so far: 395
# successes: 300 (75.9%)
Current task success rate: 0.0
Current total success rate: 0.759493670886076

Task: pick up the bbq sauce and place it in the basket view 0 0 100 0 0 initstate 384
Success: True
# episodes completed so far: 396
# successes: 301 (76.0%)
Current task success rate: 1.0
Current total success rate: 0.76010101010101

Task: pick up the bbq sauce and place it in the basket view 0 0 100 0 0 initstate 394
Success: False
# episodes completed so far: 397
# successes: 301 (75.8%)
Current task success rate: 0.0
Current total success rate: 0.7581863979848866

Task: pick up the bbq sauce and place it in the basket view 0 0 100 0 0 initstate 404
Success: False
# episodes completed so far: 398
# successes: 301 (75.6%)
Current task success rate: 0.0
Current total success rate: 0.7562814070351759

Task: pick up the bbq sauce and place it in the basket view 0 0 100 0 0 initstate 414
Success: False
# episodes completed so far: 399
# successes: 301 (75.4%)
Current task success rate: 0.0
Current total success rate: 0.7543859649122807

Task: pick up the bbq sauce and place it in the basket view 0 0 100 0 0 initstate 424
Success: True
# episodes completed so far: 400
# successes: 302 (75.5%)
Current task success rate: 1.0
Current total success rate: 0.755

Task: pick up the bbq sauce and place it in the basket view 0 0 100 0 0 initstate 434
Success: False
# episodes completed so far: 401
# successes: 302 (75.3%)
Current task success rate: 0.0
Current total success rate: 0.7531172069825436

Task: pick up the bbq sauce and place it in the basket view 0 0 100 0 0 initstate 444
Success: False
# episodes completed so far: 402
# successes: 302 (75.1%)
Current task success rate: 0.0
Current total success rate: 0.7512437810945274

Task: pick up the bbq sauce and place it in the basket view 0 0 100 0 0 initstate 454
Success: False
# episodes completed so far: 403
# successes: 302 (74.9%)
Current task success rate: 0.0
Current total success rate: 0.749379652605459

Task: pick up the bbq sauce and place it in the basket view 0 0 100 0 0 initstate 464
Success: False
# episodes completed so far: 404
# successes: 302 (74.8%)
Current task success rate: 0.0
Current total success rate: 0.7475247524752475

Task: pick up the bbq sauce and place it in the basket view 0 0 100 0 0 initstate 474
Success: False
# episodes completed so far: 405
# successes: 302 (74.6%)
Current task success rate: 0.0
Current total success rate: 0.745679012345679

Task: pick up the bbq sauce and place it in the basket view 0 0 100 0 0 initstate 484
Success: False
# episodes completed so far: 406
# successes: 302 (74.4%)
Current task success rate: 0.0
Current total success rate: 0.7438423645320197

Task: pick up the bbq sauce and place it in the basket view 0 0 100 0 0 initstate 494
Success: False
# episodes completed so far: 407
# successes: 302 (74.2%)
Current task success rate: 0.0
Current total success rate: 0.742014742014742

Task: pick up the ketchup and place it in the basket view 0 0 100 0 0 initstate 45
Success: False
# episodes completed so far: 408
# successes: 302 (74.0%)
Current task success rate: 0.0
Current total success rate: 0.7401960784313726

Task: pick up the ketchup and place it in the basket view 0 0 100 0 0 initstate 65
Success: False
# episodes completed so far: 409
# successes: 302 (73.8%)
Current task success rate: 0.0
Current total success rate: 0.7383863080684596

Task: pick up the ketchup and place it in the basket view 0 0 100 0 0 initstate 95
Success: False
# episodes completed so far: 410
# successes: 302 (73.7%)
Current task success rate: 0.0
Current total success rate: 0.7365853658536585

Task: pick up the ketchup and place it in the basket view 0 0 100 0 0 initstate 115
Success: False
# episodes completed so far: 411
# successes: 302 (73.5%)
Current task success rate: 0.0
Current total success rate: 0.7347931873479319

Task: pick up the ketchup and place it in the basket view 0 0 100 0 0 initstate 135
Success: True
# episodes completed so far: 412
# successes: 303 (73.5%)
Current task success rate: 1.0
Current total success rate: 0.7354368932038835

Task: pick up the ketchup and place it in the basket view 0 0 100 0 0 initstate 145
Success: True
# episodes completed so far: 413
# successes: 304 (73.6%)
Current task success rate: 1.0
Current total success rate: 0.7360774818401937

Task: pick up the ketchup and place it in the basket view 0 0 100 0 0 initstate 155
Success: False
# episodes completed so far: 414
# successes: 304 (73.4%)
Current task success rate: 0.0
Current total success rate: 0.7342995169082126

Task: pick up the ketchup and place it in the basket view 0 0 100 0 0 initstate 175
Success: False
# episodes completed so far: 415
# successes: 304 (73.3%)
Current task success rate: 0.0
Current total success rate: 0.7325301204819277

Task: pick up the ketchup and place it in the basket view 0 0 100 0 0 initstate 185
Success: False
# episodes completed so far: 416
# successes: 304 (73.1%)
Current task success rate: 0.0
Current total success rate: 0.7307692307692307

Task: pick up the ketchup and place it in the basket view 0 0 100 0 0 initstate 205
Success: False
# episodes completed so far: 417
# successes: 304 (72.9%)
Current task success rate: 0.0
Current total success rate: 0.7290167865707434

Task: pick up the ketchup and place it in the basket view 0 0 100 0 0 initstate 225
Success: False
# episodes completed so far: 418
# successes: 304 (72.7%)
Current task success rate: 0.0
Current total success rate: 0.7272727272727273

Task: pick up the ketchup and place it in the basket view 0 0 100 0 0 initstate 235
Success: False
# episodes completed so far: 419
# successes: 304 (72.6%)
Current task success rate: 0.0
Current total success rate: 0.7255369928400954

Task: pick up the ketchup and place it in the basket view 0 0 100 0 0 initstate 245
Success: False
# episodes completed so far: 420
# successes: 304 (72.4%)
Current task success rate: 0.0
Current total success rate: 0.7238095238095238

Task: pick up the ketchup and place it in the basket view 0 0 100 0 0 initstate 255
Success: True
# episodes completed so far: 421
# successes: 305 (72.4%)
Current task success rate: 1.0
Current total success rate: 0.7244655581947743

Task: pick up the ketchup and place it in the basket view 0 0 100 0 0 initstate 265
Success: False
# episodes completed so far: 422
# successes: 305 (72.3%)
Current task success rate: 0.0
Current total success rate: 0.7227488151658767

Task: pick up the ketchup and place it in the basket view 0 0 100 0 0 initstate 275
Success: True
# episodes completed so far: 423
# successes: 306 (72.3%)
Current task success rate: 1.0
Current total success rate: 0.723404255319149

Task: pick up the ketchup and place it in the basket view 0 0 100 0 0 initstate 285
Success: False
# episodes completed so far: 424
# successes: 306 (72.2%)
Current task success rate: 0.0
Current total success rate: 0.7216981132075472

Task: pick up the ketchup and place it in the basket view 0 0 100 0 0 initstate 295
Success: False
# episodes completed so far: 425
# successes: 306 (72.0%)
Current task success rate: 0.0
Current total success rate: 0.72

Task: pick up the ketchup and place it in the basket view 0 0 100 0 0 initstate 305
Success: False
# episodes completed so far: 426
# successes: 306 (71.8%)
Current task success rate: 0.0
Current total success rate: 0.7183098591549296

Task: pick up the ketchup and place it in the basket view 0 0 100 0 0 initstate 315
Success: False
# episodes completed so far: 427
# successes: 306 (71.7%)
Current task success rate: 0.0
Current total success rate: 0.7166276346604216

Task: pick up the ketchup and place it in the basket view 0 0 100 0 0 initstate 325
Success: False
# episodes completed so far: 428
# successes: 306 (71.5%)
Current task success rate: 0.0
Current total success rate: 0.7149532710280374

Task: pick up the ketchup and place it in the basket view 0 0 100 0 0 initstate 335
Success: False
# episodes completed so far: 429
# successes: 306 (71.3%)
Current task success rate: 0.0
Current total success rate: 0.7132867132867133

Task: pick up the ketchup and place it in the basket view 0 0 100 0 0 initstate 345
Success: False
# episodes completed so far: 430
# successes: 306 (71.2%)
Current task success rate: 0.0
Current total success rate: 0.7116279069767442

Task: pick up the ketchup and place it in the basket view 0 0 100 0 0 initstate 355
Success: True
# episodes completed so far: 431
# successes: 307 (71.2%)
Current task success rate: 1.0
Current total success rate: 0.7122969837587007

Task: pick up the ketchup and place it in the basket view 0 0 100 0 0 initstate 365
Success: False
# episodes completed so far: 432
# successes: 307 (71.1%)
Current task success rate: 0.0
Current total success rate: 0.7106481481481481

Task: pick up the ketchup and place it in the basket view 0 0 100 0 0 initstate 375
Success: False
# episodes completed so far: 433
# successes: 307 (70.9%)
Current task success rate: 0.0
Current total success rate: 0.7090069284064665

Task: pick up the ketchup and place it in the basket view 0 0 100 0 0 initstate 385
Success: False
# episodes completed so far: 434
# successes: 307 (70.7%)
Current task success rate: 0.0
Current total success rate: 0.7073732718894009

Task: pick up the ketchup and place it in the basket view 0 0 100 0 0 initstate 395
Success: False
# episodes completed so far: 435
# successes: 307 (70.6%)
Current task success rate: 0.0
Current total success rate: 0.7057471264367816

Task: pick up the ketchup and place it in the basket view 0 0 100 0 0 initstate 405
Success: False
# episodes completed so far: 436
# successes: 307 (70.4%)
Current task success rate: 0.0
Current total success rate: 0.7041284403669725

Task: pick up the ketchup and place it in the basket view 0 0 100 0 0 initstate 415
Success: False
# episodes completed so far: 437
# successes: 307 (70.3%)
Current task success rate: 0.0
Current total success rate: 0.7025171624713958

Task: pick up the ketchup and place it in the basket view 0 0 100 0 0 initstate 425
Success: True
# episodes completed so far: 438
# successes: 308 (70.3%)
Current task success rate: 1.0
Current total success rate: 0.7031963470319634

Task: pick up the ketchup and place it in the basket view 0 0 100 0 0 initstate 435
Success: True
# episodes completed so far: 439
# successes: 309 (70.4%)
Current task success rate: 1.0
Current total success rate: 0.7038724373576309

Task: pick up the ketchup and place it in the basket view 0 0 100 0 0 initstate 445
Success: True
# episodes completed so far: 440
# successes: 310 (70.5%)
Current task success rate: 1.0
Current total success rate: 0.7045454545454546

Task: pick up the ketchup and place it in the basket view 0 0 100 0 0 initstate 455
Success: True
# episodes completed so far: 441
# successes: 311 (70.5%)
Current task success rate: 1.0
Current total success rate: 0.7052154195011338

Task: pick up the ketchup and place it in the basket view 0 0 100 0 0 initstate 465
Success: False
# episodes completed so far: 442
# successes: 311 (70.4%)
Current task success rate: 0.0
Current total success rate: 0.7036199095022625

Task: pick up the ketchup and place it in the basket view 0 0 100 0 0 initstate 475
Success: False
# episodes completed so far: 443
# successes: 311 (70.2%)
Current task success rate: 0.0
Current total success rate: 0.7020316027088036

Task: pick up the ketchup and place it in the basket view 0 0 100 0 0 initstate 485
Success: False
# episodes completed so far: 444
# successes: 311 (70.0%)
Current task success rate: 0.0
Current total success rate: 0.7004504504504504

Task: pick up the ketchup and place it in the basket view 0 0 100 0 0 initstate 495
Success: False
# episodes completed so far: 445
# successes: 311 (69.9%)
Current task success rate: 0.0
Current total success rate: 0.698876404494382

Task: pick up the tomato sauce and place it in the basket view 0 0 100 0 0 initstate 6
Success: True
# episodes completed so far: 446
# successes: 312 (70.0%)
Current task success rate: 1.0
Current total success rate: 0.6995515695067265

Task: pick up the tomato sauce and place it in the basket view 0 0 100 0 0 initstate 16
Success: False
# episodes completed so far: 447
# successes: 312 (69.8%)
Current task success rate: 0.0
Current total success rate: 0.697986577181208

Task: pick up the tomato sauce and place it in the basket view 0 0 100 0 0 initstate 106
Success: True
# episodes completed so far: 448
# successes: 313 (69.9%)
Current task success rate: 1.0
Current total success rate: 0.6986607142857143

Task: pick up the tomato sauce and place it in the basket view 0 0 100 0 0 initstate 126
Success: True
# episodes completed so far: 449
# successes: 314 (69.9%)
Current task success rate: 1.0
Current total success rate: 0.6993318485523385

Task: pick up the tomato sauce and place it in the basket view 0 0 100 0 0 initstate 136
Success: True
# episodes completed so far: 450
# successes: 315 (70.0%)
Current task success rate: 1.0
Current total success rate: 0.7

Task: pick up the tomato sauce and place it in the basket view 0 0 100 0 0 initstate 146
Success: True
# episodes completed so far: 451
# successes: 316 (70.1%)
Current task success rate: 1.0
Current total success rate: 0.7006651884700665

Task: pick up the tomato sauce and place it in the basket view 0 0 100 0 0 initstate 156
Success: False
# episodes completed so far: 452
# successes: 316 (69.9%)
Current task success rate: 0.0
Current total success rate: 0.6991150442477876

Task: pick up the tomato sauce and place it in the basket view 0 0 100 0 0 initstate 176
Success: True
# episodes completed so far: 453
# successes: 317 (70.0%)
Current task success rate: 1.0
Current total success rate: 0.6997792494481236

Task: pick up the tomato sauce and place it in the basket view 0 0 100 0 0 initstate 186
Success: False
# episodes completed so far: 454
# successes: 317 (69.8%)
Current task success rate: 0.0
Current total success rate: 0.698237885462555

Task: pick up the tomato sauce and place it in the basket view 0 0 100 0 0 initstate 196
Success: False
# episodes completed so far: 455
# successes: 317 (69.7%)
Current task success rate: 0.0
Current total success rate: 0.6967032967032967

Task: pick up the tomato sauce and place it in the basket view 0 0 100 0 0 initstate 206
Success: True
# episodes completed so far: 456
# successes: 318 (69.7%)
Current task success rate: 1.0
Current total success rate: 0.6973684210526315

Task: pick up the tomato sauce and place it in the basket view 0 0 100 0 0 initstate 216
Success: False
# episodes completed so far: 457
# successes: 318 (69.6%)
Current task success rate: 0.0
Current total success rate: 0.6958424507658644

Task: pick up the tomato sauce and place it in the basket view 0 0 100 0 0 initstate 226
Success: True
# episodes completed so far: 458
# successes: 319 (69.7%)
Current task success rate: 1.0
Current total success rate: 0.6965065502183406

Task: pick up the tomato sauce and place it in the basket view 0 0 100 0 0 initstate 236
Success: False
# episodes completed so far: 459
# successes: 319 (69.5%)
Current task success rate: 0.0
Current total success rate: 0.6949891067538126

Task: pick up the tomato sauce and place it in the basket view 0 0 100 0 0 initstate 246
Success: True
# episodes completed so far: 460
# successes: 320 (69.6%)
Current task success rate: 1.0
Current total success rate: 0.6956521739130435

Task: pick up the tomato sauce and place it in the basket view 0 0 100 0 0 initstate 256
Success: False
# episodes completed so far: 461
# successes: 320 (69.4%)
Current task success rate: 0.0
Current total success rate: 0.6941431670281996

Task: pick up the tomato sauce and place it in the basket view 0 0 100 0 0 initstate 266
Success: False
# episodes completed so far: 462
# successes: 320 (69.3%)
Current task success rate: 0.0
Current total success rate: 0.6926406926406926

Task: pick up the tomato sauce and place it in the basket view 0 0 100 0 0 initstate 276
Success: True
# episodes completed so far: 463
# successes: 321 (69.3%)
Current task success rate: 1.0
Current total success rate: 0.693304535637149

Task: pick up the tomato sauce and place it in the basket view 0 0 100 0 0 initstate 286
Success: False
# episodes completed so far: 464
# successes: 321 (69.2%)
Current task success rate: 0.0
Current total success rate: 0.6918103448275862

Task: pick up the tomato sauce and place it in the basket view 0 0 100 0 0 initstate 296
Success: True
# episodes completed so far: 465
# successes: 322 (69.2%)
Current task success rate: 1.0
Current total success rate: 0.6924731182795699

Task: pick up the tomato sauce and place it in the basket view 0 0 100 0 0 initstate 306
Success: False
# episodes completed so far: 466
# successes: 322 (69.1%)
Current task success rate: 0.0
Current total success rate: 0.6909871244635193

Task: pick up the tomato sauce and place it in the basket view 0 0 100 0 0 initstate 316
Success: False
# episodes completed so far: 467
# successes: 322 (69.0%)
Current task success rate: 0.0
Current total success rate: 0.6895074946466809

Task: pick up the tomato sauce and place it in the basket view 0 0 100 0 0 initstate 326
Success: False
# episodes completed so far: 468
# successes: 322 (68.8%)
Current task success rate: 0.0
Current total success rate: 0.688034188034188

Task: pick up the tomato sauce and place it in the basket view 0 0 100 0 0 initstate 346
Success: True
# episodes completed so far: 469
# successes: 323 (68.9%)
Current task success rate: 1.0
Current total success rate: 0.6886993603411514

Task: pick up the tomato sauce and place it in the basket view 0 0 100 0 0 initstate 356
Success: True
# episodes completed so far: 470
# successes: 324 (68.9%)
Current task success rate: 1.0
Current total success rate: 0.6893617021276596

Task: pick up the tomato sauce and place it in the basket view 0 0 100 0 0 initstate 366
Success: True
# episodes completed so far: 471
# successes: 325 (69.0%)
Current task success rate: 1.0
Current total success rate: 0.6900212314225053

Task: pick up the tomato sauce and place it in the basket view 0 0 100 0 0 initstate 376
Success: False
# episodes completed so far: 472
# successes: 325 (68.9%)
Current task success rate: 0.0
Current total success rate: 0.6885593220338984

Task: pick up the tomato sauce and place it in the basket view 0 0 100 0 0 initstate 386
Success: True
# episodes completed so far: 473
# successes: 326 (68.9%)
Current task success rate: 1.0
Current total success rate: 0.6892177589852009

Task: pick up the tomato sauce and place it in the basket view 0 0 100 0 0 initstate 396
Success: False
# episodes completed so far: 474
# successes: 326 (68.8%)
Current task success rate: 0.0
Current total success rate: 0.6877637130801688

Task: pick up the tomato sauce and place it in the basket view 0 0 100 0 0 initstate 406
Success: True
# episodes completed so far: 475
# successes: 327 (68.8%)
Current task success rate: 1.0
Current total success rate: 0.6884210526315789

Task: pick up the tomato sauce and place it in the basket view 0 0 100 0 0 initstate 416
Success: False
# episodes completed so far: 476
# successes: 327 (68.7%)
Current task success rate: 0.0
Current total success rate: 0.6869747899159664

Task: pick up the tomato sauce and place it in the basket view 0 0 100 0 0 initstate 426
Success: False
# episodes completed so far: 477
# successes: 327 (68.6%)
Current task success rate: 0.0
Current total success rate: 0.6855345911949685

Task: pick up the tomato sauce and place it in the basket view 0 0 100 0 0 initstate 436
Success: False
# episodes completed so far: 478
# successes: 327 (68.4%)
Current task success rate: 0.0
Current total success rate: 0.6841004184100419

Task: pick up the tomato sauce and place it in the basket view 0 0 100 0 0 initstate 446
Success: False
# episodes completed so far: 479
# successes: 327 (68.3%)
Current task success rate: 0.0
Current total success rate: 0.6826722338204593

Task: pick up the tomato sauce and place it in the basket view 0 0 100 0 0 initstate 456
Success: False
# episodes completed so far: 480
# successes: 327 (68.1%)
Current task success rate: 0.0
Current total success rate: 0.68125

Task: pick up the tomato sauce and place it in the basket view 0 0 100 0 0 initstate 466
Success: False
# episodes completed so far: 481
# successes: 327 (68.0%)
Current task success rate: 0.0
Current total success rate: 0.6798336798336798

Task: pick up the tomato sauce and place it in the basket view 0 0 100 0 0 initstate 476
Success: False
# episodes completed so far: 482
# successes: 327 (67.8%)
Current task success rate: 0.0
Current total success rate: 0.6784232365145229

Task: pick up the tomato sauce and place it in the basket view 0 0 100 0 0 initstate 496
Success: False
# episodes completed so far: 483
# successes: 327 (67.7%)
Current task success rate: 0.0
Current total success rate: 0.6770186335403726

Task: pick up the butter and place it in the basket view 0 0 100 0 0 initstate 17
Success: False
# episodes completed so far: 484
# successes: 327 (67.6%)
Current task success rate: 0.0
Current total success rate: 0.6756198347107438

Task: pick up the butter and place it in the basket view 0 0 100 0 0 initstate 47
Success: True
# episodes completed so far: 485
# successes: 328 (67.6%)
Current task success rate: 1.0
Current total success rate: 0.6762886597938145

Task: pick up the butter and place it in the basket view 0 0 100 0 0 initstate 67
Success: True
# episodes completed so far: 486
# successes: 329 (67.7%)
Current task success rate: 1.0
Current total success rate: 0.676954732510288

Task: pick up the butter and place it in the basket view 0 0 100 0 0 initstate 77
Success: True
# episodes completed so far: 487
# successes: 330 (67.8%)
Current task success rate: 1.0
Current total success rate: 0.6776180698151951

Task: pick up the butter and place it in the basket view 0 0 100 0 0 initstate 107
Success: False
# episodes completed so far: 488
# successes: 330 (67.6%)
Current task success rate: 0.0
Current total success rate: 0.6762295081967213

Task: pick up the butter and place it in the basket view 0 0 100 0 0 initstate 117
Success: False
# episodes completed so far: 489
# successes: 330 (67.5%)
Current task success rate: 0.0
Current total success rate: 0.6748466257668712

Task: pick up the butter and place it in the basket view 0 0 100 0 0 initstate 127
Success: True
# episodes completed so far: 490
# successes: 331 (67.6%)
Current task success rate: 1.0
Current total success rate: 0.6755102040816326

Task: pick up the butter and place it in the basket view 0 0 100 0 0 initstate 137
Success: True
# episodes completed so far: 491
# successes: 332 (67.6%)
Current task success rate: 1.0
Current total success rate: 0.6761710794297352

Task: pick up the butter and place it in the basket view 0 0 100 0 0 initstate 147
Success: False
# episodes completed so far: 492
# successes: 332 (67.5%)
Current task success rate: 0.0
Current total success rate: 0.6747967479674797

Task: pick up the butter and place it in the basket view 0 0 100 0 0 initstate 157
Success: False
# episodes completed so far: 493
# successes: 332 (67.3%)
Current task success rate: 0.0
Current total success rate: 0.6734279918864098

Task: pick up the butter and place it in the basket view 0 0 100 0 0 initstate 167
Success: False
# episodes completed so far: 494
# successes: 332 (67.2%)
Current task success rate: 0.0
Current total success rate: 0.6720647773279352

Task: pick up the butter and place it in the basket view 0 0 100 0 0 initstate 177
Success: True
# episodes completed so far: 495
# successes: 333 (67.3%)
Current task success rate: 1.0
Current total success rate: 0.6727272727272727

Task: pick up the butter and place it in the basket view 0 0 100 0 0 initstate 197
Success: True
# episodes completed so far: 496
# successes: 334 (67.3%)
Current task success rate: 1.0
Current total success rate: 0.6733870967741935

Task: pick up the butter and place it in the basket view 0 0 100 0 0 initstate 207
Success: True
# episodes completed so far: 497
# successes: 335 (67.4%)
Current task success rate: 1.0
Current total success rate: 0.6740442655935613

Task: pick up the butter and place it in the basket view 0 0 100 0 0 initstate 217
Success: False
# episodes completed so far: 498
# successes: 335 (67.3%)
Current task success rate: 0.0
Current total success rate: 0.6726907630522089

Task: pick up the butter and place it in the basket view 0 0 100 0 0 initstate 237
Success: False
# episodes completed so far: 499
# successes: 335 (67.1%)
Current task success rate: 0.0
Current total success rate: 0.6713426853707415

Task: pick up the butter and place it in the basket view 0 0 100 0 0 initstate 247
Success: False
# episodes completed so far: 500
# successes: 335 (67.0%)
Current task success rate: 0.0
Current total success rate: 0.67

Task: pick up the butter and place it in the basket view 0 0 100 0 0 initstate 257
Success: False
# episodes completed so far: 501
# successes: 335 (66.9%)
Current task success rate: 0.0
Current total success rate: 0.6686626746506986

Task: pick up the butter and place it in the basket view 0 0 100 0 0 initstate 267
Success: True
# episodes completed so far: 502
# successes: 336 (66.9%)
Current task success rate: 1.0
Current total success rate: 0.6693227091633466

Task: pick up the butter and place it in the basket view 0 0 100 0 0 initstate 277
Success: True
# episodes completed so far: 503
# successes: 337 (67.0%)
Current task success rate: 1.0
Current total success rate: 0.6699801192842942

Task: pick up the butter and place it in the basket view 0 0 100 0 0 initstate 287
Success: True
# episodes completed so far: 504
# successes: 338 (67.1%)
Current task success rate: 1.0
Current total success rate: 0.6706349206349206

Task: pick up the butter and place it in the basket view 0 0 100 0 0 initstate 297
Success: True
# episodes completed so far: 505
# successes: 339 (67.1%)
Current task success rate: 1.0
Current total success rate: 0.6712871287128713

Task: pick up the butter and place it in the basket view 0 0 100 0 0 initstate 307
Success: True
# episodes completed so far: 506
# successes: 340 (67.2%)
Current task success rate: 1.0
Current total success rate: 0.6719367588932806

Task: pick up the butter and place it in the basket view 0 0 100 0 0 initstate 317
Success: True
# episodes completed so far: 507
# successes: 341 (67.3%)
Current task success rate: 1.0
Current total success rate: 0.6725838264299803

Task: pick up the butter and place it in the basket view 0 0 100 0 0 initstate 327
Success: False
# episodes completed so far: 508
# successes: 341 (67.1%)
Current task success rate: 0.0
Current total success rate: 0.6712598425196851

Task: pick up the butter and place it in the basket view 0 0 100 0 0 initstate 337
Success: False
# episodes completed so far: 509
# successes: 341 (67.0%)
Current task success rate: 0.0
Current total success rate: 0.6699410609037328

Task: pick up the butter and place it in the basket view 0 0 100 0 0 initstate 347
Success: True
# episodes completed so far: 510
# successes: 342 (67.1%)
Current task success rate: 1.0
Current total success rate: 0.6705882352941176

Task: pick up the butter and place it in the basket view 0 0 100 0 0 initstate 357
Success: True
# episodes completed so far: 511
# successes: 343 (67.1%)
Current task success rate: 1.0
Current total success rate: 0.6712328767123288

Task: pick up the butter and place it in the basket view 0 0 100 0 0 initstate 367
Success: True
# episodes completed so far: 512
# successes: 344 (67.2%)
Current task success rate: 1.0
Current total success rate: 0.671875

Task: pick up the butter and place it in the basket view 0 0 100 0 0 initstate 377
Success: False
# episodes completed so far: 513
# successes: 344 (67.1%)
Current task success rate: 0.0
Current total success rate: 0.6705653021442495

Task: pick up the butter and place it in the basket view 0 0 100 0 0 initstate 387
Success: True
# episodes completed so far: 514
# successes: 345 (67.1%)
Current task success rate: 1.0
Current total success rate: 0.6712062256809338

Task: pick up the butter and place it in the basket view 0 0 100 0 0 initstate 397
Success: False
# episodes completed so far: 515
# successes: 345 (67.0%)
Current task success rate: 0.0
Current total success rate: 0.6699029126213593

Task: pick up the butter and place it in the basket view 0 0 100 0 0 initstate 407
Success: False
# episodes completed so far: 516
# successes: 345 (66.9%)
Current task success rate: 0.0
Current total success rate: 0.6686046511627907

Task: pick up the butter and place it in the basket view 0 0 100 0 0 initstate 417
Success: False
# episodes completed so far: 517
# successes: 345 (66.7%)
Current task success rate: 0.0
Current total success rate: 0.6673114119922631

Task: pick up the butter and place it in the basket view 0 0 100 0 0 initstate 427
Success: False
# episodes completed so far: 518
# successes: 345 (66.6%)
Current task success rate: 0.0
Current total success rate: 0.666023166023166

Task: pick up the butter and place it in the basket view 0 0 100 0 0 initstate 437
Success: False
# episodes completed so far: 519
# successes: 345 (66.5%)
Current task success rate: 0.0
Current total success rate: 0.6647398843930635

Task: pick up the butter and place it in the basket view 0 0 100 0 0 initstate 447
Success: False
# episodes completed so far: 520
# successes: 345 (66.3%)
Current task success rate: 0.0
Current total success rate: 0.6634615384615384

Task: pick up the butter and place it in the basket view 0 0 100 0 0 initstate 457
Success: False
# episodes completed so far: 521
# successes: 345 (66.2%)
Current task success rate: 0.0
Current total success rate: 0.6621880998080614

Task: pick up the butter and place it in the basket view 0 0 100 0 0 initstate 467
Success: True
# episodes completed so far: 522
# successes: 346 (66.3%)
Current task success rate: 1.0
Current total success rate: 0.6628352490421456

Task: pick up the butter and place it in the basket view 0 0 100 0 0 initstate 477
Success: False
# episodes completed so far: 523
# successes: 346 (66.2%)
Current task success rate: 0.0
Current total success rate: 0.6615678776290631

Task: pick up the butter and place it in the basket view 0 0 100 0 0 initstate 487
Success: False
# episodes completed so far: 524
# successes: 346 (66.0%)
Current task success rate: 0.0
Current total success rate: 0.6603053435114504

Task: pick up the butter and place it in the basket view 0 0 100 0 0 initstate 497
Success: False
# episodes completed so far: 525
# successes: 346 (65.9%)
Current task success rate: 0.0
Current total success rate: 0.659047619047619

Task: pick up the milk and place it in the basket view 0 0 100 0 0 initstate 78
Success: False
# episodes completed so far: 526
# successes: 346 (65.8%)
Current task success rate: 0.0
Current total success rate: 0.6577946768060836

Task: pick up the milk and place it in the basket view 0 0 100 0 0 initstate 88
Success: False
# episodes completed so far: 527
# successes: 346 (65.7%)
Current task success rate: 0.0
Current total success rate: 0.6565464895635673

Task: pick up the milk and place it in the basket view 0 0 100 0 0 initstate 108
Success: True
# episodes completed so far: 528
# successes: 347 (65.7%)
Current task success rate: 1.0
Current total success rate: 0.6571969696969697

Task: pick up the milk and place it in the basket view 0 0 100 0 0 initstate 118
Success: False
# episodes completed so far: 529
# successes: 347 (65.6%)
Current task success rate: 0.0
Current total success rate: 0.6559546313799622

Task: pick up the milk and place it in the basket view 0 0 100 0 0 initstate 128
Success: False
# episodes completed so far: 530
# successes: 347 (65.5%)
Current task success rate: 0.0
Current total success rate: 0.6547169811320754

Task: pick up the milk and place it in the basket view 0 0 100 0 0 initstate 148
Success: False
# episodes completed so far: 531
# successes: 347 (65.3%)
Current task success rate: 0.0
Current total success rate: 0.6534839924670434

Task: pick up the milk and place it in the basket view 0 0 100 0 0 initstate 158
Success: True
# episodes completed so far: 532
# successes: 348 (65.4%)
Current task success rate: 1.0
Current total success rate: 0.6541353383458647

Task: pick up the milk and place it in the basket view 0 0 100 0 0 initstate 168
Success: False
# episodes completed so far: 533
# successes: 348 (65.3%)
Current task success rate: 0.0
Current total success rate: 0.6529080675422139

Task: pick up the milk and place it in the basket view 0 0 100 0 0 initstate 178
Success: True
# episodes completed so far: 534
# successes: 349 (65.4%)
Current task success rate: 1.0
Current total success rate: 0.653558052434457

Task: pick up the milk and place it in the basket view 0 0 100 0 0 initstate 188
Success: False
# episodes completed so far: 535
# successes: 349 (65.2%)
Current task success rate: 0.0
Current total success rate: 0.6523364485981309

Task: pick up the milk and place it in the basket view 0 0 100 0 0 initstate 198
Success: False
# episodes completed so far: 536
# successes: 349 (65.1%)
Current task success rate: 0.0
Current total success rate: 0.6511194029850746

Task: pick up the milk and place it in the basket view 0 0 100 0 0 initstate 208
Success: True
# episodes completed so far: 537
# successes: 350 (65.2%)
Current task success rate: 1.0
Current total success rate: 0.6517690875232774

Task: pick up the milk and place it in the basket view 0 0 100 0 0 initstate 228
Success: True
# episodes completed so far: 538
# successes: 351 (65.2%)
Current task success rate: 1.0
Current total success rate: 0.6524163568773235

Task: pick up the milk and place it in the basket view 0 0 100 0 0 initstate 238
Success: False
# episodes completed so far: 539
# successes: 351 (65.1%)
Current task success rate: 0.0
Current total success rate: 0.6512059369202227

Task: pick up the milk and place it in the basket view 0 0 100 0 0 initstate 248
Success: False
# episodes completed so far: 540
# successes: 351 (65.0%)
Current task success rate: 0.0
Current total success rate: 0.65

Task: pick up the milk and place it in the basket view 0 0 100 0 0 initstate 258
Success: False
# episodes completed so far: 541
# successes: 351 (64.9%)
Current task success rate: 0.0
Current total success rate: 0.6487985212569316

Task: pick up the milk and place it in the basket view 0 0 100 0 0 initstate 268
Success: False
# episodes completed so far: 542
# successes: 351 (64.8%)
Current task success rate: 0.0
Current total success rate: 0.6476014760147601

Task: pick up the milk and place it in the basket view 0 0 100 0 0 initstate 278
Success: False
# episodes completed so far: 543
# successes: 351 (64.6%)
Current task success rate: 0.0
Current total success rate: 0.6464088397790055

Task: pick up the milk and place it in the basket view 0 0 100 0 0 initstate 288
Success: False
# episodes completed so far: 544
# successes: 351 (64.5%)
Current task success rate: 0.0
Current total success rate: 0.6452205882352942

Task: pick up the milk and place it in the basket view 0 0 100 0 0 initstate 298
Success: False
# episodes completed so far: 545
# successes: 351 (64.4%)
Current task success rate: 0.0
Current total success rate: 0.6440366972477064

Task: pick up the milk and place it in the basket view 0 0 100 0 0 initstate 308
Success: False
# episodes completed so far: 546
# successes: 351 (64.3%)
Current task success rate: 0.0
Current total success rate: 0.6428571428571429

Task: pick up the milk and place it in the basket view 0 0 100 0 0 initstate 318
Success: True
# episodes completed so far: 547
# successes: 352 (64.4%)
Current task success rate: 1.0
Current total success rate: 0.643510054844607

Task: pick up the milk and place it in the basket view 0 0 100 0 0 initstate 328
Success: False
# episodes completed so far: 548
# successes: 352 (64.2%)
Current task success rate: 0.0
Current total success rate: 0.6423357664233577

Task: pick up the milk and place it in the basket view 0 0 100 0 0 initstate 338
Success: False
# episodes completed so far: 549
# successes: 352 (64.1%)
Current task success rate: 0.0
Current total success rate: 0.6411657559198543

Task: pick up the milk and place it in the basket view 0 0 100 0 0 initstate 348
Success: False
# episodes completed so far: 550
# successes: 352 (64.0%)
Current task success rate: 0.0
Current total success rate: 0.64

Task: pick up the milk and place it in the basket view 0 0 100 0 0 initstate 358
Success: False
# episodes completed so far: 551
# successes: 352 (63.9%)
Current task success rate: 0.0
Current total success rate: 0.6388384754990926

Task: pick up the milk and place it in the basket view 0 0 100 0 0 initstate 368
Success: False
# episodes completed so far: 552
# successes: 352 (63.8%)
Current task success rate: 0.0
Current total success rate: 0.6376811594202898

Task: pick up the milk and place it in the basket view 0 0 100 0 0 initstate 378
Success: False
# episodes completed so far: 553
# successes: 352 (63.7%)
Current task success rate: 0.0
Current total success rate: 0.6365280289330922

Task: pick up the milk and place it in the basket view 0 0 100 0 0 initstate 388
Success: False
# episodes completed so far: 554
# successes: 352 (63.5%)
Current task success rate: 0.0
Current total success rate: 0.6353790613718412

Task: pick up the milk and place it in the basket view 0 0 100 0 0 initstate 398
Success: False
# episodes completed so far: 555
# successes: 352 (63.4%)
Current task success rate: 0.0
Current total success rate: 0.6342342342342342

Task: pick up the milk and place it in the basket view 0 0 100 0 0 initstate 408
Success: False
# episodes completed so far: 556
# successes: 352 (63.3%)
Current task success rate: 0.0
Current total success rate: 0.6330935251798561

Task: pick up the milk and place it in the basket view 0 0 100 0 0 initstate 418
Success: False
# episodes completed so far: 557
# successes: 352 (63.2%)
Current task success rate: 0.0
Current total success rate: 0.6319569120287253

Task: pick up the milk and place it in the basket view 0 0 100 0 0 initstate 428
Success: False
# episodes completed so far: 558
# successes: 352 (63.1%)
Current task success rate: 0.0
Current total success rate: 0.6308243727598566

Task: pick up the milk and place it in the basket view 0 0 100 0 0 initstate 438
Success: False
# episodes completed so far: 559
# successes: 352 (63.0%)
Current task success rate: 0.0
Current total success rate: 0.629695885509839

Task: pick up the milk and place it in the basket view 0 0 100 0 0 initstate 448
Success: False
# episodes completed so far: 560
# successes: 352 (62.9%)
Current task success rate: 0.0
Current total success rate: 0.6285714285714286

Task: pick up the milk and place it in the basket view 0 0 100 0 0 initstate 458
Success: False
# episodes completed so far: 561
# successes: 352 (62.7%)
Current task success rate: 0.0
Current total success rate: 0.6274509803921569

Task: pick up the milk and place it in the basket view 0 0 100 0 0 initstate 468
Success: False
# episodes completed so far: 562
# successes: 352 (62.6%)
Current task success rate: 0.0
Current total success rate: 0.6263345195729537

Task: pick up the milk and place it in the basket view 0 0 100 0 0 initstate 478
Success: False
# episodes completed so far: 563
# successes: 352 (62.5%)
Current task success rate: 0.0
Current total success rate: 0.6252220248667851

Task: pick up the milk and place it in the basket view 0 0 100 0 0 initstate 488
Success: False
# episodes completed so far: 564
# successes: 352 (62.4%)
Current task success rate: 0.0
Current total success rate: 0.624113475177305

Task: pick up the milk and place it in the basket view 0 0 100 0 0 initstate 498
Success: False
# episodes completed so far: 565
# successes: 352 (62.3%)
Current task success rate: 0.0
Current total success rate: 0.6230088495575221

Task: pick up the chocolate pudding and place it in the basket view 0 0 100 0 0 initstate 99
Success: True
# episodes completed so far: 566
# successes: 353 (62.4%)
Current task success rate: 1.0
Current total success rate: 0.6236749116607774

Task: pick up the chocolate pudding and place it in the basket view 0 0 100 0 0 initstate 129
Success: False
# episodes completed so far: 567
# successes: 353 (62.3%)
Current task success rate: 0.0
Current total success rate: 0.6225749559082893

Task: pick up the chocolate pudding and place it in the basket view 0 0 100 0 0 initstate 139
Success: False
# episodes completed so far: 568
# successes: 353 (62.1%)
Current task success rate: 0.0
Current total success rate: 0.6214788732394366

Task: pick up the chocolate pudding and place it in the basket view 0 0 100 0 0 initstate 149
Success: True
# episodes completed so far: 569
# successes: 354 (62.2%)
Current task success rate: 1.0
Current total success rate: 0.6221441124780316

Task: pick up the chocolate pudding and place it in the basket view 0 0 100 0 0 initstate 159
Success: True
# episodes completed so far: 570
# successes: 355 (62.3%)
Current task success rate: 1.0
Current total success rate: 0.6228070175438597

Task: pick up the chocolate pudding and place it in the basket view 0 0 100 0 0 initstate 209
Success: False
# episodes completed so far: 571
# successes: 355 (62.2%)
Current task success rate: 0.0
Current total success rate: 0.6217162872154116

Task: pick up the chocolate pudding and place it in the basket view 0 0 100 0 0 initstate 219
Success: False
# episodes completed so far: 572
# successes: 355 (62.1%)
Current task success rate: 0.0
Current total success rate: 0.6206293706293706

Task: pick up the chocolate pudding and place it in the basket view 0 0 100 0 0 initstate 229
Success: False
# episodes completed so far: 573
# successes: 355 (62.0%)
Current task success rate: 0.0
Current total success rate: 0.6195462478184991

Task: pick up the chocolate pudding and place it in the basket view 0 0 100 0 0 initstate 239
Success: True
# episodes completed so far: 574
# successes: 356 (62.0%)
Current task success rate: 1.0
Current total success rate: 0.6202090592334495

Task: pick up the chocolate pudding and place it in the basket view 0 0 100 0 0 initstate 249
Success: False
# episodes completed so far: 575
# successes: 356 (61.9%)
Current task success rate: 0.0
Current total success rate: 0.6191304347826087

Task: pick up the chocolate pudding and place it in the basket view 0 0 100 0 0 initstate 269
Success: True
# episodes completed so far: 576
# successes: 357 (62.0%)
Current task success rate: 1.0
Current total success rate: 0.6197916666666666

Task: pick up the chocolate pudding and place it in the basket view 0 0 100 0 0 initstate 279
Success: True
# episodes completed so far: 577
# successes: 358 (62.0%)
Current task success rate: 1.0
Current total success rate: 0.6204506065857885

Task: pick up the chocolate pudding and place it in the basket view 0 0 100 0 0 initstate 289
Success: True
# episodes completed so far: 578
# successes: 359 (62.1%)
Current task success rate: 1.0
Current total success rate: 0.6211072664359861

Task: pick up the chocolate pudding and place it in the basket view 0 0 100 0 0 initstate 299
Success: True
# episodes completed so far: 579
# successes: 360 (62.2%)
Current task success rate: 1.0
Current total success rate: 0.6217616580310881

Task: pick up the chocolate pudding and place it in the basket view 0 0 100 0 0 initstate 309
Success: True
# episodes completed so far: 580
# successes: 361 (62.2%)
Current task success rate: 1.0
Current total success rate: 0.6224137931034482

Task: pick up the chocolate pudding and place it in the basket view 0 0 100 0 0 initstate 319
Success: False
# episodes completed so far: 581
# successes: 361 (62.1%)
Current task success rate: 0.0
Current total success rate: 0.621342512908778

Task: pick up the chocolate pudding and place it in the basket view 0 0 100 0 0 initstate 329
Success: False
# episodes completed so far: 582
# successes: 361 (62.0%)
Current task success rate: 0.0
Current total success rate: 0.6202749140893471

Task: pick up the chocolate pudding and place it in the basket view 0 0 100 0 0 initstate 339
Success: True
# episodes completed so far: 583
# successes: 362 (62.1%)
Current task success rate: 1.0
Current total success rate: 0.6209262435677531

Task: pick up the chocolate pudding and place it in the basket view 0 0 100 0 0 initstate 349
Success: False
# episodes completed so far: 584
# successes: 362 (62.0%)
Current task success rate: 0.0
Current total success rate: 0.6198630136986302

Task: pick up the chocolate pudding and place it in the basket view 0 0 100 0 0 initstate 359
Success: False
# episodes completed so far: 585
# successes: 362 (61.9%)
Current task success rate: 0.0
Current total success rate: 0.6188034188034188

Task: pick up the chocolate pudding and place it in the basket view 0 0 100 0 0 initstate 369
Success: False
# episodes completed so far: 586
# successes: 362 (61.8%)
Current task success rate: 0.0
Current total success rate: 0.6177474402730375

Task: pick up the chocolate pudding and place it in the basket view 0 0 100 0 0 initstate 379
Success: False
# episodes completed so far: 587
# successes: 362 (61.7%)
Current task success rate: 0.0
Current total success rate: 0.616695059625213

Task: pick up the chocolate pudding and place it in the basket view 0 0 100 0 0 initstate 389
Success: False
# episodes completed so far: 588
# successes: 362 (61.6%)
Current task success rate: 0.0
Current total success rate: 0.6156462585034014

Task: pick up the chocolate pudding and place it in the basket view 0 0 100 0 0 initstate 399
Success: True
# episodes completed so far: 589
# successes: 363 (61.6%)
Current task success rate: 1.0
Current total success rate: 0.6162988115449916

Task: pick up the chocolate pudding and place it in the basket view 0 0 100 0 0 initstate 409
Success: True
# episodes completed so far: 590
# successes: 364 (61.7%)
Current task success rate: 1.0
Current total success rate: 0.6169491525423729

Task: pick up the chocolate pudding and place it in the basket view 0 0 100 0 0 initstate 419
Success: False
# episodes completed so far: 591
# successes: 364 (61.6%)
Current task success rate: 0.0
Current total success rate: 0.6159052453468697

Task: pick up the chocolate pudding and place it in the basket view 0 0 100 0 0 initstate 429
Success: False
# episodes completed so far: 592
# successes: 364 (61.5%)
Current task success rate: 0.0
Current total success rate: 0.6148648648648649

Task: pick up the chocolate pudding and place it in the basket view 0 0 100 0 0 initstate 439
Success: False
# episodes completed so far: 593
# successes: 364 (61.4%)
Current task success rate: 0.0
Current total success rate: 0.6138279932546374

Task: pick up the chocolate pudding and place it in the basket view 0 0 100 0 0 initstate 449
Success: False
# episodes completed so far: 594
# successes: 364 (61.3%)
Current task success rate: 0.0
Current total success rate: 0.6127946127946128

Task: pick up the chocolate pudding and place it in the basket view 0 0 100 0 0 initstate 459
Success: False
# episodes completed so far: 595
# successes: 364 (61.2%)
Current task success rate: 0.0
Current total success rate: 0.611764705882353

Task: pick up the chocolate pudding and place it in the basket view 0 0 100 0 0 initstate 469
Success: False
# episodes completed so far: 596
# successes: 364 (61.1%)
Current task success rate: 0.0
Current total success rate: 0.610738255033557

Task: pick up the chocolate pudding and place it in the basket view 0 0 100 0 0 initstate 479
Success: False
# episodes completed so far: 597
# successes: 364 (61.0%)
Current task success rate: 0.0
Current total success rate: 0.609715242881072

Task: pick up the chocolate pudding and place it in the basket view 0 0 100 0 0 initstate 489
Success: False
# episodes completed so far: 598
# successes: 364 (60.9%)
Current task success rate: 0.0
Current total success rate: 0.6086956521739131

Task: pick up the chocolate pudding and place it in the basket view 0 0 100 0 0 initstate 499
Success: False
# episodes completed so far: 599
# successes: 364 (60.8%)
Current task success rate: 0.0
Current total success rate: 0.6076794657762938

Task: pick up the orange juice and place it in the basket view 0 0 100 0 0 initstate 30
Success: True
# episodes completed so far: 600
# successes: 365 (60.8%)
Current task success rate: 1.0
Current total success rate: 0.6083333333333333

Task: pick up the orange juice and place it in the basket view 0 0 100 0 0 initstate 40
Success: True
# episodes completed so far: 601
# successes: 366 (60.9%)
Current task success rate: 1.0
Current total success rate: 0.6089850249584027

Task: pick up the orange juice and place it in the basket view 0 0 100 0 0 initstate 50
Success: True
# episodes completed so far: 602
# successes: 367 (61.0%)
Current task success rate: 1.0
Current total success rate: 0.6096345514950167

Task: pick up the orange juice and place it in the basket view 0 0 100 0 0 initstate 60
Success: True
# episodes completed so far: 603
# successes: 368 (61.0%)
Current task success rate: 1.0
Current total success rate: 0.6102819237147595

Task: pick up the orange juice and place it in the basket view 0 0 100 0 0 initstate 70
Success: True
# episodes completed so far: 604
# successes: 369 (61.1%)
Current task success rate: 1.0
Current total success rate: 0.6109271523178808

Task: pick up the orange juice and place it in the basket view 0 0 100 0 0 initstate 80
Success: True
# episodes completed so far: 605
# successes: 370 (61.2%)
Current task success rate: 1.0
Current total success rate: 0.6115702479338843

Task: pick up the orange juice and place it in the basket view 0 0 100 0 0 initstate 90
Success: True
# episodes completed so far: 606
# successes: 371 (61.2%)
Current task success rate: 1.0
Current total success rate: 0.6122112211221122

Task: pick up the orange juice and place it in the basket view 0 0 100 0 0 initstate 100
Success: True
# episodes completed so far: 607
# successes: 372 (61.3%)
Current task success rate: 1.0
Current total success rate: 0.6128500823723229

Task: pick up the orange juice and place it in the basket view 0 0 100 0 0 initstate 110
Success: True
# episodes completed so far: 608
# successes: 373 (61.3%)
Current task success rate: 1.0
Current total success rate: 0.6134868421052632

Task: pick up the orange juice and place it in the basket view 0 0 100 0 0 initstate 120
Success: True
# episodes completed so far: 609
# successes: 374 (61.4%)
Current task success rate: 1.0
Current total success rate: 0.6141215106732348

Task: pick up the orange juice and place it in the basket view 0 0 100 0 0 initstate 130
Success: True
# episodes completed so far: 610
# successes: 375 (61.5%)
Current task success rate: 1.0
Current total success rate: 0.6147540983606558

Task: pick up the orange juice and place it in the basket view 0 0 100 0 0 initstate 140
Success: False
# episodes completed so far: 611
# successes: 375 (61.4%)
Current task success rate: 0.0
Current total success rate: 0.613747954173486

Task: pick up the orange juice and place it in the basket view 0 0 100 0 0 initstate 150
Success: True
# episodes completed so far: 612
# successes: 376 (61.4%)
Current task success rate: 1.0
Current total success rate: 0.6143790849673203

Task: pick up the orange juice and place it in the basket view 0 0 100 0 0 initstate 160
Success: True
# episodes completed so far: 613
# successes: 377 (61.5%)
Current task success rate: 1.0
Current total success rate: 0.6150081566068516

Task: pick up the orange juice and place it in the basket view 0 0 100 0 0 initstate 170
Success: True
# episodes completed so far: 614
# successes: 378 (61.6%)
Current task success rate: 1.0
Current total success rate: 0.6156351791530945

Task: pick up the orange juice and place it in the basket view 0 0 100 0 0 initstate 180
Success: True
# episodes completed so far: 615
# successes: 379 (61.6%)
Current task success rate: 1.0
Current total success rate: 0.616260162601626

Task: pick up the orange juice and place it in the basket view 0 0 100 0 0 initstate 190
Success: False
# episodes completed so far: 616
# successes: 379 (61.5%)
Current task success rate: 0.0
Current total success rate: 0.6152597402597403

Task: pick up the orange juice and place it in the basket view 0 0 100 0 0 initstate 200
Success: True
# episodes completed so far: 617
# successes: 380 (61.6%)
Current task success rate: 1.0
Current total success rate: 0.6158833063209076

Task: pick up the orange juice and place it in the basket view 0 0 100 0 0 initstate 210
Success: False
# episodes completed so far: 618
# successes: 380 (61.5%)
Current task success rate: 0.0
Current total success rate: 0.6148867313915858

Task: pick up the orange juice and place it in the basket view 0 0 100 0 0 initstate 220
Success: True
# episodes completed so far: 619
# successes: 381 (61.6%)
Current task success rate: 1.0
Current total success rate: 0.6155088852988692

Task: pick up the orange juice and place it in the basket view 0 0 100 0 0 initstate 230
Success: True
# episodes completed so far: 620
# successes: 382 (61.6%)
Current task success rate: 1.0
Current total success rate: 0.6161290322580645

Task: pick up the orange juice and place it in the basket view 0 0 100 0 0 initstate 240
Success: True
# episodes completed so far: 621
# successes: 383 (61.7%)
Current task success rate: 1.0
Current total success rate: 0.6167471819645732

Task: pick up the orange juice and place it in the basket view 0 0 100 0 0 initstate 250
Success: True
# episodes completed so far: 622
# successes: 384 (61.7%)
Current task success rate: 1.0
Current total success rate: 0.617363344051447

Task: pick up the orange juice and place it in the basket view 0 0 100 0 0 initstate 260
Success: False
# episodes completed so far: 623
# successes: 384 (61.6%)
Current task success rate: 0.0
Current total success rate: 0.6163723916532905

Task: pick up the orange juice and place it in the basket view 0 0 100 0 0 initstate 270
Success: False
# episodes completed so far: 624
# successes: 384 (61.5%)
Current task success rate: 0.0
Current total success rate: 0.6153846153846154

Task: pick up the orange juice and place it in the basket view 0 0 100 0 0 initstate 280
Success: False
# episodes completed so far: 625
# successes: 384 (61.4%)
Current task success rate: 0.0
Current total success rate: 0.6144

Task: pick up the orange juice and place it in the basket view 0 0 100 0 0 initstate 290
Success: False
# episodes completed so far: 626
# successes: 384 (61.3%)
Current task success rate: 0.0
Current total success rate: 0.6134185303514377

Task: pick up the orange juice and place it in the basket view 0 0 100 0 0 initstate 300
Success: False
# episodes completed so far: 627
# successes: 384 (61.2%)
Current task success rate: 0.0
Current total success rate: 0.6124401913875598

Task: pick up the orange juice and place it in the basket view 0 0 100 0 0 initstate 310
Success: False
# episodes completed so far: 628
# successes: 384 (61.1%)
Current task success rate: 0.0
Current total success rate: 0.6114649681528662

Task: pick up the orange juice and place it in the basket view 0 0 100 0 0 initstate 320
Success: True
# episodes completed so far: 629
# successes: 385 (61.2%)
Current task success rate: 1.0
Current total success rate: 0.6120826709062003

Task: pick up the orange juice and place it in the basket view 0 0 100 0 0 initstate 330
Success: True
# episodes completed so far: 630
# successes: 386 (61.3%)
Current task success rate: 1.0
Current total success rate: 0.6126984126984127

Task: pick up the orange juice and place it in the basket view 0 0 100 0 0 initstate 340
Success: False
# episodes completed so far: 631
# successes: 386 (61.2%)
Current task success rate: 0.0
Current total success rate: 0.6117274167987322

Task: pick up the orange juice and place it in the basket view 0 0 100 0 0 initstate 350
Success: True
# episodes completed so far: 632
# successes: 387 (61.2%)
Current task success rate: 1.0
Current total success rate: 0.6123417721518988

Task: pick up the orange juice and place it in the basket view 0 0 100 0 0 initstate 360
Success: False
# episodes completed so far: 633
# successes: 387 (61.1%)
Current task success rate: 0.0
Current total success rate: 0.6113744075829384

Task: pick up the orange juice and place it in the basket view 0 0 100 0 0 initstate 370
Success: False
# episodes completed so far: 634
# successes: 387 (61.0%)
Current task success rate: 0.0
Current total success rate: 0.610410094637224

Task: pick up the orange juice and place it in the basket view 0 0 100 0 0 initstate 380
Success: False
# episodes completed so far: 635
# successes: 387 (60.9%)
Current task success rate: 0.0
Current total success rate: 0.6094488188976378

Task: pick up the orange juice and place it in the basket view 0 0 100 0 0 initstate 390
Success: False
# episodes completed so far: 636
# successes: 387 (60.8%)
Current task success rate: 0.0
Current total success rate: 0.6084905660377359

Task: pick up the orange juice and place it in the basket view 0 0 100 0 0 initstate 400
Success: False
# episodes completed so far: 637
# successes: 387 (60.8%)
Current task success rate: 0.0
Current total success rate: 0.6075353218210361

Task: pick up the orange juice and place it in the basket view 0 0 100 0 0 initstate 410
Success: False
# episodes completed so far: 638
# successes: 387 (60.7%)
Current task success rate: 0.0
Current total success rate: 0.6065830721003135

Task: pick up the orange juice and place it in the basket view 0 0 100 0 0 initstate 420
Success: False
# episodes completed so far: 639
# successes: 387 (60.6%)
Current task success rate: 0.0
Current total success rate: 0.6056338028169014

Task: pick up the orange juice and place it in the basket view 0 0 100 0 0 initstate 430
Success: True
# episodes completed so far: 640
# successes: 388 (60.6%)
Current task success rate: 1.0
Current total success rate: 0.60625

Task: pick up the orange juice and place it in the basket view 0 0 100 0 0 initstate 440
Success: False
# episodes completed so far: 641
# successes: 388 (60.5%)
Current task success rate: 0.0
Current total success rate: 0.6053042121684867

Task: pick up the orange juice and place it in the basket view 0 0 100 0 0 initstate 450
Success: False
# episodes completed so far: 642
# successes: 388 (60.4%)
Current task success rate: 0.0
Current total success rate: 0.6043613707165109

Task: pick up the orange juice and place it in the basket view 0 0 100 0 0 initstate 460
Success: False
# episodes completed so far: 643
# successes: 388 (60.3%)
Current task success rate: 0.0
Current total success rate: 0.6034214618973561

Task: pick up the orange juice and place it in the basket view 0 0 100 0 0 initstate 470
Success: True
# episodes completed so far: 644
# successes: 389 (60.4%)
Current task success rate: 1.0
Current total success rate: 0.6040372670807453

Task: pick up the orange juice and place it in the basket view 0 0 100 0 0 initstate 480
Success: True
# episodes completed so far: 645
# successes: 390 (60.5%)
Current task success rate: 1.0
Current total success rate: 0.6046511627906976

Task: pick up the orange juice and place it in the basket view 0 0 100 0 0 initstate 490
Success: False
# episodes completed so far: 646
# successes: 390 (60.4%)
Current task success rate: 0.0
Current total success rate: 0.6037151702786377

Task: pick up the alphabet soup and place it in the basket view 0 0 100 2 4 initstate 0
Success: True
# episodes completed so far: 647
# successes: 391 (60.4%)
Current task success rate: 1.0
Current total success rate: 0.6043276661514683

Task: pick up the alphabet soup and place it in the basket view 0 0 100 2 6 initstate 0
Success: True
# episodes completed so far: 648
# successes: 392 (60.5%)
Current task success rate: 1.0
Current total success rate: 0.6049382716049383

Task: pick up the alphabet soup and place it in the basket view 0 0 100 2 8 initstate 0
Success: True
# episodes completed so far: 649
# successes: 393 (60.6%)
Current task success rate: 1.0
Current total success rate: 0.6055469953775039

Task: pick up the alphabet soup and place it in the basket view 0 0 100 2 10 initstate 0
Success: True
# episodes completed so far: 650
# successes: 394 (60.6%)
Current task success rate: 1.0
Current total success rate: 0.6061538461538462

Task: pick up the alphabet soup and place it in the basket view 0 0 100 2 350 initstate 0
Success: True
# episodes completed so far: 651
# successes: 395 (60.7%)
Current task success rate: 1.0
Current total success rate: 0.6067588325652842

Task: pick up the alphabet soup and place it in the basket view 0 0 100 2 352 initstate 0
Success: True
# episodes completed so far: 652
# successes: 396 (60.7%)
Current task success rate: 1.0
Current total success rate: 0.6073619631901841

Task: pick up the alphabet soup and place it in the basket view 0 0 100 2 354 initstate 0
Success: True
# episodes completed so far: 653
# successes: 397 (60.8%)
Current task success rate: 1.0
Current total success rate: 0.6079632465543645

Task: pick up the alphabet soup and place it in the basket view 1 15 100 0 0 initstate 0
Success: True
# episodes completed so far: 654
# successes: 398 (60.9%)
Current task success rate: 1.0
Current total success rate: 0.6085626911314985

Task: pick up the alphabet soup and place it in the basket view 2 15 100 0 0 initstate 0
Success: True
# episodes completed so far: 655
# successes: 399 (60.9%)
Current task success rate: 1.0
Current total success rate: 0.6091603053435114

Task: pick up the alphabet soup and place it in the basket view 4 15 100 0 0 initstate 0
Success: True
# episodes completed so far: 656
# successes: 400 (61.0%)
Current task success rate: 1.0
Current total success rate: 0.6097560975609756

Task: pick up the alphabet soup and place it in the basket view 5 15 100 0 0 initstate 0
Success: True
# episodes completed so far: 657
# successes: 401 (61.0%)
Current task success rate: 1.0
Current total success rate: 0.6103500761035008

Task: pick up the alphabet soup and place it in the basket view 6 15 100 0 0 initstate 0
Success: True
# episodes completed so far: 658
# successes: 402 (61.1%)
Current task success rate: 1.0
Current total success rate: 0.6109422492401215

Task: pick up the alphabet soup and place it in the basket view 7 15 100 0 0 initstate 0
Success: True
# episodes completed so far: 659
# successes: 403 (61.2%)
Current task success rate: 1.0
Current total success rate: 0.6115326251896813

Task: pick up the alphabet soup and place it in the basket view 8 15 100 0 0 initstate 0
Success: True
# episodes completed so far: 660
# successes: 404 (61.2%)
Current task success rate: 1.0
Current total success rate: 0.6121212121212121

Task: pick up the alphabet soup and place it in the basket view 9 15 100 0 0 initstate 0
Success: True
# episodes completed so far: 661
# successes: 405 (61.3%)
Current task success rate: 1.0
Current total success rate: 0.6127080181543116

Task: pick up the alphabet soup and place it in the basket view 10 15 100 0 0 initstate 0
Success: True
# episodes completed so far: 662
# successes: 406 (61.3%)
Current task success rate: 1.0
Current total success rate: 0.6132930513595166

Task: pick up the alphabet soup and place it in the basket view 11 15 100 0 0 initstate 0
Success: True
# episodes completed so far: 663
# successes: 407 (61.4%)
Current task success rate: 1.0
Current total success rate: 0.6138763197586727

Task: pick up the alphabet soup and place it in the basket view 12 15 100 0 0 initstate 0
Success: True
# episodes completed so far: 664
# successes: 408 (61.4%)
Current task success rate: 1.0
Current total success rate: 0.6144578313253012

Task: pick up the alphabet soup and place it in the basket view 13 15 100 0 0 initstate 0
Success: True
# episodes completed so far: 665
# successes: 409 (61.5%)
Current task success rate: 1.0
Current total success rate: 0.6150375939849624

Task: pick up the alphabet soup and place it in the basket view 14 15 100 0 0 initstate 0
Success: True
# episodes completed so far: 666
# successes: 410 (61.6%)
Current task success rate: 1.0
Current total success rate: 0.6156156156156156

Task: pick up the alphabet soup and place it in the basket view 15 15 100 0 0 initstate 0
Success: True
# episodes completed so far: 667
# successes: 411 (61.6%)
Current task success rate: 1.0
Current total success rate: 0.616191904047976

Task: pick up the cream cheese and place it in the basket view 0 0 115 0 0 initstate 0
Success: True
# episodes completed so far: 668
# successes: 412 (61.7%)
Current task success rate: 1.0
Current total success rate: 0.6167664670658682

Task: pick up the cream cheese and place it in the basket view 0 0 119 0 0 initstate 0
Success: True
# episodes completed so far: 669
# successes: 413 (61.7%)
Current task success rate: 1.0
Current total success rate: 0.617339312406577

Task: pick up the cream cheese and place it in the basket view 0 0 120 0 0 initstate 0
Success: True
# episodes completed so far: 670
# successes: 414 (61.8%)
Current task success rate: 1.0
Current total success rate: 0.6179104477611941

Task: pick up the cream cheese and place it in the basket view 0 0 100 4 6 initstate 0
Success: True
# episodes completed so far: 671
# successes: 415 (61.8%)
Current task success rate: 1.0
Current total success rate: 0.6184798807749627

Task: pick up the cream cheese and place it in the basket view 0 0 100 4 8 initstate 0
Success: True
# episodes completed so far: 672
# successes: 416 (61.9%)
Current task success rate: 1.0
Current total success rate: 0.6190476190476191

Task: pick up the cream cheese and place it in the basket view 0 0 100 4 10 initstate 0
Success: True
# episodes completed so far: 673
# successes: 417 (62.0%)
Current task success rate: 1.0
Current total success rate: 0.6196136701337296

Task: pick up the cream cheese and place it in the basket view 0 0 100 4 350 initstate 0
Success: True
# episodes completed so far: 674
# successes: 418 (62.0%)
Current task success rate: 1.0
Current total success rate: 0.6201780415430267

Task: pick up the cream cheese and place it in the basket view 0 0 100 4 352 initstate 0
Success: True
# episodes completed so far: 675
# successes: 419 (62.1%)
Current task success rate: 1.0
Current total success rate: 0.6207407407407407

Task: pick up the cream cheese and place it in the basket view 16 15 100 0 0 initstate 0
Success: True
# episodes completed so far: 676
# successes: 420 (62.1%)
Current task success rate: 1.0
Current total success rate: 0.621301775147929

Task: pick up the cream cheese and place it in the basket view 18 15 100 0 0 initstate 0
Success: True
# episodes completed so far: 677
# successes: 421 (62.2%)
Current task success rate: 1.0
Current total success rate: 0.621861152141802

Task: pick up the cream cheese and place it in the basket view 19 15 100 0 0 initstate 0
Success: True
# episodes completed so far: 678
# successes: 422 (62.2%)
Current task success rate: 1.0
Current total success rate: 0.6224188790560472

Task: pick up the cream cheese and place it in the basket view 20 15 100 0 0 initstate 0
Success: True
# episodes completed so far: 679
# successes: 423 (62.3%)
Current task success rate: 1.0
Current total success rate: 0.6229749631811488

Task: pick up the cream cheese and place it in the basket view 21 15 100 0 0 initstate 0
Success: True
# episodes completed so far: 680
# successes: 424 (62.4%)
Current task success rate: 1.0
Current total success rate: 0.6235294117647059

Task: pick up the cream cheese and place it in the basket view 22 0 100 0 0 initstate 0
Success: True
# episodes completed so far: 681
# successes: 425 (62.4%)
Current task success rate: 1.0
Current total success rate: 0.6240822320117474

Task: pick up the cream cheese and place it in the basket view 22 15 100 0 0 initstate 0
Success: True
# episodes completed so far: 682
# successes: 426 (62.5%)
Current task success rate: 1.0
Current total success rate: 0.624633431085044

Task: pick up the cream cheese and place it in the basket view 23 15 100 0 0 initstate 0
Success: True
# episodes completed so far: 683
# successes: 427 (62.5%)
Current task success rate: 1.0
Current total success rate: 0.6251830161054173

Task: pick up the cream cheese and place it in the basket view 24 15 100 0 0 initstate 0
Success: True
# episodes completed so far: 684
# successes: 428 (62.6%)
Current task success rate: 1.0
Current total success rate: 0.6257309941520468

Task: pick up the cream cheese and place it in the basket view 27 15 100 0 0 initstate 0
Success: True
# episodes completed so far: 685
# successes: 429 (62.6%)
Current task success rate: 1.0
Current total success rate: 0.6262773722627737

Task: pick up the cream cheese and place it in the basket view 29 15 100 0 0 initstate 0
Success: True
# episodes completed so far: 686
# successes: 430 (62.7%)
Current task success rate: 1.0
Current total success rate: 0.6268221574344023

Task: pick up the cream cheese and place it in the basket view 30 15 100 0 0 initstate 0
Success: True
# episodes completed so far: 687
# successes: 431 (62.7%)
Current task success rate: 1.0
Current total success rate: 0.6273653566229985

Task: pick up the salad dressing and place it in the basket view 0 0 121 0 0 initstate 0
Success: True
# episodes completed so far: 688
# successes: 432 (62.8%)
Current task success rate: 1.0
Current total success rate: 0.627906976744186

Task: pick up the salad dressing and place it in the basket view 0 0 122 0 0 initstate 0
Success: True
# episodes completed so far: 689
# successes: 433 (62.8%)
Current task success rate: 1.0
Current total success rate: 0.6284470246734397

Task: pick up the salad dressing and place it in the basket view 0 0 123 0 0 initstate 0
Success: True
# episodes completed so far: 690
# successes: 434 (62.9%)
Current task success rate: 1.0
Current total success rate: 0.6289855072463768

Task: pick up the salad dressing and place it in the basket view 0 0 124 0 0 initstate 0
Success: True
# episodes completed so far: 691
# successes: 435 (63.0%)
Current task success rate: 1.0
Current total success rate: 0.6295224312590448

Task: pick up the salad dressing and place it in the basket view 0 0 125 0 0 initstate 0
Success: True
# episodes completed so far: 692
# successes: 436 (63.0%)
Current task success rate: 1.0
Current total success rate: 0.630057803468208

Task: pick up the salad dressing and place it in the basket view 0 0 126 0 0 initstate 0
Success: True
# episodes completed so far: 693
# successes: 437 (63.1%)
Current task success rate: 1.0
Current total success rate: 0.6305916305916306

Task: pick up the salad dressing and place it in the basket view 0 0 127 0 0 initstate 0
Success: True
# episodes completed so far: 694
# successes: 438 (63.1%)
Current task success rate: 1.0
Current total success rate: 0.6311239193083573

Task: pick up the salad dressing and place it in the basket view 0 0 128 0 0 initstate 0
Success: True
# episodes completed so far: 695
# successes: 439 (63.2%)
Current task success rate: 1.0
Current total success rate: 0.6316546762589929

Task: pick up the salad dressing and place it in the basket view 0 0 129 0 0 initstate 0
Success: True
# episodes completed so far: 696
# successes: 440 (63.2%)
Current task success rate: 1.0
Current total success rate: 0.632183908045977

Task: pick up the salad dressing and place it in the basket view 0 0 130 0 0 initstate 0
Success: True
# episodes completed so far: 697
# successes: 441 (63.3%)
Current task success rate: 1.0
Current total success rate: 0.6327116212338594

Task: pick up the salad dressing and place it in the basket view 0 0 100 6 2 initstate 0
Success: True
# episodes completed so far: 698
# successes: 442 (63.3%)
Current task success rate: 1.0
Current total success rate: 0.6332378223495702

Task: pick up the salad dressing and place it in the basket view 0 0 100 6 4 initstate 0
Success: True
# episodes completed so far: 699
# successes: 443 (63.4%)
Current task success rate: 1.0
Current total success rate: 0.6337625178826896

Task: pick up the salad dressing and place it in the basket view 0 0 100 6 6 initstate 0
Success: False
# episodes completed so far: 700
# successes: 443 (63.3%)
Current task success rate: 0.0
Current total success rate: 0.6328571428571429

Task: pick up the salad dressing and place it in the basket view 0 0 100 6 8 initstate 0
Success: False
# episodes completed so far: 701
# successes: 443 (63.2%)
Current task success rate: 0.0
Current total success rate: 0.6319543509272468

Task: pick up the salad dressing and place it in the basket view 0 0 100 6 10 initstate 0
Success: False
# episodes completed so far: 702
# successes: 443 (63.1%)
Current task success rate: 0.0
Current total success rate: 0.6310541310541311

Task: pick up the salad dressing and place it in the basket view 0 0 100 6 350 initstate 0
Success: True
# episodes completed so far: 703
# successes: 444 (63.2%)
Current task success rate: 1.0
Current total success rate: 0.631578947368421

Task: pick up the salad dressing and place it in the basket view 0 0 100 6 358 initstate 0
Success: True
# episodes completed so far: 704
# successes: 445 (63.2%)
Current task success rate: 1.0
Current total success rate: 0.6321022727272727

Task: pick up the salad dressing and place it in the basket view 31 0 100 0 0 initstate 0
Success: True
# episodes completed so far: 705
# successes: 446 (63.3%)
Current task success rate: 1.0
Current total success rate: 0.6326241134751773

Task: pick up the salad dressing and place it in the basket view 31 15 100 0 0 initstate 0
Success: True
# episodes completed so far: 706
# successes: 447 (63.3%)
Current task success rate: 1.0
Current total success rate: 0.6331444759206799

Task: pick up the salad dressing and place it in the basket view 32 0 100 0 0 initstate 0
Success: True
# episodes completed so far: 707
# successes: 448 (63.4%)
Current task success rate: 1.0
Current total success rate: 0.6336633663366337

Task: pick up the salad dressing and place it in the basket view 32 15 100 0 0 initstate 0
Success: True
# episodes completed so far: 708
# successes: 449 (63.4%)
Current task success rate: 1.0
Current total success rate: 0.634180790960452

Task: pick up the salad dressing and place it in the basket view 33 0 100 0 0 initstate 0
Success: True
# episodes completed so far: 709
# successes: 450 (63.5%)
Current task success rate: 1.0
Current total success rate: 0.6346967559943583

Task: pick up the salad dressing and place it in the basket view 33 15 100 0 0 initstate 0
Success: True
# episodes completed so far: 710
# successes: 451 (63.5%)
Current task success rate: 1.0
Current total success rate: 0.6352112676056338

Task: pick up the salad dressing and place it in the basket view 34 0 100 0 0 initstate 0
Success: True
# episodes completed so far: 711
# successes: 452 (63.6%)
Current task success rate: 1.0
Current total success rate: 0.6357243319268636

Task: pick up the salad dressing and place it in the basket view 34 15 100 0 0 initstate 0
Success: True
# episodes completed so far: 712
# successes: 453 (63.6%)
Current task success rate: 1.0
Current total success rate: 0.6362359550561798

Task: pick up the salad dressing and place it in the basket view 35 0 100 0 0 initstate 0
Success: True
# episodes completed so far: 713
# successes: 454 (63.7%)
Current task success rate: 1.0
Current total success rate: 0.6367461430575035

Task: pick up the salad dressing and place it in the basket view 35 15 100 0 0 initstate 0
Success: True
# episodes completed so far: 714
# successes: 455 (63.7%)
Current task success rate: 1.0
Current total success rate: 0.6372549019607843

Task: pick up the salad dressing and place it in the basket view 36 0 100 0 0 initstate 0
Success: True
# episodes completed so far: 715
# successes: 456 (63.8%)
Current task success rate: 1.0
Current total success rate: 0.6377622377622377

Task: pick up the salad dressing and place it in the basket view 36 15 100 0 0 initstate 0
Success: True
# episodes completed so far: 716
# successes: 457 (63.8%)
Current task success rate: 1.0
Current total success rate: 0.638268156424581

Task: pick up the salad dressing and place it in the basket view 37 0 100 0 0 initstate 0
Success: True
# episodes completed so far: 717
# successes: 458 (63.9%)
Current task success rate: 1.0
Current total success rate: 0.6387726638772664

Task: pick up the salad dressing and place it in the basket view 37 15 100 0 0 initstate 0
Success: True
# episodes completed so far: 718
# successes: 459 (63.9%)
Current task success rate: 1.0
Current total success rate: 0.6392757660167131

Task: pick up the salad dressing and place it in the basket view 38 0 100 0 0 initstate 0
Success: True
# episodes completed so far: 719
# successes: 460 (64.0%)
Current task success rate: 1.0
Current total success rate: 0.6397774687065368

Task: pick up the salad dressing and place it in the basket view 38 15 100 0 0 initstate 0
Success: True
# episodes completed so far: 720
# successes: 461 (64.0%)
Current task success rate: 1.0
Current total success rate: 0.6402777777777777

Task: pick up the salad dressing and place it in the basket view 39 0 100 0 0 initstate 0
Success: True
# episodes completed so far: 721
# successes: 462 (64.1%)
Current task success rate: 1.0
Current total success rate: 0.6407766990291263

Task: pick up the salad dressing and place it in the basket view 39 15 100 0 0 initstate 0
Success: True
# episodes completed so far: 722
# successes: 463 (64.1%)
Current task success rate: 1.0
Current total success rate: 0.6412742382271468

Task: pick up the salad dressing and place it in the basket view 40 0 100 0 0 initstate 0
Success: True
# episodes completed so far: 723
# successes: 464 (64.2%)
Current task success rate: 1.0
Current total success rate: 0.6417704011065007

Task: pick up the salad dressing and place it in the basket view 40 15 100 0 0 initstate 0
Success: True
# episodes completed so far: 724
# successes: 465 (64.2%)
Current task success rate: 1.0
Current total success rate: 0.6422651933701657

Task: pick up the salad dressing and place it in the basket view 41 0 100 0 0 initstate 0
Success: True
# episodes completed so far: 725
# successes: 466 (64.3%)
Current task success rate: 1.0
Current total success rate: 0.6427586206896552

Task: pick up the salad dressing and place it in the basket view 41 15 100 0 0 initstate 0
Success: True
# episodes completed so far: 726
# successes: 467 (64.3%)
Current task success rate: 1.0
Current total success rate: 0.6432506887052342

Task: pick up the salad dressing and place it in the basket view 42 0 100 0 0 initstate 0
Success: True
# episodes completed so far: 727
# successes: 468 (64.4%)
Current task success rate: 1.0
Current total success rate: 0.6437414030261348

Task: pick up the salad dressing and place it in the basket view 42 15 100 0 0 initstate 0
Success: True
# episodes completed so far: 728
# successes: 469 (64.4%)
Current task success rate: 1.0
Current total success rate: 0.6442307692307693

Task: pick up the salad dressing and place it in the basket view 43 0 100 0 0 initstate 0
Success: True
# episodes completed so far: 729
# successes: 470 (64.5%)
Current task success rate: 1.0
Current total success rate: 0.644718792866941

Task: pick up the salad dressing and place it in the basket view 43 15 100 0 0 initstate 0
Success: True
# episodes completed so far: 730
# successes: 471 (64.5%)
Current task success rate: 1.0
Current total success rate: 0.6452054794520548

Task: pick up the salad dressing and place it in the basket view 44 0 100 0 0 initstate 0
Success: True
# episodes completed so far: 731
# successes: 472 (64.6%)
Current task success rate: 1.0
Current total success rate: 0.6456908344733242

Task: pick up the salad dressing and place it in the basket view 44 15 100 0 0 initstate 0
Success: True
# episodes completed so far: 732
# successes: 473 (64.6%)
Current task success rate: 1.0
Current total success rate: 0.6461748633879781

Task: pick up the salad dressing and place it in the basket view 45 0 100 0 0 initstate 0
Success: True
# episodes completed so far: 733
# successes: 474 (64.7%)
Current task success rate: 1.0
Current total success rate: 0.6466575716234653

Task: pick up the salad dressing and place it in the basket view 45 15 100 0 0 initstate 0
Success: True
# episodes completed so far: 734
# successes: 475 (64.7%)
Current task success rate: 1.0
Current total success rate: 0.6471389645776566

Task: pick up the bbq sauce and place it in the basket view 0 0 132 0 0 initstate 0
Success: True
# episodes completed so far: 735
# successes: 476 (64.8%)
Current task success rate: 1.0
Current total success rate: 0.6476190476190476

Task: pick up the bbq sauce and place it in the basket view 0 0 133 0 0 initstate 0
Success: True
# episodes completed so far: 736
# successes: 477 (64.8%)
Current task success rate: 1.0
Current total success rate: 0.6480978260869565

Task: pick up the bbq sauce and place it in the basket view 0 0 134 0 0 initstate 0
Success: True
# episodes completed so far: 737
# successes: 478 (64.9%)
Current task success rate: 1.0
Current total success rate: 0.6485753052917232

Task: pick up the bbq sauce and place it in the basket view 0 0 135 0 0 initstate 0
Success: True
# episodes completed so far: 738
# successes: 479 (64.9%)
Current task success rate: 1.0
Current total success rate: 0.6490514905149052

Task: pick up the bbq sauce and place it in the basket view 0 0 136 0 0 initstate 0
Success: True
# episodes completed so far: 739
# successes: 480 (65.0%)
Current task success rate: 1.0
Current total success rate: 0.6495263870094723

Task: pick up the bbq sauce and place it in the basket view 0 0 137 0 0 initstate 0
Success: True
# episodes completed so far: 740
# successes: 481 (65.0%)
Current task success rate: 1.0
Current total success rate: 0.65

Task: pick up the bbq sauce and place it in the basket view 0 0 138 0 0 initstate 0
Success: True
# episodes completed so far: 741
# successes: 482 (65.0%)
Current task success rate: 1.0
Current total success rate: 0.650472334682861

Task: pick up the bbq sauce and place it in the basket view 0 0 139 0 0 initstate 0
Success: True
# episodes completed so far: 742
# successes: 483 (65.1%)
Current task success rate: 1.0
Current total success rate: 0.6509433962264151

Task: pick up the bbq sauce and place it in the basket view 0 0 140 0 0 initstate 0
Success: True
# episodes completed so far: 743
# successes: 484 (65.1%)
Current task success rate: 1.0
Current total success rate: 0.6514131897711979

Task: pick up the bbq sauce and place it in the basket view 0 0 100 8 2 initstate 0
Success: False
# episodes completed so far: 744
# successes: 484 (65.1%)
Current task success rate: 0.0
Current total success rate: 0.6505376344086021

Task: pick up the bbq sauce and place it in the basket view 0 0 100 8 4 initstate 0
Success: False
# episodes completed so far: 745
# successes: 484 (65.0%)
Current task success rate: 0.0
Current total success rate: 0.6496644295302013

Task: pick up the bbq sauce and place it in the basket view 0 0 100 8 6 initstate 0
Success: False
# episodes completed so far: 746
# successes: 484 (64.9%)
Current task success rate: 0.0
Current total success rate: 0.6487935656836461

Task: pick up the bbq sauce and place it in the basket view 0 0 100 8 8 initstate 0
Success: False
# episodes completed so far: 747
# successes: 484 (64.8%)
Current task success rate: 0.0
Current total success rate: 0.6479250334672021

Task: pick up the bbq sauce and place it in the basket view 0 0 100 8 10 initstate 0
Success: False
# episodes completed so far: 748
# successes: 484 (64.7%)
Current task success rate: 0.0
Current total success rate: 0.6470588235294118

Task: pick up the bbq sauce and place it in the basket view 0 0 100 8 350 initstate 0
Success: True
# episodes completed so far: 749
# successes: 485 (64.8%)
Current task success rate: 1.0
Current total success rate: 0.6475300400534045

Task: pick up the bbq sauce and place it in the basket view 0 0 100 8 352 initstate 0
Success: True
# episodes completed so far: 750
# successes: 486 (64.8%)
Current task success rate: 1.0
Current total success rate: 0.648

Task: pick up the bbq sauce and place it in the basket view 0 0 100 8 354 initstate 0
Success: True
# episodes completed so far: 751
# successes: 487 (64.8%)
Current task success rate: 1.0
Current total success rate: 0.6484687083888149

Task: pick up the bbq sauce and place it in the basket view 0 0 100 8 358 initstate 0
Success: True
# episodes completed so far: 752
# successes: 488 (64.9%)
Current task success rate: 1.0
Current total success rate: 0.648936170212766

Task: pick up the bbq sauce and place it in the basket view 46 0 100 0 0 initstate 0
Success: True
# episodes completed so far: 753
# successes: 489 (64.9%)
Current task success rate: 1.0
Current total success rate: 0.649402390438247

Task: pick up the bbq sauce and place it in the basket view 46 15 100 0 0 initstate 0
Success: False
# episodes completed so far: 754
# successes: 489 (64.9%)
Current task success rate: 0.0
Current total success rate: 0.6485411140583555

Task: pick up the bbq sauce and place it in the basket view 47 0 100 0 0 initstate 0
Success: True
# episodes completed so far: 755
# successes: 490 (64.9%)
Current task success rate: 1.0
Current total success rate: 0.6490066225165563

Task: pick up the bbq sauce and place it in the basket view 47 15 100 0 0 initstate 0
Success: True
# episodes completed so far: 756
# successes: 491 (64.9%)
Current task success rate: 1.0
Current total success rate: 0.6494708994708994

Task: pick up the bbq sauce and place it in the basket view 48 0 100 0 0 initstate 0
Success: True
# episodes completed so far: 757
# successes: 492 (65.0%)
Current task success rate: 1.0
Current total success rate: 0.6499339498018494

Task: pick up the bbq sauce and place it in the basket view 48 15 100 0 0 initstate 0
Success: True
# episodes completed so far: 758
# successes: 493 (65.0%)
Current task success rate: 1.0
Current total success rate: 0.6503957783641161

Task: pick up the bbq sauce and place it in the basket view 49 0 100 0 0 initstate 0
Success: True
# episodes completed so far: 759
# successes: 494 (65.1%)
Current task success rate: 1.0
Current total success rate: 0.6508563899868248

Task: pick up the bbq sauce and place it in the basket view 49 15 100 0 0 initstate 0
Success: False
# episodes completed so far: 760
# successes: 494 (65.0%)
Current task success rate: 0.0
Current total success rate: 0.65

Task: pick up the bbq sauce and place it in the basket view 50 0 100 0 0 initstate 0
Success: True
# episodes completed so far: 761
# successes: 495 (65.0%)
Current task success rate: 1.0
Current total success rate: 0.6504599211563732

Task: pick up the bbq sauce and place it in the basket view 51 0 100 0 0 initstate 0
Success: True
# episodes completed so far: 762
# successes: 496 (65.1%)
Current task success rate: 1.0
Current total success rate: 0.6509186351706037

Task: pick up the bbq sauce and place it in the basket view 51 15 100 0 0 initstate 0
Success: True
# episodes completed so far: 763
# successes: 497 (65.1%)
Current task success rate: 1.0
Current total success rate: 0.6513761467889908

Task: pick up the bbq sauce and place it in the basket view 52 0 100 0 0 initstate 0
Success: True
# episodes completed so far: 764
# successes: 498 (65.2%)
Current task success rate: 1.0
Current total success rate: 0.6518324607329843

Task: pick up the bbq sauce and place it in the basket view 52 15 100 0 0 initstate 0
Success: True
# episodes completed so far: 765
# successes: 499 (65.2%)
Current task success rate: 1.0
Current total success rate: 0.6522875816993464

Task: pick up the bbq sauce and place it in the basket view 53 0 100 0 0 initstate 0
Success: True
# episodes completed so far: 766
# successes: 500 (65.3%)
Current task success rate: 1.0
Current total success rate: 0.6527415143603134

Task: pick up the bbq sauce and place it in the basket view 53 15 100 0 0 initstate 0
Success: True
# episodes completed so far: 767
# successes: 501 (65.3%)
Current task success rate: 1.0
Current total success rate: 0.6531942633637549

Task: pick up the bbq sauce and place it in the basket view 54 0 100 0 0 initstate 0
Success: True
# episodes completed so far: 768
# successes: 502 (65.4%)
Current task success rate: 1.0
Current total success rate: 0.6536458333333334

Task: pick up the bbq sauce and place it in the basket view 54 15 100 0 0 initstate 0
Success: False
# episodes completed so far: 769
# successes: 502 (65.3%)
Current task success rate: 0.0
Current total success rate: 0.6527958387516255

Task: pick up the bbq sauce and place it in the basket view 55 0 100 0 0 initstate 0
Success: True
# episodes completed so far: 770
# successes: 503 (65.3%)
Current task success rate: 1.0
Current total success rate: 0.6532467532467533

Task: pick up the bbq sauce and place it in the basket view 55 15 100 0 0 initstate 0
Success: True
# episodes completed so far: 771
# successes: 504 (65.4%)
Current task success rate: 1.0
Current total success rate: 0.6536964980544747

Task: pick up the bbq sauce and place it in the basket view 56 0 100 0 0 initstate 0
Success: True
# episodes completed so far: 772
# successes: 505 (65.4%)
Current task success rate: 1.0
Current total success rate: 0.6541450777202072

Task: pick up the bbq sauce and place it in the basket view 56 15 100 0 0 initstate 0
Success: True
# episodes completed so far: 773
# successes: 506 (65.5%)
Current task success rate: 1.0
Current total success rate: 0.6545924967658473

Task: pick up the bbq sauce and place it in the basket view 57 0 100 0 0 initstate 0
Success: True
# episodes completed so far: 774
# successes: 507 (65.5%)
Current task success rate: 1.0
Current total success rate: 0.6550387596899225

Task: pick up the bbq sauce and place it in the basket view 57 15 100 0 0 initstate 0
Success: True
# episodes completed so far: 775
# successes: 508 (65.5%)
Current task success rate: 1.0
Current total success rate: 0.655483870967742

Task: pick up the bbq sauce and place it in the basket view 58 0 100 0 0 initstate 0
Success: True
# episodes completed so far: 776
# successes: 509 (65.6%)
Current task success rate: 1.0
Current total success rate: 0.6559278350515464

Task: pick up the bbq sauce and place it in the basket view 58 15 100 0 0 initstate 0
Success: False
# episodes completed so far: 777
# successes: 509 (65.5%)
Current task success rate: 0.0
Current total success rate: 0.6550836550836551

Task: pick up the bbq sauce and place it in the basket view 59 0 100 0 0 initstate 0
Success: True
# episodes completed so far: 778
# successes: 510 (65.6%)
Current task success rate: 1.0
Current total success rate: 0.6555269922879178

Task: pick up the bbq sauce and place it in the basket view 59 15 100 0 0 initstate 0
Success: True
# episodes completed so far: 779
# successes: 511 (65.6%)
Current task success rate: 1.0
Current total success rate: 0.6559691912708601

Task: pick up the bbq sauce and place it in the basket view 60 0 100 0 0 initstate 0
Success: True
# episodes completed so far: 780
# successes: 512 (65.6%)
Current task success rate: 1.0
Current total success rate: 0.6564102564102564

Task: pick up the bbq sauce and place it in the basket view 60 15 100 0 0 initstate 0
Success: True
# episodes completed so far: 781
# successes: 513 (65.7%)
Current task success rate: 1.0
Current total success rate: 0.6568501920614597

Task: pick up the ketchup and place it in the basket view 0 0 141 0 0 initstate 0
Success: True
# episodes completed so far: 782
# successes: 514 (65.7%)
Current task success rate: 1.0
Current total success rate: 0.6572890025575447

Task: pick up the ketchup and place it in the basket view 0 0 142 0 0 initstate 0
Success: True
# episodes completed so far: 783
# successes: 515 (65.8%)
Current task success rate: 1.0
Current total success rate: 0.6577266922094508

Task: pick up the ketchup and place it in the basket view 0 0 143 0 0 initstate 0
Success: True
# episodes completed so far: 784
# successes: 516 (65.8%)
Current task success rate: 1.0
Current total success rate: 0.6581632653061225

Task: pick up the ketchup and place it in the basket view 0 0 144 0 0 initstate 0
Success: True
# episodes completed so far: 785
# successes: 517 (65.9%)
Current task success rate: 1.0
Current total success rate: 0.6585987261146496

Task: pick up the ketchup and place it in the basket view 0 0 145 0 0 initstate 0
Success: True
# episodes completed so far: 786
# successes: 518 (65.9%)
Current task success rate: 1.0
Current total success rate: 0.6590330788804071

Task: pick up the ketchup and place it in the basket view 0 0 146 0 0 initstate 0
Success: False
# episodes completed so far: 787
# successes: 518 (65.8%)
Current task success rate: 0.0
Current total success rate: 0.6581956797966964

Task: pick up the ketchup and place it in the basket view 0 0 147 0 0 initstate 0
Success: False
# episodes completed so far: 788
# successes: 518 (65.7%)
Current task success rate: 0.0
Current total success rate: 0.6573604060913706

Task: pick up the ketchup and place it in the basket view 0 0 148 0 0 initstate 0
Success: True
# episodes completed so far: 789
# successes: 519 (65.8%)
Current task success rate: 1.0
Current total success rate: 0.6577946768060836

Task: pick up the ketchup and place it in the basket view 0 0 149 0 0 initstate 0
Success: True
# episodes completed so far: 790
# successes: 520 (65.8%)
Current task success rate: 1.0
Current total success rate: 0.6582278481012658

Task: pick up the ketchup and place it in the basket view 0 0 150 0 0 initstate 0
Success: True
# episodes completed so far: 791
# successes: 521 (65.9%)
Current task success rate: 1.0
Current total success rate: 0.6586599241466498

Task: pick up the ketchup and place it in the basket view 0 0 100 10 2 initstate 0
Success: False
# episodes completed so far: 792
# successes: 521 (65.8%)
Current task success rate: 0.0
Current total success rate: 0.6578282828282829

Task: pick up the ketchup and place it in the basket view 0 0 100 10 4 initstate 0
Success: False
# episodes completed so far: 793
# successes: 521 (65.7%)
Current task success rate: 0.0
Current total success rate: 0.6569987389659521

Task: pick up the ketchup and place it in the basket view 0 0 100 10 6 initstate 0
Success: False
# episodes completed so far: 794
# successes: 521 (65.6%)
Current task success rate: 0.0
Current total success rate: 0.6561712846347607

Task: pick up the ketchup and place it in the basket view 0 0 100 10 8 initstate 0
Success: False
# episodes completed so far: 795
# successes: 521 (65.5%)
Current task success rate: 0.0
Current total success rate: 0.6553459119496855

Task: pick up the ketchup and place it in the basket view 0 0 100 10 10 initstate 0
Success: False
# episodes completed so far: 796
# successes: 521 (65.5%)
Current task success rate: 0.0
Current total success rate: 0.6545226130653267

Task: pick up the ketchup and place it in the basket view 0 0 100 10 350 initstate 0
Success: False
# episodes completed so far: 797
# successes: 521 (65.4%)
Current task success rate: 0.0
Current total success rate: 0.6537013801756587

Task: pick up the ketchup and place it in the basket view 0 0 100 10 352 initstate 0
Success: True
# episodes completed so far: 798
# successes: 522 (65.4%)
Current task success rate: 1.0
Current total success rate: 0.6541353383458647

Task: pick up the ketchup and place it in the basket view 0 0 100 10 354 initstate 0
Success: True
# episodes completed so far: 799
# successes: 523 (65.5%)
Current task success rate: 1.0
Current total success rate: 0.6545682102628285

Task: pick up the ketchup and place it in the basket view 0 0 100 10 356 initstate 0
Success: False
# episodes completed so far: 800
# successes: 523 (65.4%)
Current task success rate: 0.0
Current total success rate: 0.65375

Task: pick up the ketchup and place it in the basket view 0 0 100 10 358 initstate 0
Success: True
# episodes completed so far: 801
# successes: 524 (65.4%)
Current task success rate: 1.0
Current total success rate: 0.6541822721598003

Task: pick up the ketchup and place it in the basket view 61 0 100 0 0 initstate 0
Success: True
# episodes completed so far: 802
# successes: 525 (65.5%)
Current task success rate: 1.0
Current total success rate: 0.6546134663341646

Task: pick up the ketchup and place it in the basket view 61 15 100 0 0 initstate 0
Success: False
# episodes completed so far: 803
# successes: 525 (65.4%)
Current task success rate: 0.0
Current total success rate: 0.6537982565379825

Task: pick up the ketchup and place it in the basket view 62 0 100 0 0 initstate 0
Success: False
# episodes completed so far: 804
# successes: 525 (65.3%)
Current task success rate: 0.0
Current total success rate: 0.6529850746268657

Task: pick up the ketchup and place it in the basket view 63 0 100 0 0 initstate 0
Success: False
# episodes completed so far: 805
# successes: 525 (65.2%)
Current task success rate: 0.0
Current total success rate: 0.6521739130434783

Task: pick up the ketchup and place it in the basket view 63 15 100 0 0 initstate 0
Success: False
# episodes completed so far: 806
# successes: 525 (65.1%)
Current task success rate: 0.0
Current total success rate: 0.6513647642679901

Task: pick up the ketchup and place it in the basket view 64 15 100 0 0 initstate 0
Success: False
# episodes completed so far: 807
# successes: 525 (65.1%)
Current task success rate: 0.0
Current total success rate: 0.6505576208178439

Task: pick up the ketchup and place it in the basket view 65 0 100 0 0 initstate 0
Success: False
# episodes completed so far: 808
# successes: 525 (65.0%)
Current task success rate: 0.0
Current total success rate: 0.6497524752475248

Task: pick up the ketchup and place it in the basket view 65 15 100 0 0 initstate 0
Success: False
# episodes completed so far: 809
# successes: 525 (64.9%)
Current task success rate: 0.0
Current total success rate: 0.6489493201483313

Task: pick up the ketchup and place it in the basket view 66 0 100 0 0 initstate 0
Success: False
# episodes completed so far: 810
# successes: 525 (64.8%)
Current task success rate: 0.0
Current total success rate: 0.6481481481481481

Task: pick up the ketchup and place it in the basket view 66 15 100 0 0 initstate 0
Success: False
# episodes completed so far: 811
# successes: 525 (64.7%)
Current task success rate: 0.0
Current total success rate: 0.6473489519112207

Task: pick up the ketchup and place it in the basket view 67 0 100 0 0 initstate 0
Success: False
# episodes completed so far: 812
# successes: 525 (64.7%)
Current task success rate: 0.0
Current total success rate: 0.646551724137931

Task: pick up the ketchup and place it in the basket view 67 15 100 0 0 initstate 0
Success: False
# episodes completed so far: 813
# successes: 525 (64.6%)
Current task success rate: 0.0
Current total success rate: 0.6457564575645757

Task: pick up the ketchup and place it in the basket view 68 0 100 0 0 initstate 0
Success: False
# episodes completed so far: 814
# successes: 525 (64.5%)
Current task success rate: 0.0
Current total success rate: 0.644963144963145

Task: pick up the ketchup and place it in the basket view 68 15 100 0 0 initstate 0
Success: False
# episodes completed so far: 815
# successes: 525 (64.4%)
Current task success rate: 0.0
Current total success rate: 0.6441717791411042

Task: pick up the ketchup and place it in the basket view 69 0 100 0 0 initstate 0
Success: False
# episodes completed so far: 816
# successes: 525 (64.3%)
Current task success rate: 0.0
Current total success rate: 0.6433823529411765

Task: pick up the ketchup and place it in the basket view 70 0 100 0 0 initstate 0
Success: False
# episodes completed so far: 817
# successes: 525 (64.3%)
Current task success rate: 0.0
Current total success rate: 0.642594859241126

Task: pick up the ketchup and place it in the basket view 70 15 100 0 0 initstate 0
Success: False
# episodes completed so far: 818
# successes: 525 (64.2%)
Current task success rate: 0.0
Current total success rate: 0.6418092909535452

Task: pick up the ketchup and place it in the basket view 71 0 100 0 0 initstate 0
Success: False
# episodes completed so far: 819
# successes: 525 (64.1%)
Current task success rate: 0.0
Current total success rate: 0.6410256410256411

Task: pick up the ketchup and place it in the basket view 71 15 100 0 0 initstate 0
Success: False
# episodes completed so far: 820
# successes: 525 (64.0%)
Current task success rate: 0.0
Current total success rate: 0.6402439024390244

Task: pick up the ketchup and place it in the basket view 72 0 100 0 0 initstate 0
Success: False
# episodes completed so far: 821
# successes: 525 (63.9%)
Current task success rate: 0.0
Current total success rate: 0.6394640682095006

Task: pick up the ketchup and place it in the basket view 72 15 100 0 0 initstate 0
Success: False
# episodes completed so far: 822
# successes: 525 (63.9%)
Current task success rate: 0.0
Current total success rate: 0.6386861313868614

Task: pick up the ketchup and place it in the basket view 73 0 100 0 0 initstate 0
Success: False
# episodes completed so far: 823
# successes: 525 (63.8%)
Current task success rate: 0.0
Current total success rate: 0.637910085054678

Task: pick up the ketchup and place it in the basket view 73 15 100 0 0 initstate 0
Success: False
# episodes completed so far: 824
# successes: 525 (63.7%)
Current task success rate: 0.0
Current total success rate: 0.6371359223300971

Task: pick up the ketchup and place it in the basket view 74 0 100 0 0 initstate 0
Success: True
# episodes completed so far: 825
# successes: 526 (63.8%)
Current task success rate: 1.0
Current total success rate: 0.6375757575757576

Task: pick up the ketchup and place it in the basket view 74 15 100 0 0 initstate 0
Success: False
# episodes completed so far: 826
# successes: 526 (63.7%)
Current task success rate: 0.0
Current total success rate: 0.6368038740920097

Task: pick up the ketchup and place it in the basket view 75 0 100 0 0 initstate 0
Success: False
# episodes completed so far: 827
# successes: 526 (63.6%)
Current task success rate: 0.0
Current total success rate: 0.6360338573155986

Task: pick up the ketchup and place it in the basket view 75 15 100 0 0 initstate 0
Success: False
# episodes completed so far: 828
# successes: 526 (63.5%)
Current task success rate: 0.0
Current total success rate: 0.6352657004830918

Task: pick up the tomato sauce and place it in the basket view 0 0 151 0 0 initstate 0
Success: True
# episodes completed so far: 829
# successes: 527 (63.6%)
Current task success rate: 1.0
Current total success rate: 0.6357056694813028

Task: pick up the tomato sauce and place it in the basket view 0 0 152 0 0 initstate 0
Success: True
# episodes completed so far: 830
# successes: 528 (63.6%)
Current task success rate: 1.0
Current total success rate: 0.636144578313253

Task: pick up the tomato sauce and place it in the basket view 0 0 153 0 0 initstate 0
Success: True
# episodes completed so far: 831
# successes: 529 (63.7%)
Current task success rate: 1.0
Current total success rate: 0.6365824308062575

Task: pick up the tomato sauce and place it in the basket view 0 0 154 0 0 initstate 0
Success: True
# episodes completed so far: 832
# successes: 530 (63.7%)
Current task success rate: 1.0
Current total success rate: 0.6370192307692307

Task: pick up the tomato sauce and place it in the basket view 0 0 155 0 0 initstate 0
Success: True
# episodes completed so far: 833
# successes: 531 (63.7%)
Current task success rate: 1.0
Current total success rate: 0.6374549819927972

Task: pick up the tomato sauce and place it in the basket view 0 0 156 0 0 initstate 0
Success: True
# episodes completed so far: 834
# successes: 532 (63.8%)
Current task success rate: 1.0
Current total success rate: 0.6378896882494005

Task: pick up the tomato sauce and place it in the basket view 0 0 157 0 0 initstate 0
Success: True
# episodes completed so far: 835
# successes: 533 (63.8%)
Current task success rate: 1.0
Current total success rate: 0.6383233532934132

Task: pick up the tomato sauce and place it in the basket view 0 0 158 0 0 initstate 0
Success: True
# episodes completed so far: 836
# successes: 534 (63.9%)
Current task success rate: 1.0
Current total success rate: 0.638755980861244

Task: pick up the tomato sauce and place it in the basket view 0 0 159 0 0 initstate 0
Success: True
# episodes completed so far: 837
# successes: 535 (63.9%)
Current task success rate: 1.0
Current total success rate: 0.6391875746714456

Task: pick up the tomato sauce and place it in the basket view 0 0 160 0 0 initstate 0
Success: False
# episodes completed so far: 838
# successes: 535 (63.8%)
Current task success rate: 0.0
Current total success rate: 0.6384248210023866

Task: pick up the tomato sauce and place it in the basket view 0 0 100 350 2 initstate 0
Success: False
# episodes completed so far: 839
# successes: 535 (63.8%)
Current task success rate: 0.0
Current total success rate: 0.6376638855780691

Task: pick up the tomato sauce and place it in the basket view 0 0 100 350 4 initstate 0
Success: False
# episodes completed so far: 840
# successes: 535 (63.7%)
Current task success rate: 0.0
Current total success rate: 0.6369047619047619

Task: pick up the tomato sauce and place it in the basket view 0 0 100 350 6 initstate 0
Success: False
# episodes completed so far: 841
# successes: 535 (63.6%)
Current task success rate: 0.0
Current total success rate: 0.6361474435196195

Task: pick up the tomato sauce and place it in the basket view 0 0 100 350 8 initstate 0
Success: False
# episodes completed so far: 842
# successes: 535 (63.5%)
Current task success rate: 0.0
Current total success rate: 0.6353919239904988

Task: pick up the tomato sauce and place it in the basket view 0 0 100 350 10 initstate 0
Success: True
# episodes completed so far: 843
# successes: 536 (63.6%)
Current task success rate: 1.0
Current total success rate: 0.6358244365361803

Task: pick up the tomato sauce and place it in the basket view 0 0 100 350 350 initstate 0
Success: False
# episodes completed so far: 844
# successes: 536 (63.5%)
Current task success rate: 0.0
Current total success rate: 0.6350710900473934

Task: pick up the tomato sauce and place it in the basket view 0 0 100 350 352 initstate 0
Success: False
# episodes completed so far: 845
# successes: 536 (63.4%)
Current task success rate: 0.0
Current total success rate: 0.6343195266272189

Task: pick up the tomato sauce and place it in the basket view 0 0 100 350 354 initstate 0
Success: False
# episodes completed so far: 846
# successes: 536 (63.4%)
Current task success rate: 0.0
Current total success rate: 0.6335697399527187

Task: pick up the tomato sauce and place it in the basket view 0 0 100 350 356 initstate 0
Success: False
# episodes completed so far: 847
# successes: 536 (63.3%)
Current task success rate: 0.0
Current total success rate: 0.6328217237308147

Task: pick up the tomato sauce and place it in the basket view 0 0 100 350 358 initstate 0
Success: False
# episodes completed so far: 848
# successes: 536 (63.2%)
Current task success rate: 0.0
Current total success rate: 0.6320754716981132

Task: pick up the tomato sauce and place it in the basket view 285 0 100 0 0 initstate 0
Success: False
# episodes completed so far: 849
# successes: 536 (63.1%)
Current task success rate: 0.0
Current total success rate: 0.6313309776207303

Task: pick up the tomato sauce and place it in the basket view 285 15 100 0 0 initstate 0
Success: False
# episodes completed so far: 850
# successes: 536 (63.1%)
Current task success rate: 0.0
Current total success rate: 0.6305882352941177

Task: pick up the tomato sauce and place it in the basket view 286 0 100 0 0 initstate 0
Success: False
# episodes completed so far: 851
# successes: 536 (63.0%)
Current task success rate: 0.0
Current total success rate: 0.6298472385428907

Task: pick up the tomato sauce and place it in the basket view 286 15 100 0 0 initstate 0
Success: False
# episodes completed so far: 852
# successes: 536 (62.9%)
Current task success rate: 0.0
Current total success rate: 0.6291079812206573

Task: pick up the tomato sauce and place it in the basket view 287 0 100 0 0 initstate 0
Success: False
# episodes completed so far: 853
# successes: 536 (62.8%)
Current task success rate: 0.0
Current total success rate: 0.6283704572098476

Task: pick up the tomato sauce and place it in the basket view 287 15 100 0 0 initstate 0
Success: False
# episodes completed so far: 854
# successes: 536 (62.8%)
Current task success rate: 0.0
Current total success rate: 0.6276346604215457

Task: pick up the tomato sauce and place it in the basket view 288 0 100 0 0 initstate 0
Success: False
# episodes completed so far: 855
# successes: 536 (62.7%)
Current task success rate: 0.0
Current total success rate: 0.6269005847953216

Task: pick up the tomato sauce and place it in the basket view 288 15 100 0 0 initstate 0
Success: False
# episodes completed so far: 856
# successes: 536 (62.6%)
Current task success rate: 0.0
Current total success rate: 0.6261682242990654

Task: pick up the tomato sauce and place it in the basket view 289 0 100 0 0 initstate 0
Success: True
# episodes completed so far: 857
# successes: 537 (62.7%)
Current task success rate: 1.0
Current total success rate: 0.6266044340723453

Task: pick up the tomato sauce and place it in the basket view 289 15 100 0 0 initstate 0
Success: False
# episodes completed so far: 858
# successes: 537 (62.6%)
Current task success rate: 0.0
Current total success rate: 0.6258741258741258

Task: pick up the tomato sauce and place it in the basket view 290 0 100 0 0 initstate 0
Success: False
# episodes completed so far: 859
# successes: 537 (62.5%)
Current task success rate: 0.0
Current total success rate: 0.6251455180442375

Task: pick up the tomato sauce and place it in the basket view 290 15 100 0 0 initstate 0
Success: False
# episodes completed so far: 860
# successes: 537 (62.4%)
Current task success rate: 0.0
Current total success rate: 0.6244186046511628

Task: pick up the tomato sauce and place it in the basket view 291 0 100 0 0 initstate 0
Success: False
# episodes completed so far: 861
# successes: 537 (62.4%)
Current task success rate: 0.0
Current total success rate: 0.6236933797909407

Task: pick up the tomato sauce and place it in the basket view 291 15 100 0 0 initstate 0
Success: False
# episodes completed so far: 862
# successes: 537 (62.3%)
Current task success rate: 0.0
Current total success rate: 0.622969837587007

Task: pick up the tomato sauce and place it in the basket view 292 0 100 0 0 initstate 0
Success: False
# episodes completed so far: 863
# successes: 537 (62.2%)
Current task success rate: 0.0
Current total success rate: 0.6222479721900348

Task: pick up the tomato sauce and place it in the basket view 292 15 100 0 0 initstate 0
Success: False
# episodes completed so far: 864
# successes: 537 (62.2%)
Current task success rate: 0.0
Current total success rate: 0.6215277777777778

Task: pick up the tomato sauce and place it in the basket view 293 0 100 0 0 initstate 0
Success: False
# episodes completed so far: 865
# successes: 537 (62.1%)
Current task success rate: 0.0
Current total success rate: 0.6208092485549133

Task: pick up the tomato sauce and place it in the basket view 293 15 100 0 0 initstate 0
Success: False
# episodes completed so far: 866
# successes: 537 (62.0%)
Current task success rate: 0.0
Current total success rate: 0.6200923787528868

Task: pick up the tomato sauce and place it in the basket view 294 0 100 0 0 initstate 0
Success: False
# episodes completed so far: 867
# successes: 537 (61.9%)
Current task success rate: 0.0
Current total success rate: 0.6193771626297578

Task: pick up the tomato sauce and place it in the basket view 294 15 100 0 0 initstate 0
Success: False
# episodes completed so far: 868
# successes: 537 (61.9%)
Current task success rate: 0.0
Current total success rate: 0.618663594470046

Task: pick up the tomato sauce and place it in the basket view 295 0 100 0 0 initstate 0
Success: False
# episodes completed so far: 869
# successes: 537 (61.8%)
Current task success rate: 0.0
Current total success rate: 0.61795166858458

Task: pick up the tomato sauce and place it in the basket view 295 15 100 0 0 initstate 0
Success: False
# episodes completed so far: 870
# successes: 537 (61.7%)
Current task success rate: 0.0
Current total success rate: 0.6172413793103448

Task: pick up the tomato sauce and place it in the basket view 296 0 100 0 0 initstate 0
Success: True
# episodes completed so far: 871
# successes: 538 (61.8%)
Current task success rate: 1.0
Current total success rate: 0.6176808266360505

Task: pick up the tomato sauce and place it in the basket view 296 15 100 0 0 initstate 0
Success: True
# episodes completed so far: 872
# successes: 539 (61.8%)
Current task success rate: 1.0
Current total success rate: 0.6181192660550459

Task: pick up the tomato sauce and place it in the basket view 297 0 100 0 0 initstate 0
Success: False
# episodes completed so far: 873
# successes: 539 (61.7%)
Current task success rate: 0.0
Current total success rate: 0.6174112256586484

Task: pick up the tomato sauce and place it in the basket view 297 15 100 0 0 initstate 0
Success: False
# episodes completed so far: 874
# successes: 539 (61.7%)
Current task success rate: 0.0
Current total success rate: 0.6167048054919908

Task: pick up the tomato sauce and place it in the basket view 298 0 100 0 0 initstate 0
Success: False
# episodes completed so far: 875
# successes: 539 (61.6%)
Current task success rate: 0.0
Current total success rate: 0.616

Task: pick up the tomato sauce and place it in the basket view 298 15 100 0 0 initstate 0
Success: False
# episodes completed so far: 876
# successes: 539 (61.5%)
Current task success rate: 0.0
Current total success rate: 0.615296803652968

Task: pick up the tomato sauce and place it in the basket view 299 0 100 0 0 initstate 0
Success: False
# episodes completed so far: 877
# successes: 539 (61.5%)
Current task success rate: 0.0
Current total success rate: 0.6145952109464082

Task: pick up the tomato sauce and place it in the basket view 299 15 100 0 0 initstate 0
Success: False
# episodes completed so far: 878
# successes: 539 (61.4%)
Current task success rate: 0.0
Current total success rate: 0.6138952164009112

Task: pick up the butter and place it in the basket view 0 0 161 0 0 initstate 0
Success: True
# episodes completed so far: 879
# successes: 540 (61.4%)
Current task success rate: 1.0
Current total success rate: 0.6143344709897611

Task: pick up the butter and place it in the basket view 0 0 162 0 0 initstate 0
Success: True
# episodes completed so far: 880
# successes: 541 (61.5%)
Current task success rate: 1.0
Current total success rate: 0.6147727272727272

Task: pick up the butter and place it in the basket view 0 0 163 0 0 initstate 0
Success: True
# episodes completed so far: 881
# successes: 542 (61.5%)
Current task success rate: 1.0
Current total success rate: 0.6152099886492622

Task: pick up the butter and place it in the basket view 0 0 164 0 0 initstate 0
Success: True
# episodes completed so far: 882
# successes: 543 (61.6%)
Current task success rate: 1.0
Current total success rate: 0.6156462585034014

Task: pick up the butter and place it in the basket view 0 0 165 0 0 initstate 0
Success: True
# episodes completed so far: 883
# successes: 544 (61.6%)
Current task success rate: 1.0
Current total success rate: 0.6160815402038505

Task: pick up the butter and place it in the basket view 0 0 166 0 0 initstate 0
Success: True
# episodes completed so far: 884
# successes: 545 (61.7%)
Current task success rate: 1.0
Current total success rate: 0.6165158371040724

Task: pick up the butter and place it in the basket view 0 0 167 0 0 initstate 0
Success: True
# episodes completed so far: 885
# successes: 546 (61.7%)
Current task success rate: 1.0
Current total success rate: 0.6169491525423729

Task: pick up the butter and place it in the basket view 0 0 168 0 0 initstate 0
Success: True
# episodes completed so far: 886
# successes: 547 (61.7%)
Current task success rate: 1.0
Current total success rate: 0.6173814898419865

Task: pick up the butter and place it in the basket view 0 0 169 0 0 initstate 0
Success: True
# episodes completed so far: 887
# successes: 548 (61.8%)
Current task success rate: 1.0
Current total success rate: 0.6178128523111612

Task: pick up the butter and place it in the basket view 0 0 170 0 0 initstate 0
Success: True
# episodes completed so far: 888
# successes: 549 (61.8%)
Current task success rate: 1.0
Current total success rate: 0.6182432432432432

Task: pick up the butter and place it in the basket view 0 0 100 352 2 initstate 0
Success: False
# episodes completed so far: 889
# successes: 549 (61.8%)
Current task success rate: 0.0
Current total success rate: 0.6175478065241845

Task: pick up the butter and place it in the basket view 0 0 100 352 4 initstate 0
Success: False
# episodes completed so far: 890
# successes: 549 (61.7%)
Current task success rate: 0.0
Current total success rate: 0.6168539325842697

Task: pick up the butter and place it in the basket view 0 0 100 352 6 initstate 0
Success: False
# episodes completed so far: 891
# successes: 549 (61.6%)
Current task success rate: 0.0
Current total success rate: 0.6161616161616161

Task: pick up the butter and place it in the basket view 0 0 100 352 10 initstate 0
Success: False
# episodes completed so far: 892
# successes: 549 (61.5%)
Current task success rate: 0.0
Current total success rate: 0.6154708520179372

Task: pick up the butter and place it in the basket view 0 0 100 352 350 initstate 0
Success: False
# episodes completed so far: 893
# successes: 549 (61.5%)
Current task success rate: 0.0
Current total success rate: 0.6147816349384099

Task: pick up the butter and place it in the basket view 0 0 100 352 352 initstate 0
Success: False
# episodes completed so far: 894
# successes: 549 (61.4%)
Current task success rate: 0.0
Current total success rate: 0.6140939597315436

Task: pick up the butter and place it in the basket view 0 0 100 352 354 initstate 0
Success: False
# episodes completed so far: 895
# successes: 549 (61.3%)
Current task success rate: 0.0
Current total success rate: 0.6134078212290502

Task: pick up the butter and place it in the basket view 0 0 100 352 356 initstate 0
Success: False
# episodes completed so far: 896
# successes: 549 (61.3%)
Current task success rate: 0.0
Current total success rate: 0.6127232142857143

Task: pick up the butter and place it in the basket view 0 0 100 352 358 initstate 0
Success: False
# episodes completed so far: 897
# successes: 549 (61.2%)
Current task success rate: 0.0
Current total success rate: 0.6120401337792643

Task: pick up the butter and place it in the basket view 300 0 100 0 0 initstate 0
Success: False
# episodes completed so far: 898
# successes: 549 (61.1%)
Current task success rate: 0.0
Current total success rate: 0.611358574610245

Task: pick up the butter and place it in the basket view 300 15 100 0 0 initstate 0
Success: False
# episodes completed so far: 899
# successes: 549 (61.1%)
Current task success rate: 0.0
Current total success rate: 0.610678531701891

Task: pick up the butter and place it in the basket view 301 0 100 0 0 initstate 0
Success: False
# episodes completed so far: 900
# successes: 549 (61.0%)
Current task success rate: 0.0
Current total success rate: 0.61

Task: pick up the butter and place it in the basket view 301 15 100 0 0 initstate 0
Success: False
# episodes completed so far: 901
# successes: 549 (60.9%)
Current task success rate: 0.0
Current total success rate: 0.609322974472808

Task: pick up the butter and place it in the basket view 302 0 100 0 0 initstate 0
Success: False
# episodes completed so far: 902
# successes: 549 (60.9%)
Current task success rate: 0.0
Current total success rate: 0.6086474501108647

Task: pick up the butter and place it in the basket view 302 15 100 0 0 initstate 0
Success: False
# episodes completed so far: 903
# successes: 549 (60.8%)
Current task success rate: 0.0
Current total success rate: 0.6079734219269103

Task: pick up the butter and place it in the basket view 303 0 100 0 0 initstate 0
Success: False
# episodes completed so far: 904
# successes: 549 (60.7%)
Current task success rate: 0.0
Current total success rate: 0.6073008849557522

Task: pick up the butter and place it in the basket view 303 15 100 0 0 initstate 0
Success: False
# episodes completed so far: 905
# successes: 549 (60.7%)
Current task success rate: 0.0
Current total success rate: 0.6066298342541436

Task: pick up the butter and place it in the basket view 304 0 100 0 0 initstate 0
Success: False
# episodes completed so far: 906
# successes: 549 (60.6%)
Current task success rate: 0.0
Current total success rate: 0.6059602649006622

Task: pick up the butter and place it in the basket view 304 15 100 0 0 initstate 0
Success: False
# episodes completed so far: 907
# successes: 549 (60.5%)
Current task success rate: 0.0
Current total success rate: 0.6052921719955898

Task: pick up the butter and place it in the basket view 305 0 100 0 0 initstate 0
Success: False
# episodes completed so far: 908
# successes: 549 (60.5%)
Current task success rate: 0.0
Current total success rate: 0.6046255506607929

Task: pick up the butter and place it in the basket view 305 15 100 0 0 initstate 0
Success: False
# episodes completed so far: 909
# successes: 549 (60.4%)
Current task success rate: 0.0
Current total success rate: 0.6039603960396039

Task: pick up the butter and place it in the basket view 306 0 100 0 0 initstate 0
Success: False
# episodes completed so far: 910
# successes: 549 (60.3%)
Current task success rate: 0.0
Current total success rate: 0.6032967032967033

Task: pick up the butter and place it in the basket view 306 15 100 0 0 initstate 0
Success: False
# episodes completed so far: 911
# successes: 549 (60.3%)
Current task success rate: 0.0
Current total success rate: 0.6026344676180022

Task: pick up the butter and place it in the basket view 307 0 100 0 0 initstate 0
Success: False
# episodes completed so far: 912
# successes: 549 (60.2%)
Current task success rate: 0.0
Current total success rate: 0.6019736842105263

Task: pick up the butter and place it in the basket view 307 15 100 0 0 initstate 0
Success: False
# episodes completed so far: 913
# successes: 549 (60.1%)
Current task success rate: 0.0
Current total success rate: 0.6013143483023001

Task: pick up the butter and place it in the basket view 308 0 100 0 0 initstate 0
Success: False
# episodes completed so far: 914
# successes: 549 (60.1%)
Current task success rate: 0.0
Current total success rate: 0.600656455142232

Task: pick up the butter and place it in the basket view 308 15 100 0 0 initstate 0
Success: False
# episodes completed so far: 915
# successes: 549 (60.0%)
Current task success rate: 0.0
Current total success rate: 0.6

Task: pick up the butter and place it in the basket view 309 0 100 0 0 initstate 0
Success: False
# episodes completed so far: 916
# successes: 549 (59.9%)
Current task success rate: 0.0
Current total success rate: 0.5993449781659389

Task: pick up the butter and place it in the basket view 309 15 100 0 0 initstate 0
Success: False
# episodes completed so far: 917
# successes: 549 (59.9%)
Current task success rate: 0.0
Current total success rate: 0.5986913849509269

Task: pick up the butter and place it in the basket view 310 0 100 0 0 initstate 0
Success: False
# episodes completed so far: 918
# successes: 549 (59.8%)
Current task success rate: 0.0
Current total success rate: 0.5980392156862745

Task: pick up the butter and place it in the basket view 310 15 100 0 0 initstate 0
Success: False
# episodes completed so far: 919
# successes: 549 (59.7%)
Current task success rate: 0.0
Current total success rate: 0.5973884657236126

Task: pick up the butter and place it in the basket view 311 0 100 0 0 initstate 0
Success: False
# episodes completed so far: 920
# successes: 549 (59.7%)
Current task success rate: 0.0
Current total success rate: 0.5967391304347827

Task: pick up the butter and place it in the basket view 311 15 100 0 0 initstate 0
Success: False
# episodes completed so far: 921
# successes: 549 (59.6%)
Current task success rate: 0.0
Current total success rate: 0.5960912052117264

Task: pick up the butter and place it in the basket view 312 0 100 0 0 initstate 0
Success: False
# episodes completed so far: 922
# successes: 549 (59.5%)
Current task success rate: 0.0
Current total success rate: 0.5954446854663774

Task: pick up the butter and place it in the basket view 312 15 100 0 0 initstate 0
Success: False
# episodes completed so far: 923
# successes: 549 (59.5%)
Current task success rate: 0.0
Current total success rate: 0.5947995666305526

Task: pick up the butter and place it in the basket view 313 0 100 0 0 initstate 0
Success: False
# episodes completed so far: 924
# successes: 549 (59.4%)
Current task success rate: 0.0
Current total success rate: 0.5941558441558441

Task: pick up the butter and place it in the basket view 313 15 100 0 0 initstate 0
Success: False
# episodes completed so far: 925
# successes: 549 (59.4%)
Current task success rate: 0.0
Current total success rate: 0.5935135135135136

Task: pick up the butter and place it in the basket view 314 0 100 0 0 initstate 0
Success: False
# episodes completed so far: 926
# successes: 549 (59.3%)
Current task success rate: 0.0
Current total success rate: 0.5928725701943844

Task: pick up the butter and place it in the basket view 314 15 100 0 0 initstate 0
Success: False
# episodes completed so far: 927
# successes: 549 (59.2%)
Current task success rate: 0.0
Current total success rate: 0.5922330097087378

Task: pick up the milk and place it in the basket view 0 0 171 0 0 initstate 0
Success: True
# episodes completed so far: 928
# successes: 550 (59.3%)
Current task success rate: 1.0
Current total success rate: 0.5926724137931034

Task: pick up the milk and place it in the basket view 0 0 172 0 0 initstate 0
Success: True
# episodes completed so far: 929
# successes: 551 (59.3%)
Current task success rate: 1.0
Current total success rate: 0.5931108719052745

Task: pick up the milk and place it in the basket view 0 0 173 0 0 initstate 0
Success: True
# episodes completed so far: 930
# successes: 552 (59.4%)
Current task success rate: 1.0
Current total success rate: 0.5935483870967742

Task: pick up the milk and place it in the basket view 0 0 174 0 0 initstate 0
Success: True
# episodes completed so far: 931
# successes: 553 (59.4%)
Current task success rate: 1.0
Current total success rate: 0.5939849624060151

Task: pick up the milk and place it in the basket view 0 0 175 0 0 initstate 0
Success: False
# episodes completed so far: 932
# successes: 553 (59.3%)
Current task success rate: 0.0
Current total success rate: 0.5933476394849786

Task: pick up the milk and place it in the basket view 0 0 176 0 0 initstate 0
Success: True
# episodes completed so far: 933
# successes: 554 (59.4%)
Current task success rate: 1.0
Current total success rate: 0.5937834941050375

Task: pick up the milk and place it in the basket view 0 0 177 0 0 initstate 0
Success: True
# episodes completed so far: 934
# successes: 555 (59.4%)
Current task success rate: 1.0
Current total success rate: 0.5942184154175589

Task: pick up the milk and place it in the basket view 0 0 178 0 0 initstate 0
Success: False
# episodes completed so far: 935
# successes: 555 (59.4%)
Current task success rate: 0.0
Current total success rate: 0.5935828877005348

Task: pick up the milk and place it in the basket view 0 0 179 0 0 initstate 0
Success: True
# episodes completed so far: 936
# successes: 556 (59.4%)
Current task success rate: 1.0
Current total success rate: 0.594017094017094

Task: pick up the milk and place it in the basket view 0 0 180 0 0 initstate 0
Success: True
# episodes completed so far: 937
# successes: 557 (59.4%)
Current task success rate: 1.0
Current total success rate: 0.5944503735325507

Task: pick up the milk and place it in the basket view 0 0 100 354 2 initstate 0
Success: False
# episodes completed so far: 938
# successes: 557 (59.4%)
Current task success rate: 0.0
Current total success rate: 0.593816631130064

Task: pick up the milk and place it in the basket view 0 0 100 354 4 initstate 0
Success: False
# episodes completed so far: 939
# successes: 557 (59.3%)
Current task success rate: 0.0
Current total success rate: 0.5931842385516507

Task: pick up the milk and place it in the basket view 0 0 100 354 6 initstate 0
Success: True
# episodes completed so far: 940
# successes: 558 (59.4%)
Current task success rate: 1.0
Current total success rate: 0.5936170212765958

Task: pick up the milk and place it in the basket view 0 0 100 354 10 initstate 0
Success: True
# episodes completed so far: 941
# successes: 559 (59.4%)
Current task success rate: 1.0
Current total success rate: 0.594048884165781

Task: pick up the milk and place it in the basket view 0 0 100 354 350 initstate 0
Success: False
# episodes completed so far: 942
# successes: 559 (59.3%)
Current task success rate: 0.0
Current total success rate: 0.5934182590233545

Task: pick up the milk and place it in the basket view 0 0 100 354 352 initstate 0
Success: True
# episodes completed so far: 943
# successes: 560 (59.4%)
Current task success rate: 1.0
Current total success rate: 0.5938494167550371

Task: pick up the milk and place it in the basket view 0 0 100 354 354 initstate 0
Success: False
# episodes completed so far: 944
# successes: 560 (59.3%)
Current task success rate: 0.0
Current total success rate: 0.5932203389830508

Task: pick up the milk and place it in the basket view 0 0 100 354 356 initstate 0
Success: False
# episodes completed so far: 945
# successes: 560 (59.3%)
Current task success rate: 0.0
Current total success rate: 0.5925925925925926

Task: pick up the milk and place it in the basket view 0 0 100 354 358 initstate 0
Success: False
# episodes completed so far: 946
# successes: 560 (59.2%)
Current task success rate: 0.0
Current total success rate: 0.5919661733615222

Task: pick up the milk and place it in the basket view 315 0 100 0 0 initstate 0
Success: False
# episodes completed so far: 947
# successes: 560 (59.1%)
Current task success rate: 0.0
Current total success rate: 0.5913410770855333

Task: pick up the milk and place it in the basket view 315 15 100 0 0 initstate 0
Success: False
# episodes completed so far: 948
# successes: 560 (59.1%)
Current task success rate: 0.0
Current total success rate: 0.5907172995780591

Task: pick up the milk and place it in the basket view 316 0 100 0 0 initstate 0
Success: True
# episodes completed so far: 949
# successes: 561 (59.1%)
Current task success rate: 1.0
Current total success rate: 0.5911485774499473

Task: pick up the milk and place it in the basket view 316 15 100 0 0 initstate 0
Success: False
# episodes completed so far: 950
# successes: 561 (59.1%)
Current task success rate: 0.0
Current total success rate: 0.5905263157894737

Task: pick up the milk and place it in the basket view 317 0 100 0 0 initstate 0
Success: False
# episodes completed so far: 951
# successes: 561 (59.0%)
Current task success rate: 0.0
Current total success rate: 0.5899053627760252

Task: pick up the milk and place it in the basket view 317 15 100 0 0 initstate 0
Success: False
# episodes completed so far: 952
# successes: 561 (58.9%)
Current task success rate: 0.0
Current total success rate: 0.5892857142857143

Task: pick up the milk and place it in the basket view 318 0 100 0 0 initstate 0
Success: False
# episodes completed so far: 953
# successes: 561 (58.9%)
Current task success rate: 0.0
Current total success rate: 0.5886673662119623

Task: pick up the milk and place it in the basket view 318 15 100 0 0 initstate 0
Success: False
# episodes completed so far: 954
# successes: 561 (58.8%)
Current task success rate: 0.0
Current total success rate: 0.5880503144654088

Task: pick up the milk and place it in the basket view 319 0 100 0 0 initstate 0
Success: False
# episodes completed so far: 955
# successes: 561 (58.7%)
Current task success rate: 0.0
Current total success rate: 0.587434554973822

Task: pick up the milk and place it in the basket view 319 15 100 0 0 initstate 0
Success: False
# episodes completed so far: 956
# successes: 561 (58.7%)
Current task success rate: 0.0
Current total success rate: 0.5868200836820083

Task: pick up the milk and place it in the basket view 320 0 100 0 0 initstate 0
Success: False
# episodes completed so far: 957
# successes: 561 (58.6%)
Current task success rate: 0.0
Current total success rate: 0.5862068965517241

Task: pick up the milk and place it in the basket view 320 15 100 0 0 initstate 0
Success: False
# episodes completed so far: 958
# successes: 561 (58.6%)
Current task success rate: 0.0
Current total success rate: 0.5855949895615866

Task: pick up the milk and place it in the basket view 321 0 100 0 0 initstate 0
Success: False
# episodes completed so far: 959
# successes: 561 (58.5%)
Current task success rate: 0.0
Current total success rate: 0.5849843587069864

Task: pick up the milk and place it in the basket view 321 15 100 0 0 initstate 0
Success: False
# episodes completed so far: 960
# successes: 561 (58.4%)
Current task success rate: 0.0
Current total success rate: 0.584375

Task: pick up the milk and place it in the basket view 322 0 100 0 0 initstate 0
Success: False
# episodes completed so far: 961
# successes: 561 (58.4%)
Current task success rate: 0.0
Current total success rate: 0.5837669094693028

Task: pick up the milk and place it in the basket view 322 15 100 0 0 initstate 0
Success: False
# episodes completed so far: 962
# successes: 561 (58.3%)
Current task success rate: 0.0
Current total success rate: 0.5831600831600832

Task: pick up the milk and place it in the basket view 323 0 100 0 0 initstate 0
Success: False
# episodes completed so far: 963
# successes: 561 (58.3%)
Current task success rate: 0.0
Current total success rate: 0.5825545171339563

Task: pick up the milk and place it in the basket view 323 15 100 0 0 initstate 0
Success: False
# episodes completed so far: 964
# successes: 561 (58.2%)
Current task success rate: 0.0
Current total success rate: 0.5819502074688797

Task: pick up the milk and place it in the basket view 324 0 100 0 0 initstate 0
Success: False
# episodes completed so far: 965
# successes: 561 (58.1%)
Current task success rate: 0.0
Current total success rate: 0.5813471502590674

Task: pick up the milk and place it in the basket view 324 15 100 0 0 initstate 0
Success: False
# episodes completed so far: 966
# successes: 561 (58.1%)
Current task success rate: 0.0
Current total success rate: 0.5807453416149069

Task: pick up the milk and place it in the basket view 325 15 100 0 0 initstate 0
Success: False
# episodes completed so far: 967
# successes: 561 (58.0%)
Current task success rate: 0.0
Current total success rate: 0.5801447776628749

Task: pick up the milk and place it in the basket view 326 0 100 0 0 initstate 0
Success: True
# episodes completed so far: 968
# successes: 562 (58.1%)
Current task success rate: 1.0
Current total success rate: 0.5805785123966942

Task: pick up the milk and place it in the basket view 326 15 100 0 0 initstate 0
Success: True
# episodes completed so far: 969
# successes: 563 (58.1%)
Current task success rate: 1.0
Current total success rate: 0.5810113519091847

Task: pick up the milk and place it in the basket view 327 0 100 0 0 initstate 0
Success: False
# episodes completed so far: 970
# successes: 563 (58.0%)
Current task success rate: 0.0
Current total success rate: 0.5804123711340207

Task: pick up the milk and place it in the basket view 327 15 100 0 0 initstate 0
Success: False
# episodes completed so far: 971
# successes: 563 (58.0%)
Current task success rate: 0.0
Current total success rate: 0.5798146240988672

Task: pick up the milk and place it in the basket view 328 0 100 0 0 initstate 0
Success: False
# episodes completed so far: 972
# successes: 563 (57.9%)
Current task success rate: 0.0
Current total success rate: 0.5792181069958847

Task: pick up the milk and place it in the basket view 328 15 100 0 0 initstate 0
Success: True
# episodes completed so far: 973
# successes: 564 (58.0%)
Current task success rate: 1.0
Current total success rate: 0.579650565262076

Task: pick up the milk and place it in the basket view 329 0 100 0 0 initstate 0
Success: False
# episodes completed so far: 974
# successes: 564 (57.9%)
Current task success rate: 0.0
Current total success rate: 0.5790554414784395

Task: pick up the milk and place it in the basket view 329 15 100 0 0 initstate 0
Success: False
# episodes completed so far: 975
# successes: 564 (57.8%)
Current task success rate: 0.0
Current total success rate: 0.5784615384615385

Task: pick up the chocolate pudding and place it in the basket view 0 0 181 0 0 initstate 0
Success: True
# episodes completed so far: 976
# successes: 565 (57.9%)
Current task success rate: 1.0
Current total success rate: 0.5788934426229508

Task: pick up the chocolate pudding and place it in the basket view 0 0 182 0 0 initstate 0
Success: True
# episodes completed so far: 977
# successes: 566 (57.9%)
Current task success rate: 1.0
Current total success rate: 0.579324462640737

Task: pick up the chocolate pudding and place it in the basket view 0 0 183 0 0 initstate 0
Success: False
# episodes completed so far: 978
# successes: 566 (57.9%)
Current task success rate: 0.0
Current total success rate: 0.5787321063394683

Task: pick up the chocolate pudding and place it in the basket view 0 0 184 0 0 initstate 0
Success: True
# episodes completed so far: 979
# successes: 567 (57.9%)
Current task success rate: 1.0
Current total success rate: 0.5791624106230848

Task: pick up the chocolate pudding and place it in the basket view 0 0 185 0 0 initstate 0
Success: True
# episodes completed so far: 980
# successes: 568 (58.0%)
Current task success rate: 1.0
Current total success rate: 0.5795918367346938

Task: pick up the chocolate pudding and place it in the basket view 0 0 186 0 0 initstate 0
Success: False
# episodes completed so far: 981
# successes: 568 (57.9%)
Current task success rate: 0.0
Current total success rate: 0.5790010193679919

Task: pick up the chocolate pudding and place it in the basket view 0 0 187 0 0 initstate 0
Success: True
# episodes completed so far: 982
# successes: 569 (57.9%)
Current task success rate: 1.0
Current total success rate: 0.5794297352342159

Task: pick up the chocolate pudding and place it in the basket view 0 0 188 0 0 initstate 0
Success: False
# episodes completed so far: 983
# successes: 569 (57.9%)
Current task success rate: 0.0
Current total success rate: 0.5788402848423194

Task: pick up the chocolate pudding and place it in the basket view 0 0 189 0 0 initstate 0
Success: True
# episodes completed so far: 984
# successes: 570 (57.9%)
Current task success rate: 1.0
Current total success rate: 0.5792682926829268

Task: pick up the chocolate pudding and place it in the basket view 0 0 190 0 0 initstate 0
Success: True
# episodes completed so far: 985
# successes: 571 (58.0%)
Current task success rate: 1.0
Current total success rate: 0.5796954314720812

Task: pick up the chocolate pudding and place it in the basket view 0 0 100 356 10 initstate 0
Success: True
# episodes completed so far: 986
# successes: 572 (58.0%)
Current task success rate: 1.0
Current total success rate: 0.5801217038539553

Task: pick up the chocolate pudding and place it in the basket view 0 0 100 356 350 initstate 0
Success: False
# episodes completed so far: 987
# successes: 572 (58.0%)
Current task success rate: 0.0
Current total success rate: 0.5795339412360689

Task: pick up the chocolate pudding and place it in the basket view 0 0 100 356 352 initstate 0
Success: True
# episodes completed so far: 988
# successes: 573 (58.0%)
Current task success rate: 1.0
Current total success rate: 0.5799595141700404

Task: pick up the chocolate pudding and place it in the basket view 0 0 100 356 354 initstate 0
Success: False
# episodes completed so far: 989
# successes: 573 (57.9%)
Current task success rate: 0.0
Current total success rate: 0.5793731041456016

Task: pick up the chocolate pudding and place it in the basket view 330 0 100 0 0 initstate 0
Success: False
# episodes completed so far: 990
# successes: 573 (57.9%)
Current task success rate: 0.0
Current total success rate: 0.5787878787878787

Task: pick up the chocolate pudding and place it in the basket view 330 15 100 0 0 initstate 0
Success: False
# episodes completed so far: 991
# successes: 573 (57.8%)
Current task success rate: 0.0
Current total success rate: 0.5782038345105953

Task: pick up the chocolate pudding and place it in the basket view 331 0 100 0 0 initstate 0
Success: False
# episodes completed so far: 992
# successes: 573 (57.8%)
Current task success rate: 0.0
Current total success rate: 0.5776209677419355

Task: pick up the chocolate pudding and place it in the basket view 331 15 100 0 0 initstate 0
Success: False
# episodes completed so far: 993
# successes: 573 (57.7%)
Current task success rate: 0.0
Current total success rate: 0.5770392749244713

Task: pick up the chocolate pudding and place it in the basket view 332 0 100 0 0 initstate 0
Success: True
# episodes completed so far: 994
# successes: 574 (57.7%)
Current task success rate: 1.0
Current total success rate: 0.5774647887323944

Task: pick up the chocolate pudding and place it in the basket view 332 15 100 0 0 initstate 0
Success: False
# episodes completed so far: 995
# successes: 574 (57.7%)
Current task success rate: 0.0
Current total success rate: 0.5768844221105528

Task: pick up the chocolate pudding and place it in the basket view 333 0 100 0 0 initstate 0
Success: False
# episodes completed so far: 996
# successes: 574 (57.6%)
Current task success rate: 0.0
Current total success rate: 0.5763052208835341

Task: pick up the chocolate pudding and place it in the basket view 333 15 100 0 0 initstate 0
Success: False
# episodes completed so far: 997
# successes: 574 (57.6%)
Current task success rate: 0.0
Current total success rate: 0.5757271815446339

Task: pick up the chocolate pudding and place it in the basket view 334 0 100 0 0 initstate 0
Success: False
# episodes completed so far: 998
# successes: 574 (57.5%)
Current task success rate: 0.0
Current total success rate: 0.5751503006012024

Task: pick up the chocolate pudding and place it in the basket view 334 15 100 0 0 initstate 0
Success: False
# episodes completed so far: 999
# successes: 574 (57.5%)
Current task success rate: 0.0
Current total success rate: 0.5745745745745746

Task: pick up the chocolate pudding and place it in the basket view 335 0 100 0 0 initstate 0
Success: False
# episodes completed so far: 1000
# successes: 574 (57.4%)
Current task success rate: 0.0
Current total success rate: 0.574

Task: pick up the chocolate pudding and place it in the basket view 335 15 100 0 0 initstate 0
Success: False
# episodes completed so far: 1001
# successes: 574 (57.3%)
Current task success rate: 0.0
Current total success rate: 0.5734265734265734

Task: pick up the chocolate pudding and place it in the basket view 336 0 100 0 0 initstate 0
Success: True
# episodes completed so far: 1002
# successes: 575 (57.4%)
Current task success rate: 1.0
Current total success rate: 0.5738522954091816

Task: pick up the chocolate pudding and place it in the basket view 336 15 100 0 0 initstate 0
Success: False
# episodes completed so far: 1003
# successes: 575 (57.3%)
Current task success rate: 0.0
Current total success rate: 0.5732801595214357

Task: pick up the chocolate pudding and place it in the basket view 337 0 100 0 0 initstate 0
Success: False
# episodes completed so far: 1004
# successes: 575 (57.3%)
Current task success rate: 0.0
Current total success rate: 0.5727091633466136

Task: pick up the chocolate pudding and place it in the basket view 337 15 100 0 0 initstate 0
Success: False
# episodes completed so far: 1005
# successes: 575 (57.2%)
Current task success rate: 0.0
Current total success rate: 0.572139303482587

Task: pick up the chocolate pudding and place it in the basket view 338 0 100 0 0 initstate 0
Success: True
# episodes completed so far: 1006
# successes: 576 (57.3%)
Current task success rate: 1.0
Current total success rate: 0.5725646123260437

Task: pick up the chocolate pudding and place it in the basket view 338 15 100 0 0 initstate 0
Success: False
# episodes completed so far: 1007
# successes: 576 (57.2%)
Current task success rate: 0.0
Current total success rate: 0.5719960278053625

Task: pick up the chocolate pudding and place it in the basket view 339 0 100 0 0 initstate 0
Success: True
# episodes completed so far: 1008
# successes: 577 (57.2%)
Current task success rate: 1.0
Current total success rate: 0.5724206349206349

Task: pick up the chocolate pudding and place it in the basket view 339 15 100 0 0 initstate 0
Success: False
# episodes completed so far: 1009
# successes: 577 (57.2%)
Current task success rate: 0.0
Current total success rate: 0.5718533201189296

Task: pick up the chocolate pudding and place it in the basket view 340 0 100 0 0 initstate 0
Success: False
# episodes completed so far: 1010
# successes: 577 (57.1%)
Current task success rate: 0.0
Current total success rate: 0.5712871287128712

Task: pick up the chocolate pudding and place it in the basket view 340 15 100 0 0 initstate 0
Success: False
# episodes completed so far: 1011
# successes: 577 (57.1%)
Current task success rate: 0.0
Current total success rate: 0.5707220573689417

Task: pick up the chocolate pudding and place it in the basket view 341 15 100 0 0 initstate 0
Success: True
# episodes completed so far: 1012
# successes: 578 (57.1%)
Current task success rate: 1.0
Current total success rate: 0.5711462450592886

Task: pick up the chocolate pudding and place it in the basket view 342 0 100 0 0 initstate 0
Success: True
# episodes completed so far: 1013
# successes: 579 (57.2%)
Current task success rate: 1.0
Current total success rate: 0.5715695952615992

Task: pick up the chocolate pudding and place it in the basket view 342 15 100 0 0 initstate 0
Success: False
# episodes completed so far: 1014
# successes: 579 (57.1%)
Current task success rate: 0.0
Current total success rate: 0.5710059171597633

Task: pick up the chocolate pudding and place it in the basket view 343 15 100 0 0 initstate 0
Success: False
# episodes completed so far: 1015
# successes: 579 (57.0%)
Current task success rate: 0.0
Current total success rate: 0.5704433497536946

Task: pick up the chocolate pudding and place it in the basket view 344 15 100 0 0 initstate 0
Success: False
# episodes completed so far: 1016
# successes: 579 (57.0%)
Current task success rate: 0.0
Current total success rate: 0.5698818897637795

Task: pick up the orange juice and place it in the basket view 0 0 191 0 0 initstate 0
Success: False
# episodes completed so far: 1017
# successes: 579 (56.9%)
Current task success rate: 0.0
Current total success rate: 0.5693215339233039

Task: pick up the orange juice and place it in the basket view 0 0 192 0 0 initstate 0
Success: False
# episodes completed so far: 1018
# successes: 579 (56.9%)
Current task success rate: 0.0
Current total success rate: 0.568762278978389

Task: pick up the orange juice and place it in the basket view 0 0 193 0 0 initstate 0
Success: True
# episodes completed so far: 1019
# successes: 580 (56.9%)
Current task success rate: 1.0
Current total success rate: 0.5691854759568205

Task: pick up the orange juice and place it in the basket view 0 0 194 0 0 initstate 0
Success: False
# episodes completed so far: 1020
# successes: 580 (56.9%)
Current task success rate: 0.0
Current total success rate: 0.5686274509803921

Task: pick up the orange juice and place it in the basket view 0 0 195 0 0 initstate 0
Success: False
# episodes completed so far: 1021
# successes: 580 (56.8%)
Current task success rate: 0.0
Current total success rate: 0.5680705190989226

Task: pick up the orange juice and place it in the basket view 0 0 196 0 0 initstate 0
Success: False
# episodes completed so far: 1022
# successes: 580 (56.8%)
Current task success rate: 0.0
Current total success rate: 0.5675146771037182

Task: pick up the orange juice and place it in the basket view 0 0 197 0 0 initstate 0
Success: False
# episodes completed so far: 1023
# successes: 580 (56.7%)
Current task success rate: 0.0
Current total success rate: 0.5669599217986315

Task: pick up the orange juice and place it in the basket view 0 0 198 0 0 initstate 0
Success: True
# episodes completed so far: 1024
# successes: 581 (56.7%)
Current task success rate: 1.0
Current total success rate: 0.5673828125

Task: pick up the orange juice and place it in the basket view 0 0 199 0 0 initstate 0
Success: True
# episodes completed so far: 1025
# successes: 582 (56.8%)
Current task success rate: 1.0
Current total success rate: 0.5678048780487804

Task: pick up the orange juice and place it in the basket view 0 0 200 0 0 initstate 0
Success: False
# episodes completed so far: 1026
# successes: 582 (56.7%)
Current task success rate: 0.0
Current total success rate: 0.5672514619883041

Task: pick up the orange juice and place it in the basket view 0 0 100 358 2 initstate 0
Success: True
# episodes completed so far: 1027
# successes: 583 (56.8%)
Current task success rate: 1.0
Current total success rate: 0.5676728334956183

Task: pick up the orange juice and place it in the basket view 0 0 100 358 6 initstate 0
Success: True
# episodes completed so far: 1028
# successes: 584 (56.8%)
Current task success rate: 1.0
Current total success rate: 0.5680933852140078

Task: pick up the orange juice and place it in the basket view 0 0 100 358 8 initstate 0
Success: True
# episodes completed so far: 1029
# successes: 585 (56.9%)
Current task success rate: 1.0
Current total success rate: 0.5685131195335277

Task: pick up the orange juice and place it in the basket view 0 0 100 358 10 initstate 0
Success: True
# episodes completed so far: 1030
# successes: 586 (56.9%)
Current task success rate: 1.0
Current total success rate: 0.5689320388349515

Task: pick up the orange juice and place it in the basket view 0 0 100 358 350 initstate 0
Success: False
# episodes completed so far: 1031
# successes: 586 (56.8%)
Current task success rate: 0.0
Current total success rate: 0.5683802133850631

Task: pick up the orange juice and place it in the basket view 0 0 100 358 352 initstate 0
Success: False
# episodes completed so far: 1032
# successes: 586 (56.8%)
Current task success rate: 0.0
Current total success rate: 0.5678294573643411

Task: pick up the orange juice and place it in the basket view 0 0 100 358 354 initstate 0
Success: False
# episodes completed so far: 1033
# successes: 586 (56.7%)
Current task success rate: 0.0
Current total success rate: 0.5672797676669894

Task: pick up the orange juice and place it in the basket view 345 0 100 0 0 initstate 0
Success: True
# episodes completed so far: 1034
# successes: 587 (56.8%)
Current task success rate: 1.0
Current total success rate: 0.5676982591876208

Task: pick up the orange juice and place it in the basket view 345 15 100 0 0 initstate 0
Success: True
# episodes completed so far: 1035
# successes: 588 (56.8%)
Current task success rate: 1.0
Current total success rate: 0.5681159420289855

Task: pick up the orange juice and place it in the basket view 346 0 100 0 0 initstate 0
Success: True
# episodes completed so far: 1036
# successes: 589 (56.9%)
Current task success rate: 1.0
Current total success rate: 0.5685328185328186

Task: pick up the orange juice and place it in the basket view 347 0 100 0 0 initstate 0
Success: True
# episodes completed so far: 1037
# successes: 590 (56.9%)
Current task success rate: 1.0
Current total success rate: 0.5689488910318226

Task: pick up the orange juice and place it in the basket view 352 15 100 0 0 initstate 0
Success: True
# episodes completed so far: 1038
# successes: 591 (56.9%)
Current task success rate: 1.0
Current total success rate: 0.569364161849711

Task: pick up the orange juice and place it in the basket view 355 15 100 0 0 initstate 0
Success: True
# episodes completed so far: 1039
# successes: 592 (57.0%)
Current task success rate: 1.0
Current total success rate: 0.5697786333012512

Task: pick up the orange juice and place it in the basket view 356 0 100 0 0 initstate 0
Success: True
# episodes completed so far: 1040
# successes: 593 (57.0%)
Current task success rate: 1.0
Current total success rate: 0.5701923076923077

Task: pick up the orange juice and place it in the basket view 356 15 100 0 0 initstate 0
Success: False
# episodes completed so far: 1041
# successes: 593 (57.0%)
Current task success rate: 0.0
Current total success rate: 0.5696445725264169

Task: pick up the orange juice and place it in the basket view 359 15 100 0 0 initstate 0
Success: True
# episodes completed so far: 1042
# successes: 594 (57.0%)
Current task success rate: 1.0
Current total success rate: 0.5700575815738963

Task: as part of our grocery organization please pick up the alphabet soup and place it in the basket
Success: True
# episodes completed so far: 1043
# successes: 595 (57.0%)
Current task success rate: 1.0
Current total success rate: 0.5704697986577181

Task: collect the alphabet soup and set it in the basket
Success: True
# episodes completed so far: 1044
# successes: 596 (57.1%)
Current task success rate: 1.0
Current total success rate: 0.5708812260536399

Task: collect the brothbased entrée with letters and position it in the woven container
Success: True
# episodes completed so far: 1045
# successes: 597 (57.1%)
Current task success rate: 1.0
Current total success rate: 0.5712918660287082

Task: would you mind picking up the alphabet soup from the shelf and placing it in the basket
Success: True
# episodes completed so far: 1046
# successes: 598 (57.2%)
Current task success rate: 1.0
Current total success rate: 0.5717017208413002

Task: lift the alphabet soup and insert it into the basket
Success: True
# episodes completed so far: 1047
# successes: 599 (57.2%)
Current task success rate: 1.0
Current total success rate: 0.5721107927411653

Task: grasp the alphabet soup and set it in the basket
Success: True
# episodes completed so far: 1048
# successes: 600 (57.3%)
Current task success rate: 1.0
Current total success rate: 0.5725190839694656

Task: to complete this step pick up the alphabet soup carefully and place it in the basket
Success: True
# episodes completed so far: 1049
# successes: 601 (57.3%)
Current task success rate: 1.0
Current total success rate: 0.572926596758818

Task: lift the soup featuring letters and deposit it in the woven holder
Success: True
# episodes completed so far: 1050
# successes: 602 (57.3%)
Current task success rate: 1.0
Current total success rate: 0.5733333333333334

Task: before the store closes pick up the alphabet soup and place it in the shopping basket
Success: True
# episodes completed so far: 1051
# successes: 603 (57.4%)
Current task success rate: 1.0
Current total success rate: 0.5737392959086585

Task: as part of our alphabet learning activity pick up the alphabet soup and place it in the basket
Success: True
# episodes completed so far: 1052
# successes: 604 (57.4%)
Current task success rate: 1.0
Current total success rate: 0.5741444866920152

Task: as your next task locate the alphabet soup pick it up and place it in the basket
Success: False
# episodes completed so far: 1053
# successes: 604 (57.4%)
Current task success rate: 0.0
Current total success rate: 0.5735992402659069

Task: the basket is ready now please pick up the alphabet soup and place it inside
Success: True
# episodes completed so far: 1054
# successes: 605 (57.4%)
Current task success rate: 1.0
Current total success rate: 0.5740037950664136

Task: could you put the alphabet soup in the basket please
Success: True
# episodes completed so far: 1055
# successes: 606 (57.4%)
Current task success rate: 1.0
Current total success rate: 0.5744075829383887

Task: pick up the container of noodle letters and place it in the woven holder
Success: True
# episodes completed so far: 1056
# successes: 607 (57.5%)
Current task success rate: 1.0
Current total success rate: 0.5748106060606061

Task: grasp the alphabet soup and deposit it in the hamper
Success: True
# episodes completed so far: 1057
# successes: 608 (57.5%)
Current task success rate: 1.0
Current total success rate: 0.575212866603595

Task: the next item to organize is the alphabet soup please pick it up and place it in the basket
Success: True
# episodes completed so far: 1058
# successes: 609 (57.6%)
Current task success rate: 1.0
Current total success rate: 0.5756143667296786

Task: can you put the alphabet soup in the basket
Success: True
# episodes completed so far: 1059
# successes: 610 (57.6%)
Current task success rate: 1.0
Current total success rate: 0.5760151085930123

Task: for our cooking project we need you to pick up the alphabet soup and place it in the basket
Success: True
# episodes completed so far: 1060
# successes: 611 (57.6%)
Current task success rate: 1.0
Current total success rate: 0.5764150943396227

Task: could you make sure the alphabet soup ends up in the basket
Success: True
# episodes completed so far: 1061
# successes: 612 (57.7%)
Current task success rate: 1.0
Current total success rate: 0.5768143261074458

Task: grab the alphabet soup and set it in the basket
Success: True
# episodes completed so far: 1062
# successes: 613 (57.7%)
Current task success rate: 1.0
Current total success rate: 0.5772128060263654

Task: pick up the bowl of letterthemed broth and place it in the woven container
Success: True
# episodes completed so far: 1063
# successes: 614 (57.8%)
Current task success rate: 1.0
Current total success rate: 0.5776105362182502

Task: pick up the brothy concoction of lettershaped pasta and place it in the woven container
Success: True
# episodes completed so far: 1064
# successes: 615 (57.8%)
Current task success rate: 1.0
Current total success rate: 0.5780075187969925

Task: for todays task pick up the alphabet soup and carefully place it in the basket
Success: True
# episodes completed so far: 1065
# successes: 616 (57.8%)
Current task success rate: 1.0
Current total success rate: 0.5784037558685446

Task: grasp the cream cheese and deposit it into the basket
Success: True
# episodes completed so far: 1066
# successes: 617 (57.9%)
Current task success rate: 1.0
Current total success rate: 0.5787992495309568

Task: collect the cream cheese and set it in the basket
Success: True
# episodes completed so far: 1067
# successes: 618 (57.9%)
Current task success rate: 1.0
Current total success rate: 0.5791940018744143

Task: the cream cheese should be picked up and placed in the basket immediately
Success: True
# episodes completed so far: 1068
# successes: 619 (58.0%)
Current task success rate: 1.0
Current total success rate: 0.5795880149812734

Task: grasp the spreadable dairy product and deposit it into the woven container
Success: True
# episodes completed so far: 1069
# successes: 620 (58.0%)
Current task success rate: 1.0
Current total success rate: 0.5799812909260992

Task: grasp the spreadable dairy product and position it within the woven container
Success: True
# episodes completed so far: 1070
# successes: 621 (58.0%)
Current task success rate: 1.0
Current total success rate: 0.5803738317757009

Task: lift the cream cheese and position it in the basket
Success: True
# episodes completed so far: 1071
# successes: 622 (58.1%)
Current task success rate: 1.0
Current total success rate: 0.580765639589169

Task: lift the spread often used for bagels and add it to the container meant for holding items during shopping
Success: True
# episodes completed so far: 1072
# successes: 623 (58.1%)
Current task success rate: 1.0
Current total success rate: 0.5811567164179104

Task: pick up the spreadable dairy product and place it in the woven carrying container
Success: True
# episodes completed so far: 1073
# successes: 624 (58.2%)
Current task success rate: 1.0
Current total success rate: 0.581547064305685

Task: please retrieve the cream cheese and put it into the basket
Success: True
# episodes completed so far: 1074
# successes: 625 (58.2%)
Current task success rate: 1.0
Current total success rate: 0.5819366852886406

Task: pick up the spread often used on bagels and place it in the container typically made of woven materials
Success: True
# episodes completed so far: 1075
# successes: 626 (58.2%)
Current task success rate: 1.0
Current total success rate: 0.5823255813953488

Task: for our recipe well need to pick up the cream cheese and place it in the basket
Success: True
# episodes completed so far: 1076
# successes: 627 (58.3%)
Current task success rate: 1.0
Current total success rate: 0.5827137546468402

Task: can you put the cream cheese in the basket for me
Success: True
# episodes completed so far: 1077
# successes: 628 (58.3%)
Current task success rate: 1.0
Current total success rate: 0.5831012070566388

Task: could you get the cream cheese and put it in the basket please
Success: True
# episodes completed so far: 1078
# successes: 629 (58.3%)
Current task success rate: 1.0
Current total success rate: 0.5834879406307978

Task: grasp the spread used for bagels and relocate it to the woven container for holding items
Success: True
# episodes completed so far: 1079
# successes: 630 (58.4%)
Current task success rate: 1.0
Current total success rate: 0.5838739573679332

Task: were running low on time quickly pick up the cream cheese and put it in the basket
Success: True
# episodes completed so far: 1080
# successes: 631 (58.4%)
Current task success rate: 1.0
Current total success rate: 0.5842592592592593

Task: lift the spread used on bagels and deposit it inside the woven container
Success: True
# episodes completed so far: 1081
# successes: 632 (58.5%)
Current task success rate: 1.0
Current total success rate: 0.5846438482886216

Task: grasp the spread often used on bagels and position it within the woven container designed for carrying items
Success: True
# episodes completed so far: 1082
# successes: 633 (58.5%)
Current task success rate: 1.0
Current total success rate: 0.5850277264325323

Task: lets get the cream cheese and place it in the basket shall we
Success: True
# episodes completed so far: 1083
# successes: 634 (58.5%)
Current task success rate: 1.0
Current total success rate: 0.5854108956602031

Task: add the cream cheese to the basket
Success: True
# episodes completed so far: 1084
# successes: 635 (58.6%)
Current task success rate: 1.0
Current total success rate: 0.5857933579335793

Task: grasp the cream cheese and insert it into the basket
Success: True
# episodes completed so far: 1085
# successes: 636 (58.6%)
Current task success rate: 1.0
Current total success rate: 0.5861751152073733

Task: pick up the spread used on bagels and place it in the woven container for carrying items
Success: True
# episodes completed so far: 1086
# successes: 637 (58.7%)
Current task success rate: 1.0
Current total success rate: 0.5865561694290976

Task: would you mind putting the cream cheese in the basket for me please
Success: True
# episodes completed so far: 1087
# successes: 638 (58.7%)
Current task success rate: 1.0
Current total success rate: 0.5869365225390984

Task: grasp the cream cheese and position it inside the basket
Success: True
# episodes completed so far: 1088
# successes: 639 (58.7%)
Current task success rate: 1.0
Current total success rate: 0.5873161764705882

Task: could you please pick up the cream cheese and put it in the basket
Success: True
# episodes completed so far: 1089
# successes: 640 (58.8%)
Current task success rate: 1.0
Current total success rate: 0.5876951331496786

Task: grasp the cream cheese and deposit it in the basket
Success: True
# episodes completed so far: 1090
# successes: 641 (58.8%)
Current task success rate: 1.0
Current total success rate: 0.5880733944954128

Task: grab the cream cheese and put it in the basket
Success: True
# episodes completed so far: 1091
# successes: 642 (58.8%)
Current task success rate: 1.0
Current total success rate: 0.5884509624197983

Task: gather the soft spreadable dairy product and position it inside the woven container
Success: True
# episodes completed so far: 1092
# successes: 643 (58.9%)
Current task success rate: 1.0
Current total success rate: 0.5888278388278388

Task: your task is simple pick up the cream cheese and place it in the basket
Success: True
# episodes completed so far: 1093
# successes: 644 (58.9%)
Current task success rate: 1.0
Current total success rate: 0.5892040256175664

Task: would you mind picking up the cream cheese and moving it to the basket
Success: True
# episodes completed so far: 1094
# successes: 645 (59.0%)
Current task success rate: 1.0
Current total success rate: 0.5895795246800731

Task: lift the spreadable dairy product and deposit it inside the woven container
Success: True
# episodes completed so far: 1095
# successes: 646 (59.0%)
Current task success rate: 1.0
Current total success rate: 0.5899543378995433

Task: grasp the cream cheese and set it in the basket
Success: True
# episodes completed so far: 1096
# successes: 647 (59.0%)
Current task success rate: 1.0
Current total success rate: 0.5903284671532847

Task: lift the spread often used on bagels and move it to the woven container
Success: True
# episodes completed so far: 1097
# successes: 648 (59.1%)
Current task success rate: 1.0
Current total success rate: 0.5907019143117593

Task: the cream cheese is on the counter please pick it up and place it in the basket
Success: True
# episodes completed so far: 1098
# successes: 649 (59.1%)
Current task success rate: 1.0
Current total success rate: 0.5910746812386156

Task: could you add the cream cheese to the basket
Success: True
# episodes completed so far: 1099
# successes: 650 (59.1%)
Current task success rate: 1.0
Current total success rate: 0.5914467697907189

Task: pick up the condiment intended for greens and place it in the woven container for carrying items
Success: True
# episodes completed so far: 1100
# successes: 651 (59.2%)
Current task success rate: 1.0
Current total success rate: 0.5918181818181818

Task: after washing your hands please pick up the salad dressing and place it in the basket
Success: True
# episodes completed so far: 1101
# successes: 652 (59.2%)
Current task success rate: 1.0
Current total success rate: 0.592188919164396

Task: the recipe calls for dressing would you mind picking it up and putting it in the basket
Success: True
# episodes completed so far: 1102
# successes: 653 (59.3%)
Current task success rate: 1.0
Current total success rate: 0.5925589836660617

Task: can you ensure the salad dressing ends up in the basket
Success: True
# episodes completed so far: 1103
# successes: 654 (59.3%)
Current task success rate: 1.0
Current total success rate: 0.5929283771532184

Task: pick up the condiment used for enhancing the flavor of leafy greens and place it in the woven container for carrying items
Success: True
# episodes completed so far: 1104
# successes: 655 (59.3%)
Current task success rate: 1.0
Current total success rate: 0.5932971014492754

Task: grasp the container of liquid used for enhancing the flavor of leafy greens and rest it within the woven container for carrying items
Success: True
# episodes completed so far: 1105
# successes: 656 (59.4%)
Current task success rate: 1.0
Current total success rate: 0.5936651583710407

Task: pick up the condiment used for flavoring greens and place it in the woven container
Success: True
# episodes completed so far: 1106
# successes: 657 (59.4%)
Current task success rate: 1.0
Current total success rate: 0.5940325497287523

Task: before you sit down pick up the salad dressing and place it in the basket on the counter
Success: True
# episodes completed so far: 1107
# successes: 658 (59.4%)
Current task success rate: 1.0
Current total success rate: 0.5943992773261066

Task: pick up the bottle containing the liquid used for enhancing the flavor of greens and vegetables and place it in the woven container for carrying items
Success: True
# episodes completed so far: 1108
# successes: 659 (59.5%)
Current task success rate: 1.0
Current total success rate: 0.5947653429602888

Task: before the guests arrive pick up the salad dressing and place it in the basket on the dining table
Success: True
# episodes completed so far: 1109
# successes: 660 (59.5%)
Current task success rate: 1.0
Current total success rate: 0.5951307484220018

Task: pick up the condiment used for flavoring greens and place it in the carrying container designed for shopping
Success: True
# episodes completed so far: 1110
# successes: 661 (59.5%)
Current task success rate: 1.0
Current total success rate: 0.5954954954954955

Task: grasp the container for enhancing the flavor of greens and relocate it to the woven holder for carrying items
Success: True
# episodes completed so far: 1111
# successes: 662 (59.6%)
Current task success rate: 1.0
Current total success rate: 0.5958595859585959

Task: im preparing dinner could you help by picking up the salad dressing and placing it in the basket
Success: True
# episodes completed so far: 1112
# successes: 663 (59.6%)
Current task success rate: 1.0
Current total success rate: 0.5962230215827338

Task: pick up the condiment used for enhancing the flavor of greens and relocate it to the carrying container designed for holding groceries
Success: True
# episodes completed so far: 1113
# successes: 664 (59.7%)
Current task success rate: 1.0
Current total success rate: 0.5965858041329739

Task: the basket looks empty pick up the salad dressing and place it there to complete our meal setup
Success: True
# episodes completed so far: 1114
# successes: 665 (59.7%)
Current task success rate: 1.0
Current total success rate: 0.5969479353680431

Task: pick up the liquid condiment for greens and place it in the woven carrier
Success: True
# episodes completed so far: 1115
# successes: 666 (59.7%)
Current task success rate: 1.0
Current total success rate: 0.5973094170403588

Task: please make sure the salad dressing ends up in the basket
Success: True
# episodes completed so far: 1116
# successes: 667 (59.8%)
Current task success rate: 1.0
Current total success rate: 0.5976702508960573

Task: could you put the salad dressing in the basket for me
Success: True
# episodes completed so far: 1117
# successes: 668 (59.8%)
Current task success rate: 1.0
Current total success rate: 0.5980304386750224

Task: our picnic isnt ready yet pick up the salad dressing and place it in the basket with other condiments
Success: True
# episodes completed so far: 1118
# successes: 669 (59.8%)
Current task success rate: 1.0
Current total success rate: 0.5983899821109123

Task: for food safety reasons please pick up the salad dressing and place it in the sealed basket
Success: True
# episodes completed so far: 1119
# successes: 670 (59.9%)
Current task success rate: 1.0
Current total success rate: 0.5987488829311886

Task: pick up the condiment often used on leafy green dishes and place it in the woven container
Success: True
# episodes completed so far: 1120
# successes: 671 (59.9%)
Current task success rate: 1.0
Current total success rate: 0.5991071428571428

Task: grab the salad dressing and set it in the basket
Success: True
# episodes completed so far: 1121
# successes: 672 (59.9%)
Current task success rate: 1.0
Current total success rate: 0.5994647636039251

Task: ensure the salad dressing ends up in the basket
Success: True
# episodes completed so far: 1122
# successes: 673 (60.0%)
Current task success rate: 1.0
Current total success rate: 0.5998217468805704

Task: grasp the container of liquid condiment and deposit it in the woven holder
Success: False
# episodes completed so far: 1123
# successes: 673 (59.9%)
Current task success rate: 0.0
Current total success rate: 0.5992876224398932

Task: grasp the salad dressing and position it in the basket
Success: True
# episodes completed so far: 1124
# successes: 674 (60.0%)
Current task success rate: 1.0
Current total success rate: 0.599644128113879

Task: pick up the liquid condiment for greens and place it in the woven container for carrying items
Success: True
# episodes completed so far: 1125
# successes: 675 (60.0%)
Current task success rate: 1.0
Current total success rate: 0.6

Task: our grocery list is almost done just pick up the salad dressing and place it in the basket
Success: True
# episodes completed so far: 1126
# successes: 676 (60.0%)
Current task success rate: 1.0
Current total success rate: 0.6003552397868561

Task: grab the salad sauce and set it in the basket
Success: True
# episodes completed so far: 1127
# successes: 677 (60.1%)
Current task success rate: 1.0
Current total success rate: 0.6007098491570542

Task: the salad isnt complete yet grab the dressing and place it in the basket with the other ingredients
Success: True
# episodes completed so far: 1128
# successes: 678 (60.1%)
Current task success rate: 1.0
Current total success rate: 0.601063829787234

Task: id like the salad dressing in the basket please
Success: True
# episodes completed so far: 1129
# successes: 679 (60.1%)
Current task success rate: 1.0
Current total success rate: 0.6014171833480957

Task: the basket is missing one item pick up the salad dressing and place it there to complete the set
Success: True
# episodes completed so far: 1130
# successes: 680 (60.2%)
Current task success rate: 1.0
Current total success rate: 0.6017699115044248

Task: to save time later pick up the salad dressing now and place it in the meal prep basket
Success: True
# episodes completed so far: 1131
# successes: 681 (60.2%)
Current task success rate: 1.0
Current total success rate: 0.6021220159151194

Task: lift the salad dressing and set it in the basket
Success: True
# episodes completed so far: 1132
# successes: 682 (60.2%)
Current task success rate: 1.0
Current total success rate: 0.6024734982332155

Task: for our healthy meal prep please pick up the salad dressing and add it to the basket
Success: True
# episodes completed so far: 1133
# successes: 683 (60.3%)
Current task success rate: 1.0
Current total success rate: 0.6028243601059136

Task: grab the salad condiment and set it in the basket
Success: True
# episodes completed so far: 1134
# successes: 684 (60.3%)
Current task success rate: 1.0
Current total success rate: 0.6031746031746031

Task: pick up the condiment used for flavoring greens and place it in the container for carrying goods
Success: True
# episodes completed so far: 1135
# successes: 685 (60.4%)
Current task success rate: 1.0
Current total success rate: 0.6035242290748899

Task: dont forget the condiments pick up the bbq sauce and place it in the basket
Success: True
# episodes completed so far: 1136
# successes: 686 (60.4%)
Current task success rate: 1.0
Current total success rate: 0.6038732394366197

Task: grasp the smoky grilling condiment and deposit it into the woven container
Success: True
# episodes completed so far: 1137
# successes: 687 (60.4%)
Current task success rate: 1.0
Current total success rate: 0.604221635883905

Task: to prepare for dinner your task is to pick up the bbq sauce and place it in the basket
Success: True
# episodes completed so far: 1138
# successes: 688 (60.5%)
Current task success rate: 1.0
Current total success rate: 0.6045694200351494

Task: for our cookout later could you pick up the bbq sauce and put it in the basket
Success: True
# episodes completed so far: 1139
# successes: 689 (60.5%)
Current task success rate: 1.0
Current total success rate: 0.6049165935030729

Task: i love bbq sauce please pick it up and put it in the shopping basket for me
Success: False
# episodes completed so far: 1140
# successes: 689 (60.4%)
Current task success rate: 0.0
Current total success rate: 0.6043859649122807

Task: lift the bbq sauce and set it in the basket
Success: True
# episodes completed so far: 1141
# successes: 690 (60.5%)
Current task success rate: 1.0
Current total success rate: 0.6047326906222612

Task: make sure the bbq sauce ends up in the basket
Success: False
# episodes completed so far: 1142
# successes: 690 (60.4%)
Current task success rate: 0.0
Current total success rate: 0.6042031523642732

Task: grasp the condiment typically used for grilling meats and position it in the container for carrying purchases
Success: True
# episodes completed so far: 1143
# successes: 691 (60.5%)
Current task success rate: 1.0
Current total success rate: 0.6045494313210849

Task: for safety please pick up the bbq sauce carefully and place it in the basket
Success: True
# episodes completed so far: 1144
# successes: 692 (60.5%)
Current task success rate: 1.0
Current total success rate: 0.6048951048951049

Task: grasp the condiment often used for grilling meats and transfer it to the woven container
Success: True
# episodes completed so far: 1145
# successes: 693 (60.5%)
Current task success rate: 1.0
Current total success rate: 0.605240174672489

Task: grasp the condiment often used for grilling and deposit it into the woven container
Success: True
# episodes completed so far: 1146
# successes: 694 (60.6%)
Current task success rate: 1.0
Current total success rate: 0.6055846422338569

Task: grab the bbq condiment and set it in the basket
Success: True
# episodes completed so far: 1147
# successes: 695 (60.6%)
Current task success rate: 1.0
Current total success rate: 0.6059285091543156

Task: lets organize the kitchen pick up the bbq sauce and place it in the basket with other condiments
Success: True
# episodes completed so far: 1148
# successes: 696 (60.6%)
Current task success rate: 1.0
Current total success rate: 0.6062717770034843

Task: could you do me a favor pick up the bbq sauce and place it in the basket please
Success: True
# episodes completed so far: 1149
# successes: 697 (60.7%)
Current task success rate: 1.0
Current total success rate: 0.6066144473455178

Task: retrieve the bbq sauce and set it in the basket
Success: True
# episodes completed so far: 1150
# successes: 698 (60.7%)
Current task success rate: 1.0
Current total success rate: 0.6069565217391304

Task: grab the bbq condiment and set it in the basket
Success: True
# episodes completed so far: 1151
# successes: 699 (60.7%)
Current task success rate: 1.0
Current total success rate: 0.6072980017376195

Task: could you put the bbq sauce in the basket please
Success: True
# episodes completed so far: 1152
# successes: 700 (60.8%)
Current task success rate: 1.0
Current total success rate: 0.6076388888888888

Task: pick up the condiment generally used for grilling and place it in the container for carrying items
Success: True
# episodes completed so far: 1153
# successes: 701 (60.8%)
Current task success rate: 1.0
Current total success rate: 0.6079791847354726

Task: could you put the bbq sauce in the basket for me please
Success: True
# episodes completed so far: 1154
# successes: 702 (60.8%)
Current task success rate: 1.0
Current total success rate: 0.608318890814558

Task: take the bbq sauce and set it in the basket
Success: False
# episodes completed so far: 1155
# successes: 702 (60.8%)
Current task success rate: 0.0
Current total success rate: 0.6077922077922078

Task: the bbq sauce is essential for our meal so pick it up and place it in the basket now
Success: True
# episodes completed so far: 1156
# successes: 703 (60.8%)
Current task success rate: 1.0
Current total success rate: 0.6081314878892734

Task: put the bbq sauce in the basket
Success: True
# episodes completed so far: 1157
# successes: 704 (60.8%)
Current task success rate: 1.0
Current total success rate: 0.6084701815038893

Task: grasp the condiment bottle used for grilling and deposit it into the woven container
Success: False
# episodes completed so far: 1158
# successes: 704 (60.8%)
Current task success rate: 0.0
Current total success rate: 0.6079447322970639

Task: take hold of the condiment bottle typically used for grilling and deposit it inside the woven container designed for holding items
Success: True
# episodes completed so far: 1159
# successes: 705 (60.8%)
Current task success rate: 1.0
Current total success rate: 0.6082830025884383

Task: the bbq sauce is on the counter pick it up and place it in the basket would you
Success: True
# episodes completed so far: 1160
# successes: 706 (60.9%)
Current task success rate: 1.0
Current total success rate: 0.6086206896551725

Task: can you ensure the bbq sauce ends up in the basket
Success: True
# episodes completed so far: 1161
# successes: 707 (60.9%)
Current task success rate: 1.0
Current total success rate: 0.6089577950043066

Task: grab the ketchup and set it in the basket
Success: True
# episodes completed so far: 1162
# successes: 708 (60.9%)
Current task success rate: 1.0
Current total success rate: 0.6092943201376936

Task: for our bbq preparation we need you to pick up the ketchup and place it in the basket
Success: False
# episodes completed so far: 1163
# successes: 708 (60.9%)
Current task success rate: 0.0
Current total success rate: 0.6087704213241617

Task: can you make sure the ketchup ends up in the basket
Success: True
# episodes completed so far: 1164
# successes: 709 (60.9%)
Current task success rate: 1.0
Current total success rate: 0.6091065292096219

Task: grab the ketchup and position it in the basket
Success: True
# episodes completed so far: 1165
# successes: 710 (60.9%)
Current task success rate: 1.0
Current total success rate: 0.6094420600858369

Task: for inventory purposes please pick up the ketchup and place it in the designated basket
Success: True
# episodes completed so far: 1166
# successes: 711 (61.0%)
Current task success rate: 1.0
Current total success rate: 0.6097770154373928

Task: quick task pick up the ketchup thats near the fridge and put it in the basket
Success: True
# episodes completed so far: 1167
# successes: 712 (61.0%)
Current task success rate: 1.0
Current total success rate: 0.6101113967437874

Task: before you leave remember to pick up the ketchup and place it in the basket by the door
Success: True
# episodes completed so far: 1168
# successes: 713 (61.0%)
Current task success rate: 1.0
Current total success rate: 0.610445205479452

Task: for proper organization pick up the ketchup bottle and place it in the basket labeled condiments
Success: True
# episodes completed so far: 1169
# successes: 714 (61.1%)
Current task success rate: 1.0
Current total success rate: 0.6107784431137725

Task: lift the red condiment bottle and position it within the woven container
Success: True
# episodes completed so far: 1170
# successes: 715 (61.1%)
Current task success rate: 1.0
Current total success rate: 0.6111111111111112

Task: the cooking show starts soon first pick up the ketchup and place it in the basket
Success: True
# episodes completed so far: 1171
# successes: 716 (61.1%)
Current task success rate: 1.0
Current total success rate: 0.6114432109308283

Task: attention please pick up the heinz ketchup bottle and place it in the wicker basket
Success: True
# episodes completed so far: 1172
# successes: 717 (61.2%)
Current task success rate: 1.0
Current total success rate: 0.6117747440273038

Task: collect the ketchup and deposit it in the basket
Success: True
# episodes completed so far: 1173
# successes: 718 (61.2%)
Current task success rate: 1.0
Current total success rate: 0.6121057118499573

Task: could you please pick up the ketchup and put it in the basket its for the picnic later
Success: True
# episodes completed so far: 1174
# successes: 719 (61.2%)
Current task success rate: 1.0
Current total success rate: 0.6124361158432708

Task: pick up the red condiment bottle and place it in the container for carrying items
Success: False
# episodes completed so far: 1175
# successes: 719 (61.2%)
Current task success rate: 0.0
Current total success rate: 0.6119148936170212

Task: grab the ketchup and put it in the basket
Success: True
# episodes completed so far: 1176
# successes: 720 (61.2%)
Current task success rate: 1.0
Current total success rate: 0.6122448979591837

Task: i noticed the ketchup is out of place would you pick it up and put it in the basket
Success: True
# episodes completed so far: 1177
# successes: 721 (61.3%)
Current task success rate: 1.0
Current total success rate: 0.6125743415463042

Task: retrieve the red condiment bottle and deposit it into the woven container
Success: False
# episodes completed so far: 1178
# successes: 721 (61.2%)
Current task success rate: 0.0
Current total success rate: 0.6120543293718166

Task: grasp the red condiment container and set it inside the woven storage holder
Success: False
# episodes completed so far: 1179
# successes: 721 (61.2%)
Current task success rate: 0.0
Current total success rate: 0.6115351993214588

Task: hey there would you mind picking up that ketchup and putting it in the basket thanks
Success: True
# episodes completed so far: 1180
# successes: 722 (61.2%)
Current task success rate: 1.0
Current total success rate: 0.611864406779661

Task: before the guests arrive pick up the ketchup and place it in the basket on the patio
Success: True
# episodes completed so far: 1181
# successes: 723 (61.2%)
Current task success rate: 1.0
Current total success rate: 0.6121930567315834

Task: could you put the ketchup in the basket
Success: True
# episodes completed so far: 1182
# successes: 724 (61.3%)
Current task success rate: 1.0
Current total success rate: 0.6125211505922166

Task: our checklist says we need the ketchup could you pick it up and place it in the basket
Success: True
# episodes completed so far: 1183
# successes: 725 (61.3%)
Current task success rate: 1.0
Current total success rate: 0.6128486897717667

Task: lift the ketchup and position it in the basket
Success: True
# episodes completed so far: 1184
# successes: 726 (61.3%)
Current task success rate: 1.0
Current total success rate: 0.6131756756756757

Task: grasp the red condiment container and set it inside the woven holder
Success: False
# episodes completed so far: 1185
# successes: 726 (61.3%)
Current task success rate: 0.0
Current total success rate: 0.6126582278481013

Task: pick up the ketchup bottle now and transfer it to the basket on your left
Success: True
# episodes completed so far: 1186
# successes: 727 (61.3%)
Current task success rate: 1.0
Current total success rate: 0.6129848229342327

Task: grasp the red condiment bottle and deposit it inside the woven container designed for holding items
Success: False
# episodes completed so far: 1187
# successes: 727 (61.2%)
Current task success rate: 0.0
Current total success rate: 0.6124684077506318

Task: could you put the ketchup in the basket for me please
Success: True
# episodes completed so far: 1188
# successes: 728 (61.3%)
Current task success rate: 1.0
Current total success rate: 0.6127946127946128

Task: the ketchup belongs with the condiments please pick it up and place it in the basket
Success: True
# episodes completed so far: 1189
# successes: 729 (61.3%)
Current task success rate: 1.0
Current total success rate: 0.6131202691337259

Task: can you put the ketchup in the basket please
Success: True
# episodes completed so far: 1190
# successes: 730 (61.3%)
Current task success rate: 1.0
Current total success rate: 0.6134453781512605

Task: lift the red condiment container and set it inside the woven holder
Success: False
# episodes completed so far: 1191
# successes: 730 (61.3%)
Current task success rate: 0.0
Current total success rate: 0.6129303106633082

Task: grasp the red condiment bottle and position it inside the woven container
Success: False
# episodes completed so far: 1192
# successes: 730 (61.2%)
Current task success rate: 0.0
Current total success rate: 0.6124161073825504

Task: gather the ketchup and set it in the basket
Success: True
# episodes completed so far: 1193
# successes: 731 (61.3%)
Current task success rate: 1.0
Current total success rate: 0.6127409891031014

Task: grasp the red condiment bottle and deposit it into the woven carrying container
Success: False
# episodes completed so far: 1194
# successes: 731 (61.2%)
Current task success rate: 0.0
Current total success rate: 0.6122278056951423

Task: gather the ketchup and set it in the basket
Success: True
# episodes completed so far: 1195
# successes: 732 (61.3%)
Current task success rate: 1.0
Current total success rate: 0.6125523012552301

Task: pick up the ketchup from the table not the mustard and put it in the basket please
Success: True
# episodes completed so far: 1196
# successes: 733 (61.3%)
Current task success rate: 1.0
Current total success rate: 0.612876254180602

Task: grasp the ketchup and position it in the basket
Success: True
# episodes completed so far: 1197
# successes: 734 (61.3%)
Current task success rate: 1.0
Current total success rate: 0.6131996658312447

Task: pick up the condiment used for enhancing the flavor of burgers and fries and place it in the woven container for carrying items
Success: False
# episodes completed so far: 1198
# successes: 734 (61.3%)
Current task success rate: 0.0
Current total success rate: 0.6126878130217028

Task: could you put the tomato sauce in the basket for me
Success: True
# episodes completed so far: 1199
# successes: 735 (61.3%)
Current task success rate: 1.0
Current total success rate: 0.6130108423686406

Task: could you add the tomato sauce to the basket please
Success: True
# episodes completed so far: 1200
# successes: 736 (61.3%)
Current task success rate: 1.0
Current total success rate: 0.6133333333333333

Task: the shopping is done now just pick up the tomato sauce and place it in the basket
Success: True
# episodes completed so far: 1201
# successes: 737 (61.4%)
Current task success rate: 1.0
Current total success rate: 0.6136552872606161

Task: collect the tomato sauce and deposit it in the basket
Success: True
# episodes completed so far: 1202
# successes: 738 (61.4%)
Current task success rate: 1.0
Current total success rate: 0.6139767054908486

Task: im busy with other things could you pick up the tomato sauce and place it in the basket
Success: True
# episodes completed so far: 1203
# successes: 739 (61.4%)
Current task success rate: 1.0
Current total success rate: 0.6142975893599335

Task: could you put the tomato sauce in the basket for me please
Success: True
# episodes completed so far: 1204
# successes: 740 (61.5%)
Current task success rate: 1.0
Current total success rate: 0.6146179401993356

Task: lift the red condiment made from crushed garden fruits and position it within the woven container
Success: True
# episodes completed so far: 1205
# successes: 741 (61.5%)
Current task success rate: 1.0
Current total success rate: 0.6149377593360996

Task: the tomato sauce needs to go in the basket would you mind handling that
Success: True
# episodes completed so far: 1206
# successes: 742 (61.5%)
Current task success rate: 1.0
Current total success rate: 0.615257048092869

Task: please put the tomato sauce in the basket
Success: True
# episodes completed so far: 1207
# successes: 743 (61.6%)
Current task success rate: 1.0
Current total success rate: 0.6155758077879039

Task: dont forget to pick up the tomato sauce and place it in the basket before we begin
Success: True
# episodes completed so far: 1208
# successes: 744 (61.6%)
Current task success rate: 1.0
Current total success rate: 0.6158940397350994

Task: grab the tomato sauce and put it in the basket
Success: True
# episodes completed so far: 1209
# successes: 745 (61.6%)
Current task success rate: 1.0
Current total success rate: 0.6162117452440034

Task: grasp the red condiment made from crushed fruits and deposit it inside the woven container for carrying items
Success: True
# episodes completed so far: 1210
# successes: 746 (61.7%)
Current task success rate: 1.0
Current total success rate: 0.6165289256198347

Task: were almost ready to cook just need you to pick up the tomato sauce and place it in the basket
Success: True
# episodes completed so far: 1211
# successes: 747 (61.7%)
Current task success rate: 1.0
Current total success rate: 0.6168455821635013

Task: take hold of the red pasta topping and put it inside the woven carrier
Success: True
# episodes completed so far: 1212
# successes: 748 (61.7%)
Current task success rate: 1.0
Current total success rate: 0.6171617161716172

Task: could you please pick up the tomato sauce and put it in the basket id really appreciate it
Success: True
# episodes completed so far: 1213
# successes: 749 (61.7%)
Current task success rate: 1.0
Current total success rate: 0.6174773289365211

Task: grasp the red pasta topping and deposit it in the woven container
Success: True
# episodes completed so far: 1214
# successes: 750 (61.8%)
Current task success rate: 1.0
Current total success rate: 0.6177924217462932

Task: grasp the container of red pasta condiment and deposit it into the woven carrier
Success: True
# episodes completed so far: 1215
# successes: 751 (61.8%)
Current task success rate: 1.0
Current total success rate: 0.6181069958847737

Task: pick up the red condiment derived from fruits and place it in the woven container
Success: True
# episodes completed so far: 1216
# successes: 752 (61.8%)
Current task success rate: 1.0
Current total success rate: 0.618421052631579

Task: the tomato sauce should go with the other ingredients so please pick it up and place it in the basket
Success: True
# episodes completed so far: 1217
# successes: 753 (61.9%)
Current task success rate: 1.0
Current total success rate: 0.61873459326212

Task: collect the tomato sauce and set it in the basket
Success: True
# episodes completed so far: 1218
# successes: 754 (61.9%)
Current task success rate: 1.0
Current total success rate: 0.6190476190476191

Task: before setting the table please pick up the tomato sauce and place it in the basket
Success: True
# episodes completed so far: 1219
# successes: 755 (61.9%)
Current task success rate: 1.0
Current total success rate: 0.6193601312551271

Task: for our spaghetti dinner well need the tomato sauce in the basket could you handle that
Success: True
# episodes completed so far: 1220
# successes: 756 (62.0%)
Current task success rate: 1.0
Current total success rate: 0.6196721311475409

Task: before we start cooking remember to pick up the tomato sauce and put it in the basket
Success: True
# episodes completed so far: 1221
# successes: 757 (62.0%)
Current task success rate: 1.0
Current total success rate: 0.61998361998362

Task: would you mind putting the tomato sauce in the basket
Success: True
# episodes completed so far: 1222
# successes: 758 (62.0%)
Current task success rate: 1.0
Current total success rate: 0.6202945990180033

Task: put the tomato sauce in the basket
Success: True
# episodes completed so far: 1223
# successes: 759 (62.1%)
Current task success rate: 1.0
Current total success rate: 0.6206050695012265

Task: grasp the tomato sauce and set it in the basket
Success: True
# episodes completed so far: 1224
# successes: 760 (62.1%)
Current task success rate: 1.0
Current total success rate: 0.6209150326797386

Task: the recipe calls for tomato sauce so please pick it up and put it in the basket
Success: True
# episodes completed so far: 1225
# successes: 761 (62.1%)
Current task success rate: 1.0
Current total success rate: 0.6212244897959184

Task: collect the tomato sauce and position it inside the basket
Success: True
# episodes completed so far: 1226
# successes: 762 (62.2%)
Current task success rate: 1.0
Current total success rate: 0.6215334420880914

Task: grasp the red condiment container and deposit it into the woven holder
Success: True
# episodes completed so far: 1227
# successes: 763 (62.2%)
Current task success rate: 1.0
Current total success rate: 0.6218418907905461

Task: grasp the red pasta topping and deposit it inside the woven container
Success: True
# episodes completed so far: 1228
# successes: 764 (62.2%)
Current task success rate: 1.0
Current total success rate: 0.6221498371335505

Task: i noticed the tomato sauce is out could you pick it up and place it in the basket
Success: True
# episodes completed so far: 1229
# successes: 765 (62.2%)
Current task success rate: 1.0
Current total success rate: 0.6224572823433686

Task: grab the tomato sauce and set it in the basket
Success: True
# episodes completed so far: 1230
# successes: 766 (62.3%)
Current task success rate: 1.0
Current total success rate: 0.6227642276422765

Task: the tomato sauce is the last item pick it up and place it in the basket to complete our prep
Success: True
# episodes completed so far: 1231
# successes: 767 (62.3%)
Current task success rate: 1.0
Current total success rate: 0.6230706742485784

Task: to help with dinner pick up the tomato sauce and place it in the basket on the table
Success: True
# episodes completed so far: 1232
# successes: 768 (62.3%)
Current task success rate: 1.0
Current total success rate: 0.6233766233766234

Task: please make sure the tomato sauce ends up in the basket
Success: True
# episodes completed so far: 1233
# successes: 769 (62.4%)
Current task success rate: 1.0
Current total success rate: 0.6236820762368208

Task: lift the cylindrical container of red pasta condiment and set it inside the woven carrier
Success: True
# episodes completed so far: 1234
# successes: 770 (62.4%)
Current task success rate: 1.0
Current total success rate: 0.6239870340356564

Task: grasp the yellow dairy spread and transfer it to the woven carrying container
Success: True
# episodes completed so far: 1235
# successes: 771 (62.4%)
Current task success rate: 1.0
Current total success rate: 0.6242914979757085

Task: can you please put the butter in the basket
Success: True
# episodes completed so far: 1236
# successes: 772 (62.5%)
Current task success rate: 1.0
Current total success rate: 0.6245954692556634

Task: lift the butter and position it in the basket
Success: True
# episodes completed so far: 1237
# successes: 773 (62.5%)
Current task success rate: 1.0
Current total success rate: 0.6248989490703315

Task: grab the butter and set it in the basket
Success: True
# episodes completed so far: 1238
# successes: 774 (62.5%)
Current task success rate: 1.0
Current total success rate: 0.6252019386106623

Task: pick up the dairy product used for cooking and spreading on bread and place it in the woven container for carrying items
Success: True
# episodes completed so far: 1239
# successes: 775 (62.6%)
Current task success rate: 1.0
Current total success rate: 0.6255044390637611

Task: i noticed the butter is out would you pick it up and place it in the basket please
Success: True
# episodes completed so far: 1240
# successes: 776 (62.6%)
Current task success rate: 1.0
Current total success rate: 0.6258064516129033

Task: grasp the creamy dairy spread and deposit it into the woven carrying container
Success: True
# episodes completed so far: 1241
# successes: 777 (62.6%)
Current task success rate: 1.0
Current total success rate: 0.6261079774375503

Task: grasp the dairy spread and place it in the woven container
Success: True
# episodes completed so far: 1242
# successes: 778 (62.6%)
Current task success rate: 1.0
Current total success rate: 0.6264090177133655

Task: the butter is getting soft quickly pick it up and place it in the chilled basket
Success: True
# episodes completed so far: 1243
# successes: 779 (62.7%)
Current task success rate: 1.0
Current total success rate: 0.6267095736122285

Task: grasp the butter and deposit it in the basket
Success: True
# episodes completed so far: 1244
# successes: 780 (62.7%)
Current task success rate: 1.0
Current total success rate: 0.6270096463022508

Task: grab the butter and put it in the hamper
Success: True
# episodes completed so far: 1245
# successes: 781 (62.7%)
Current task success rate: 1.0
Current total success rate: 0.6273092369477912

Task: gather the butter and set it in the basket
Success: True
# episodes completed so far: 1246
# successes: 782 (62.8%)
Current task success rate: 1.0
Current total success rate: 0.6276083467094703

Task: the basket looks empty pick up the butter from the counter and place it inside
Success: True
# episodes completed so far: 1247
# successes: 783 (62.8%)
Current task success rate: 1.0
Current total success rate: 0.627906976744186

Task: grasp the dairy spread and deposit it into the woven holder
Success: True
# episodes completed so far: 1248
# successes: 784 (62.8%)
Current task success rate: 1.0
Current total success rate: 0.6282051282051282

Task: could you put the butter in the basket thank you
Success: True
# episodes completed so far: 1249
# successes: 785 (62.9%)
Current task success rate: 1.0
Current total success rate: 0.6285028022417934

Task: the kitchen is getting organized please pick up the butter and place it in the basket on your right
Success: True
# episodes completed so far: 1250
# successes: 786 (62.9%)
Current task success rate: 1.0
Current total success rate: 0.6288

Task: sure make sure the butter ends up in the basket
Success: True
# episodes completed so far: 1251
# successes: 787 (62.9%)
Current task success rate: 1.0
Current total success rate: 0.6290967226219025

Task: lets keep things tidy pick up that butter and place it in the basket where it belongs
Success: True
# episodes completed so far: 1252
# successes: 788 (62.9%)
Current task success rate: 1.0
Current total success rate: 0.6293929712460063

Task: could you ensure the butter ends up in the basket
Success: True
# episodes completed so far: 1253
# successes: 789 (63.0%)
Current task success rate: 1.0
Current total success rate: 0.6296887470071828

Task: for proper storage pick up the butter and place it in the designated basket on the shelf
Success: True
# episodes completed so far: 1254
# successes: 790 (63.0%)
Current task success rate: 1.0
Current total success rate: 0.6299840510366826

Task: before the butter melts could you pick it up and place it in the basket thanks
Success: True
# episodes completed so far: 1255
# successes: 791 (63.0%)
Current task success rate: 1.0
Current total success rate: 0.6302788844621514

Task: as part of your kitchen duties today pick up the butter and place it in the storage basket
Success: True
# episodes completed so far: 1256
# successes: 792 (63.1%)
Current task success rate: 1.0
Current total success rate: 0.6305732484076433

Task: grasp the solid dairy product and deposit it in the woven container
Success: True
# episodes completed so far: 1257
# successes: 793 (63.1%)
Current task success rate: 1.0
Current total success rate: 0.6308671439936356

Task: grasp the yellow dairy spread and deposit it into the woven carrying container
Success: True
# episodes completed so far: 1258
# successes: 794 (63.1%)
Current task success rate: 1.0
Current total success rate: 0.6311605723370429

Task: the cooking instructions say we should pick up the butter and place it in the basket first
Success: True
# episodes completed so far: 1259
# successes: 795 (63.1%)
Current task success rate: 1.0
Current total success rate: 0.6314535345512311

Task: pick up the yellow dairy product used for cooking and spreading and place it in the woven container for holding items
Success: True
# episodes completed so far: 1260
# successes: 796 (63.2%)
Current task success rate: 1.0
Current total success rate: 0.6317460317460317

Task: grasp the solid dairy product and deposit it into the woven container
Success: True
# episodes completed so far: 1261
# successes: 797 (63.2%)
Current task success rate: 1.0
Current total success rate: 0.6320380650277557

Task: hey could you put the butter in the basket
Success: True
# episodes completed so far: 1262
# successes: 798 (63.2%)
Current task success rate: 1.0
Current total success rate: 0.6323296354992076

Task: grasp the dairy liquid container and deposit it in the woven carrier
Success: True
# episodes completed so far: 1263
# successes: 799 (63.3%)
Current task success rate: 1.0
Current total success rate: 0.6326207442596992

Task: before we leave dont forget to pick up the milk and put it in the picnic basket
Success: True
# episodes completed so far: 1264
# successes: 800 (63.3%)
Current task success rate: 1.0
Current total success rate: 0.6329113924050633

Task: grab the white beverage often consumed at breakfast and deposit it into the woven holder for carrying items
Success: True
# episodes completed so far: 1265
# successes: 801 (63.3%)
Current task success rate: 1.0
Current total success rate: 0.633201581027668

Task: grasp the liquid dairy product and deposit it into the woven container
Success: True
# episodes completed so far: 1266
# successes: 802 (63.3%)
Current task success rate: 1.0
Current total success rate: 0.6334913112164297

Task: grab the milk and put it in the basket
Success: True
# episodes completed so far: 1267
# successes: 803 (63.4%)
Current task success rate: 1.0
Current total success rate: 0.6337805840568271

Task: were organizing the kitchen your job is to pick up the milk and place it in the designated basket
Success: True
# episodes completed so far: 1268
# successes: 804 (63.4%)
Current task success rate: 1.0
Current total success rate: 0.6340694006309149

Task: grasp the container of cows beverage and deposit it in the woven holder
Success: True
# episodes completed so far: 1269
# successes: 805 (63.4%)
Current task success rate: 1.0
Current total success rate: 0.6343577620173365

Task: gather the milk and set it in the basket
Success: True
# episodes completed so far: 1270
# successes: 806 (63.5%)
Current task success rate: 1.0
Current total success rate: 0.6346456692913386

Task: can you put the milk into the basket
Success: True
# episodes completed so far: 1271
# successes: 807 (63.5%)
Current task success rate: 1.0
Current total success rate: 0.6349331235247836

Task: grasp the cold dairy liquid container and position it within the woven carrying accessory
Success: True
# episodes completed so far: 1272
# successes: 808 (63.5%)
Current task success rate: 1.0
Current total success rate: 0.6352201257861635

Task: collect the dairy product used in coffee and breakfast cereals and deposit it into the woven container for carrying items
Success: True
# episodes completed so far: 1273
# successes: 809 (63.6%)
Current task success rate: 1.0
Current total success rate: 0.6355066771406127

Task: the children need their milk pick it up from the counter and place it in their snack basket
Success: True
# episodes completed so far: 1274
# successes: 810 (63.6%)
Current task success rate: 1.0
Current total success rate: 0.6357927786499215

Task: pick up the dairy liquid container and place it in the woven carrying implement
Success: True
# episodes completed so far: 1275
# successes: 811 (63.6%)
Current task success rate: 1.0
Current total success rate: 0.636078431372549

Task: retrieve the milk and set it in the basket
Success: True
# episodes completed so far: 1276
# successes: 812 (63.6%)
Current task success rate: 1.0
Current total success rate: 0.6363636363636364

Task: could you please put the milk in the basket
Success: True
# episodes completed so far: 1277
# successes: 813 (63.7%)
Current task success rate: 1.0
Current total success rate: 0.6366483946750195

Task: lift the white liquid container and set it into the woven carrier
Success: True
# episodes completed so far: 1278
# successes: 814 (63.7%)
Current task success rate: 1.0
Current total success rate: 0.6369327073552425

Task: for our grocery organization please pick up the milk and transfer it to the basket
Success: True
# episodes completed so far: 1279
# successes: 815 (63.7%)
Current task success rate: 1.0
Current total success rate: 0.63721657544957

Task: grasp the chilled white liquid container and deposit it into the woven carrying accessory
Success: False
# episodes completed so far: 1280
# successes: 815 (63.7%)
Current task success rate: 0.0
Current total success rate: 0.63671875

Task: to help with dinner setup pick up the milk from the fridge and put it in the serving basket
Success: True
# episodes completed so far: 1281
# successes: 816 (63.7%)
Current task success rate: 1.0
Current total success rate: 0.6370023419203747

Task: please put the milk in the basket
Success: True
# episodes completed so far: 1282
# successes: 817 (63.7%)
Current task success rate: 1.0
Current total success rate: 0.6372854914196567

Task: to complete this chore simply pick up the milk container and place it inside the laundry basket just kidding use the food basket
Success: True
# episodes completed so far: 1283
# successes: 818 (63.8%)
Current task success rate: 1.0
Current total success rate: 0.6375681995323461

Task: grab the milk and deposit it in the basket
Success: True
# episodes completed so far: 1284
# successes: 819 (63.8%)
Current task success rate: 1.0
Current total success rate: 0.6378504672897196

Task: for proper storage pick up the open milk carton and place it in the refrigerator basket
Success: True
# episodes completed so far: 1285
# successes: 820 (63.8%)
Current task success rate: 1.0
Current total success rate: 0.6381322957198443

Task: would you mind putting the milk into the basket
Success: True
# episodes completed so far: 1286
# successes: 821 (63.8%)
Current task success rate: 1.0
Current total success rate: 0.6384136858475894

Task: for breakfast preparation please pick up the milk container and place it in the breakfast basket
Success: True
# episodes completed so far: 1287
# successes: 822 (63.9%)
Current task success rate: 1.0
Current total success rate: 0.6386946386946387

Task: could you please pick up the milk and put it in the basket its right there on the counter
Success: True
# episodes completed so far: 1288
# successes: 823 (63.9%)
Current task success rate: 1.0
Current total success rate: 0.6389751552795031

Task: grasp the liquid dairy product and deposit it inside the woven container
Success: True
# episodes completed so far: 1289
# successes: 824 (63.9%)
Current task success rate: 1.0
Current total success rate: 0.6392552366175329

Task: put the milk in the basket
Success: True
# episodes completed so far: 1290
# successes: 825 (64.0%)
Current task success rate: 1.0
Current total success rate: 0.6395348837209303

Task: grab the milk and set it in the basket
Success: True
# episodes completed so far: 1291
# successes: 826 (64.0%)
Current task success rate: 1.0
Current total success rate: 0.6398140975987606

Task: lift the milk and deposit it in the basket
Success: True
# episodes completed so far: 1292
# successes: 827 (64.0%)
Current task success rate: 1.0
Current total success rate: 0.6400928792569659

Task: our guests are arriving soon quickly pick up the milk and place it in the entertainment basket
Success: True
# episodes completed so far: 1293
# successes: 828 (64.0%)
Current task success rate: 1.0
Current total success rate: 0.6403712296983759

Task: grab the milk and deposit it in the basket
Success: True
# episodes completed so far: 1294
# successes: 829 (64.1%)
Current task success rate: 1.0
Current total success rate: 0.6406491499227203

Task: pick up the white liquid commonly obtained from cows and place it in the woven container used for carrying items
Success: False
# episodes completed so far: 1295
# successes: 829 (64.0%)
Current task success rate: 0.0
Current total success rate: 0.6401544401544401

Task: could you put the milk in the basket for me
Success: True
# episodes completed so far: 1296
# successes: 830 (64.0%)
Current task success rate: 1.0
Current total success rate: 0.6404320987654321

Task: the recipe calls for milk first pick it up from the shelf and place it in your mixing basket
Success: True
# episodes completed so far: 1297
# successes: 831 (64.1%)
Current task success rate: 1.0
Current total success rate: 0.6407093292212799

Task: the shopping list is complete once you pick up the milk and add it to the basket with other items
Success: True
# episodes completed so far: 1298
# successes: 832 (64.1%)
Current task success rate: 1.0
Current total success rate: 0.6409861325115562

Task: grasp the chilled dairy beverage container and deposit it into the woven carrying holder
Success: True
# episodes completed so far: 1299
# successes: 833 (64.1%)
Current task success rate: 1.0
Current total success rate: 0.6412625096227867

Task: collect the milk and set it in the basket
Success: True
# episodes completed so far: 1300
# successes: 834 (64.2%)
Current task success rate: 1.0
Current total success rate: 0.6415384615384615

Task: could you ensure the milk ends up in the basket
Success: True
# episodes completed so far: 1301
# successes: 835 (64.2%)
Current task success rate: 1.0
Current total success rate: 0.6418139892390469

Task: could you put the milk in the basket for me please
Success: True
# episodes completed so far: 1302
# successes: 836 (64.2%)
Current task success rate: 1.0
Current total success rate: 0.642089093701997

Task: pick up the dairy product that comes from cows and place it in the woven container for carrying items
Success: True
# episodes completed so far: 1303
# successes: 837 (64.2%)
Current task success rate: 1.0
Current total success rate: 0.6423637759017652

Task: as part of our kitchen cleanup i need you to pick up the milk and place it in the storage basket
Success: True
# episodes completed so far: 1304
# successes: 838 (64.3%)
Current task success rate: 1.0
Current total success rate: 0.6426380368098159

Task: collect the chocolate dessert and set it in the basket
Success: True
# episodes completed so far: 1305
# successes: 839 (64.3%)
Current task success rate: 1.0
Current total success rate: 0.6429118773946361

Task: pick up the creamy dessert made from cocoa and place it in the woven container for carrying items
Success: True
# episodes completed so far: 1306
# successes: 840 (64.3%)
Current task success rate: 1.0
Current total success rate: 0.6431852986217458

Task: were almost done shopping just pick up the chocolate pudding and place it in the basket
Success: True
# episodes completed so far: 1307
# successes: 841 (64.3%)
Current task success rate: 1.0
Current total success rate: 0.6434583014537107

Task: grab the chocolate pudding and set it in the basket
Success: True
# episodes completed so far: 1308
# successes: 842 (64.4%)
Current task success rate: 1.0
Current total success rate: 0.6437308868501529

Task: pick up the dessert made from cocoa and place it in the woven container
Success: True
# episodes completed so far: 1309
# successes: 843 (64.4%)
Current task success rate: 1.0
Current total success rate: 0.6440030557677616

Task: for our picnic later please pick up the chocolate pudding and place it in the basket
Success: True
# episodes completed so far: 1310
# successes: 844 (64.4%)
Current task success rate: 1.0
Current total success rate: 0.6442748091603053

Task: collect the chocolate pudding and set it in the basket
Success: True
# episodes completed so far: 1311
# successes: 845 (64.5%)
Current task success rate: 1.0
Current total success rate: 0.6445461479786423

Task: can you put the chocolate pudding in the basket
Success: True
# episodes completed so far: 1312
# successes: 846 (64.5%)
Current task success rate: 1.0
Current total success rate: 0.6448170731707317

Task: could you put the chocolate pudding in the basket for me
Success: True
# episodes completed so far: 1313
# successes: 847 (64.5%)
Current task success rate: 1.0
Current total success rate: 0.645087585681645

Task: as part of your chores today pick up the chocolate pudding and place it in the basket
Success: True
# episodes completed so far: 1314
# successes: 848 (64.5%)
Current task success rate: 1.0
Current total success rate: 0.6453576864535768

Task: lift the creamy sweet dessert made with cocoa and milk and set it inside the woven container for carrying items
Success: True
# episodes completed so far: 1315
# successes: 849 (64.6%)
Current task success rate: 1.0
Current total success rate: 0.6456273764258555

Task: gather the chocolate pudding and position it inside the basket
Success: True
# episodes completed so far: 1316
# successes: 850 (64.6%)
Current task success rate: 1.0
Current total success rate: 0.6458966565349544

Task: to complete your task pick up the chocolate pudding and place it in the basket
Success: True
# episodes completed so far: 1317
# successes: 851 (64.6%)
Current task success rate: 1.0
Current total success rate: 0.6461655277145026

Task: could you put the chocolate pudding in the basket for me please
Success: True
# episodes completed so far: 1318
# successes: 852 (64.6%)
Current task success rate: 1.0
Current total success rate: 0.6464339908952959

Task: can you put the chocolate pudding in the basket please
Success: True
# episodes completed so far: 1319
# successes: 853 (64.7%)
Current task success rate: 1.0
Current total success rate: 0.6467020470053071

Task: collect the chocolate pudding and set it in the basket
Success: True
# episodes completed so far: 1320
# successes: 854 (64.7%)
Current task success rate: 1.0
Current total success rate: 0.646969696969697

Task: im organizing the groceries could you pick up the chocolate pudding and place it in the basket
Success: True
# episodes completed so far: 1321
# successes: 855 (64.7%)
Current task success rate: 1.0
Current total success rate: 0.6472369417108251

Task: please put the chocolate pudding in the basket
Success: True
# episodes completed so far: 1322
# successes: 856 (64.8%)
Current task success rate: 1.0
Current total success rate: 0.6475037821482602

Task: before we leave remember to pick up the chocolate pudding and place it in the basket
Success: True
# episodes completed so far: 1323
# successes: 857 (64.8%)
Current task success rate: 1.0
Current total success rate: 0.6477702191987906

Task: pick up the dessert made from cocoa and milk and place it in the woven container
Success: True
# episodes completed so far: 1324
# successes: 858 (64.8%)
Current task success rate: 1.0
Current total success rate: 0.648036253776435

Task: our shopping list says to pick up the chocolate pudding and place it in the basket
Success: True
# episodes completed so far: 1325
# successes: 859 (64.8%)
Current task success rate: 1.0
Current total success rate: 0.6483018867924528

Task: pick up the dessert usually made from cocoa and milk and place it in the woven container
Success: True
# episodes completed so far: 1326
# successes: 860 (64.9%)
Current task success rate: 1.0
Current total success rate: 0.6485671191553545

Task: lift the creamy cocoaflavored dessert and set it within the woven container
Success: True
# episodes completed so far: 1327
# successes: 861 (64.9%)
Current task success rate: 1.0
Current total success rate: 0.6488319517709118

Task: pick up the creamy dessert made with cocoa and place it in the woven container
Success: True
# episodes completed so far: 1328
# successes: 862 (64.9%)
Current task success rate: 1.0
Current total success rate: 0.6490963855421686

Task: lets prepare for the party by picking up the chocolate pudding and placing it in the basket
Success: True
# episodes completed so far: 1329
# successes: 863 (64.9%)
Current task success rate: 1.0
Current total success rate: 0.6493604213694507

Task: grasp the creamy dessert made with cocoa and place it inside the woven container
Success: True
# episodes completed so far: 1330
# successes: 864 (65.0%)
Current task success rate: 1.0
Current total success rate: 0.649624060150376

Task: pick up the creamy dessert confection made from cocoa and place it in the woven container for carrying items
Success: True
# episodes completed so far: 1331
# successes: 865 (65.0%)
Current task success rate: 1.0
Current total success rate: 0.6498873027798647

Task: dont forget our dessert pick up the chocolate pudding and place it in the basket
Success: True
# episodes completed so far: 1332
# successes: 866 (65.0%)
Current task success rate: 1.0
Current total success rate: 0.6501501501501501

Task: lift the chocolate pudding and position it inside the basket
Success: True
# episodes completed so far: 1333
# successes: 867 (65.0%)
Current task success rate: 1.0
Current total success rate: 0.6504126031507877

Task: grasp the creamy dessert flavored with cocoa and deposit it into the woven container
Success: True
# episodes completed so far: 1334
# successes: 868 (65.1%)
Current task success rate: 1.0
Current total success rate: 0.6506746626686657

Task: the chocolate pudding looks delicious pick it up and place it in the basket would you
Success: True
# episodes completed so far: 1335
# successes: 869 (65.1%)
Current task success rate: 1.0
Current total success rate: 0.650936329588015

Task: lift the chocolate dessert and put it in the basket
Success: True
# episodes completed so far: 1336
# successes: 870 (65.1%)
Current task success rate: 1.0
Current total success rate: 0.6511976047904192

Task: grasp the creamy dessert often enjoyed after meals and deposit it into the woven container typically used for carrying items
Success: True
# episodes completed so far: 1337
# successes: 871 (65.1%)
Current task success rate: 1.0
Current total success rate: 0.6514584891548242

Task: im making my famous dessert please pick up the chocolate pudding and place it in the basket
Success: True
# episodes completed so far: 1338
# successes: 872 (65.2%)
Current task success rate: 1.0
Current total success rate: 0.6517189835575485

Task: the kids will love this pick up the chocolate pudding and place it in the basket
Success: True
# episodes completed so far: 1339
# successes: 873 (65.2%)
Current task success rate: 1.0
Current total success rate: 0.6519790888722927

Task: pick up the sweet creamy dessert traditionally made from cocoa and place it inside the woven container typically used for carrying items
Success: True
# episodes completed so far: 1340
# successes: 874 (65.2%)
Current task success rate: 1.0
Current total success rate: 0.6522388059701493

Task: pick up the creamy cocoabased dessert and place it in the woven container
Success: True
# episodes completed so far: 1341
# successes: 875 (65.2%)
Current task success rate: 1.0
Current total success rate: 0.6524981357196122

Task: this is the last item we need pick up the chocolate pudding and place it in the basket
Success: True
# episodes completed so far: 1342
# successes: 876 (65.3%)
Current task success rate: 1.0
Current total success rate: 0.6527570789865872

Task: pick up the creamy dessert made from cocoa and place it in the woven container
Success: True
# episodes completed so far: 1343
# successes: 877 (65.3%)
Current task success rate: 1.0
Current total success rate: 0.6530156366344005

Task: its time for dessert please pick up the chocolate pudding and place it in the basket
Success: True
# episodes completed so far: 1344
# successes: 878 (65.3%)
Current task success rate: 1.0
Current total success rate: 0.6532738095238095

Task: lift the chocolate dessert and set it in the basket
Success: True
# episodes completed so far: 1345
# successes: 879 (65.4%)
Current task success rate: 1.0
Current total success rate: 0.6535315985130111

Task: could you please put the chocolate pudding in the basket
Success: True
# episodes completed so far: 1346
# successes: 880 (65.4%)
Current task success rate: 1.0
Current total success rate: 0.6537890044576523

Task: carefully pick up the chocolate pudding and place it in the basket without spilling any
Success: True
# episodes completed so far: 1347
# successes: 881 (65.4%)
Current task success rate: 1.0
Current total success rate: 0.6540460282108389

Task: the recipe calls for this pick up the chocolate pudding and place it in the basket
Success: True
# episodes completed so far: 1348
# successes: 882 (65.4%)
Current task success rate: 1.0
Current total success rate: 0.6543026706231454

Task: grab the chocolate dessert and put it in the hamper
Success: True
# episodes completed so far: 1349
# successes: 883 (65.5%)
Current task success rate: 1.0
Current total success rate: 0.6545589325426242

Task: grasp the chocolate dessert and set it in the hamper
Success: True
# episodes completed so far: 1350
# successes: 884 (65.5%)
Current task success rate: 1.0
Current total success rate: 0.6548148148148148

Task: pick up the dessert made from milk sugar and cocoa and place it in the woven container for carrying items
Success: True
# episodes completed so far: 1351
# successes: 885 (65.5%)
Current task success rate: 1.0
Current total success rate: 0.6550703182827535

Task: for the baking project please pick up the chocolate pudding and place it in the basket
Success: True
# episodes completed so far: 1352
# successes: 886 (65.5%)
Current task success rate: 1.0
Current total success rate: 0.6553254437869822

Task: pick up the dessert made from cocoa and milk and place it in the woven container for carrying items
Success: True
# episodes completed so far: 1353
# successes: 887 (65.6%)
Current task success rate: 1.0
Current total success rate: 0.6555801921655581

Task: grab the orange juice and put it in the carrier
Success: True
# episodes completed so far: 1354
# successes: 888 (65.6%)
Current task success rate: 1.0
Current total success rate: 0.6558345642540621

Task: the recipe calls for chilled juice so pick up the orange juice and place it in the basket to cool
Success: True
# episodes completed so far: 1355
# successes: 889 (65.6%)
Current task success rate: 1.0
Current total success rate: 0.6560885608856089

Task: grab the orange juice and put it in the basket
Success: True
# episodes completed so far: 1356
# successes: 890 (65.6%)
Current task success rate: 1.0
Current total success rate: 0.6563421828908554

Task: lift the citrus beverage and deposit it in the woven container
Success: True
# episodes completed so far: 1357
# successes: 891 (65.7%)
Current task success rate: 1.0
Current total success rate: 0.6565954310980103

Task: collect the orange juice and deposit it in the basket
Success: True
# episodes completed so far: 1358
# successes: 892 (65.7%)
Current task success rate: 1.0
Current total success rate: 0.6568483063328424

Task: to prevent spills carefully pick up the orange juice and place it in the basket
Success: True
# episodes completed so far: 1359
# successes: 893 (65.7%)
Current task success rate: 1.0
Current total success rate: 0.6571008094186902

Task: grasp the citrus beverage container and deposit it into the woven carrying implement
Success: False
# episodes completed so far: 1360
# successes: 893 (65.7%)
Current task success rate: 0.0
Current total success rate: 0.6566176470588235

Task: the orange juice is on the counter please pick it up and place it in the basket
Success: True
# episodes completed so far: 1361
# successes: 894 (65.7%)
Current task success rate: 1.0
Current total success rate: 0.65686994856723

Task: i noticed the orange juice is still out could you pick it up and place it in the basket
Success: True
# episodes completed so far: 1362
# successes: 895 (65.7%)
Current task success rate: 1.0
Current total success rate: 0.6571218795888399

Task: before organizing other items remember to pick up the orange juice and place it in the basket
Success: True
# episodes completed so far: 1363
# successes: 896 (65.7%)
Current task success rate: 1.0
Current total success rate: 0.6573734409391049

Task: for proper storage please pick up the orange juice and place it in the basket immediately
Success: True
# episodes completed so far: 1364
# successes: 897 (65.8%)
Current task success rate: 1.0
Current total success rate: 0.657624633431085

Task: our guests are arriving soon pick up the orange juice and place it in the basket quickly
Success: True
# episodes completed so far: 1365
# successes: 898 (65.8%)
Current task success rate: 1.0
Current total success rate: 0.6578754578754579

Task: lets organize the groceries pick up the orange juice and place it in the basket
Success: True
# episodes completed so far: 1366
# successes: 899 (65.8%)
Current task success rate: 1.0
Current total success rate: 0.6581259150805271

Task: can you put the orange juice in the basket
Success: True
# episodes completed so far: 1367
# successes: 900 (65.8%)
Current task success rate: 1.0
Current total success rate: 0.6583760058522312

Task: lift the orange juice and set it in the basket
Success: True
# episodes completed so far: 1368
# successes: 901 (65.9%)
Current task success rate: 1.0
Current total success rate: 0.658625730994152

Task: would you be so kind as to pick up the orange juice and place it in the basket thanks
Success: True
# episodes completed so far: 1369
# successes: 902 (65.9%)
Current task success rate: 1.0
Current total success rate: 0.6588750913075238

Task: please put the orange juice in the basket
Success: True
# episodes completed so far: 1370
# successes: 903 (65.9%)
Current task success rate: 1.0
Current total success rate: 0.6591240875912409

Task: could you ensure the orange juice ends up in the basket
Success: True
# episodes completed so far: 1371
# successes: 904 (65.9%)
Current task success rate: 1.0
Current total success rate: 0.6593727206418672

Task: could you put the orange juice in the basket for me
Success: True
# episodes completed so far: 1372
# successes: 905 (66.0%)
Current task success rate: 1.0
Current total success rate: 0.6596209912536443

Task: grasp the container filled with a citrusbased beverage and deposit it into the woven holder designed for carrying items
Success: True
# episodes completed so far: 1373
# successes: 906 (66.0%)
Current task success rate: 1.0
Current total success rate: 0.6598689002184996

Task: grasp the container of citrusderived beverage and deposit it into the woven holder
Success: False
# episodes completed so far: 1374
# successes: 906 (65.9%)
Current task success rate: 0.0
Current total success rate: 0.6593886462882096

Task: can you make sure the orange juice ends up in the basket
Success: True
# episodes completed so far: 1375
# successes: 907 (66.0%)
Current task success rate: 1.0
Current total success rate: 0.6596363636363637

Task: lift the citrus beverage and put it into the woven container
Success: True
# episodes completed so far: 1376
# successes: 908 (66.0%)
Current task success rate: 1.0
Current total success rate: 0.6598837209302325

Task: lift the citrus beverage container and set it inside the woven holder
Success: True
# episodes completed so far: 1377
# successes: 909 (66.0%)
Current task success rate: 1.0
Current total success rate: 0.6601307189542484

Task: grasp the citrus beverage container and deposit it in the woven carrying accessory
Success: False
# episodes completed so far: 1378
# successes: 909 (66.0%)
Current task success rate: 0.0
Current total success rate: 0.6596516690856313

Task: grasp the citrus beverage container and deposit it in the woven carrier
Success: False
# episodes completed so far: 1379
# successes: 909 (65.9%)
Current task success rate: 0.0
Current total success rate: 0.659173313995649

Task: grasp the citrus beverage and deposit it in the woven container
Success: True
# episodes completed so far: 1380
# successes: 910 (65.9%)
Current task success rate: 1.0
Current total success rate: 0.6594202898550725

Task: before putting anything else away pick up the orange juice and place it in the basket
Success: True
# episodes completed so far: 1381
# successes: 911 (66.0%)
Current task success rate: 1.0
Current total success rate: 0.6596669080376538

Task: could you put the orange juice in the basket please
Success: True
# episodes completed so far: 1382
# successes: 912 (66.0%)
Current task success rate: 1.0
Current total success rate: 0.6599131693198264

Task: grasp the container of citrusbased beverage and deposit it in the woven container for carrying items
Success: False
# episodes completed so far: 1383
# successes: 912 (65.9%)
Current task success rate: 0.0
Current total success rate: 0.6594360086767896

Task: for better organization always pick up the orange juice and place it in the designated basket
Success: True
# episodes completed so far: 1384
# successes: 913 (66.0%)
Current task success rate: 1.0
Current total success rate: 0.6596820809248555

Task: grab the orange juice and put it in the basket
Success: True
# episodes completed so far: 1385
# successes: 914 (66.0%)
Current task success rate: 1.0
Current total success rate: 0.6599277978339351

Task: put the orange juice in the basket please
Success: True
# episodes completed so far: 1386
# successes: 915 (66.0%)
Current task success rate: 1.0
Current total success rate: 0.6601731601731602

Task: grasp the citrus beverage and deposit it into the woven storage container
Success: True
# episodes completed so far: 1387
# successes: 916 (66.0%)
Current task success rate: 1.0
Current total success rate: 0.6604181687094448

Task: lift the citrusderived breakfast beverage and position it within the woven carrying container
Success: True
# episodes completed so far: 1388
# successes: 917 (66.1%)
Current task success rate: 1.0
Current total success rate: 0.6606628242074928

Task: the shopping list says we need to pick up the orange juice and place it in the basket first
Success: True
# episodes completed so far: 1389
# successes: 918 (66.1%)
Current task success rate: 1.0
Current total success rate: 0.6609071274298056

Task: grasp the citrusbased breakfast beverage and deposit it into the woven container
Success: False
# episodes completed so far: 1390
# successes: 918 (66.0%)
Current task success rate: 0.0
Current total success rate: 0.660431654676259

Task: lift the citrusbased breakfast beverage and put it in the woven container
Success: False
# episodes completed so far: 1391
# successes: 918 (66.0%)
Current task success rate: 0.0
Current total success rate: 0.6599568655643422

Task: can you ensure the orange juice ends up in the basket
Success: True
# episodes completed so far: 1392
# successes: 919 (66.0%)
Current task success rate: 1.0
Current total success rate: 0.6602011494252874

Task: as part of our shopping routine always pick up the orange juice and place it in the basket first
Success: True
# episodes completed so far: 1393
# successes: 920 (66.0%)
Current task success rate: 1.0
Current total success rate: 0.6604450825556353

Task: gather the orange juice and set it in the basket
Success: True
# episodes completed so far: 1394
# successes: 921 (66.1%)
Current task success rate: 1.0
Current total success rate: 0.6606886657101865

Task: grasp the orange juice and deposit it in the basket
Success: True
# episodes completed so far: 1395
# successes: 922 (66.1%)
Current task success rate: 1.0
Current total success rate: 0.6609318996415771

Task: the basket looks empty lets start by picking up the orange juice and placing it there
Success: True
# episodes completed so far: 1396
# successes: 923 (66.1%)
Current task success rate: 1.0
Current total success rate: 0.6611747851002865

Task: pick up the alphabet soup and place it in the basket view 0 0 100 0 0 initstate 0 noise 2
Success: True
# episodes completed so far: 1397
# successes: 924 (66.1%)
Current task success rate: 1.0
Current total success rate: 0.6614173228346457

Task: pick up the alphabet soup and place it in the basket view 0 0 100 0 0 initstate 0 noise 3
Success: True
# episodes completed so far: 1398
# successes: 925 (66.2%)
Current task success rate: 1.0
Current total success rate: 0.6616595135908441

Task: pick up the alphabet soup and place it in the basket view 0 0 100 0 0 initstate 0 noise 4
Success: True
# episodes completed so far: 1399
# successes: 926 (66.2%)
Current task success rate: 1.0
Current total success rate: 0.6619013581129378

Task: pick up the alphabet soup and place it in the basket view 0 0 100 0 0 initstate 0 noise 5
Success: True
# episodes completed so far: 1400
# successes: 927 (66.2%)
Current task success rate: 1.0
Current total success rate: 0.6621428571428571

Task: pick up the alphabet soup and place it in the basket view 0 0 100 0 0 initstate 0 noise 6
Success: True
# episodes completed so far: 1401
# successes: 928 (66.2%)
Current task success rate: 1.0
Current total success rate: 0.662384011420414

Task: pick up the alphabet soup and place it in the basket view 0 0 100 0 0 initstate 0 noise 7
Success: True
# episodes completed so far: 1402
# successes: 929 (66.3%)
Current task success rate: 1.0
Current total success rate: 0.6626248216833096

Task: pick up the alphabet soup and place it in the basket view 0 0 100 0 0 initstate 0 noise 8
Success: True
# episodes completed so far: 1403
# successes: 930 (66.3%)
Current task success rate: 1.0
Current total success rate: 0.6628652886671419

Task: pick up the alphabet soup and place it in the basket view 0 0 100 0 0 initstate 0 noise 9
Success: True
# episodes completed so far: 1404
# successes: 931 (66.3%)
Current task success rate: 1.0
Current total success rate: 0.6631054131054132

Task: pick up the alphabet soup and place it in the basket view 0 0 100 0 0 initstate 0 noise 10
Success: False
# episodes completed so far: 1405
# successes: 931 (66.3%)
Current task success rate: 0.0
Current total success rate: 0.6626334519572954

Task: pick up the alphabet soup and place it in the basket view 0 0 100 0 0 initstate 0 noise 12
Success: True
# episodes completed so far: 1406
# successes: 932 (66.3%)
Current task success rate: 1.0
Current total success rate: 0.662873399715505

Task: pick up the alphabet soup and place it in the basket view 0 0 100 0 0 initstate 0 noise 13
Success: True
# episodes completed so far: 1407
# successes: 933 (66.3%)
Current task success rate: 1.0
Current total success rate: 0.6631130063965884

Task: pick up the alphabet soup and place it in the basket view 0 0 100 0 0 initstate 0 noise 14
Success: True
# episodes completed so far: 1408
# successes: 934 (66.3%)
Current task success rate: 1.0
Current total success rate: 0.6633522727272727

Task: pick up the alphabet soup and place it in the basket view 0 0 100 0 0 initstate 0 noise 15
Success: True
# episodes completed so far: 1409
# successes: 935 (66.4%)
Current task success rate: 1.0
Current total success rate: 0.6635911994322214

Task: pick up the alphabet soup and place it in the basket view 0 0 100 0 0 initstate 0 noise 16
Success: True
# episodes completed so far: 1410
# successes: 936 (66.4%)
Current task success rate: 1.0
Current total success rate: 0.6638297872340425

Task: pick up the alphabet soup and place it in the basket view 0 0 100 0 0 initstate 0 noise 17
Success: False
# episodes completed so far: 1411
# successes: 936 (66.3%)
Current task success rate: 0.0
Current total success rate: 0.663359319631467

Task: pick up the alphabet soup and place it in the basket view 0 0 100 0 0 initstate 0 noise 18
Success: True
# episodes completed so far: 1412
# successes: 937 (66.4%)
Current task success rate: 1.0
Current total success rate: 0.6635977337110481

Task: pick up the alphabet soup and place it in the basket view 0 0 100 0 0 initstate 0 noise 19
Success: False
# episodes completed so far: 1413
# successes: 937 (66.3%)
Current task success rate: 0.0
Current total success rate: 0.6631280962491154

Task: pick up the alphabet soup and place it in the basket view 0 0 100 0 0 initstate 0 noise 20
Success: False
# episodes completed so far: 1414
# successes: 937 (66.3%)
Current task success rate: 0.0
Current total success rate: 0.6626591230551626

Task: pick up the alphabet soup and place it in the basket view 0 0 100 0 0 initstate 0 noise 22
Success: True
# episodes completed so far: 1415
# successes: 938 (66.3%)
Current task success rate: 1.0
Current total success rate: 0.6628975265017668

Task: pick up the alphabet soup and place it in the basket view 0 0 100 0 0 initstate 0 noise 24
Success: True
# episodes completed so far: 1416
# successes: 939 (66.3%)
Current task success rate: 1.0
Current total success rate: 0.663135593220339

Task: pick up the alphabet soup and place it in the basket view 0 0 100 0 0 initstate 0 noise 25
Success: True
# episodes completed so far: 1417
# successes: 940 (66.3%)
Current task success rate: 1.0
Current total success rate: 0.6633733239237827

Task: pick up the alphabet soup and place it in the basket view 0 0 100 0 0 initstate 0 noise 26
Success: False
# episodes completed so far: 1418
# successes: 940 (66.3%)
Current task success rate: 0.0
Current total success rate: 0.6629055007052186

Task: pick up the alphabet soup and place it in the basket view 0 0 100 0 0 initstate 0 noise 27
Success: False
# episodes completed so far: 1419
# successes: 940 (66.2%)
Current task success rate: 0.0
Current total success rate: 0.6624383368569415

Task: pick up the alphabet soup and place it in the basket view 0 0 100 0 0 initstate 0 noise 28
Success: False
# episodes completed so far: 1420
# successes: 940 (66.2%)
Current task success rate: 0.0
Current total success rate: 0.6619718309859155

Task: pick up the alphabet soup and place it in the basket view 0 0 100 0 0 initstate 0 noise 29
Success: False
# episodes completed so far: 1421
# successes: 940 (66.2%)
Current task success rate: 0.0
Current total success rate: 0.661505981703026

Task: pick up the alphabet soup and place it in the basket view 0 0 100 0 0 initstate 0 noise 30
Success: False
# episodes completed so far: 1422
# successes: 940 (66.1%)
Current task success rate: 0.0
Current total success rate: 0.6610407876230661

Task: pick up the alphabet soup and place it in the basket view 0 0 100 0 0 initstate 0 noise 35
Success: True
# episodes completed so far: 1423
# successes: 941 (66.1%)
Current task success rate: 1.0
Current total success rate: 0.6612789880534083

Task: pick up the alphabet soup and place it in the basket view 0 0 100 0 0 initstate 0 noise 36
Success: True
# episodes completed so far: 1424
# successes: 942 (66.2%)
Current task success rate: 1.0
Current total success rate: 0.6615168539325843

Task: pick up the alphabet soup and place it in the basket view 0 0 100 0 0 initstate 0 noise 37
Success: True
# episodes completed so far: 1425
# successes: 943 (66.2%)
Current task success rate: 1.0
Current total success rate: 0.6617543859649123

Task: pick up the alphabet soup and place it in the basket view 0 0 100 0 0 initstate 0 noise 38
Success: True
# episodes completed so far: 1426
# successes: 944 (66.2%)
Current task success rate: 1.0
Current total success rate: 0.6619915848527349

Task: pick up the alphabet soup and place it in the basket view 0 0 100 0 0 initstate 0 noise 39
Success: True
# episodes completed so far: 1427
# successes: 945 (66.2%)
Current task success rate: 1.0
Current total success rate: 0.662228451296426

Task: pick up the alphabet soup and place it in the basket view 0 0 100 0 0 initstate 0 noise 40
Success: True
# episodes completed so far: 1428
# successes: 946 (66.2%)
Current task success rate: 1.0
Current total success rate: 0.6624649859943977

Task: pick up the alphabet soup and place it in the basket view 0 0 100 0 0 initstate 0 noise 41
Success: True
# episodes completed so far: 1429
# successes: 947 (66.3%)
Current task success rate: 1.0
Current total success rate: 0.6627011896431071

Task: pick up the alphabet soup and place it in the basket view 0 0 100 0 0 initstate 0 noise 42
Success: True
# episodes completed so far: 1430
# successes: 948 (66.3%)
Current task success rate: 1.0
Current total success rate: 0.6629370629370629

Task: pick up the alphabet soup and place it in the basket view 0 0 100 0 0 initstate 0 noise 43
Success: True
# episodes completed so far: 1431
# successes: 949 (66.3%)
Current task success rate: 1.0
Current total success rate: 0.663172606568833

Task: pick up the alphabet soup and place it in the basket view 0 0 100 0 0 initstate 0 noise 44
Success: True
# episodes completed so far: 1432
# successes: 950 (66.3%)
Current task success rate: 1.0
Current total success rate: 0.6634078212290503

Task: pick up the alphabet soup and place it in the basket view 0 0 100 0 0 initstate 0 noise 45
Success: True
# episodes completed so far: 1433
# successes: 951 (66.4%)
Current task success rate: 1.0
Current total success rate: 0.6636427076064201

Task: pick up the alphabet soup and place it in the basket view 0 0 100 0 0 initstate 0 noise 46
Success: True
# episodes completed so far: 1434
# successes: 952 (66.4%)
Current task success rate: 1.0
Current total success rate: 0.6638772663877266

Task: pick up the alphabet soup and place it in the basket view 0 0 100 0 0 initstate 0 noise 47
Success: True
# episodes completed so far: 1435
# successes: 953 (66.4%)
Current task success rate: 1.0
Current total success rate: 0.6641114982578398

Task: pick up the alphabet soup and place it in the basket view 0 0 100 0 0 initstate 0 noise 48
Success: False
# episodes completed so far: 1436
# successes: 953 (66.4%)
Current task success rate: 0.0
Current total success rate: 0.6636490250696379

Task: pick up the alphabet soup and place it in the basket view 0 0 100 0 0 initstate 0 noise 49
Success: True
# episodes completed so far: 1437
# successes: 954 (66.4%)
Current task success rate: 1.0
Current total success rate: 0.6638830897703549

Task: pick up the alphabet soup and place it in the basket view 0 0 100 0 0 initstate 0 noise 50
Success: True
# episodes completed so far: 1438
# successes: 955 (66.4%)
Current task success rate: 1.0
Current total success rate: 0.6641168289290682

Task: pick up the cream cheese and place it in the basket view 0 0 100 0 0 initstate 0 noise 1
Success: True
# episodes completed so far: 1439
# successes: 956 (66.4%)
Current task success rate: 1.0
Current total success rate: 0.6643502432244615

Task: pick up the cream cheese and place it in the basket view 0 0 100 0 0 initstate 0 noise 2
Success: True
# episodes completed so far: 1440
# successes: 957 (66.5%)
Current task success rate: 1.0
Current total success rate: 0.6645833333333333

Task: pick up the cream cheese and place it in the basket view 0 0 100 0 0 initstate 0 noise 3
Success: True
# episodes completed so far: 1441
# successes: 958 (66.5%)
Current task success rate: 1.0
Current total success rate: 0.6648160999306038

Task: pick up the cream cheese and place it in the basket view 0 0 100 0 0 initstate 0 noise 4
Success: True
# episodes completed so far: 1442
# successes: 959 (66.5%)
Current task success rate: 1.0
Current total success rate: 0.6650485436893204

Task: pick up the cream cheese and place it in the basket view 0 0 100 0 0 initstate 0 noise 5
Success: True
# episodes completed so far: 1443
# successes: 960 (66.5%)
Current task success rate: 1.0
Current total success rate: 0.6652806652806653

Task: pick up the cream cheese and place it in the basket view 0 0 100 0 0 initstate 0 noise 6
Success: True
# episodes completed so far: 1444
# successes: 961 (66.6%)
Current task success rate: 1.0
Current total success rate: 0.6655124653739612

Task: pick up the cream cheese and place it in the basket view 0 0 100 0 0 initstate 0 noise 7
Success: True
# episodes completed so far: 1445
# successes: 962 (66.6%)
Current task success rate: 1.0
Current total success rate: 0.6657439446366782

Task: pick up the cream cheese and place it in the basket view 0 0 100 0 0 initstate 0 noise 8
Success: True
# episodes completed so far: 1446
# successes: 963 (66.6%)
Current task success rate: 1.0
Current total success rate: 0.6659751037344398

Task: pick up the cream cheese and place it in the basket view 0 0 100 0 0 initstate 0 noise 9
Success: True
# episodes completed so far: 1447
# successes: 964 (66.6%)
Current task success rate: 1.0
Current total success rate: 0.6662059433310297

Task: pick up the cream cheese and place it in the basket view 0 0 100 0 0 initstate 0 noise 10
Success: True
# episodes completed so far: 1448
# successes: 965 (66.6%)
Current task success rate: 1.0
Current total success rate: 0.6664364640883977

Task: pick up the cream cheese and place it in the basket view 0 0 100 0 0 initstate 0 noise 11
Success: True
# episodes completed so far: 1449
# successes: 966 (66.7%)
Current task success rate: 1.0
Current total success rate: 0.6666666666666666

Task: pick up the cream cheese and place it in the basket view 0 0 100 0 0 initstate 0 noise 12
Success: True
# episodes completed so far: 1450
# successes: 967 (66.7%)
Current task success rate: 1.0
Current total success rate: 0.666896551724138

Task: pick up the cream cheese and place it in the basket view 0 0 100 0 0 initstate 0 noise 13
Success: True
# episodes completed so far: 1451
# successes: 968 (66.7%)
Current task success rate: 1.0
Current total success rate: 0.6671261199172984

Task: pick up the cream cheese and place it in the basket view 0 0 100 0 0 initstate 0 noise 14
Success: True
# episodes completed so far: 1452
# successes: 969 (66.7%)
Current task success rate: 1.0
Current total success rate: 0.6673553719008265

Task: pick up the cream cheese and place it in the basket view 0 0 100 0 0 initstate 0 noise 15
Success: True
# episodes completed so far: 1453
# successes: 970 (66.8%)
Current task success rate: 1.0
Current total success rate: 0.6675843083275981

Task: pick up the cream cheese and place it in the basket view 0 0 100 0 0 initstate 0 noise 16
Success: True
# episodes completed so far: 1454
# successes: 971 (66.8%)
Current task success rate: 1.0
Current total success rate: 0.6678129298486932

Task: pick up the cream cheese and place it in the basket view 0 0 100 0 0 initstate 0 noise 17
Success: True
# episodes completed so far: 1455
# successes: 972 (66.8%)
Current task success rate: 1.0
Current total success rate: 0.668041237113402

Task: pick up the cream cheese and place it in the basket view 0 0 100 0 0 initstate 0 noise 18
Success: True
# episodes completed so far: 1456
# successes: 973 (66.8%)
Current task success rate: 1.0
Current total success rate: 0.6682692307692307

Task: pick up the cream cheese and place it in the basket view 0 0 100 0 0 initstate 0 noise 19
Success: True
# episodes completed so far: 1457
# successes: 974 (66.8%)
Current task success rate: 1.0
Current total success rate: 0.668496911461908

Task: pick up the cream cheese and place it in the basket view 0 0 100 0 0 initstate 0 noise 21
Success: True
# episodes completed so far: 1458
# successes: 975 (66.9%)
Current task success rate: 1.0
Current total success rate: 0.668724279835391

Task: pick up the cream cheese and place it in the basket view 0 0 100 0 0 initstate 0 noise 22
Success: True
# episodes completed so far: 1459
# successes: 976 (66.9%)
Current task success rate: 1.0
Current total success rate: 0.6689513365318711

Task: pick up the cream cheese and place it in the basket view 0 0 100 0 0 initstate 0 noise 24
Success: True
# episodes completed so far: 1460
# successes: 977 (66.9%)
Current task success rate: 1.0
Current total success rate: 0.6691780821917809

Task: pick up the cream cheese and place it in the basket view 0 0 100 0 0 initstate 0 noise 25
Success: True
# episodes completed so far: 1461
# successes: 978 (66.9%)
Current task success rate: 1.0
Current total success rate: 0.6694045174537988

Task: pick up the cream cheese and place it in the basket view 0 0 100 0 0 initstate 0 noise 26
Success: True
# episodes completed so far: 1462
# successes: 979 (67.0%)
Current task success rate: 1.0
Current total success rate: 0.6696306429548564

Task: pick up the cream cheese and place it in the basket view 0 0 100 0 0 initstate 0 noise 27
Success: True
# episodes completed so far: 1463
# successes: 980 (67.0%)
Current task success rate: 1.0
Current total success rate: 0.6698564593301436

Task: pick up the cream cheese and place it in the basket view 0 0 100 0 0 initstate 0 noise 28
Success: True
# episodes completed so far: 1464
# successes: 981 (67.0%)
Current task success rate: 1.0
Current total success rate: 0.6700819672131147

Task: pick up the cream cheese and place it in the basket view 0 0 100 0 0 initstate 0 noise 29
Success: True
# episodes completed so far: 1465
# successes: 982 (67.0%)
Current task success rate: 1.0
Current total success rate: 0.6703071672354949

Task: pick up the cream cheese and place it in the basket view 0 0 100 0 0 initstate 0 noise 30
Success: True
# episodes completed so far: 1466
# successes: 983 (67.1%)
Current task success rate: 1.0
Current total success rate: 0.6705320600272852

Task: pick up the cream cheese and place it in the basket view 0 0 100 0 0 initstate 0 noise 32
Success: True
# episodes completed so far: 1467
# successes: 984 (67.1%)
Current task success rate: 1.0
Current total success rate: 0.6707566462167689

Task: pick up the cream cheese and place it in the basket view 0 0 100 0 0 initstate 0 noise 33
Success: True
# episodes completed so far: 1468
# successes: 985 (67.1%)
Current task success rate: 1.0
Current total success rate: 0.6709809264305178

Task: pick up the cream cheese and place it in the basket view 0 0 100 0 0 initstate 0 noise 34
Success: True
# episodes completed so far: 1469
# successes: 986 (67.1%)
Current task success rate: 1.0
Current total success rate: 0.6712049012933968

Task: pick up the cream cheese and place it in the basket view 0 0 100 0 0 initstate 0 noise 35
Success: True
# episodes completed so far: 1470
# successes: 987 (67.1%)
Current task success rate: 1.0
Current total success rate: 0.6714285714285714

Task: pick up the cream cheese and place it in the basket view 0 0 100 0 0 initstate 0 noise 36
Success: True
# episodes completed so far: 1471
# successes: 988 (67.2%)
Current task success rate: 1.0
Current total success rate: 0.671651937457512

Task: pick up the cream cheese and place it in the basket view 0 0 100 0 0 initstate 0 noise 37
Success: True
# episodes completed so far: 1472
# successes: 989 (67.2%)
Current task success rate: 1.0
Current total success rate: 0.671875

Task: pick up the cream cheese and place it in the basket view 0 0 100 0 0 initstate 0 noise 38
Success: True
# episodes completed so far: 1473
# successes: 990 (67.2%)
Current task success rate: 1.0
Current total success rate: 0.6720977596741344

Task: pick up the cream cheese and place it in the basket view 0 0 100 0 0 initstate 0 noise 41
Success: True
# episodes completed so far: 1474
# successes: 991 (67.2%)
Current task success rate: 1.0
Current total success rate: 0.6723202170963365

Task: pick up the cream cheese and place it in the basket view 0 0 100 0 0 initstate 0 noise 42
Success: True
# episodes completed so far: 1475
# successes: 992 (67.3%)
Current task success rate: 1.0
Current total success rate: 0.672542372881356

Task: pick up the cream cheese and place it in the basket view 0 0 100 0 0 initstate 0 noise 43
Success: True
# episodes completed so far: 1476
# successes: 993 (67.3%)
Current task success rate: 1.0
Current total success rate: 0.6727642276422764

Task: pick up the cream cheese and place it in the basket view 0 0 100 0 0 initstate 0 noise 44
Success: True
# episodes completed so far: 1477
# successes: 994 (67.3%)
Current task success rate: 1.0
Current total success rate: 0.6729857819905213

Task: pick up the cream cheese and place it in the basket view 0 0 100 0 0 initstate 0 noise 45
Success: True
# episodes completed so far: 1478
# successes: 995 (67.3%)
Current task success rate: 1.0
Current total success rate: 0.6732070365358592

Task: pick up the cream cheese and place it in the basket view 0 0 100 0 0 initstate 0 noise 47
Success: True
# episodes completed so far: 1479
# successes: 996 (67.3%)
Current task success rate: 1.0
Current total success rate: 0.6734279918864098

Task: pick up the cream cheese and place it in the basket view 0 0 100 0 0 initstate 0 noise 48
Success: True
# episodes completed so far: 1480
# successes: 997 (67.4%)
Current task success rate: 1.0
Current total success rate: 0.6736486486486486

Task: pick up the cream cheese and place it in the basket view 0 0 100 0 0 initstate 0 noise 49
Success: True
# episodes completed so far: 1481
# successes: 998 (67.4%)
Current task success rate: 1.0
Current total success rate: 0.673869007427414

Task: pick up the cream cheese and place it in the basket view 0 0 100 0 0 initstate 0 noise 50
Success: True
# episodes completed so far: 1482
# successes: 999 (67.4%)
Current task success rate: 1.0
Current total success rate: 0.6740890688259109

Task: pick up the salad dressing and place it in the basket view 0 0 100 0 0 initstate 0 noise 1
Success: True
# episodes completed so far: 1483
# successes: 1000 (67.4%)
Current task success rate: 1.0
Current total success rate: 0.6743088334457181

Task: pick up the salad dressing and place it in the basket view 0 0 100 0 0 initstate 0 noise 2
Success: True
# episodes completed so far: 1484
# successes: 1001 (67.5%)
Current task success rate: 1.0
Current total success rate: 0.6745283018867925

Task: pick up the salad dressing and place it in the basket view 0 0 100 0 0 initstate 0 noise 3
Success: True
# episodes completed so far: 1485
# successes: 1002 (67.5%)
Current task success rate: 1.0
Current total success rate: 0.6747474747474748

Task: pick up the salad dressing and place it in the basket view 0 0 100 0 0 initstate 0 noise 4
Success: True
# episodes completed so far: 1486
# successes: 1003 (67.5%)
Current task success rate: 1.0
Current total success rate: 0.6749663526244953

Task: pick up the salad dressing and place it in the basket view 0 0 100 0 0 initstate 0 noise 5
Success: True
# episodes completed so far: 1487
# successes: 1004 (67.5%)
Current task success rate: 1.0
Current total success rate: 0.6751849361129791

Task: pick up the salad dressing and place it in the basket view 0 0 100 0 0 initstate 0 noise 6
Success: True
# episodes completed so far: 1488
# successes: 1005 (67.5%)
Current task success rate: 1.0
Current total success rate: 0.6754032258064516

Task: pick up the salad dressing and place it in the basket view 0 0 100 0 0 initstate 0 noise 7
Success: True
# episodes completed so far: 1489
# successes: 1006 (67.6%)
Current task success rate: 1.0
Current total success rate: 0.6756212222968435

Task: pick up the salad dressing and place it in the basket view 0 0 100 0 0 initstate 0 noise 8
Success: True
# episodes completed so far: 1490
# successes: 1007 (67.6%)
Current task success rate: 1.0
Current total success rate: 0.6758389261744966

Task: pick up the salad dressing and place it in the basket view 0 0 100 0 0 initstate 0 noise 9
Success: True
# episodes completed so far: 1491
# successes: 1008 (67.6%)
Current task success rate: 1.0
Current total success rate: 0.676056338028169

Task: pick up the salad dressing and place it in the basket view 0 0 100 0 0 initstate 0 noise 12
Success: True
# episodes completed so far: 1492
# successes: 1009 (67.6%)
Current task success rate: 1.0
Current total success rate: 0.6762734584450402

Task: pick up the salad dressing and place it in the basket view 0 0 100 0 0 initstate 0 noise 13
Success: True
# episodes completed so far: 1493
# successes: 1010 (67.6%)
Current task success rate: 1.0
Current total success rate: 0.6764902880107166

Task: pick up the salad dressing and place it in the basket view 0 0 100 0 0 initstate 0 noise 14
Success: True
# episodes completed so far: 1494
# successes: 1011 (67.7%)
Current task success rate: 1.0
Current total success rate: 0.6767068273092369

Task: pick up the salad dressing and place it in the basket view 0 0 100 0 0 initstate 0 noise 15
Success: True
# episodes completed so far: 1495
# successes: 1012 (67.7%)
Current task success rate: 1.0
Current total success rate: 0.676923076923077

Task: pick up the salad dressing and place it in the basket view 0 0 100 0 0 initstate 0 noise 16
Success: True
# episodes completed so far: 1496
# successes: 1013 (67.7%)
Current task success rate: 1.0
Current total success rate: 0.6771390374331551

Task: pick up the salad dressing and place it in the basket view 0 0 100 0 0 initstate 0 noise 17
Success: True
# episodes completed so far: 1497
# successes: 1014 (67.7%)
Current task success rate: 1.0
Current total success rate: 0.6773547094188377

Task: pick up the salad dressing and place it in the basket view 0 0 100 0 0 initstate 0 noise 19
Success: False
# episodes completed so far: 1498
# successes: 1014 (67.7%)
Current task success rate: 0.0
Current total success rate: 0.6769025367156208

Task: pick up the salad dressing and place it in the basket view 0 0 100 0 0 initstate 0 noise 20
Success: True
# episodes completed so far: 1499
# successes: 1015 (67.7%)
Current task success rate: 1.0
Current total success rate: 0.6771180787191461

Task: pick up the salad dressing and place it in the basket view 0 0 100 0 0 initstate 0 noise 24
Success: True
# episodes completed so far: 1500
# successes: 1016 (67.7%)
Current task success rate: 1.0
Current total success rate: 0.6773333333333333

Task: pick up the salad dressing and place it in the basket view 0 0 100 0 0 initstate 0 noise 25
Success: True
# episodes completed so far: 1501
# successes: 1017 (67.8%)
Current task success rate: 1.0
Current total success rate: 0.6775483011325782

Task: pick up the salad dressing and place it in the basket view 0 0 100 0 0 initstate 0 noise 26
Success: True
# episodes completed so far: 1502
# successes: 1018 (67.8%)
Current task success rate: 1.0
Current total success rate: 0.677762982689747

Task: pick up the salad dressing and place it in the basket view 0 0 100 0 0 initstate 0 noise 27
Success: False
# episodes completed so far: 1503
# successes: 1018 (67.7%)
Current task success rate: 0.0
Current total success rate: 0.6773120425815037

Task: pick up the salad dressing and place it in the basket view 0 0 100 0 0 initstate 0 noise 28
Success: False
# episodes completed so far: 1504
# successes: 1018 (67.7%)
Current task success rate: 0.0
Current total success rate: 0.6768617021276596

Task: pick up the salad dressing and place it in the basket view 0 0 100 0 0 initstate 0 noise 29
Success: True
# episodes completed so far: 1505
# successes: 1019 (67.7%)
Current task success rate: 1.0
Current total success rate: 0.6770764119601329

Task: pick up the salad dressing and place it in the basket view 0 0 100 0 0 initstate 0 noise 30
Success: False
# episodes completed so far: 1506
# successes: 1019 (67.7%)
Current task success rate: 0.0
Current total success rate: 0.6766268260292164

Task: pick up the salad dressing and place it in the basket view 0 0 100 0 0 initstate 0 noise 33
Success: True
# episodes completed so far: 1507
# successes: 1020 (67.7%)
Current task success rate: 1.0
Current total success rate: 0.6768414067684141

Task: pick up the salad dressing and place it in the basket view 0 0 100 0 0 initstate 0 noise 34
Success: True
# episodes completed so far: 1508
# successes: 1021 (67.7%)
Current task success rate: 1.0
Current total success rate: 0.6770557029177718

Task: pick up the salad dressing and place it in the basket view 0 0 100 0 0 initstate 0 noise 35
Success: True
# episodes completed so far: 1509
# successes: 1022 (67.7%)
Current task success rate: 1.0
Current total success rate: 0.6772697150430749

Task: pick up the salad dressing and place it in the basket view 0 0 100 0 0 initstate 0 noise 36
Success: True
# episodes completed so far: 1510
# successes: 1023 (67.7%)
Current task success rate: 1.0
Current total success rate: 0.6774834437086092

Task: pick up the salad dressing and place it in the basket view 0 0 100 0 0 initstate 0 noise 37
Success: True
# episodes completed so far: 1511
# successes: 1024 (67.8%)
Current task success rate: 1.0
Current total success rate: 0.6776968894771674

Task: pick up the salad dressing and place it in the basket view 0 0 100 0 0 initstate 0 noise 38
Success: True
# episodes completed so far: 1512
# successes: 1025 (67.8%)
Current task success rate: 1.0
Current total success rate: 0.6779100529100529

Task: pick up the salad dressing and place it in the basket view 0 0 100 0 0 initstate 0 noise 39
Success: True
# episodes completed so far: 1513
# successes: 1026 (67.8%)
Current task success rate: 1.0
Current total success rate: 0.6781229345670853

Task: pick up the salad dressing and place it in the basket view 0 0 100 0 0 initstate 0 noise 40
Success: True
# episodes completed so far: 1514
# successes: 1027 (67.8%)
Current task success rate: 1.0
Current total success rate: 0.678335535006605

Task: pick up the salad dressing and place it in the basket view 0 0 100 0 0 initstate 0 noise 41
Success: True
# episodes completed so far: 1515
# successes: 1028 (67.9%)
Current task success rate: 1.0
Current total success rate: 0.6785478547854785

Task: pick up the salad dressing and place it in the basket view 0 0 100 0 0 initstate 0 noise 42
Success: True
# episodes completed so far: 1516
# successes: 1029 (67.9%)
Current task success rate: 1.0
Current total success rate: 0.6787598944591029

Task: pick up the salad dressing and place it in the basket view 0 0 100 0 0 initstate 0 noise 43
Success: True
# episodes completed so far: 1517
# successes: 1030 (67.9%)
Current task success rate: 1.0
Current total success rate: 0.6789716545814107

Task: pick up the salad dressing and place it in the basket view 0 0 100 0 0 initstate 0 noise 44
Success: True
# episodes completed so far: 1518
# successes: 1031 (67.9%)
Current task success rate: 1.0
Current total success rate: 0.6791831357048749

Task: pick up the salad dressing and place it in the basket view 0 0 100 0 0 initstate 0 noise 45
Success: True
# episodes completed so far: 1519
# successes: 1032 (67.9%)
Current task success rate: 1.0
Current total success rate: 0.6793943383805134

Task: pick up the salad dressing and place it in the basket view 0 0 100 0 0 initstate 0 noise 46
Success: True
# episodes completed so far: 1520
# successes: 1033 (68.0%)
Current task success rate: 1.0
Current total success rate: 0.6796052631578947

Task: pick up the salad dressing and place it in the basket view 0 0 100 0 0 initstate 0 noise 47
Success: True
# episodes completed so far: 1521
# successes: 1034 (68.0%)
Current task success rate: 1.0
Current total success rate: 0.6798159105851413

Task: pick up the salad dressing and place it in the basket view 0 0 100 0 0 initstate 0 noise 48
Success: True
# episodes completed so far: 1522
# successes: 1035 (68.0%)
Current task success rate: 1.0
Current total success rate: 0.6800262812089356

Task: pick up the salad dressing and place it in the basket view 0 0 100 0 0 initstate 0 noise 49
Success: True
# episodes completed so far: 1523
# successes: 1036 (68.0%)
Current task success rate: 1.0
Current total success rate: 0.680236375574524

Task: pick up the salad dressing and place it in the basket view 0 0 100 0 0 initstate 0 noise 50
Success: True
# episodes completed so far: 1524
# successes: 1037 (68.0%)
Current task success rate: 1.0
Current total success rate: 0.6804461942257218

Task: pick up the bbq sauce and place it in the basket view 0 0 100 0 0 initstate 0 noise 2
Success: True
# episodes completed so far: 1525
# successes: 1038 (68.1%)
Current task success rate: 1.0
Current total success rate: 0.680655737704918

Task: pick up the bbq sauce and place it in the basket view 0 0 100 0 0 initstate 0 noise 3
Success: True
# episodes completed so far: 1526
# successes: 1039 (68.1%)
Current task success rate: 1.0
Current total success rate: 0.6808650065530799

Task: pick up the bbq sauce and place it in the basket view 0 0 100 0 0 initstate 0 noise 4
Success: True
# episodes completed so far: 1527
# successes: 1040 (68.1%)
Current task success rate: 1.0
Current total success rate: 0.6810740013097577

Task: pick up the bbq sauce and place it in the basket view 0 0 100 0 0 initstate 0 noise 5
Success: True
# episodes completed so far: 1528
# successes: 1041 (68.1%)
Current task success rate: 1.0
Current total success rate: 0.681282722513089

Task: pick up the bbq sauce and place it in the basket view 0 0 100 0 0 initstate 0 noise 6
Success: True
# episodes completed so far: 1529
# successes: 1042 (68.1%)
Current task success rate: 1.0
Current total success rate: 0.6814911706998038

Task: pick up the bbq sauce and place it in the basket view 0 0 100 0 0 initstate 0 noise 7
Success: True
# episodes completed so far: 1530
# successes: 1043 (68.2%)
Current task success rate: 1.0
Current total success rate: 0.6816993464052288

Task: pick up the bbq sauce and place it in the basket view 0 0 100 0 0 initstate 0 noise 8
Success: True
# episodes completed so far: 1531
# successes: 1044 (68.2%)
Current task success rate: 1.0
Current total success rate: 0.681907250163292

Task: pick up the bbq sauce and place it in the basket view 0 0 100 0 0 initstate 0 noise 10
Success: True
# episodes completed so far: 1532
# successes: 1045 (68.2%)
Current task success rate: 1.0
Current total success rate: 0.6821148825065274

Task: pick up the bbq sauce and place it in the basket view 0 0 100 0 0 initstate 0 noise 12
Success: True
# episodes completed so far: 1533
# successes: 1046 (68.2%)
Current task success rate: 1.0
Current total success rate: 0.6823222439660795

Task: pick up the bbq sauce and place it in the basket view 0 0 100 0 0 initstate 0 noise 13
Success: True
# episodes completed so far: 1534
# successes: 1047 (68.3%)
Current task success rate: 1.0
Current total success rate: 0.682529335071708

Task: pick up the bbq sauce and place it in the basket view 0 0 100 0 0 initstate 0 noise 14
Success: True
# episodes completed so far: 1535
# successes: 1048 (68.3%)
Current task success rate: 1.0
Current total success rate: 0.6827361563517915

Task: pick up the bbq sauce and place it in the basket view 0 0 100 0 0 initstate 0 noise 15
Success: True
# episodes completed so far: 1536
# successes: 1049 (68.3%)
Current task success rate: 1.0
Current total success rate: 0.6829427083333334

Task: pick up the bbq sauce and place it in the basket view 0 0 100 0 0 initstate 0 noise 16
Success: False
# episodes completed so far: 1537
# successes: 1049 (68.2%)
Current task success rate: 0.0
Current total success rate: 0.682498373454782

Task: pick up the bbq sauce and place it in the basket view 0 0 100 0 0 initstate 0 noise 17
Success: True
# episodes completed so far: 1538
# successes: 1050 (68.3%)
Current task success rate: 1.0
Current total success rate: 0.682704811443433

Task: pick up the bbq sauce and place it in the basket view 0 0 100 0 0 initstate 0 noise 18
Success: True
# episodes completed so far: 1539
# successes: 1051 (68.3%)
Current task success rate: 1.0
Current total success rate: 0.6829109811565952

Task: pick up the bbq sauce and place it in the basket view 0 0 100 0 0 initstate 0 noise 19
Success: True
# episodes completed so far: 1540
# successes: 1052 (68.3%)
Current task success rate: 1.0
Current total success rate: 0.6831168831168831

Task: pick up the bbq sauce and place it in the basket view 0 0 100 0 0 initstate 0 noise 20
Success: True
# episodes completed so far: 1541
# successes: 1053 (68.3%)
Current task success rate: 1.0
Current total success rate: 0.6833225178455549

Task: pick up the bbq sauce and place it in the basket view 0 0 100 0 0 initstate 0 noise 24
Success: True
# episodes completed so far: 1542
# successes: 1054 (68.4%)
Current task success rate: 1.0
Current total success rate: 0.6835278858625162

Task: pick up the bbq sauce and place it in the basket view 0 0 100 0 0 initstate 0 noise 25
Success: True
# episodes completed so far: 1543
# successes: 1055 (68.4%)
Current task success rate: 1.0
Current total success rate: 0.6837329876863253

Task: pick up the bbq sauce and place it in the basket view 0 0 100 0 0 initstate 0 noise 26
Success: True
# episodes completed so far: 1544
# successes: 1056 (68.4%)
Current task success rate: 1.0
Current total success rate: 0.6839378238341969

Task: pick up the bbq sauce and place it in the basket view 0 0 100 0 0 initstate 0 noise 27
Success: True
# episodes completed so far: 1545
# successes: 1057 (68.4%)
Current task success rate: 1.0
Current total success rate: 0.6841423948220064

Task: pick up the bbq sauce and place it in the basket view 0 0 100 0 0 initstate 0 noise 28
Success: False
# episodes completed so far: 1546
# successes: 1057 (68.4%)
Current task success rate: 0.0
Current total success rate: 0.6836998706338939

Task: pick up the bbq sauce and place it in the basket view 0 0 100 0 0 initstate 0 noise 29
Success: True
# episodes completed so far: 1547
# successes: 1058 (68.4%)
Current task success rate: 1.0
Current total success rate: 0.6839043309631545

Task: pick up the bbq sauce and place it in the basket view 0 0 100 0 0 initstate 0 noise 30
Success: True
# episodes completed so far: 1548
# successes: 1059 (68.4%)
Current task success rate: 1.0
Current total success rate: 0.6841085271317829

Task: pick up the bbq sauce and place it in the basket view 0 0 100 0 0 initstate 0 noise 34
Success: True
# episodes completed so far: 1549
# successes: 1060 (68.4%)
Current task success rate: 1.0
Current total success rate: 0.684312459651388

Task: pick up the bbq sauce and place it in the basket view 0 0 100 0 0 initstate 0 noise 35
Success: True
# episodes completed so far: 1550
# successes: 1061 (68.5%)
Current task success rate: 1.0
Current total success rate: 0.6845161290322581

Task: pick up the bbq sauce and place it in the basket view 0 0 100 0 0 initstate 0 noise 36
Success: True
# episodes completed so far: 1551
# successes: 1062 (68.5%)
Current task success rate: 1.0
Current total success rate: 0.6847195357833655

Task: pick up the bbq sauce and place it in the basket view 0 0 100 0 0 initstate 0 noise 37
Success: True
# episodes completed so far: 1552
# successes: 1063 (68.5%)
Current task success rate: 1.0
Current total success rate: 0.6849226804123711

Task: pick up the bbq sauce and place it in the basket view 0 0 100 0 0 initstate 0 noise 38
Success: True
# episodes completed so far: 1553
# successes: 1064 (68.5%)
Current task success rate: 1.0
Current total success rate: 0.6851255634256278

Task: pick up the bbq sauce and place it in the basket view 0 0 100 0 0 initstate 0 noise 39
Success: True
# episodes completed so far: 1554
# successes: 1065 (68.5%)
Current task success rate: 1.0
Current total success rate: 0.6853281853281853

Task: pick up the bbq sauce and place it in the basket view 0 0 100 0 0 initstate 0 noise 40
Success: True
# episodes completed so far: 1555
# successes: 1066 (68.6%)
Current task success rate: 1.0
Current total success rate: 0.6855305466237942

Task: pick up the bbq sauce and place it in the basket view 0 0 100 0 0 initstate 0 noise 41
Success: True
# episodes completed so far: 1556
# successes: 1067 (68.6%)
Current task success rate: 1.0
Current total success rate: 0.6857326478149101

Task: pick up the bbq sauce and place it in the basket view 0 0 100 0 0 initstate 0 noise 42
Success: True
# episodes completed so far: 1557
# successes: 1068 (68.6%)
Current task success rate: 1.0
Current total success rate: 0.6859344894026975

Task: pick up the bbq sauce and place it in the basket view 0 0 100 0 0 initstate 0 noise 43
Success: True
# episodes completed so far: 1558
# successes: 1069 (68.6%)
Current task success rate: 1.0
Current total success rate: 0.6861360718870346

Task: pick up the bbq sauce and place it in the basket view 0 0 100 0 0 initstate 0 noise 44
Success: True
# episodes completed so far: 1559
# successes: 1070 (68.6%)
Current task success rate: 1.0
Current total success rate: 0.686337395766517

Task: pick up the bbq sauce and place it in the basket view 0 0 100 0 0 initstate 0 noise 45
Success: True
# episodes completed so far: 1560
# successes: 1071 (68.7%)
Current task success rate: 1.0
Current total success rate: 0.6865384615384615

Task: pick up the bbq sauce and place it in the basket view 0 0 100 0 0 initstate 0 noise 46
Success: True
# episodes completed so far: 1561
# successes: 1072 (68.7%)
Current task success rate: 1.0
Current total success rate: 0.686739269698911

Task: pick up the bbq sauce and place it in the basket view 0 0 100 0 0 initstate 0 noise 47
Success: True
# episodes completed so far: 1562
# successes: 1073 (68.7%)
Current task success rate: 1.0
Current total success rate: 0.6869398207426376

Task: pick up the bbq sauce and place it in the basket view 0 0 100 0 0 initstate 0 noise 48
Success: True
# episodes completed so far: 1563
# successes: 1074 (68.7%)
Current task success rate: 1.0
Current total success rate: 0.6871401151631478

Task: pick up the bbq sauce and place it in the basket view 0 0 100 0 0 initstate 0 noise 49
Success: True
# episodes completed so far: 1564
# successes: 1075 (68.7%)
Current task success rate: 1.0
Current total success rate: 0.6873401534526854

Task: pick up the bbq sauce and place it in the basket view 0 0 100 0 0 initstate 0 noise 50
Success: True
# episodes completed so far: 1565
# successes: 1076 (68.8%)
Current task success rate: 1.0
Current total success rate: 0.6875399361022364

Task: pick up the ketchup and place it in the basket view 0 0 100 0 0 initstate 0 noise 1
Success: True
# episodes completed so far: 1566
# successes: 1077 (68.8%)
Current task success rate: 1.0
Current total success rate: 0.6877394636015326

Task: pick up the ketchup and place it in the basket view 0 0 100 0 0 initstate 0 noise 2
Success: True
# episodes completed so far: 1567
# successes: 1078 (68.8%)
Current task success rate: 1.0
Current total success rate: 0.6879387364390556

Task: pick up the ketchup and place it in the basket view 0 0 100 0 0 initstate 0 noise 3
Success: True
# episodes completed so far: 1568
# successes: 1079 (68.8%)
Current task success rate: 1.0
Current total success rate: 0.6881377551020408

Task: pick up the ketchup and place it in the basket view 0 0 100 0 0 initstate 0 noise 4
Success: True
# episodes completed so far: 1569
# successes: 1080 (68.8%)
Current task success rate: 1.0
Current total success rate: 0.6883365200764818

Task: pick up the ketchup and place it in the basket view 0 0 100 0 0 initstate 0 noise 5
Success: True
# episodes completed so far: 1570
# successes: 1081 (68.9%)
Current task success rate: 1.0
Current total success rate: 0.6885350318471337

Task: pick up the ketchup and place it in the basket view 0 0 100 0 0 initstate 0 noise 6
Success: True
# episodes completed so far: 1571
# successes: 1082 (68.9%)
Current task success rate: 1.0
Current total success rate: 0.6887332908975176

Task: pick up the ketchup and place it in the basket view 0 0 100 0 0 initstate 0 noise 7
Success: True
# episodes completed so far: 1572
# successes: 1083 (68.9%)
Current task success rate: 1.0
Current total success rate: 0.6889312977099237

Task: pick up the ketchup and place it in the basket view 0 0 100 0 0 initstate 0 noise 8
Success: True
# episodes completed so far: 1573
# successes: 1084 (68.9%)
Current task success rate: 1.0
Current total success rate: 0.6891290527654164

Task: pick up the ketchup and place it in the basket view 0 0 100 0 0 initstate 0 noise 9
Success: True
# episodes completed so far: 1574
# successes: 1085 (68.9%)
Current task success rate: 1.0
Current total success rate: 0.6893265565438373

Task: pick up the ketchup and place it in the basket view 0 0 100 0 0 initstate 0 noise 10
Success: False
# episodes completed so far: 1575
# successes: 1085 (68.9%)
Current task success rate: 0.0
Current total success rate: 0.6888888888888889

Task: pick up the ketchup and place it in the basket view 0 0 100 0 0 initstate 0 noise 12
Success: True
# episodes completed so far: 1576
# successes: 1086 (68.9%)
Current task success rate: 1.0
Current total success rate: 0.6890862944162437

Task: pick up the ketchup and place it in the basket view 0 0 100 0 0 initstate 0 noise 13
Success: True
# episodes completed so far: 1577
# successes: 1087 (68.9%)
Current task success rate: 1.0
Current total success rate: 0.689283449587825

Task: pick up the ketchup and place it in the basket view 0 0 100 0 0 initstate 0 noise 14
Success: True
# episodes completed so far: 1578
# successes: 1088 (68.9%)
Current task success rate: 1.0
Current total success rate: 0.6894803548795945

Task: pick up the ketchup and place it in the basket view 0 0 100 0 0 initstate 0 noise 15
Success: True
# episodes completed so far: 1579
# successes: 1089 (69.0%)
Current task success rate: 1.0
Current total success rate: 0.6896770107663078

Task: pick up the ketchup and place it in the basket view 0 0 100 0 0 initstate 0 noise 16
Success: True
# episodes completed so far: 1580
# successes: 1090 (69.0%)
Current task success rate: 1.0
Current total success rate: 0.689873417721519

Task: pick up the ketchup and place it in the basket view 0 0 100 0 0 initstate 0 noise 17
Success: True
# episodes completed so far: 1581
# successes: 1091 (69.0%)
Current task success rate: 1.0
Current total success rate: 0.6900695762175838

Task: pick up the ketchup and place it in the basket view 0 0 100 0 0 initstate 0 noise 18
Success: True
# episodes completed so far: 1582
# successes: 1092 (69.0%)
Current task success rate: 1.0
Current total success rate: 0.6902654867256637

Task: pick up the ketchup and place it in the basket view 0 0 100 0 0 initstate 0 noise 19
Success: False
# episodes completed so far: 1583
# successes: 1092 (69.0%)
Current task success rate: 0.0
Current total success rate: 0.689829437776374

Task: pick up the ketchup and place it in the basket view 0 0 100 0 0 initstate 0 noise 20
Success: True
# episodes completed so far: 1584
# successes: 1093 (69.0%)
Current task success rate: 1.0
Current total success rate: 0.6900252525252525

Task: pick up the ketchup and place it in the basket view 0 0 100 0 0 initstate 0 noise 23
Success: True
# episodes completed so far: 1585
# successes: 1094 (69.0%)
Current task success rate: 1.0
Current total success rate: 0.6902208201892744

Task: pick up the ketchup and place it in the basket view 0 0 100 0 0 initstate 0 noise 24
Success: True
# episodes completed so far: 1586
# successes: 1095 (69.0%)
Current task success rate: 1.0
Current total success rate: 0.6904161412358134

Task: pick up the ketchup and place it in the basket view 0 0 100 0 0 initstate 0 noise 25
Success: True
# episodes completed so far: 1587
# successes: 1096 (69.1%)
Current task success rate: 1.0
Current total success rate: 0.6906112161310649

Task: pick up the ketchup and place it in the basket view 0 0 100 0 0 initstate 0 noise 26
Success: True
# episodes completed so far: 1588
# successes: 1097 (69.1%)
Current task success rate: 1.0
Current total success rate: 0.6908060453400504

Task: pick up the ketchup and place it in the basket view 0 0 100 0 0 initstate 0 noise 27
Success: True
# episodes completed so far: 1589
# successes: 1098 (69.1%)
Current task success rate: 1.0
Current total success rate: 0.6910006293266205

Task: pick up the ketchup and place it in the basket view 0 0 100 0 0 initstate 0 noise 28
Success: True
# episodes completed so far: 1590
# successes: 1099 (69.1%)
Current task success rate: 1.0
Current total success rate: 0.6911949685534591

Task: pick up the ketchup and place it in the basket view 0 0 100 0 0 initstate 0 noise 29
Success: True
# episodes completed so far: 1591
# successes: 1100 (69.1%)
Current task success rate: 1.0
Current total success rate: 0.6913890634820867

Task: pick up the ketchup and place it in the basket view 0 0 100 0 0 initstate 0 noise 30
Success: True
# episodes completed so far: 1592
# successes: 1101 (69.2%)
Current task success rate: 1.0
Current total success rate: 0.6915829145728644

Task: pick up the ketchup and place it in the basket view 0 0 100 0 0 initstate 0 noise 34
Success: True
# episodes completed so far: 1593
# successes: 1102 (69.2%)
Current task success rate: 1.0
Current total success rate: 0.6917765222849969

Task: pick up the ketchup and place it in the basket view 0 0 100 0 0 initstate 0 noise 35
Success: True
# episodes completed so far: 1594
# successes: 1103 (69.2%)
Current task success rate: 1.0
Current total success rate: 0.6919698870765371

Task: pick up the ketchup and place it in the basket view 0 0 100 0 0 initstate 0 noise 36
Success: True
# episodes completed so far: 1595
# successes: 1104 (69.2%)
Current task success rate: 1.0
Current total success rate: 0.6921630094043887

Task: pick up the ketchup and place it in the basket view 0 0 100 0 0 initstate 0 noise 37
Success: True
# episodes completed so far: 1596
# successes: 1105 (69.2%)
Current task success rate: 1.0
Current total success rate: 0.6923558897243107

Task: pick up the ketchup and place it in the basket view 0 0 100 0 0 initstate 0 noise 38
Success: True
# episodes completed so far: 1597
# successes: 1106 (69.3%)
Current task success rate: 1.0
Current total success rate: 0.6925485284909205

Task: pick up the ketchup and place it in the basket view 0 0 100 0 0 initstate 0 noise 39
Success: True
# episodes completed so far: 1598
# successes: 1107 (69.3%)
Current task success rate: 1.0
Current total success rate: 0.6927409261576971

Task: pick up the ketchup and place it in the basket view 0 0 100 0 0 initstate 0 noise 40
Success: True
# episodes completed so far: 1599
# successes: 1108 (69.3%)
Current task success rate: 1.0
Current total success rate: 0.6929330831769857

Task: pick up the ketchup and place it in the basket view 0 0 100 0 0 initstate 0 noise 41
Success: True
# episodes completed so far: 1600
# successes: 1109 (69.3%)
Current task success rate: 1.0
Current total success rate: 0.693125

Task: pick up the ketchup and place it in the basket view 0 0 100 0 0 initstate 0 noise 43
Success: True
# episodes completed so far: 1601
# successes: 1110 (69.3%)
Current task success rate: 1.0
Current total success rate: 0.693316677076827

Task: pick up the ketchup and place it in the basket view 0 0 100 0 0 initstate 0 noise 44
Success: True
# episodes completed so far: 1602
# successes: 1111 (69.4%)
Current task success rate: 1.0
Current total success rate: 0.6935081148564295

Task: pick up the ketchup and place it in the basket view 0 0 100 0 0 initstate 0 noise 45
Success: True
# episodes completed so far: 1603
# successes: 1112 (69.4%)
Current task success rate: 1.0
Current total success rate: 0.6936993137866501

Task: pick up the ketchup and place it in the basket view 0 0 100 0 0 initstate 0 noise 46
Success: True
# episodes completed so far: 1604
# successes: 1113 (69.4%)
Current task success rate: 1.0
Current total success rate: 0.6938902743142145

Task: pick up the ketchup and place it in the basket view 0 0 100 0 0 initstate 0 noise 47
Success: True
# episodes completed so far: 1605
# successes: 1114 (69.4%)
Current task success rate: 1.0
Current total success rate: 0.6940809968847352

Task: pick up the ketchup and place it in the basket view 0 0 100 0 0 initstate 0 noise 48
Success: True
# episodes completed so far: 1606
# successes: 1115 (69.4%)
Current task success rate: 1.0
Current total success rate: 0.6942714819427148

Task: pick up the ketchup and place it in the basket view 0 0 100 0 0 initstate 0 noise 49
Success: True
# episodes completed so far: 1607
# successes: 1116 (69.4%)
Current task success rate: 1.0
Current total success rate: 0.6944617299315494

Task: pick up the ketchup and place it in the basket view 0 0 100 0 0 initstate 0 noise 50
Success: True
# episodes completed so far: 1608
# successes: 1117 (69.5%)
Current task success rate: 1.0
Current total success rate: 0.6946517412935324

Task: pick up the tomato sauce and place it in the basket view 0 0 100 0 0 initstate 0 noise 1
Success: True
# episodes completed so far: 1609
# successes: 1118 (69.5%)
Current task success rate: 1.0
Current total success rate: 0.694841516469857

Task: pick up the tomato sauce and place it in the basket view 0 0 100 0 0 initstate 0 noise 2
Success: True
# episodes completed so far: 1610
# successes: 1119 (69.5%)
Current task success rate: 1.0
Current total success rate: 0.6950310559006211

Task: pick up the tomato sauce and place it in the basket view 0 0 100 0 0 initstate 0 noise 3
Success: True
# episodes completed so far: 1611
# successes: 1120 (69.5%)
Current task success rate: 1.0
Current total success rate: 0.6952203600248293

Task: pick up the tomato sauce and place it in the basket view 0 0 100 0 0 initstate 0 noise 4
Success: True
# episodes completed so far: 1612
# successes: 1121 (69.5%)
Current task success rate: 1.0
Current total success rate: 0.6954094292803971

Task: pick up the tomato sauce and place it in the basket view 0 0 100 0 0 initstate 0 noise 5
Success: True
# episodes completed so far: 1613
# successes: 1122 (69.6%)
Current task success rate: 1.0
Current total success rate: 0.6955982641041537

Task: pick up the tomato sauce and place it in the basket view 0 0 100 0 0 initstate 0 noise 6
Success: True
# episodes completed so far: 1614
# successes: 1123 (69.6%)
Current task success rate: 1.0
Current total success rate: 0.6957868649318464

Task: pick up the tomato sauce and place it in the basket view 0 0 100 0 0 initstate 0 noise 7
Success: True
# episodes completed so far: 1615
# successes: 1124 (69.6%)
Current task success rate: 1.0
Current total success rate: 0.6959752321981424

Task: pick up the tomato sauce and place it in the basket view 0 0 100 0 0 initstate 0 noise 8
Success: True
# episodes completed so far: 1616
# successes: 1125 (69.6%)
Current task success rate: 1.0
Current total success rate: 0.6961633663366337

Task: pick up the tomato sauce and place it in the basket view 0 0 100 0 0 initstate 0 noise 9
Success: True
# episodes completed so far: 1617
# successes: 1126 (69.6%)
Current task success rate: 1.0
Current total success rate: 0.6963512677798392

Task: pick up the tomato sauce and place it in the basket view 0 0 100 0 0 initstate 0 noise 12
Success: True
# episodes completed so far: 1618
# successes: 1127 (69.7%)
Current task success rate: 1.0
Current total success rate: 0.6965389369592089

Task: pick up the tomato sauce and place it in the basket view 0 0 100 0 0 initstate 0 noise 13
Success: True
# episodes completed so far: 1619
# successes: 1128 (69.7%)
Current task success rate: 1.0
Current total success rate: 0.6967263743051266

Task: pick up the tomato sauce and place it in the basket view 0 0 100 0 0 initstate 0 noise 14
Success: True
# episodes completed so far: 1620
# successes: 1129 (69.7%)
Current task success rate: 1.0
Current total success rate: 0.6969135802469136

Task: pick up the tomato sauce and place it in the basket view 0 0 100 0 0 initstate 0 noise 15
Success: True
# episodes completed so far: 1621
# successes: 1130 (69.7%)
Current task success rate: 1.0
Current total success rate: 0.6971005552128315

Task: pick up the tomato sauce and place it in the basket view 0 0 100 0 0 initstate 0 noise 16
Success: False
# episodes completed so far: 1622
# successes: 1130 (69.7%)
Current task success rate: 0.0
Current total success rate: 0.6966707768187423

Task: pick up the tomato sauce and place it in the basket view 0 0 100 0 0 initstate 0 noise 17
Success: False
# episodes completed so far: 1623
# successes: 1130 (69.6%)
Current task success rate: 0.0
Current total success rate: 0.696241528034504

Task: pick up the tomato sauce and place it in the basket view 0 0 100 0 0 initstate 0 noise 18
Success: False
# episodes completed so far: 1624
# successes: 1130 (69.6%)
Current task success rate: 0.0
Current total success rate: 0.6958128078817734

Task: pick up the tomato sauce and place it in the basket view 0 0 100 0 0 initstate 0 noise 19
Success: False
# episodes completed so far: 1625
# successes: 1130 (69.5%)
Current task success rate: 0.0
Current total success rate: 0.6953846153846154

Task: pick up the tomato sauce and place it in the basket view 0 0 100 0 0 initstate 0 noise 20
Success: False
# episodes completed so far: 1626
# successes: 1130 (69.5%)
Current task success rate: 0.0
Current total success rate: 0.6949569495694957

Task: pick up the tomato sauce and place it in the basket view 0 0 100 0 0 initstate 0 noise 23
Success: True
# episodes completed so far: 1627
# successes: 1131 (69.5%)
Current task success rate: 1.0
Current total success rate: 0.6951444376152428

Task: pick up the tomato sauce and place it in the basket view 0 0 100 0 0 initstate 0 noise 24
Success: True
# episodes completed so far: 1628
# successes: 1132 (69.5%)
Current task success rate: 1.0
Current total success rate: 0.6953316953316954

Task: pick up the tomato sauce and place it in the basket view 0 0 100 0 0 initstate 0 noise 25
Success: True
# episodes completed so far: 1629
# successes: 1133 (69.6%)
Current task success rate: 1.0
Current total success rate: 0.6955187231430325

Task: pick up the tomato sauce and place it in the basket view 0 0 100 0 0 initstate 0 noise 26
Success: True
# episodes completed so far: 1630
# successes: 1134 (69.6%)
Current task success rate: 1.0
Current total success rate: 0.6957055214723926

Task: pick up the tomato sauce and place it in the basket view 0 0 100 0 0 initstate 0 noise 27
Success: True
# episodes completed so far: 1631
# successes: 1135 (69.6%)
Current task success rate: 1.0
Current total success rate: 0.6958920907418762

Task: pick up the tomato sauce and place it in the basket view 0 0 100 0 0 initstate 0 noise 28
Success: True
# episodes completed so far: 1632
# successes: 1136 (69.6%)
Current task success rate: 1.0
Current total success rate: 0.696078431372549

Task: pick up the tomato sauce and place it in the basket view 0 0 100 0 0 initstate 0 noise 29
Success: True
# episodes completed so far: 1633
# successes: 1137 (69.6%)
Current task success rate: 1.0
Current total success rate: 0.6962645437844458

Task: pick up the tomato sauce and place it in the basket view 0 0 100 0 0 initstate 0 noise 30
Success: True
# episodes completed so far: 1634
# successes: 1138 (69.6%)
Current task success rate: 1.0
Current total success rate: 0.6964504283965728

Task: pick up the tomato sauce and place it in the basket view 0 0 100 0 0 initstate 0 noise 33
Success: True
# episodes completed so far: 1635
# successes: 1139 (69.7%)
Current task success rate: 1.0
Current total success rate: 0.6966360856269113

Task: pick up the tomato sauce and place it in the basket view 0 0 100 0 0 initstate 0 noise 34
Success: True
# episodes completed so far: 1636
# successes: 1140 (69.7%)
Current task success rate: 1.0
Current total success rate: 0.6968215158924206

Task: pick up the tomato sauce and place it in the basket view 0 0 100 0 0 initstate 0 noise 35
Success: True
# episodes completed so far: 1637
# successes: 1141 (69.7%)
Current task success rate: 1.0
Current total success rate: 0.6970067196090409

Task: pick up the tomato sauce and place it in the basket view 0 0 100 0 0 initstate 0 noise 36
Success: True
# episodes completed so far: 1638
# successes: 1142 (69.7%)
Current task success rate: 1.0
Current total success rate: 0.6971916971916972

Task: pick up the tomato sauce and place it in the basket view 0 0 100 0 0 initstate 0 noise 37
Success: True
# episodes completed so far: 1639
# successes: 1143 (69.7%)
Current task success rate: 1.0
Current total success rate: 0.6973764490543014

Task: pick up the tomato sauce and place it in the basket view 0 0 100 0 0 initstate 0 noise 38
Success: True
# episodes completed so far: 1640
# successes: 1144 (69.8%)
Current task success rate: 1.0
Current total success rate: 0.697560975609756

Task: pick up the tomato sauce and place it in the basket view 0 0 100 0 0 initstate 0 noise 39
Success: True
# episodes completed so far: 1641
# successes: 1145 (69.8%)
Current task success rate: 1.0
Current total success rate: 0.6977452772699574

Task: pick up the tomato sauce and place it in the basket view 0 0 100 0 0 initstate 0 noise 40
Success: True
# episodes completed so far: 1642
# successes: 1146 (69.8%)
Current task success rate: 1.0
Current total success rate: 0.6979293544457978

Task: pick up the tomato sauce and place it in the basket view 0 0 100 0 0 initstate 0 noise 41
Success: True
# episodes completed so far: 1643
# successes: 1147 (69.8%)
Current task success rate: 1.0
Current total success rate: 0.6981132075471698

Task: pick up the tomato sauce and place it in the basket view 0 0 100 0 0 initstate 0 noise 42
Success: True
# episodes completed so far: 1644
# successes: 1148 (69.8%)
Current task success rate: 1.0
Current total success rate: 0.6982968369829684

Task: pick up the tomato sauce and place it in the basket view 0 0 100 0 0 initstate 0 noise 43
Success: True
# episodes completed so far: 1645
# successes: 1149 (69.8%)
Current task success rate: 1.0
Current total success rate: 0.6984802431610942

Task: pick up the tomato sauce and place it in the basket view 0 0 100 0 0 initstate 0 noise 44
Success: True
# episodes completed so far: 1646
# successes: 1150 (69.9%)
Current task success rate: 1.0
Current total success rate: 0.6986634264884569

Task: pick up the tomato sauce and place it in the basket view 0 0 100 0 0 initstate 0 noise 45
Success: True
# episodes completed so far: 1647
# successes: 1151 (69.9%)
Current task success rate: 1.0
Current total success rate: 0.6988463873709775

Task: pick up the tomato sauce and place it in the basket view 0 0 100 0 0 initstate 0 noise 46
Success: True
# episodes completed so far: 1648
# successes: 1152 (69.9%)
Current task success rate: 1.0
Current total success rate: 0.6990291262135923

Task: pick up the tomato sauce and place it in the basket view 0 0 100 0 0 initstate 0 noise 47
Success: True
# episodes completed so far: 1649
# successes: 1153 (69.9%)
Current task success rate: 1.0
Current total success rate: 0.6992116434202547

Task: pick up the tomato sauce and place it in the basket view 0 0 100 0 0 initstate 0 noise 48
Success: False
# episodes completed so far: 1650
# successes: 1153 (69.9%)
Current task success rate: 0.0
Current total success rate: 0.6987878787878787

Task: pick up the tomato sauce and place it in the basket view 0 0 100 0 0 initstate 0 noise 49
Success: True
# episodes completed so far: 1651
# successes: 1154 (69.9%)
Current task success rate: 1.0
Current total success rate: 0.6989703210175651

Task: pick up the tomato sauce and place it in the basket view 0 0 100 0 0 initstate 0 noise 50
Success: True
# episodes completed so far: 1652
# successes: 1155 (69.9%)
Current task success rate: 1.0
Current total success rate: 0.6991525423728814

Task: pick up the butter and place it in the basket view 0 0 100 0 0 initstate 0 noise 1
Success: True
# episodes completed so far: 1653
# successes: 1156 (69.9%)
Current task success rate: 1.0
Current total success rate: 0.6993345432546885

Task: pick up the butter and place it in the basket view 0 0 100 0 0 initstate 0 noise 2
Success: True
# episodes completed so far: 1654
# successes: 1157 (70.0%)
Current task success rate: 1.0
Current total success rate: 0.6995163240628779

Task: pick up the butter and place it in the basket view 0 0 100 0 0 initstate 0 noise 3
Success: True
# episodes completed so far: 1655
# successes: 1158 (70.0%)
Current task success rate: 1.0
Current total success rate: 0.6996978851963747

Task: pick up the butter and place it in the basket view 0 0 100 0 0 initstate 0 noise 4
Success: True
# episodes completed so far: 1656
# successes: 1159 (70.0%)
Current task success rate: 1.0
Current total success rate: 0.6998792270531401

Task: pick up the butter and place it in the basket view 0 0 100 0 0 initstate 0 noise 5
Success: True
# episodes completed so far: 1657
# successes: 1160 (70.0%)
Current task success rate: 1.0
Current total success rate: 0.700060350030175

Task: pick up the butter and place it in the basket view 0 0 100 0 0 initstate 0 noise 6
Success: True
# episodes completed so far: 1658
# successes: 1161 (70.0%)
Current task success rate: 1.0
Current total success rate: 0.7002412545235223

Task: pick up the butter and place it in the basket view 0 0 100 0 0 initstate 0 noise 7
Success: True
# episodes completed so far: 1659
# successes: 1162 (70.0%)
Current task success rate: 1.0
Current total success rate: 0.70042194092827

Task: pick up the butter and place it in the basket view 0 0 100 0 0 initstate 0 noise 8
Success: True
# episodes completed so far: 1660
# successes: 1163 (70.1%)
Current task success rate: 1.0
Current total success rate: 0.7006024096385542

Task: pick up the butter and place it in the basket view 0 0 100 0 0 initstate 0 noise 11
Success: True
# episodes completed so far: 1661
# successes: 1164 (70.1%)
Current task success rate: 1.0
Current total success rate: 0.7007826610475617

Task: pick up the butter and place it in the basket view 0 0 100 0 0 initstate 0 noise 12
Success: True
# episodes completed so far: 1662
# successes: 1165 (70.1%)
Current task success rate: 1.0
Current total success rate: 0.7009626955475331

Task: pick up the butter and place it in the basket view 0 0 100 0 0 initstate 0 noise 13
Success: True
# episodes completed so far: 1663
# successes: 1166 (70.1%)
Current task success rate: 1.0
Current total success rate: 0.7011425135297655

Task: pick up the butter and place it in the basket view 0 0 100 0 0 initstate 0 noise 14
Success: True
# episodes completed so far: 1664
# successes: 1167 (70.1%)
Current task success rate: 1.0
Current total success rate: 0.7013221153846154

Task: pick up the butter and place it in the basket view 0 0 100 0 0 initstate 0 noise 15
Success: True
# episodes completed so far: 1665
# successes: 1168 (70.2%)
Current task success rate: 1.0
Current total success rate: 0.7015015015015015

Task: pick up the butter and place it in the basket view 0 0 100 0 0 initstate 0 noise 16
Success: True
# episodes completed so far: 1666
# successes: 1169 (70.2%)
Current task success rate: 1.0
Current total success rate: 0.7016806722689075

Task: pick up the butter and place it in the basket view 0 0 100 0 0 initstate 0 noise 17
Success: True
# episodes completed so far: 1667
# successes: 1170 (70.2%)
Current task success rate: 1.0
Current total success rate: 0.7018596280743852

Task: pick up the butter and place it in the basket view 0 0 100 0 0 initstate 0 noise 19
Success: True
# episodes completed so far: 1668
# successes: 1171 (70.2%)
Current task success rate: 1.0
Current total success rate: 0.7020383693045563

Task: pick up the butter and place it in the basket view 0 0 100 0 0 initstate 0 noise 20
Success: True
# episodes completed so far: 1669
# successes: 1172 (70.2%)
Current task success rate: 1.0
Current total success rate: 0.7022168963451169

Task: pick up the butter and place it in the basket view 0 0 100 0 0 initstate 0 noise 21
Success: True
# episodes completed so far: 1670
# successes: 1173 (70.2%)
Current task success rate: 1.0
Current total success rate: 0.7023952095808383

Task: pick up the butter and place it in the basket view 0 0 100 0 0 initstate 0 noise 22
Success: True
# episodes completed so far: 1671
# successes: 1174 (70.3%)
Current task success rate: 1.0
Current total success rate: 0.7025733093955715

Task: pick up the butter and place it in the basket view 0 0 100 0 0 initstate 0 noise 23
Success: True
# episodes completed so far: 1672
# successes: 1175 (70.3%)
Current task success rate: 1.0
Current total success rate: 0.7027511961722488

Task: pick up the butter and place it in the basket view 0 0 100 0 0 initstate 0 noise 24
Success: True
# episodes completed so far: 1673
# successes: 1176 (70.3%)
Current task success rate: 1.0
Current total success rate: 0.702928870292887

Task: pick up the butter and place it in the basket view 0 0 100 0 0 initstate 0 noise 25
Success: True
# episodes completed so far: 1674
# successes: 1177 (70.3%)
Current task success rate: 1.0
Current total success rate: 0.7031063321385902

Task: pick up the butter and place it in the basket view 0 0 100 0 0 initstate 0 noise 26
Success: False
# episodes completed so far: 1675
# successes: 1177 (70.3%)
Current task success rate: 0.0
Current total success rate: 0.7026865671641791

Task: pick up the butter and place it in the basket view 0 0 100 0 0 initstate 0 noise 27
Success: False
# episodes completed so far: 1676
# successes: 1177 (70.2%)
Current task success rate: 0.0
Current total success rate: 0.7022673031026253

Task: pick up the butter and place it in the basket view 0 0 100 0 0 initstate 0 noise 28
Success: False
# episodes completed so far: 1677
# successes: 1177 (70.2%)
Current task success rate: 0.0
Current total success rate: 0.7018485390578414

Task: pick up the butter and place it in the basket view 0 0 100 0 0 initstate 0 noise 29
Success: False
# episodes completed so far: 1678
# successes: 1177 (70.1%)
Current task success rate: 0.0
Current total success rate: 0.701430274135876

Task: pick up the butter and place it in the basket view 0 0 100 0 0 initstate 0 noise 30
Success: False
# episodes completed so far: 1679
# successes: 1177 (70.1%)
Current task success rate: 0.0
Current total success rate: 0.7010125074449077

Task: pick up the butter and place it in the basket view 0 0 100 0 0 initstate 0 noise 33
Success: True
# episodes completed so far: 1680
# successes: 1178 (70.1%)
Current task success rate: 1.0
Current total success rate: 0.7011904761904761

Task: pick up the butter and place it in the basket view 0 0 100 0 0 initstate 0 noise 34
Success: True
# episodes completed so far: 1681
# successes: 1179 (70.1%)
Current task success rate: 1.0
Current total success rate: 0.701368233194527

Task: pick up the butter and place it in the basket view 0 0 100 0 0 initstate 0 noise 35
Success: True
# episodes completed so far: 1682
# successes: 1180 (70.2%)
Current task success rate: 1.0
Current total success rate: 0.7015457788347206

Task: pick up the butter and place it in the basket view 0 0 100 0 0 initstate 0 noise 36
Success: True
# episodes completed so far: 1683
# successes: 1181 (70.2%)
Current task success rate: 1.0
Current total success rate: 0.7017231134878193

Task: pick up the butter and place it in the basket view 0 0 100 0 0 initstate 0 noise 37
Success: True
# episodes completed so far: 1684
# successes: 1182 (70.2%)
Current task success rate: 1.0
Current total success rate: 0.7019002375296912

Task: pick up the butter and place it in the basket view 0 0 100 0 0 initstate 0 noise 38
Success: True
# episodes completed so far: 1685
# successes: 1183 (70.2%)
Current task success rate: 1.0
Current total success rate: 0.7020771513353116

Task: pick up the butter and place it in the basket view 0 0 100 0 0 initstate 0 noise 39
Success: True
# episodes completed so far: 1686
# successes: 1184 (70.2%)
Current task success rate: 1.0
Current total success rate: 0.7022538552787663

Task: pick up the butter and place it in the basket view 0 0 100 0 0 initstate 0 noise 40
Success: True
# episodes completed so far: 1687
# successes: 1185 (70.2%)
Current task success rate: 1.0
Current total success rate: 0.7024303497332542

Task: pick up the butter and place it in the basket view 0 0 100 0 0 initstate 0 noise 42
Success: True
# episodes completed so far: 1688
# successes: 1186 (70.3%)
Current task success rate: 1.0
Current total success rate: 0.70260663507109

Task: pick up the butter and place it in the basket view 0 0 100 0 0 initstate 0 noise 43
Success: True
# episodes completed so far: 1689
# successes: 1187 (70.3%)
Current task success rate: 1.0
Current total success rate: 0.7027827116637063

Task: pick up the butter and place it in the basket view 0 0 100 0 0 initstate 0 noise 44
Success: True
# episodes completed so far: 1690
# successes: 1188 (70.3%)
Current task success rate: 1.0
Current total success rate: 0.7029585798816568

Task: pick up the butter and place it in the basket view 0 0 100 0 0 initstate 0 noise 45
Success: True
# episodes completed so far: 1691
# successes: 1189 (70.3%)
Current task success rate: 1.0
Current total success rate: 0.7031342400946186

Task: pick up the butter and place it in the basket view 0 0 100 0 0 initstate 0 noise 46
Success: True
# episodes completed so far: 1692
# successes: 1190 (70.3%)
Current task success rate: 1.0
Current total success rate: 0.7033096926713948

Task: pick up the butter and place it in the basket view 0 0 100 0 0 initstate 0 noise 47
Success: True
# episodes completed so far: 1693
# successes: 1191 (70.3%)
Current task success rate: 1.0
Current total success rate: 0.7034849379799173

Task: pick up the butter and place it in the basket view 0 0 100 0 0 initstate 0 noise 48
Success: True
# episodes completed so far: 1694
# successes: 1192 (70.4%)
Current task success rate: 1.0
Current total success rate: 0.7036599763872491

Task: pick up the butter and place it in the basket view 0 0 100 0 0 initstate 0 noise 49
Success: True
# episodes completed so far: 1695
# successes: 1193 (70.4%)
Current task success rate: 1.0
Current total success rate: 0.703834808259587

Task: pick up the butter and place it in the basket view 0 0 100 0 0 initstate 0 noise 50
Success: True
# episodes completed so far: 1696
# successes: 1194 (70.4%)
Current task success rate: 1.0
Current total success rate: 0.7040094339622641

Task: pick up the milk and place it in the basket view 0 0 100 0 0 initstate 0 noise 2
Success: True
# episodes completed so far: 1697
# successes: 1195 (70.4%)
Current task success rate: 1.0
Current total success rate: 0.7041838538597525

Task: pick up the milk and place it in the basket view 0 0 100 0 0 initstate 0 noise 3
Success: True
# episodes completed so far: 1698
# successes: 1196 (70.4%)
Current task success rate: 1.0
Current total success rate: 0.7043580683156655

Task: pick up the milk and place it in the basket view 0 0 100 0 0 initstate 0 noise 4
Success: True
# episodes completed so far: 1699
# successes: 1197 (70.5%)
Current task success rate: 1.0
Current total success rate: 0.7045320776927605

Task: pick up the milk and place it in the basket view 0 0 100 0 0 initstate 0 noise 5
Success: True
# episodes completed so far: 1700
# successes: 1198 (70.5%)
Current task success rate: 1.0
Current total success rate: 0.7047058823529412

Task: pick up the milk and place it in the basket view 0 0 100 0 0 initstate 0 noise 6
Success: True
# episodes completed so far: 1701
# successes: 1199 (70.5%)
Current task success rate: 1.0
Current total success rate: 0.7048794826572604

Task: pick up the milk and place it in the basket view 0 0 100 0 0 initstate 0 noise 7
Success: True
# episodes completed so far: 1702
# successes: 1200 (70.5%)
Current task success rate: 1.0
Current total success rate: 0.7050528789659224

Task: pick up the milk and place it in the basket view 0 0 100 0 0 initstate 0 noise 8
Success: True
# episodes completed so far: 1703
# successes: 1201 (70.5%)
Current task success rate: 1.0
Current total success rate: 0.7052260716382853

Task: pick up the milk and place it in the basket view 0 0 100 0 0 initstate 0 noise 9
Success: True
# episodes completed so far: 1704
# successes: 1202 (70.5%)
Current task success rate: 1.0
Current total success rate: 0.7053990610328639

Task: pick up the milk and place it in the basket view 0 0 100 0 0 initstate 0 noise 10
Success: True
# episodes completed so far: 1705
# successes: 1203 (70.6%)
Current task success rate: 1.0
Current total success rate: 0.7055718475073314

Task: pick up the milk and place it in the basket view 0 0 100 0 0 initstate 0 noise 12
Success: True
# episodes completed so far: 1706
# successes: 1204 (70.6%)
Current task success rate: 1.0
Current total success rate: 0.7057444314185228

Task: pick up the milk and place it in the basket view 0 0 100 0 0 initstate 0 noise 13
Success: True
# episodes completed so far: 1707
# successes: 1205 (70.6%)
Current task success rate: 1.0
Current total success rate: 0.705916813122437

Task: pick up the milk and place it in the basket view 0 0 100 0 0 initstate 0 noise 14
Success: True
# episodes completed so far: 1708
# successes: 1206 (70.6%)
Current task success rate: 1.0
Current total success rate: 0.7060889929742389

Task: pick up the milk and place it in the basket view 0 0 100 0 0 initstate 0 noise 15
Success: True
# episodes completed so far: 1709
# successes: 1207 (70.6%)
Current task success rate: 1.0
Current total success rate: 0.7062609713282622

Task: pick up the milk and place it in the basket view 0 0 100 0 0 initstate 0 noise 16
Success: False
# episodes completed so far: 1710
# successes: 1207 (70.6%)
Current task success rate: 0.0
Current total success rate: 0.7058479532163743

Task: pick up the milk and place it in the basket view 0 0 100 0 0 initstate 0 noise 17
Success: False
# episodes completed so far: 1711
# successes: 1207 (70.5%)
Current task success rate: 0.0
Current total success rate: 0.7054354178842782

Task: pick up the milk and place it in the basket view 0 0 100 0 0 initstate 0 noise 19
Success: False
# episodes completed so far: 1712
# successes: 1207 (70.5%)
Current task success rate: 0.0
Current total success rate: 0.7050233644859814

Task: pick up the milk and place it in the basket view 0 0 100 0 0 initstate 0 noise 20
Success: False
# episodes completed so far: 1713
# successes: 1207 (70.5%)
Current task success rate: 0.0
Current total success rate: 0.7046117921774664

Task: pick up the milk and place it in the basket view 0 0 100 0 0 initstate 0 noise 24
Success: True
# episodes completed so far: 1714
# successes: 1208 (70.5%)
Current task success rate: 1.0
Current total success rate: 0.704784130688448

Task: pick up the milk and place it in the basket view 0 0 100 0 0 initstate 0 noise 25
Success: True
# episodes completed so far: 1715
# successes: 1209 (70.5%)
Current task success rate: 1.0
Current total success rate: 0.7049562682215743

Task: pick up the milk and place it in the basket view 0 0 100 0 0 initstate 0 noise 26
Success: True
# episodes completed so far: 1716
# successes: 1210 (70.5%)
Current task success rate: 1.0
Current total success rate: 0.7051282051282052

Task: pick up the milk and place it in the basket view 0 0 100 0 0 initstate 0 noise 27
Success: False
# episodes completed so far: 1717
# successes: 1210 (70.5%)
Current task success rate: 0.0
Current total success rate: 0.704717530576587

Task: pick up the milk and place it in the basket view 0 0 100 0 0 initstate 0 noise 28
Success: True
# episodes completed so far: 1718
# successes: 1211 (70.5%)
Current task success rate: 1.0
Current total success rate: 0.7048894062863795

Task: pick up the milk and place it in the basket view 0 0 100 0 0 initstate 0 noise 29
Success: True
# episodes completed so far: 1719
# successes: 1212 (70.5%)
Current task success rate: 1.0
Current total success rate: 0.7050610820244329

Task: pick up the milk and place it in the basket view 0 0 100 0 0 initstate 0 noise 30
Success: True
# episodes completed so far: 1720
# successes: 1213 (70.5%)
Current task success rate: 1.0
Current total success rate: 0.7052325581395349

Task: pick up the milk and place it in the basket view 0 0 100 0 0 initstate 0 noise 34
Success: True
# episodes completed so far: 1721
# successes: 1214 (70.5%)
Current task success rate: 1.0
Current total success rate: 0.705403834979663

Task: pick up the milk and place it in the basket view 0 0 100 0 0 initstate 0 noise 35
Success: True
# episodes completed so far: 1722
# successes: 1215 (70.6%)
Current task success rate: 1.0
Current total success rate: 0.705574912891986

Task: pick up the milk and place it in the basket view 0 0 100 0 0 initstate 0 noise 36
Success: True
# episodes completed so far: 1723
# successes: 1216 (70.6%)
Current task success rate: 1.0
Current total success rate: 0.705745792222867

Task: pick up the milk and place it in the basket view 0 0 100 0 0 initstate 0 noise 37
Success: True
# episodes completed so far: 1724
# successes: 1217 (70.6%)
Current task success rate: 1.0
Current total success rate: 0.7059164733178654

Task: pick up the milk and place it in the basket view 0 0 100 0 0 initstate 0 noise 38
Success: True
# episodes completed so far: 1725
# successes: 1218 (70.6%)
Current task success rate: 1.0
Current total success rate: 0.7060869565217391

Task: pick up the milk and place it in the basket view 0 0 100 0 0 initstate 0 noise 41
Success: True
# episodes completed so far: 1726
# successes: 1219 (70.6%)
Current task success rate: 1.0
Current total success rate: 0.7062572421784473

Task: pick up the milk and place it in the basket view 0 0 100 0 0 initstate 0 noise 42
Success: True
# episodes completed so far: 1727
# successes: 1220 (70.6%)
Current task success rate: 1.0
Current total success rate: 0.7064273306311523

Task: pick up the milk and place it in the basket view 0 0 100 0 0 initstate 0 noise 43
Success: False
# episodes completed so far: 1728
# successes: 1220 (70.6%)
Current task success rate: 0.0
Current total success rate: 0.7060185185185185

Task: pick up the milk and place it in the basket view 0 0 100 0 0 initstate 0 noise 44
Success: True
# episodes completed so far: 1729
# successes: 1221 (70.6%)
Current task success rate: 1.0
Current total success rate: 0.7061885482938115

Task: pick up the milk and place it in the basket view 0 0 100 0 0 initstate 0 noise 45
Success: True
# episodes completed so far: 1730
# successes: 1222 (70.6%)
Current task success rate: 1.0
Current total success rate: 0.7063583815028902

Task: pick up the milk and place it in the basket view 0 0 100 0 0 initstate 0 noise 46
Success: True
# episodes completed so far: 1731
# successes: 1223 (70.7%)
Current task success rate: 1.0
Current total success rate: 0.706528018486424

Task: pick up the milk and place it in the basket view 0 0 100 0 0 initstate 0 noise 47
Success: True
# episodes completed so far: 1732
# successes: 1224 (70.7%)
Current task success rate: 1.0
Current total success rate: 0.7066974595842956

Task: pick up the milk and place it in the basket view 0 0 100 0 0 initstate 0 noise 48
Success: True
# episodes completed so far: 1733
# successes: 1225 (70.7%)
Current task success rate: 1.0
Current total success rate: 0.706866705135603

Task: pick up the milk and place it in the basket view 0 0 100 0 0 initstate 0 noise 49
Success: True
# episodes completed so far: 1734
# successes: 1226 (70.7%)
Current task success rate: 1.0
Current total success rate: 0.707035755478662

Task: pick up the milk and place it in the basket view 0 0 100 0 0 initstate 0 noise 50
Success: True
# episodes completed so far: 1735
# successes: 1227 (70.7%)
Current task success rate: 1.0
Current total success rate: 0.7072046109510086

Task: pick up the chocolate pudding and place it in the basket view 0 0 100 0 0 initstate 0 noise 2
Success: True
# episodes completed so far: 1736
# successes: 1228 (70.7%)
Current task success rate: 1.0
Current total success rate: 0.7073732718894009

Task: pick up the chocolate pudding and place it in the basket view 0 0 100 0 0 initstate 0 noise 3
Success: True
# episodes completed so far: 1737
# successes: 1229 (70.8%)
Current task success rate: 1.0
Current total success rate: 0.7075417386298215

Task: pick up the chocolate pudding and place it in the basket view 0 0 100 0 0 initstate 0 noise 4
Success: True
# episodes completed so far: 1738
# successes: 1230 (70.8%)
Current task success rate: 1.0
Current total success rate: 0.7077100115074798

Task: pick up the chocolate pudding and place it in the basket view 0 0 100 0 0 initstate 0 noise 5
Success: True
# episodes completed so far: 1739
# successes: 1231 (70.8%)
Current task success rate: 1.0
Current total success rate: 0.7078780908568143

Task: pick up the chocolate pudding and place it in the basket view 0 0 100 0 0 initstate 0 noise 6
Success: True
# episodes completed so far: 1740
# successes: 1232 (70.8%)
Current task success rate: 1.0
Current total success rate: 0.7080459770114943

Task: pick up the chocolate pudding and place it in the basket view 0 0 100 0 0 initstate 0 noise 7
Success: True
# episodes completed so far: 1741
# successes: 1233 (70.8%)
Current task success rate: 1.0
Current total success rate: 0.7082136703044227

Task: pick up the chocolate pudding and place it in the basket view 0 0 100 0 0 initstate 0 noise 8
Success: True
# episodes completed so far: 1742
# successes: 1234 (70.8%)
Current task success rate: 1.0
Current total success rate: 0.7083811710677382

Task: pick up the chocolate pudding and place it in the basket view 0 0 100 0 0 initstate 0 noise 9
Success: True
# episodes completed so far: 1743
# successes: 1235 (70.9%)
Current task success rate: 1.0
Current total success rate: 0.708548479632817

Task: pick up the chocolate pudding and place it in the basket view 0 0 100 0 0 initstate 0 noise 10
Success: False
# episodes completed so far: 1744
# successes: 1235 (70.8%)
Current task success rate: 0.0
Current total success rate: 0.7081422018348624

Task: pick up the chocolate pudding and place it in the basket view 0 0 100 0 0 initstate 0 noise 12
Success: True
# episodes completed so far: 1745
# successes: 1236 (70.8%)
Current task success rate: 1.0
Current total success rate: 0.7083094555873926

Task: pick up the chocolate pudding and place it in the basket view 0 0 100 0 0 initstate 0 noise 13
Success: True
# episodes completed so far: 1746
# successes: 1237 (70.8%)
Current task success rate: 1.0
Current total success rate: 0.7084765177548683

Task: pick up the chocolate pudding and place it in the basket view 0 0 100 0 0 initstate 0 noise 14
Success: True
# episodes completed so far: 1747
# successes: 1238 (70.9%)
Current task success rate: 1.0
Current total success rate: 0.7086433886662851

Task: pick up the chocolate pudding and place it in the basket view 0 0 100 0 0 initstate 0 noise 15
Success: True
# episodes completed so far: 1748
# successes: 1239 (70.9%)
Current task success rate: 1.0
Current total success rate: 0.7088100686498856

Task: pick up the chocolate pudding and place it in the basket view 0 0 100 0 0 initstate 0 noise 16
Success: True
# episodes completed so far: 1749
# successes: 1240 (70.9%)
Current task success rate: 1.0
Current total success rate: 0.7089765580331618

Task: pick up the chocolate pudding and place it in the basket view 0 0 100 0 0 initstate 0 noise 17
Success: True
# episodes completed so far: 1750
# successes: 1241 (70.9%)
Current task success rate: 1.0
Current total success rate: 0.7091428571428572

Task: pick up the chocolate pudding and place it in the basket view 0 0 100 0 0 initstate 0 noise 18
Success: False
# episodes completed so far: 1751
# successes: 1241 (70.9%)
Current task success rate: 0.0
Current total success rate: 0.7087378640776699

Task: pick up the chocolate pudding and place it in the basket view 0 0 100 0 0 initstate 0 noise 19
Success: False
# episodes completed so far: 1752
# successes: 1241 (70.8%)
Current task success rate: 0.0
Current total success rate: 0.7083333333333334

Task: pick up the chocolate pudding and place it in the basket view 0 0 100 0 0 initstate 0 noise 20
Success: False
# episodes completed so far: 1753
# successes: 1241 (70.8%)
Current task success rate: 0.0
Current total success rate: 0.7079292641186538

Task: pick up the chocolate pudding and place it in the basket view 0 0 100 0 0 initstate 0 noise 25
Success: True
# episodes completed so far: 1754
# successes: 1242 (70.8%)
Current task success rate: 1.0
Current total success rate: 0.7080957810718358

Task: pick up the chocolate pudding and place it in the basket view 0 0 100 0 0 initstate 0 noise 26
Success: False
# episodes completed so far: 1755
# successes: 1242 (70.8%)
Current task success rate: 0.0
Current total success rate: 0.7076923076923077

Task: pick up the chocolate pudding and place it in the basket view 0 0 100 0 0 initstate 0 noise 27
Success: False
# episodes completed so far: 1756
# successes: 1242 (70.7%)
Current task success rate: 0.0
Current total success rate: 0.7072892938496583

Task: pick up the chocolate pudding and place it in the basket view 0 0 100 0 0 initstate 0 noise 28
Success: False
# episodes completed so far: 1757
# successes: 1242 (70.7%)
Current task success rate: 0.0
Current total success rate: 0.7068867387592487

Task: pick up the chocolate pudding and place it in the basket view 0 0 100 0 0 initstate 0 noise 29
Success: False
# episodes completed so far: 1758
# successes: 1242 (70.6%)
Current task success rate: 0.0
Current total success rate: 0.7064846416382252

Task: pick up the chocolate pudding and place it in the basket view 0 0 100 0 0 initstate 0 noise 30
Success: True
# episodes completed so far: 1759
# successes: 1243 (70.7%)
Current task success rate: 1.0
Current total success rate: 0.7066515065378056

Task: pick up the chocolate pudding and place it in the basket view 0 0 100 0 0 initstate 0 noise 31
Success: True
# episodes completed so far: 1760
# successes: 1244 (70.7%)
Current task success rate: 1.0
Current total success rate: 0.7068181818181818

Task: pick up the chocolate pudding and place it in the basket view 0 0 100 0 0 initstate 0 noise 32
Success: True
# episodes completed so far: 1761
# successes: 1245 (70.7%)
Current task success rate: 1.0
Current total success rate: 0.706984667802385

Task: pick up the chocolate pudding and place it in the basket view 0 0 100 0 0 initstate 0 noise 35
Success: True
# episodes completed so far: 1762
# successes: 1246 (70.7%)
Current task success rate: 1.0
Current total success rate: 0.7071509648127128

Task: pick up the chocolate pudding and place it in the basket view 0 0 100 0 0 initstate 0 noise 36
Success: True
# episodes completed so far: 1763
# successes: 1247 (70.7%)
Current task success rate: 1.0
Current total success rate: 0.7073170731707317

Task: pick up the chocolate pudding and place it in the basket view 0 0 100 0 0 initstate 0 noise 37
Success: True
# episodes completed so far: 1764
# successes: 1248 (70.7%)
Current task success rate: 1.0
Current total success rate: 0.7074829931972789

Task: pick up the chocolate pudding and place it in the basket view 0 0 100 0 0 initstate 0 noise 38
Success: True
# episodes completed so far: 1765
# successes: 1249 (70.8%)
Current task success rate: 1.0
Current total success rate: 0.7076487252124646

Task: pick up the chocolate pudding and place it in the basket view 0 0 100 0 0 initstate 0 noise 39
Success: True
# episodes completed so far: 1766
# successes: 1250 (70.8%)
Current task success rate: 1.0
Current total success rate: 0.7078142695356738

Task: pick up the chocolate pudding and place it in the basket view 0 0 100 0 0 initstate 0 noise 40
Success: True
# episodes completed so far: 1767
# successes: 1251 (70.8%)
Current task success rate: 1.0
Current total success rate: 0.7079796264855688

Task: pick up the chocolate pudding and place it in the basket view 0 0 100 0 0 initstate 0 noise 41
Success: True
# episodes completed so far: 1768
# successes: 1252 (70.8%)
Current task success rate: 1.0
Current total success rate: 0.7081447963800905

Task: pick up the chocolate pudding and place it in the basket view 0 0 100 0 0 initstate 0 noise 42
Success: True
# episodes completed so far: 1769
# successes: 1253 (70.8%)
Current task success rate: 1.0
Current total success rate: 0.7083097795364612

Task: pick up the chocolate pudding and place it in the basket view 0 0 100 0 0 initstate 0 noise 43
Success: True
# episodes completed so far: 1770
# successes: 1254 (70.8%)
Current task success rate: 1.0
Current total success rate: 0.7084745762711865

Task: pick up the chocolate pudding and place it in the basket view 0 0 100 0 0 initstate 0 noise 44
Success: True
# episodes completed so far: 1771
# successes: 1255 (70.9%)
Current task success rate: 1.0
Current total success rate: 0.7086391869000565

Task: pick up the chocolate pudding and place it in the basket view 0 0 100 0 0 initstate 0 noise 45
Success: True
# episodes completed so far: 1772
# successes: 1256 (70.9%)
Current task success rate: 1.0
Current total success rate: 0.708803611738149

Task: pick up the chocolate pudding and place it in the basket view 0 0 100 0 0 initstate 0 noise 46
Success: True
# episodes completed so far: 1773
# successes: 1257 (70.9%)
Current task success rate: 1.0
Current total success rate: 0.7089678510998308

Task: pick up the chocolate pudding and place it in the basket view 0 0 100 0 0 initstate 0 noise 47
Success: True
# episodes completed so far: 1774
# successes: 1258 (70.9%)
Current task success rate: 1.0
Current total success rate: 0.7091319052987599

Task: pick up the chocolate pudding and place it in the basket view 0 0 100 0 0 initstate 0 noise 48
Success: True
# episodes completed so far: 1775
# successes: 1259 (70.9%)
Current task success rate: 1.0
Current total success rate: 0.7092957746478873

Task: pick up the chocolate pudding and place it in the basket view 0 0 100 0 0 initstate 0 noise 49
Success: True
# episodes completed so far: 1776
# successes: 1260 (70.9%)
Current task success rate: 1.0
Current total success rate: 0.7094594594594594

Task: pick up the chocolate pudding and place it in the basket view 0 0 100 0 0 initstate 0 noise 50
Success: True
# episodes completed so far: 1777
# successes: 1261 (71.0%)
Current task success rate: 1.0
Current total success rate: 0.7096229600450197

Task: pick up the orange juice and place it in the basket view 0 0 100 0 0 initstate 0 noise 1
Success: True
# episodes completed so far: 1778
# successes: 1262 (71.0%)
Current task success rate: 1.0
Current total success rate: 0.7097862767154106

Task: pick up the orange juice and place it in the basket view 0 0 100 0 0 initstate 0 noise 3
Success: True
# episodes completed so far: 1779
# successes: 1263 (71.0%)
Current task success rate: 1.0
Current total success rate: 0.7099494097807757

Task: pick up the orange juice and place it in the basket view 0 0 100 0 0 initstate 0 noise 4
Success: True
# episodes completed so far: 1780
# successes: 1264 (71.0%)
Current task success rate: 1.0
Current total success rate: 0.7101123595505618

Task: pick up the orange juice and place it in the basket view 0 0 100 0 0 initstate 0 noise 5
Success: True
# episodes completed so far: 1781
# successes: 1265 (71.0%)
Current task success rate: 1.0
Current total success rate: 0.7102751263335205

Task: pick up the orange juice and place it in the basket view 0 0 100 0 0 initstate 0 noise 6
Success: True
# episodes completed so far: 1782
# successes: 1266 (71.0%)
Current task success rate: 1.0
Current total success rate: 0.7104377104377104

Task: pick up the orange juice and place it in the basket view 0 0 100 0 0 initstate 0 noise 7
Success: True
# episodes completed so far: 1783
# successes: 1267 (71.1%)
Current task success rate: 1.0
Current total success rate: 0.7106001121704991

Task: pick up the orange juice and place it in the basket view 0 0 100 0 0 initstate 0 noise 8
Success: True
# episodes completed so far: 1784
# successes: 1268 (71.1%)
Current task success rate: 1.0
Current total success rate: 0.7107623318385651

Task: pick up the orange juice and place it in the basket view 0 0 100 0 0 initstate 0 noise 9
Success: True
# episodes completed so far: 1785
# successes: 1269 (71.1%)
Current task success rate: 1.0
Current total success rate: 0.7109243697478992

Task: pick up the orange juice and place it in the basket view 0 0 100 0 0 initstate 0 noise 10
Success: False
# episodes completed so far: 1786
# successes: 1269 (71.1%)
Current task success rate: 0.0
Current total success rate: 0.7105263157894737

Task: pick up the orange juice and place it in the basket view 0 0 100 0 0 initstate 0 noise 11
Success: True
# episodes completed so far: 1787
# successes: 1270 (71.1%)
Current task success rate: 1.0
Current total success rate: 0.710688304420817

Task: pick up the orange juice and place it in the basket view 0 0 100 0 0 initstate 0 noise 12
Success: True
# episodes completed so far: 1788
# successes: 1271 (71.1%)
Current task success rate: 1.0
Current total success rate: 0.7108501118568232

Task: pick up the orange juice and place it in the basket view 0 0 100 0 0 initstate 0 noise 13
Success: True
# episodes completed so far: 1789
# successes: 1272 (71.1%)
Current task success rate: 1.0
Current total success rate: 0.7110117384013416

Task: pick up the orange juice and place it in the basket view 0 0 100 0 0 initstate 0 noise 14
Success: True
# episodes completed so far: 1790
# successes: 1273 (71.1%)
Current task success rate: 1.0
Current total success rate: 0.711173184357542

Task: pick up the orange juice and place it in the basket view 0 0 100 0 0 initstate 0 noise 15
Success: False
# episodes completed so far: 1791
# successes: 1273 (71.1%)
Current task success rate: 0.0
Current total success rate: 0.7107761027359017

Task: pick up the orange juice and place it in the basket view 0 0 100 0 0 initstate 0 noise 16
Success: False
# episodes completed so far: 1792
# successes: 1273 (71.0%)
Current task success rate: 0.0
Current total success rate: 0.7103794642857143

Task: pick up the orange juice and place it in the basket view 0 0 100 0 0 initstate 0 noise 17
Success: False
# episodes completed so far: 1793
# successes: 1273 (71.0%)
Current task success rate: 0.0
Current total success rate: 0.7099832682654769

Task: pick up the orange juice and place it in the basket view 0 0 100 0 0 initstate 0 noise 18
Success: False
# episodes completed so far: 1794
# successes: 1273 (71.0%)
Current task success rate: 0.0
Current total success rate: 0.70958751393534

Task: pick up the orange juice and place it in the basket view 0 0 100 0 0 initstate 0 noise 19
Success: False
# episodes completed so far: 1795
# successes: 1273 (70.9%)
Current task success rate: 0.0
Current total success rate: 0.7091922005571031

Task: pick up the orange juice and place it in the basket view 0 0 100 0 0 initstate 0 noise 23
Success: True
# episodes completed so far: 1796
# successes: 1274 (70.9%)
Current task success rate: 1.0
Current total success rate: 0.7093541202672605

Task: pick up the orange juice and place it in the basket view 0 0 100 0 0 initstate 0 noise 25
Success: True
# episodes completed so far: 1797
# successes: 1275 (71.0%)
Current task success rate: 1.0
Current total success rate: 0.7095158597662772

Task: pick up the orange juice and place it in the basket view 0 0 100 0 0 initstate 0 noise 26
Success: False
# episodes completed so far: 1798
# successes: 1275 (70.9%)
Current task success rate: 0.0
Current total success rate: 0.7091212458286985

Task: pick up the orange juice and place it in the basket view 0 0 100 0 0 initstate 0 noise 27
Success: False
# episodes completed so far: 1799
# successes: 1275 (70.9%)
Current task success rate: 0.0
Current total success rate: 0.7087270705947749

Task: pick up the orange juice and place it in the basket view 0 0 100 0 0 initstate 0 noise 28
Success: False
# episodes completed so far: 1800
# successes: 1275 (70.8%)
Current task success rate: 0.0
Current total success rate: 0.7083333333333334

Task: pick up the orange juice and place it in the basket view 0 0 100 0 0 initstate 0 noise 29
Success: False
# episodes completed so far: 1801
# successes: 1275 (70.8%)
Current task success rate: 0.0
Current total success rate: 0.7079400333148251

Task: pick up the orange juice and place it in the basket view 0 0 100 0 0 initstate 0 noise 30
Success: True
# episodes completed so far: 1802
# successes: 1276 (70.8%)
Current task success rate: 1.0
Current total success rate: 0.7081021087680355

Task: pick up the orange juice and place it in the basket view 0 0 100 0 0 initstate 0 noise 33
Success: True
# episodes completed so far: 1803
# successes: 1277 (70.8%)
Current task success rate: 1.0
Current total success rate: 0.7082640044370494

Task: pick up the orange juice and place it in the basket view 0 0 100 0 0 initstate 0 noise 35
Success: True
# episodes completed so far: 1804
# successes: 1278 (70.8%)
Current task success rate: 1.0
Current total success rate: 0.7084257206208425

Task: pick up the orange juice and place it in the basket view 0 0 100 0 0 initstate 0 noise 36
Success: True
# episodes completed so far: 1805
# successes: 1279 (70.9%)
Current task success rate: 1.0
Current total success rate: 0.7085872576177286

Task: pick up the orange juice and place it in the basket view 0 0 100 0 0 initstate 0 noise 37
Success: True
# episodes completed so far: 1806
# successes: 1280 (70.9%)
Current task success rate: 1.0
Current total success rate: 0.70874861572536

Task: pick up the orange juice and place it in the basket view 0 0 100 0 0 initstate 0 noise 38
Success: True
# episodes completed so far: 1807
# successes: 1281 (70.9%)
Current task success rate: 1.0
Current total success rate: 0.7089097952407305

Task: pick up the orange juice and place it in the basket view 0 0 100 0 0 initstate 0 noise 39
Success: True
# episodes completed so far: 1808
# successes: 1282 (70.9%)
Current task success rate: 1.0
Current total success rate: 0.709070796460177

Task: pick up the orange juice and place it in the basket view 0 0 100 0 0 initstate 0 noise 40
Success: False
# episodes completed so far: 1809
# successes: 1282 (70.9%)
Current task success rate: 0.0
Current total success rate: 0.7086788280818132

Task: pick up the orange juice and place it in the basket view 0 0 100 0 0 initstate 0 noise 42
Success: True
# episodes completed so far: 1810
# successes: 1283 (70.9%)
Current task success rate: 1.0
Current total success rate: 0.7088397790055249

Task: pick up the orange juice and place it in the basket view 0 0 100 0 0 initstate 0 noise 43
Success: True
# episodes completed so far: 1811
# successes: 1284 (70.9%)
Current task success rate: 1.0
Current total success rate: 0.7090005521811154

Task: pick up the orange juice and place it in the basket view 0 0 100 0 0 initstate 0 noise 44
Success: True
# episodes completed so far: 1812
# successes: 1285 (70.9%)
Current task success rate: 1.0
Current total success rate: 0.7091611479028698

Task: pick up the orange juice and place it in the basket view 0 0 100 0 0 initstate 0 noise 45
Success: True
# episodes completed so far: 1813
# successes: 1286 (70.9%)
Current task success rate: 1.0
Current total success rate: 0.7093215664644236

Task: pick up the orange juice and place it in the basket view 0 0 100 0 0 initstate 0 noise 46
Success: True
# episodes completed so far: 1814
# successes: 1287 (70.9%)
Current task success rate: 1.0
Current total success rate: 0.7094818081587652

Task: pick up the orange juice and place it in the basket view 0 0 100 0 0 initstate 0 noise 47
Success: False
# episodes completed so far: 1815
# successes: 1287 (70.9%)
Current task success rate: 0.0
Current total success rate: 0.7090909090909091

Task: pick up the orange juice and place it in the basket view 0 0 100 0 0 initstate 0 noise 48
Success: True
# episodes completed so far: 1816
# successes: 1288 (70.9%)
Current task success rate: 1.0
Current total success rate: 0.7092511013215859

Task: pick up the orange juice and place it in the basket view 0 0 100 0 0 initstate 0 noise 49
Success: True
# episodes completed so far: 1817
# successes: 1289 (70.9%)
Current task success rate: 1.0
Current total success rate: 0.709411117226197

Task: pick up the orange juice and place it in the basket view 0 0 100 0 0 initstate 0 noise 50
Success: False
# episodes completed so far: 1818
# successes: 1289 (70.9%)
Current task success rate: 0.0
Current total success rate: 0.7090209020902091

Task: pick up the alphabet soup and place it in the basket add 10
Success: True
# episodes completed so far: 1819
# successes: 1290 (70.9%)
Current task success rate: 1.0
Current total success rate: 0.7091808686091259

Task: pick up the alphabet soup and place it in the basket add 11
Success: True
# episodes completed so far: 1820
# successes: 1291 (70.9%)
Current task success rate: 1.0
Current total success rate: 0.7093406593406594

Task: pick up the alphabet soup and place it in the basket add 12
Success: True
# episodes completed so far: 1821
# successes: 1292 (71.0%)
Current task success rate: 1.0
Current total success rate: 0.7095002745744097

Task: pick up the alphabet soup and place it in the basket add 14
Success: True
# episodes completed so far: 1822
# successes: 1293 (71.0%)
Current task success rate: 1.0
Current total success rate: 0.7096597145993414

Task: pick up the alphabet soup and place it in the basket add 15
Success: True
# episodes completed so far: 1823
# successes: 1294 (71.0%)
Current task success rate: 1.0
Current total success rate: 0.7098189797037849

Task: pick up the alphabet soup and place it in the basket add 16
Success: True
# episodes completed so far: 1824
# successes: 1295 (71.0%)
Current task success rate: 1.0
Current total success rate: 0.7099780701754386

Task: pick up the alphabet soup and place it in the basket add 18
Success: True
# episodes completed so far: 1825
# successes: 1296 (71.0%)
Current task success rate: 1.0
Current total success rate: 0.7101369863013699

Task: pick up the alphabet soup and place it in the basket add 19
Success: True
# episodes completed so far: 1826
# successes: 1297 (71.0%)
Current task success rate: 1.0
Current total success rate: 0.7102957283680176

Task: pick up the alphabet soup and place it in the basket add 2
Success: True
# episodes completed so far: 1827
# successes: 1298 (71.0%)
Current task success rate: 1.0
Current total success rate: 0.7104542966611932

Task: pick up the alphabet soup and place it in the basket add 20
Success: True
# episodes completed so far: 1828
# successes: 1299 (71.1%)
Current task success rate: 1.0
Current total success rate: 0.7106126914660832

Task: pick up the alphabet soup and place it in the basket add 21
Success: True
# episodes completed so far: 1829
# successes: 1300 (71.1%)
Current task success rate: 1.0
Current total success rate: 0.7107709130672498

Task: pick up the alphabet soup and place it in the basket add 22
Success: True
# episodes completed so far: 1830
# successes: 1301 (71.1%)
Current task success rate: 1.0
Current total success rate: 0.7109289617486338

Task: pick up the alphabet soup and place it in the basket add 24
Success: True
# episodes completed so far: 1831
# successes: 1302 (71.1%)
Current task success rate: 1.0
Current total success rate: 0.7110868377935554

Task: pick up the alphabet soup and place it in the basket add 25
Success: True
# episodes completed so far: 1832
# successes: 1303 (71.1%)
Current task success rate: 1.0
Current total success rate: 0.7112445414847162

Task: pick up the alphabet soup and place it in the basket add 27
Success: True
# episodes completed so far: 1833
# successes: 1304 (71.1%)
Current task success rate: 1.0
Current total success rate: 0.7114020731042008

Task: pick up the alphabet soup and place it in the basket add 28
Success: True
# episodes completed so far: 1834
# successes: 1305 (71.2%)
Current task success rate: 1.0
Current total success rate: 0.7115594329334788

Task: pick up the alphabet soup and place it in the basket add 29
Success: True
# episodes completed so far: 1835
# successes: 1306 (71.2%)
Current task success rate: 1.0
Current total success rate: 0.711716621253406

Task: pick up the alphabet soup and place it in the basket add 30
Success: True
# episodes completed so far: 1836
# successes: 1307 (71.2%)
Current task success rate: 1.0
Current total success rate: 0.7118736383442266

Task: pick up the alphabet soup and place it in the basket add 5
Success: True
# episodes completed so far: 1837
# successes: 1308 (71.2%)
Current task success rate: 1.0
Current total success rate: 0.7120304844855743

Task: pick up the alphabet soup and place it in the basket add 7
Success: True
# episodes completed so far: 1838
# successes: 1309 (71.2%)
Current task success rate: 1.0
Current total success rate: 0.7121871599564744

Task: pick up the alphabet soup and place it in the basket add 9
Success: True
# episodes completed so far: 1839
# successes: 1310 (71.2%)
Current task success rate: 1.0
Current total success rate: 0.7123436650353453

Task: pick up the alphabet soup and place it in the basket level1 sample1
Success: True
# episodes completed so far: 1840
# successes: 1311 (71.2%)
Current task success rate: 1.0
Current total success rate: 0.7125

Task: pick up the alphabet soup and place it in the basket level1 sample2
Success: True
# episodes completed so far: 1841
# successes: 1312 (71.3%)
Current task success rate: 1.0
Current total success rate: 0.7126561651276481

Task: pick up the alphabet soup and place it in the basket level1 sample3
Success: True
# episodes completed so far: 1842
# successes: 1313 (71.3%)
Current task success rate: 1.0
Current total success rate: 0.7128121606948968

Task: pick up the alphabet soup and place it in the basket level1 sample4
Success: True
# episodes completed so far: 1843
# successes: 1314 (71.3%)
Current task success rate: 1.0
Current total success rate: 0.7129679869777537

Task: pick up the alphabet soup and place it in the basket level2 sample1
Success: True
# episodes completed so far: 1844
# successes: 1315 (71.3%)
Current task success rate: 1.0
Current total success rate: 0.7131236442516269

Task: pick up the alphabet soup and place it in the basket level2 sample2
Success: True
# episodes completed so far: 1845
# successes: 1316 (71.3%)
Current task success rate: 1.0
Current total success rate: 0.7132791327913279

Task: pick up the alphabet soup and place it in the basket level2 sample3
Success: True
# episodes completed so far: 1846
# successes: 1317 (71.3%)
Current task success rate: 1.0
Current total success rate: 0.7134344528710725

Task: pick up the alphabet soup and place it in the basket level2 sample4
Success: True
# episodes completed so far: 1847
# successes: 1318 (71.4%)
Current task success rate: 1.0
Current total success rate: 0.713589604764483

Task: pick up the alphabet soup and place it in the basket level3 sample1
Success: False
# episodes completed so far: 1848
# successes: 1318 (71.3%)
Current task success rate: 0.0
Current total success rate: 0.7132034632034632

Task: pick up the alphabet soup and place it in the basket level3 sample2
Success: True
# episodes completed so far: 1849
# successes: 1319 (71.3%)
Current task success rate: 1.0
Current total success rate: 0.7133585722011898

Task: pick up the alphabet soup and place it in the basket level3 sample3
Success: False
# episodes completed so far: 1850
# successes: 1319 (71.3%)
Current task success rate: 0.0
Current total success rate: 0.712972972972973

Task: pick up the alphabet soup and place it in the basket level3 sample4
Success: True
# episodes completed so far: 1851
# successes: 1320 (71.3%)
Current task success rate: 1.0
Current total success rate: 0.713128038897893

Task: pick up the alphabet soup and place it in the basket level4 sample1
Success: False
# episodes completed so far: 1852
# successes: 1320 (71.3%)
Current task success rate: 0.0
Current total success rate: 0.712742980561555

Task: pick up the alphabet soup and place it in the basket level4 sample2
Success: True
# episodes completed so far: 1853
# successes: 1321 (71.3%)
Current task success rate: 1.0
Current total success rate: 0.7128980032379925

Task: pick up the alphabet soup and place it in the basket level4 sample3
Success: True
# episodes completed so far: 1854
# successes: 1322 (71.3%)
Current task success rate: 1.0
Current total success rate: 0.7130528586839266

Task: pick up the alphabet soup and place it in the basket level4 sample4
Success: False
# episodes completed so far: 1855
# successes: 1322 (71.3%)
Current task success rate: 0.0
Current total success rate: 0.7126684636118599

Task: pick up the alphabet soup and place it in the basket level5 sample1
Success: False
# episodes completed so far: 1856
# successes: 1322 (71.2%)
Current task success rate: 0.0
Current total success rate: 0.7122844827586207

Task: pick up the alphabet soup and place it in the basket level5 sample2
Success: True
# episodes completed so far: 1857
# successes: 1323 (71.2%)
Current task success rate: 1.0
Current total success rate: 0.7124394184168013

Task: pick up the alphabet soup and place it in the basket level5 sample3
Success: False
# episodes completed so far: 1858
# successes: 1323 (71.2%)
Current task success rate: 0.0
Current total success rate: 0.7120559741657696

Task: pick up the alphabet soup and place it in the basket level5 sample4
Success: False
# episodes completed so far: 1859
# successes: 1323 (71.2%)
Current task success rate: 0.0
Current total success rate: 0.7116729424421732

Task: pick up the bbq sauce and place it in the basket add 10
Success: True
# episodes completed so far: 1860
# successes: 1324 (71.2%)
Current task success rate: 1.0
Current total success rate: 0.7118279569892473

Task: pick up the bbq sauce and place it in the basket add 11
Success: True
# episodes completed so far: 1861
# successes: 1325 (71.2%)
Current task success rate: 1.0
Current total success rate: 0.7119828049435787

Task: pick up the bbq sauce and place it in the basket add 13
Success: True
# episodes completed so far: 1862
# successes: 1326 (71.2%)
Current task success rate: 1.0
Current total success rate: 0.7121374865735768

Task: pick up the bbq sauce and place it in the basket add 14
Success: True
# episodes completed so far: 1863
# successes: 1327 (71.2%)
Current task success rate: 1.0
Current total success rate: 0.7122920021470747

Task: pick up the bbq sauce and place it in the basket add 15
Success: True
# episodes completed so far: 1864
# successes: 1328 (71.2%)
Current task success rate: 1.0
Current total success rate: 0.7124463519313304

Task: pick up the bbq sauce and place it in the basket add 16
Success: True
# episodes completed so far: 1865
# successes: 1329 (71.3%)
Current task success rate: 1.0
Current total success rate: 0.7126005361930295

Task: pick up the bbq sauce and place it in the basket add 17
Success: True
# episodes completed so far: 1866
# successes: 1330 (71.3%)
Current task success rate: 1.0
Current total success rate: 0.7127545551982851

Task: pick up the bbq sauce and place it in the basket add 18
Success: True
# episodes completed so far: 1867
# successes: 1331 (71.3%)
Current task success rate: 1.0
Current total success rate: 0.7129084092126406

Task: pick up the bbq sauce and place it in the basket add 19
Success: True
# episodes completed so far: 1868
# successes: 1332 (71.3%)
Current task success rate: 1.0
Current total success rate: 0.7130620985010707

Task: pick up the bbq sauce and place it in the basket add 21
Success: True
# episodes completed so far: 1869
# successes: 1333 (71.3%)
Current task success rate: 1.0
Current total success rate: 0.7132156233279828

Task: pick up the bbq sauce and place it in the basket add 22
Success: True
# episodes completed so far: 1870
# successes: 1334 (71.3%)
Current task success rate: 1.0
Current total success rate: 0.7133689839572193

Task: pick up the bbq sauce and place it in the basket add 23
Success: True
# episodes completed so far: 1871
# successes: 1335 (71.4%)
Current task success rate: 1.0
Current total success rate: 0.7135221806520577

Task: pick up the bbq sauce and place it in the basket add 24
Success: True
# episodes completed so far: 1872
# successes: 1336 (71.4%)
Current task success rate: 1.0
Current total success rate: 0.7136752136752137

Task: pick up the bbq sauce and place it in the basket add 26
Success: True
# episodes completed so far: 1873
# successes: 1337 (71.4%)
Current task success rate: 1.0
Current total success rate: 0.7138280832888414

Task: pick up the bbq sauce and place it in the basket add 27
Success: True
# episodes completed so far: 1874
# successes: 1338 (71.4%)
Current task success rate: 1.0
Current total success rate: 0.7139807897545357

Task: pick up the bbq sauce and place it in the basket add 28
Success: True
# episodes completed so far: 1875
# successes: 1339 (71.4%)
Current task success rate: 1.0
Current total success rate: 0.7141333333333333

Task: pick up the bbq sauce and place it in the basket add 3
Success: True
# episodes completed so far: 1876
# successes: 1340 (71.4%)
Current task success rate: 1.0
Current total success rate: 0.7142857142857143

Task: pick up the bbq sauce and place it in the basket add 30
Success: True
# episodes completed so far: 1877
# successes: 1341 (71.4%)
Current task success rate: 1.0
Current total success rate: 0.7144379328716036

Task: pick up the bbq sauce and place it in the basket add 4
Success: True
# episodes completed so far: 1878
# successes: 1342 (71.5%)
Current task success rate: 1.0
Current total success rate: 0.7145899893503728

Task: pick up the bbq sauce and place it in the basket add 5
Success: True
# episodes completed so far: 1879
# successes: 1343 (71.5%)
Current task success rate: 1.0
Current total success rate: 0.7147418839808408

Task: pick up the bbq sauce and place it in the basket add 6
Success: True
# episodes completed so far: 1880
# successes: 1344 (71.5%)
Current task success rate: 1.0
Current total success rate: 0.7148936170212766

Task: pick up the bbq sauce and place it in the basket add 7
Success: True
# episodes completed so far: 1881
# successes: 1345 (71.5%)
Current task success rate: 1.0
Current total success rate: 0.7150451887293993

Task: pick up the bbq sauce and place it in the basket add 8
Success: True
# episodes completed so far: 1882
# successes: 1346 (71.5%)
Current task success rate: 1.0
Current total success rate: 0.7151965993623804

Task: pick up the bbq sauce and place it in the basket add 9
Success: True
# episodes completed so far: 1883
# successes: 1347 (71.5%)
Current task success rate: 1.0
Current total success rate: 0.7153478491768455

Task: pick up the bbq sauce and place it in the basket level1 sample1
Success: True
# episodes completed so far: 1884
# successes: 1348 (71.5%)
Current task success rate: 1.0
Current total success rate: 0.7154989384288747

Task: pick up the bbq sauce and place it in the basket level1 sample2
Success: True
# episodes completed so far: 1885
# successes: 1349 (71.6%)
Current task success rate: 1.0
Current total success rate: 0.7156498673740053

Task: pick up the bbq sauce and place it in the basket level1 sample3
Success: True
# episodes completed so far: 1886
# successes: 1350 (71.6%)
Current task success rate: 1.0
Current total success rate: 0.7158006362672322

Task: pick up the bbq sauce and place it in the basket level1 sample4
Success: True
# episodes completed so far: 1887
# successes: 1351 (71.6%)
Current task success rate: 1.0
Current total success rate: 0.71595124536301

Task: pick up the bbq sauce and place it in the basket level2 sample1
Success: True
# episodes completed so far: 1888
# successes: 1352 (71.6%)
Current task success rate: 1.0
Current total success rate: 0.7161016949152542

Task: pick up the bbq sauce and place it in the basket level2 sample2
Success: True
# episodes completed so far: 1889
# successes: 1353 (71.6%)
Current task success rate: 1.0
Current total success rate: 0.7162519851773425

Task: pick up the bbq sauce and place it in the basket level2 sample3
Success: True
# episodes completed so far: 1890
# successes: 1354 (71.6%)
Current task success rate: 1.0
Current total success rate: 0.7164021164021164

Task: pick up the bbq sauce and place it in the basket level2 sample4
Success: True
# episodes completed so far: 1891
# successes: 1355 (71.7%)
Current task success rate: 1.0
Current total success rate: 0.7165520888418826

Task: pick up the bbq sauce and place it in the basket level3 sample1
Success: False
# episodes completed so far: 1892
# successes: 1355 (71.6%)
Current task success rate: 0.0
Current total success rate: 0.7161733615221987

Task: pick up the bbq sauce and place it in the basket level3 sample2
Success: False
# episodes completed so far: 1893
# successes: 1355 (71.6%)
Current task success rate: 0.0
Current total success rate: 0.7157950343370312

Task: pick up the bbq sauce and place it in the basket level3 sample3
Success: False
# episodes completed so far: 1894
# successes: 1355 (71.5%)
Current task success rate: 0.0
Current total success rate: 0.7154171066525871

Task: pick up the bbq sauce and place it in the basket level3 sample4
Success: False
# episodes completed so far: 1895
# successes: 1355 (71.5%)
Current task success rate: 0.0
Current total success rate: 0.7150395778364116

Task: pick up the bbq sauce and place it in the basket level4 sample1
Success: False
# episodes completed so far: 1896
# successes: 1355 (71.5%)
Current task success rate: 0.0
Current total success rate: 0.7146624472573839

Task: pick up the bbq sauce and place it in the basket level4 sample2
Success: True
# episodes completed so far: 1897
# successes: 1356 (71.5%)
Current task success rate: 1.0
Current total success rate: 0.7148128624143384

Task: pick up the bbq sauce and place it in the basket level4 sample3
Success: True
# episodes completed so far: 1898
# successes: 1357 (71.5%)
Current task success rate: 1.0
Current total success rate: 0.7149631190727082

Task: pick up the bbq sauce and place it in the basket level4 sample4
Success: False
# episodes completed so far: 1899
# successes: 1357 (71.5%)
Current task success rate: 0.0
Current total success rate: 0.7145866245392312

Task: pick up the bbq sauce and place it in the basket level5 sample1
Success: True
# episodes completed so far: 1900
# successes: 1358 (71.5%)
Current task success rate: 1.0
Current total success rate: 0.7147368421052631

Task: pick up the bbq sauce and place it in the basket level5 sample2
Success: False
# episodes completed so far: 1901
# successes: 1358 (71.4%)
Current task success rate: 0.0
Current total success rate: 0.7143608627038401

Task: pick up the bbq sauce and place it in the basket level5 sample3
Success: False
# episodes completed so far: 1902
# successes: 1358 (71.4%)
Current task success rate: 0.0
Current total success rate: 0.7139852786540484

Task: pick up the bbq sauce and place it in the basket level5 sample4
Success: False
# episodes completed so far: 1903
# successes: 1358 (71.4%)
Current task success rate: 0.0
Current total success rate: 0.7136100893326327

Task: pick up the butter and place it in the basket add 11
Success: True
# episodes completed so far: 1904
# successes: 1359 (71.4%)
Current task success rate: 1.0
Current total success rate: 0.7137605042016807

Task: pick up the butter and place it in the basket add 12
Success: True
# episodes completed so far: 1905
# successes: 1360 (71.4%)
Current task success rate: 1.0
Current total success rate: 0.7139107611548556

Task: pick up the butter and place it in the basket add 13
Success: True
# episodes completed so far: 1906
# successes: 1361 (71.4%)
Current task success rate: 1.0
Current total success rate: 0.7140608604407135

Task: pick up the butter and place it in the basket add 14
Success: True
# episodes completed so far: 1907
# successes: 1362 (71.4%)
Current task success rate: 1.0
Current total success rate: 0.714210802307289

Task: pick up the butter and place it in the basket add 15
Success: True
# episodes completed so far: 1908
# successes: 1363 (71.4%)
Current task success rate: 1.0
Current total success rate: 0.7143605870020965

Task: pick up the butter and place it in the basket add 16
Success: True
# episodes completed so far: 1909
# successes: 1364 (71.5%)
Current task success rate: 1.0
Current total success rate: 0.7145102147721321

Task: pick up the butter and place it in the basket add 17
Success: True
# episodes completed so far: 1910
# successes: 1365 (71.5%)
Current task success rate: 1.0
Current total success rate: 0.7146596858638743

Task: pick up the butter and place it in the basket add 18
Success: True
# episodes completed so far: 1911
# successes: 1366 (71.5%)
Current task success rate: 1.0
Current total success rate: 0.7148090005232862

Task: pick up the butter and place it in the basket add 2
Success: True
# episodes completed so far: 1912
# successes: 1367 (71.5%)
Current task success rate: 1.0
Current total success rate: 0.7149581589958159

Task: pick up the butter and place it in the basket add 20
Success: True
# episodes completed so far: 1913
# successes: 1368 (71.5%)
Current task success rate: 1.0
Current total success rate: 0.7151071615263983

Task: pick up the butter and place it in the basket add 21
Success: True
# episodes completed so far: 1914
# successes: 1369 (71.5%)
Current task success rate: 1.0
Current total success rate: 0.7152560083594567

Task: pick up the butter and place it in the basket add 22
Success: True
# episodes completed so far: 1915
# successes: 1370 (71.5%)
Current task success rate: 1.0
Current total success rate: 0.7154046997389034

Task: pick up the butter and place it in the basket add 23
Success: True
# episodes completed so far: 1916
# successes: 1371 (71.6%)
Current task success rate: 1.0
Current total success rate: 0.715553235908142

Task: pick up the butter and place it in the basket add 25
Success: True
# episodes completed so far: 1917
# successes: 1372 (71.6%)
Current task success rate: 1.0
Current total success rate: 0.7157016171100679

Task: pick up the butter and place it in the basket add 26
Success: True
# episodes completed so far: 1918
# successes: 1373 (71.6%)
Current task success rate: 1.0
Current total success rate: 0.7158498435870698

Task: pick up the butter and place it in the basket add 27
Success: True
# episodes completed so far: 1919
# successes: 1374 (71.6%)
Current task success rate: 1.0
Current total success rate: 0.7159979155810318

Task: pick up the butter and place it in the basket add 28
Success: True
# episodes completed so far: 1920
# successes: 1375 (71.6%)
Current task success rate: 1.0
Current total success rate: 0.7161458333333334

Task: pick up the butter and place it in the basket add 29
Success: True
# episodes completed so far: 1921
# successes: 1376 (71.6%)
Current task success rate: 1.0
Current total success rate: 0.7162935970848516

Task: pick up the butter and place it in the basket add 3
Success: True
# episodes completed so far: 1922
# successes: 1377 (71.6%)
Current task success rate: 1.0
Current total success rate: 0.7164412070759626

Task: pick up the butter and place it in the basket add 30
Success: True
# episodes completed so far: 1923
# successes: 1378 (71.7%)
Current task success rate: 1.0
Current total success rate: 0.7165886635465418

Task: pick up the butter and place it in the basket add 6
Success: True
# episodes completed so far: 1924
# successes: 1379 (71.7%)
Current task success rate: 1.0
Current total success rate: 0.7167359667359667

Task: pick up the butter and place it in the basket add 7
Success: True
# episodes completed so far: 1925
# successes: 1380 (71.7%)
Current task success rate: 1.0
Current total success rate: 0.7168831168831169

Task: pick up the butter and place it in the basket add 8
Success: True
# episodes completed so far: 1926
# successes: 1381 (71.7%)
Current task success rate: 1.0
Current total success rate: 0.7170301142263759

Task: pick up the butter and place it in the basket add 9
Success: True
# episodes completed so far: 1927
# successes: 1382 (71.7%)
Current task success rate: 1.0
Current total success rate: 0.7171769590036325

Task: pick up the butter and place it in the basket level1 sample1
Success: True
# episodes completed so far: 1928
# successes: 1383 (71.7%)
Current task success rate: 1.0
Current total success rate: 0.7173236514522822

Task: pick up the butter and place it in the basket level1 sample2
Success: True
# episodes completed so far: 1929
# successes: 1384 (71.7%)
Current task success rate: 1.0
Current total success rate: 0.7174701918092276

Task: pick up the butter and place it in the basket level1 sample3
Success: True
# episodes completed so far: 1930
# successes: 1385 (71.8%)
Current task success rate: 1.0
Current total success rate: 0.7176165803108808

Task: pick up the butter and place it in the basket level1 sample4
Success: True
# episodes completed so far: 1931
# successes: 1386 (71.8%)
Current task success rate: 1.0
Current total success rate: 0.7177628171931641

Task: pick up the butter and place it in the basket level2 sample1
Success: True
# episodes completed so far: 1932
# successes: 1387 (71.8%)
Current task success rate: 1.0
Current total success rate: 0.7179089026915114

Task: pick up the butter and place it in the basket level2 sample2
Success: True
# episodes completed so far: 1933
# successes: 1388 (71.8%)
Current task success rate: 1.0
Current total success rate: 0.7180548370408691

Task: pick up the butter and place it in the basket level2 sample3
Success: True
# episodes completed so far: 1934
# successes: 1389 (71.8%)
Current task success rate: 1.0
Current total success rate: 0.718200620475698

Task: pick up the butter and place it in the basket level2 sample4
Success: True
# episodes completed so far: 1935
# successes: 1390 (71.8%)
Current task success rate: 1.0
Current total success rate: 0.7183462532299741

Task: pick up the butter and place it in the basket level3 sample1
Success: True
# episodes completed so far: 1936
# successes: 1391 (71.8%)
Current task success rate: 1.0
Current total success rate: 0.71849173553719

Task: pick up the butter and place it in the basket level3 sample2
Success: True
# episodes completed so far: 1937
# successes: 1392 (71.9%)
Current task success rate: 1.0
Current total success rate: 0.7186370676303562

Task: pick up the butter and place it in the basket level3 sample3
Success: True
# episodes completed so far: 1938
# successes: 1393 (71.9%)
Current task success rate: 1.0
Current total success rate: 0.7187822497420021

Task: pick up the butter and place it in the basket level3 sample4
Success: True
# episodes completed so far: 1939
# successes: 1394 (71.9%)
Current task success rate: 1.0
Current total success rate: 0.7189272821041774

Task: pick up the butter and place it in the basket level4 sample1
Success: True
# episodes completed so far: 1940
# successes: 1395 (71.9%)
Current task success rate: 1.0
Current total success rate: 0.7190721649484536

Task: pick up the butter and place it in the basket level4 sample2
Success: True
# episodes completed so far: 1941
# successes: 1396 (71.9%)
Current task success rate: 1.0
Current total success rate: 0.7192168985059247

Task: pick up the butter and place it in the basket level4 sample3
Success: False
# episodes completed so far: 1942
# successes: 1396 (71.9%)
Current task success rate: 0.0
Current total success rate: 0.7188465499485067

Task: pick up the butter and place it in the basket level4 sample4
Success: True
# episodes completed so far: 1943
# successes: 1397 (71.9%)
Current task success rate: 1.0
Current total success rate: 0.718991250643335

Task: pick up the butter and place it in the basket level5 sample1
Success: False
# episodes completed so far: 1944
# successes: 1397 (71.9%)
Current task success rate: 0.0
Current total success rate: 0.7186213991769548

Task: pick up the butter and place it in the basket level5 sample2
Success: False
# episodes completed so far: 1945
# successes: 1397 (71.8%)
Current task success rate: 0.0
Current total success rate: 0.7182519280205656

Task: pick up the butter and place it in the basket level5 sample3
Success: False
# episodes completed so far: 1946
# successes: 1397 (71.8%)
Current task success rate: 0.0
Current total success rate: 0.7178828365878726

Task: pick up the butter and place it in the basket level5 sample4
Success: False
# episodes completed so far: 1947
# successes: 1397 (71.8%)
Current task success rate: 0.0
Current total success rate: 0.7175141242937854

Task: pick up the chocolate pudding and place it in the basket add 11
Success: True
# episodes completed so far: 1948
# successes: 1398 (71.8%)
Current task success rate: 1.0
Current total success rate: 0.7176591375770021

Task: pick up the chocolate pudding and place it in the basket add 13
Success: True
# episodes completed so far: 1949
# successes: 1399 (71.8%)
Current task success rate: 1.0
Current total success rate: 0.7178040020523345

Task: pick up the chocolate pudding and place it in the basket add 14
Success: True
# episodes completed so far: 1950
# successes: 1400 (71.8%)
Current task success rate: 1.0
Current total success rate: 0.717948717948718

Task: pick up the chocolate pudding and place it in the basket add 15
Success: True
# episodes completed so far: 1951
# successes: 1401 (71.8%)
Current task success rate: 1.0
Current total success rate: 0.7180932854946181

Task: pick up the chocolate pudding and place it in the basket add 17
Success: True
# episodes completed so far: 1952
# successes: 1402 (71.8%)
Current task success rate: 1.0
Current total success rate: 0.7182377049180327

Task: pick up the chocolate pudding and place it in the basket add 19
Success: True
# episodes completed so far: 1953
# successes: 1403 (71.8%)
Current task success rate: 1.0
Current total success rate: 0.7183819764464926

Task: pick up the chocolate pudding and place it in the basket add 20
Success: True
# episodes completed so far: 1954
# successes: 1404 (71.9%)
Current task success rate: 1.0
Current total success rate: 0.7185261003070624

Task: pick up the chocolate pudding and place it in the basket add 22
Success: True
# episodes completed so far: 1955
# successes: 1405 (71.9%)
Current task success rate: 1.0
Current total success rate: 0.7186700767263428

Task: pick up the chocolate pudding and place it in the basket add 26
Success: True
# episodes completed so far: 1956
# successes: 1406 (71.9%)
Current task success rate: 1.0
Current total success rate: 0.7188139059304703

Task: pick up the chocolate pudding and place it in the basket add 27
Success: True
# episodes completed so far: 1957
# successes: 1407 (71.9%)
Current task success rate: 1.0
Current total success rate: 0.7189575881451201

Task: pick up the chocolate pudding and place it in the basket add 28
Success: True
# episodes completed so far: 1958
# successes: 1408 (71.9%)
Current task success rate: 1.0
Current total success rate: 0.7191011235955056

Task: pick up the chocolate pudding and place it in the basket add 29
Success: True
# episodes completed so far: 1959
# successes: 1409 (71.9%)
Current task success rate: 1.0
Current total success rate: 0.7192445125063808

Task: pick up the chocolate pudding and place it in the basket add 30
Success: True
# episodes completed so far: 1960
# successes: 1410 (71.9%)
Current task success rate: 1.0
Current total success rate: 0.7193877551020408

Task: pick up the chocolate pudding and place it in the basket add 4
Success: True
# episodes completed so far: 1961
# successes: 1411 (72.0%)
Current task success rate: 1.0
Current total success rate: 0.7195308516063234

Task: pick up the chocolate pudding and place it in the basket add 5
Success: True
# episodes completed so far: 1962
# successes: 1412 (72.0%)
Current task success rate: 1.0
Current total success rate: 0.7196738022426096

Task: pick up the chocolate pudding and place it in the basket add 6
Success: True
# episodes completed so far: 1963
# successes: 1413 (72.0%)
Current task success rate: 1.0
Current total success rate: 0.7198166072338258

Task: pick up the chocolate pudding and place it in the basket add 7
Success: True
# episodes completed so far: 1964
# successes: 1414 (72.0%)
Current task success rate: 1.0
Current total success rate: 0.719959266802444

Task: pick up the chocolate pudding and place it in the basket add 9
Success: True
# episodes completed so far: 1965
# successes: 1415 (72.0%)
Current task success rate: 1.0
Current total success rate: 0.7201017811704835

Task: pick up the chocolate pudding and place it in the basket level1 sample1
Success: True
# episodes completed so far: 1966
# successes: 1416 (72.0%)
Current task success rate: 1.0
Current total success rate: 0.7202441505595117

Task: pick up the chocolate pudding and place it in the basket level1 sample2
Success: True
# episodes completed so far: 1967
# successes: 1417 (72.0%)
Current task success rate: 1.0
Current total success rate: 0.7203863751906456

Task: pick up the chocolate pudding and place it in the basket level1 sample3
Success: True
# episodes completed so far: 1968
# successes: 1418 (72.1%)
Current task success rate: 1.0
Current total success rate: 0.7205284552845529

Task: pick up the chocolate pudding and place it in the basket level1 sample4
Success: True
# episodes completed so far: 1969
# successes: 1419 (72.1%)
Current task success rate: 1.0
Current total success rate: 0.7206703910614525

Task: pick up the chocolate pudding and place it in the basket level2 sample1
Success: True
# episodes completed so far: 1970
# successes: 1420 (72.1%)
Current task success rate: 1.0
Current total success rate: 0.7208121827411168

Task: pick up the chocolate pudding and place it in the basket level2 sample2
Success: True
# episodes completed so far: 1971
# successes: 1421 (72.1%)
Current task success rate: 1.0
Current total success rate: 0.7209538305428717

Task: pick up the chocolate pudding and place it in the basket level2 sample3
Success: True
# episodes completed so far: 1972
# successes: 1422 (72.1%)
Current task success rate: 1.0
Current total success rate: 0.7210953346855984

Task: pick up the chocolate pudding and place it in the basket level2 sample4
Success: True
# episodes completed so far: 1973
# successes: 1423 (72.1%)
Current task success rate: 1.0
Current total success rate: 0.7212366953877344

Task: pick up the chocolate pudding and place it in the basket level3 sample1
Success: False
# episodes completed so far: 1974
# successes: 1423 (72.1%)
Current task success rate: 0.0
Current total success rate: 0.720871327254306

Task: pick up the chocolate pudding and place it in the basket level3 sample2
Success: False
# episodes completed so far: 1975
# successes: 1423 (72.1%)
Current task success rate: 0.0
Current total success rate: 0.7205063291139241

Task: pick up the chocolate pudding and place it in the basket level3 sample3
Success: False
# episodes completed so far: 1976
# successes: 1423 (72.0%)
Current task success rate: 0.0
Current total success rate: 0.7201417004048583

Task: pick up the chocolate pudding and place it in the basket level3 sample4
Success: True
# episodes completed so far: 1977
# successes: 1424 (72.0%)
Current task success rate: 1.0
Current total success rate: 0.7202832574607992

Task: pick up the chocolate pudding and place it in the basket level4 sample1
Success: True
# episodes completed so far: 1978
# successes: 1425 (72.0%)
Current task success rate: 1.0
Current total success rate: 0.7204246713852376

Task: pick up the chocolate pudding and place it in the basket level4 sample2
Success: True
# episodes completed so far: 1979
# successes: 1426 (72.1%)
Current task success rate: 1.0
Current total success rate: 0.720565942395149

Task: pick up the chocolate pudding and place it in the basket level4 sample3
Success: True
# episodes completed so far: 1980
# successes: 1427 (72.1%)
Current task success rate: 1.0
Current total success rate: 0.7207070707070707

Task: pick up the chocolate pudding and place it in the basket level4 sample4
Success: False
# episodes completed so far: 1981
# successes: 1427 (72.0%)
Current task success rate: 0.0
Current total success rate: 0.7203432609793033

Task: pick up the chocolate pudding and place it in the basket level5 sample1
Success: False
# episodes completed so far: 1982
# successes: 1427 (72.0%)
Current task success rate: 0.0
Current total success rate: 0.7199798183652876

Task: pick up the chocolate pudding and place it in the basket level5 sample2
Success: False
# episodes completed so far: 1983
# successes: 1427 (72.0%)
Current task success rate: 0.0
Current total success rate: 0.7196167423096319

Task: pick up the chocolate pudding and place it in the basket level5 sample3
Success: False
# episodes completed so far: 1984
# successes: 1427 (71.9%)
Current task success rate: 0.0
Current total success rate: 0.7192540322580645

Task: pick up the chocolate pudding and place it in the basket level5 sample4
Success: False
# episodes completed so far: 1985
# successes: 1427 (71.9%)
Current task success rate: 0.0
Current total success rate: 0.7188916876574307

Task: pick up the cream cheese and place it in the basket add 14
Success: True
# episodes completed so far: 1986
# successes: 1428 (71.9%)
Current task success rate: 1.0
Current total success rate: 0.7190332326283988

Task: pick up the cream cheese and place it in the basket add 18
Success: True
# episodes completed so far: 1987
# successes: 1429 (71.9%)
Current task success rate: 1.0
Current total success rate: 0.7191746351283341

Task: pick up the cream cheese and place it in the basket add 22
Success: True
# episodes completed so far: 1988
# successes: 1430 (71.9%)
Current task success rate: 1.0
Current total success rate: 0.7193158953722334

Task: pick up the cream cheese and place it in the basket add 25
Success: True
# episodes completed so far: 1989
# successes: 1431 (71.9%)
Current task success rate: 1.0
Current total success rate: 0.7194570135746606

Task: pick up the cream cheese and place it in the basket add 26
Success: True
# episodes completed so far: 1990
# successes: 1432 (72.0%)
Current task success rate: 1.0
Current total success rate: 0.7195979899497488

Task: pick up the cream cheese and place it in the basket add 28
Success: True
# episodes completed so far: 1991
# successes: 1433 (72.0%)
Current task success rate: 1.0
Current total success rate: 0.7197388247112004

Task: pick up the cream cheese and place it in the basket add 29
Success: True
# episodes completed so far: 1992
# successes: 1434 (72.0%)
Current task success rate: 1.0
Current total success rate: 0.7198795180722891

Task: pick up the cream cheese and place it in the basket level1 sample1
Success: True
# episodes completed so far: 1993
# successes: 1435 (72.0%)
Current task success rate: 1.0
Current total success rate: 0.7200200702458606

Task: pick up the cream cheese and place it in the basket level1 sample2
Success: True
# episodes completed so far: 1994
# successes: 1436 (72.0%)
Current task success rate: 1.0
Current total success rate: 0.720160481444333

Task: pick up the cream cheese and place it in the basket level1 sample3
Success: True
# episodes completed so far: 1995
# successes: 1437 (72.0%)
Current task success rate: 1.0
Current total success rate: 0.7203007518796992

Task: pick up the cream cheese and place it in the basket level1 sample4
Success: True
# episodes completed so far: 1996
# successes: 1438 (72.0%)
Current task success rate: 1.0
Current total success rate: 0.720440881763527

Task: pick up the cream cheese and place it in the basket level2 sample1
Success: True
# episodes completed so far: 1997
# successes: 1439 (72.1%)
Current task success rate: 1.0
Current total success rate: 0.7205808713069605

Task: pick up the cream cheese and place it in the basket level2 sample2
Success: True
# episodes completed so far: 1998
# successes: 1440 (72.1%)
Current task success rate: 1.0
Current total success rate: 0.7207207207207207

Task: pick up the cream cheese and place it in the basket level2 sample3
Success: True
# episodes completed so far: 1999
# successes: 1441 (72.1%)
Current task success rate: 1.0
Current total success rate: 0.7208604302151076

Task: pick up the cream cheese and place it in the basket level2 sample4
Success: True
# episodes completed so far: 2000
# successes: 1442 (72.1%)
Current task success rate: 1.0
Current total success rate: 0.721

Task: pick up the cream cheese and place it in the basket level3 sample1
Success: True
# episodes completed so far: 2001
# successes: 1443 (72.1%)
Current task success rate: 1.0
Current total success rate: 0.7211394302848576

Task: pick up the cream cheese and place it in the basket level3 sample2
Success: True
# episodes completed so far: 2002
# successes: 1444 (72.1%)
Current task success rate: 1.0
Current total success rate: 0.7212787212787213

Task: pick up the cream cheese and place it in the basket level3 sample3
Success: True
# episodes completed so far: 2003
# successes: 1445 (72.1%)
Current task success rate: 1.0
Current total success rate: 0.7214178731902147

Task: pick up the cream cheese and place it in the basket level3 sample4
Success: False
# episodes completed so far: 2004
# successes: 1445 (72.1%)
Current task success rate: 0.0
Current total success rate: 0.7210578842315369

Task: pick up the cream cheese and place it in the basket level4 sample1
Success: True
# episodes completed so far: 2005
# successes: 1446 (72.1%)
Current task success rate: 1.0
Current total success rate: 0.7211970074812968

Task: pick up the cream cheese and place it in the basket level4 sample2
Success: True
# episodes completed so far: 2006
# successes: 1447 (72.1%)
Current task success rate: 1.0
Current total success rate: 0.7213359920239282

Task: pick up the cream cheese and place it in the basket level4 sample3
Success: False
# episodes completed so far: 2007
# successes: 1447 (72.1%)
Current task success rate: 0.0
Current total success rate: 0.7209765819631291

Task: pick up the cream cheese and place it in the basket level4 sample4
Success: True
# episodes completed so far: 2008
# successes: 1448 (72.1%)
Current task success rate: 1.0
Current total success rate: 0.7211155378486056

Task: pick up the cream cheese and place it in the basket level5 sample1
Success: False
# episodes completed so far: 2009
# successes: 1448 (72.1%)
Current task success rate: 0.0
Current total success rate: 0.7207565953210553

Task: pick up the cream cheese and place it in the basket level5 sample2
Success: False
# episodes completed so far: 2010
# successes: 1448 (72.0%)
Current task success rate: 0.0
Current total success rate: 0.7203980099502487

Task: pick up the cream cheese and place it in the basket level5 sample3
Success: False
# episodes completed so far: 2011
# successes: 1448 (72.0%)
Current task success rate: 0.0
Current total success rate: 0.7200397812033814

Task: pick up the cream cheese and place it in the basket level5 sample4
Success: True
# episodes completed so far: 2012
# successes: 1449 (72.0%)
Current task success rate: 1.0
Current total success rate: 0.7201789264413518

Task: pick up the ketchup and place it in the basket add 22
Success: True
# episodes completed so far: 2013
# successes: 1450 (72.0%)
Current task success rate: 1.0
Current total success rate: 0.7203179334326876

Task: pick up the ketchup and place it in the basket add 24
Success: True
# episodes completed so far: 2014
# successes: 1451 (72.0%)
Current task success rate: 1.0
Current total success rate: 0.7204568023833168

Task: pick up the ketchup and place it in the basket add 26
Success: True
# episodes completed so far: 2015
# successes: 1452 (72.1%)
Current task success rate: 1.0
Current total success rate: 0.7205955334987593

Task: pick up the ketchup and place it in the basket add 28
Success: True
# episodes completed so far: 2016
# successes: 1453 (72.1%)
Current task success rate: 1.0
Current total success rate: 0.720734126984127

Task: pick up the ketchup and place it in the basket add 29
Success: True
# episodes completed so far: 2017
# successes: 1454 (72.1%)
Current task success rate: 1.0
Current total success rate: 0.7208725830441249

Task: pick up the ketchup and place it in the basket level1 sample1
Success: True
# episodes completed so far: 2018
# successes: 1455 (72.1%)
Current task success rate: 1.0
Current total success rate: 0.7210109018830525

Task: pick up the ketchup and place it in the basket level1 sample2
Success: True
# episodes completed so far: 2019
# successes: 1456 (72.1%)
Current task success rate: 1.0
Current total success rate: 0.7211490837048044

Task: pick up the ketchup and place it in the basket level1 sample3
Success: True
# episodes completed so far: 2020
# successes: 1457 (72.1%)
Current task success rate: 1.0
Current total success rate: 0.7212871287128713

Task: pick up the ketchup and place it in the basket level1 sample4
Success: True
# episodes completed so far: 2021
# successes: 1458 (72.1%)
Current task success rate: 1.0
Current total success rate: 0.7214250371103414

Task: pick up the ketchup and place it in the basket level2 sample1
Success: False
# episodes completed so far: 2022
# successes: 1458 (72.1%)
Current task success rate: 0.0
Current total success rate: 0.7210682492581603

Task: pick up the ketchup and place it in the basket level2 sample2
Success: False
# episodes completed so far: 2023
# successes: 1458 (72.1%)
Current task success rate: 0.0
Current total success rate: 0.7207118141374197

Task: pick up the ketchup and place it in the basket level2 sample3
Success: True
# episodes completed so far: 2024
# successes: 1459 (72.1%)
Current task success rate: 1.0
Current total success rate: 0.7208498023715415

Task: pick up the ketchup and place it in the basket level2 sample4
Success: True
# episodes completed so far: 2025
# successes: 1460 (72.1%)
Current task success rate: 1.0
Current total success rate: 0.7209876543209877

Task: pick up the ketchup and place it in the basket level3 sample1
Success: True
# episodes completed so far: 2026
# successes: 1461 (72.1%)
Current task success rate: 1.0
Current total success rate: 0.7211253701875617

Task: pick up the ketchup and place it in the basket level3 sample2
Success: False
# episodes completed so far: 2027
# successes: 1461 (72.1%)
Current task success rate: 0.0
Current total success rate: 0.7207696102614701

Task: pick up the ketchup and place it in the basket level3 sample3
Success: False
# episodes completed so far: 2028
# successes: 1461 (72.0%)
Current task success rate: 0.0
Current total success rate: 0.7204142011834319

Task: pick up the ketchup and place it in the basket level3 sample4
Success: True
# episodes completed so far: 2029
# successes: 1462 (72.1%)
Current task success rate: 1.0
Current total success rate: 0.720551996057171

Task: pick up the ketchup and place it in the basket level4 sample1
Success: True
# episodes completed so far: 2030
# successes: 1463 (72.1%)
Current task success rate: 1.0
Current total success rate: 0.7206896551724138

Task: pick up the ketchup and place it in the basket level4 sample2
Success: False
# episodes completed so far: 2031
# successes: 1463 (72.0%)
Current task success rate: 0.0
Current total success rate: 0.7203348104382078

Task: pick up the ketchup and place it in the basket level4 sample3
Success: True
# episodes completed so far: 2032
# successes: 1464 (72.0%)
Current task success rate: 1.0
Current total success rate: 0.7204724409448819

Task: pick up the ketchup and place it in the basket level4 sample4
Success: True
# episodes completed so far: 2033
# successes: 1465 (72.1%)
Current task success rate: 1.0
Current total success rate: 0.720609936055091

Task: pick up the ketchup and place it in the basket level5 sample1
Success: False
# episodes completed so far: 2034
# successes: 1465 (72.0%)
Current task success rate: 0.0
Current total success rate: 0.7202556538839725

Task: pick up the ketchup and place it in the basket level5 sample2
Success: False
# episodes completed so far: 2035
# successes: 1465 (72.0%)
Current task success rate: 0.0
Current total success rate: 0.7199017199017199

Task: pick up the ketchup and place it in the basket level5 sample3
Success: False
# episodes completed so far: 2036
# successes: 1465 (72.0%)
Current task success rate: 0.0
Current total success rate: 0.7195481335952849

Task: pick up the ketchup and place it in the basket level5 sample4
Success: False
# episodes completed so far: 2037
# successes: 1465 (71.9%)
Current task success rate: 0.0
Current total success rate: 0.7191948944526264

Task: pick up the milk and place it in the basket add 10
Success: True
# episodes completed so far: 2038
# successes: 1466 (71.9%)
Current task success rate: 1.0
Current total success rate: 0.719332679097154

Task: pick up the milk and place it in the basket add 11
Success: True
# episodes completed so far: 2039
# successes: 1467 (71.9%)
Current task success rate: 1.0
Current total success rate: 0.7194703285924473

Task: pick up the milk and place it in the basket add 12
Success: True
# episodes completed so far: 2040
# successes: 1468 (72.0%)
Current task success rate: 1.0
Current total success rate: 0.7196078431372549

Task: pick up the milk and place it in the basket add 13
Success: True
# episodes completed so far: 2041
# successes: 1469 (72.0%)
Current task success rate: 1.0
Current total success rate: 0.7197452229299363

Task: pick up the milk and place it in the basket add 14
Success: True
# episodes completed so far: 2042
# successes: 1470 (72.0%)
Current task success rate: 1.0
Current total success rate: 0.7198824681684622

Task: pick up the milk and place it in the basket add 16
Success: True
# episodes completed so far: 2043
# successes: 1471 (72.0%)
Current task success rate: 1.0
Current total success rate: 0.720019579050416

Task: pick up the milk and place it in the basket add 17
Success: True
# episodes completed so far: 2044
# successes: 1472 (72.0%)
Current task success rate: 1.0
Current total success rate: 0.7201565557729941

Task: pick up the milk and place it in the basket add 18
Success: True
# episodes completed so far: 2045
# successes: 1473 (72.0%)
Current task success rate: 1.0
Current total success rate: 0.7202933985330073

Task: pick up the milk and place it in the basket add 19
Success: True
# episodes completed so far: 2046
# successes: 1474 (72.0%)
Current task success rate: 1.0
Current total success rate: 0.7204301075268817

Task: pick up the milk and place it in the basket add 20
Success: True
# episodes completed so far: 2047
# successes: 1475 (72.1%)
Current task success rate: 1.0
Current total success rate: 0.7205666829506595

Task: pick up the milk and place it in the basket add 21
Success: True
# episodes completed so far: 2048
# successes: 1476 (72.1%)
Current task success rate: 1.0
Current total success rate: 0.720703125

Task: pick up the milk and place it in the basket add 22
Success: True
# episodes completed so far: 2049
# successes: 1477 (72.1%)
Current task success rate: 1.0
Current total success rate: 0.7208394338701806

Task: pick up the milk and place it in the basket add 23
Success: True
# episodes completed so far: 2050
# successes: 1478 (72.1%)
Current task success rate: 1.0
Current total success rate: 0.7209756097560975

Task: pick up the milk and place it in the basket add 24
Success: True
# episodes completed so far: 2051
# successes: 1479 (72.1%)
Current task success rate: 1.0
Current total success rate: 0.7211116528522672

Task: pick up the milk and place it in the basket add 25
Success: True
# episodes completed so far: 2052
# successes: 1480 (72.1%)
Current task success rate: 1.0
Current total success rate: 0.7212475633528265

Task: pick up the milk and place it in the basket add 26
Success: True
# episodes completed so far: 2053
# successes: 1481 (72.1%)
Current task success rate: 1.0
Current total success rate: 0.7213833414515344

Task: pick up the milk and place it in the basket add 27
Success: True
# episodes completed so far: 2054
# successes: 1482 (72.2%)
Current task success rate: 1.0
Current total success rate: 0.7215189873417721

Task: pick up the milk and place it in the basket add 28
Success: True
# episodes completed so far: 2055
# successes: 1483 (72.2%)
Current task success rate: 1.0
Current total success rate: 0.7216545012165451

Task: pick up the milk and place it in the basket add 29
Success: True
# episodes completed so far: 2056
# successes: 1484 (72.2%)
Current task success rate: 1.0
Current total success rate: 0.7217898832684825

Task: pick up the milk and place it in the basket add 3
Success: True
# episodes completed so far: 2057
# successes: 1485 (72.2%)
Current task success rate: 1.0
Current total success rate: 0.7219251336898396

Task: pick up the milk and place it in the basket add 30
Success: True
# episodes completed so far: 2058
# successes: 1486 (72.2%)
Current task success rate: 1.0
Current total success rate: 0.7220602526724975

Task: pick up the milk and place it in the basket add 4
Success: True
# episodes completed so far: 2059
# successes: 1487 (72.2%)
Current task success rate: 1.0
Current total success rate: 0.722195240407965

Task: pick up the milk and place it in the basket add 5
Success: True
# episodes completed so far: 2060
# successes: 1488 (72.2%)
Current task success rate: 1.0
Current total success rate: 0.7223300970873786

Task: pick up the milk and place it in the basket add 8
Success: True
# episodes completed so far: 2061
# successes: 1489 (72.2%)
Current task success rate: 1.0
Current total success rate: 0.7224648229015042

Task: pick up the milk and place it in the basket add 9
Success: True
# episodes completed so far: 2062
# successes: 1490 (72.3%)
Current task success rate: 1.0
Current total success rate: 0.7225994180407371

Task: pick up the milk and place it in the basket level1 sample1
Success: True
# episodes completed so far: 2063
# successes: 1491 (72.3%)
Current task success rate: 1.0
Current total success rate: 0.7227338826951042

Task: pick up the milk and place it in the basket level1 sample2
Success: False
# episodes completed so far: 2064
# successes: 1491 (72.2%)
Current task success rate: 0.0
Current total success rate: 0.7223837209302325

Task: pick up the milk and place it in the basket level1 sample3
Success: True
# episodes completed so far: 2065
# successes: 1492 (72.3%)
Current task success rate: 1.0
Current total success rate: 0.7225181598062954

Task: pick up the milk and place it in the basket level1 sample4
Success: True
# episodes completed so far: 2066
# successes: 1493 (72.3%)
Current task success rate: 1.0
Current total success rate: 0.7226524685382382

Task: pick up the milk and place it in the basket level2 sample1
Success: False
# episodes completed so far: 2067
# successes: 1493 (72.2%)
Current task success rate: 0.0
Current total success rate: 0.7223028543783261

Task: pick up the milk and place it in the basket level2 sample2
Success: True
# episodes completed so far: 2068
# successes: 1494 (72.2%)
Current task success rate: 1.0
Current total success rate: 0.7224371373307543

Task: pick up the milk and place it in the basket level2 sample3
Success: True
# episodes completed so far: 2069
# successes: 1495 (72.3%)
Current task success rate: 1.0
Current total success rate: 0.722571290478492

Task: pick up the milk and place it in the basket level2 sample4
Success: True
# episodes completed so far: 2070
# successes: 1496 (72.3%)
Current task success rate: 1.0
Current total success rate: 0.7227053140096619

Task: pick up the milk and place it in the basket level3 sample1
Success: False
# episodes completed so far: 2071
# successes: 1496 (72.2%)
Current task success rate: 0.0
Current total success rate: 0.7223563495895703

Task: pick up the milk and place it in the basket level3 sample2
Success: False
# episodes completed so far: 2072
# successes: 1496 (72.2%)
Current task success rate: 0.0
Current total success rate: 0.722007722007722

Task: pick up the milk and place it in the basket level3 sample3
Success: True
# episodes completed so far: 2073
# successes: 1497 (72.2%)
Current task success rate: 1.0
Current total success rate: 0.7221418234442837

Task: pick up the milk and place it in the basket level3 sample4
Success: False
# episodes completed so far: 2074
# successes: 1497 (72.2%)
Current task success rate: 0.0
Current total success rate: 0.7217936354869817

Task: pick up the milk and place it in the basket level4 sample1
Success: False
# episodes completed so far: 2075
# successes: 1497 (72.1%)
Current task success rate: 0.0
Current total success rate: 0.7214457831325302

Task: pick up the milk and place it in the basket level4 sample2
Success: False
# episodes completed so far: 2076
# successes: 1497 (72.1%)
Current task success rate: 0.0
Current total success rate: 0.7210982658959537

Task: pick up the milk and place it in the basket level4 sample3
Success: True
# episodes completed so far: 2077
# successes: 1498 (72.1%)
Current task success rate: 1.0
Current total success rate: 0.7212325469427058

Task: pick up the milk and place it in the basket level4 sample4
Success: False
# episodes completed so far: 2078
# successes: 1498 (72.1%)
Current task success rate: 0.0
Current total success rate: 0.7208854667949952

Task: pick up the milk and place it in the basket level5 sample1
Success: False
# episodes completed so far: 2079
# successes: 1498 (72.1%)
Current task success rate: 0.0
Current total success rate: 0.7205387205387206

Task: pick up the milk and place it in the basket level5 sample2
Success: False
# episodes completed so far: 2080
# successes: 1498 (72.0%)
Current task success rate: 0.0
Current total success rate: 0.7201923076923077

Task: pick up the milk and place it in the basket level5 sample3
Success: False
# episodes completed so far: 2081
# successes: 1498 (72.0%)
Current task success rate: 0.0
Current total success rate: 0.7198462277751081

Task: pick up the milk and place it in the basket level5 sample4
Success: False
# episodes completed so far: 2082
# successes: 1498 (72.0%)
Current task success rate: 0.0
Current total success rate: 0.7195004803073968

Task: pick up the orange juice and place it in the basket add 1
Success: True
# episodes completed so far: 2083
# successes: 1499 (72.0%)
Current task success rate: 1.0
Current total success rate: 0.7196351416226596

Task: pick up the orange juice and place it in the basket add 10
Success: True
# episodes completed so far: 2084
# successes: 1500 (72.0%)
Current task success rate: 1.0
Current total success rate: 0.7197696737044146

Task: pick up the orange juice and place it in the basket add 11
Success: True
# episodes completed so far: 2085
# successes: 1501 (72.0%)
Current task success rate: 1.0
Current total success rate: 0.7199040767386091

Task: pick up the orange juice and place it in the basket add 12
Success: True
# episodes completed so far: 2086
# successes: 1502 (72.0%)
Current task success rate: 1.0
Current total success rate: 0.7200383509108341

Task: pick up the orange juice and place it in the basket add 13
Success: True
# episodes completed so far: 2087
# successes: 1503 (72.0%)
Current task success rate: 1.0
Current total success rate: 0.7201724964063249

Task: pick up the orange juice and place it in the basket add 14
Success: True
# episodes completed so far: 2088
# successes: 1504 (72.0%)
Current task success rate: 1.0
Current total success rate: 0.7203065134099617

Task: pick up the orange juice and place it in the basket add 15
Success: True
# episodes completed so far: 2089
# successes: 1505 (72.0%)
Current task success rate: 1.0
Current total success rate: 0.7204404021062709

Task: pick up the orange juice and place it in the basket add 16
Success: True
# episodes completed so far: 2090
# successes: 1506 (72.1%)
Current task success rate: 1.0
Current total success rate: 0.7205741626794259

Task: pick up the orange juice and place it in the basket add 17
Success: True
# episodes completed so far: 2091
# successes: 1507 (72.1%)
Current task success rate: 1.0
Current total success rate: 0.7207077953132472

Task: pick up the orange juice and place it in the basket add 18
Success: True
# episodes completed so far: 2092
# successes: 1508 (72.1%)
Current task success rate: 1.0
Current total success rate: 0.7208413001912046

Task: pick up the orange juice and place it in the basket add 19
Success: True
# episodes completed so far: 2093
# successes: 1509 (72.1%)
Current task success rate: 1.0
Current total success rate: 0.7209746774964166

Task: pick up the orange juice and place it in the basket add 2
Success: True
# episodes completed so far: 2094
# successes: 1510 (72.1%)
Current task success rate: 1.0
Current total success rate: 0.7211079274116523

Task: pick up the orange juice and place it in the basket add 20
Success: True
# episodes completed so far: 2095
# successes: 1511 (72.1%)
Current task success rate: 1.0
Current total success rate: 0.7212410501193317

Task: pick up the orange juice and place it in the basket add 21
Success: True
# episodes completed so far: 2096
# successes: 1512 (72.1%)
Current task success rate: 1.0
Current total success rate: 0.7213740458015268

Task: pick up the orange juice and place it in the basket add 22
Success: True
# episodes completed so far: 2097
# successes: 1513 (72.2%)
Current task success rate: 1.0
Current total success rate: 0.7215069146399619

Task: pick up the orange juice and place it in the basket add 24
Success: True
# episodes completed so far: 2098
# successes: 1514 (72.2%)
Current task success rate: 1.0
Current total success rate: 0.7216396568160153

Task: pick up the orange juice and place it in the basket add 25
Success: True
# episodes completed so far: 2099
# successes: 1515 (72.2%)
Current task success rate: 1.0
Current total success rate: 0.7217722725107194

Task: pick up the orange juice and place it in the basket add 26
Success: True
# episodes completed so far: 2100
# successes: 1516 (72.2%)
Current task success rate: 1.0
Current total success rate: 0.7219047619047619

Task: pick up the orange juice and place it in the basket add 27
Success: True
# episodes completed so far: 2101
# successes: 1517 (72.2%)
Current task success rate: 1.0
Current total success rate: 0.7220371251784864

Task: pick up the orange juice and place it in the basket add 28
Success: True
# episodes completed so far: 2102
# successes: 1518 (72.2%)
Current task success rate: 1.0
Current total success rate: 0.7221693625118935

Task: pick up the orange juice and place it in the basket add 29
Success: True
# episodes completed so far: 2103
# successes: 1519 (72.2%)
Current task success rate: 1.0
Current total success rate: 0.722301474084641

Task: pick up the orange juice and place it in the basket add 3
Success: True
# episodes completed so far: 2104
# successes: 1520 (72.2%)
Current task success rate: 1.0
Current total success rate: 0.7224334600760456

Task: pick up the orange juice and place it in the basket add 30
Success: True
# episodes completed so far: 2105
# successes: 1521 (72.3%)
Current task success rate: 1.0
Current total success rate: 0.7225653206650832

Task: pick up the orange juice and place it in the basket add 4
Success: True
# episodes completed so far: 2106
# successes: 1522 (72.3%)
Current task success rate: 1.0
Current total success rate: 0.7226970560303894

Task: pick up the orange juice and place it in the basket add 5
Success: True
# episodes completed so far: 2107
# successes: 1523 (72.3%)
Current task success rate: 1.0
Current total success rate: 0.722828666350261

Task: pick up the orange juice and place it in the basket add 6
Success: True
# episodes completed so far: 2108
# successes: 1524 (72.3%)
Current task success rate: 1.0
Current total success rate: 0.7229601518026565

Task: pick up the orange juice and place it in the basket add 7
Success: True
# episodes completed so far: 2109
# successes: 1525 (72.3%)
Current task success rate: 1.0
Current total success rate: 0.7230915125651968

Task: pick up the orange juice and place it in the basket add 8
Success: True
# episodes completed so far: 2110
# successes: 1526 (72.3%)
Current task success rate: 1.0
Current total success rate: 0.7232227488151659

Task: pick up the orange juice and place it in the basket add 9
Success: True
# episodes completed so far: 2111
# successes: 1527 (72.3%)
Current task success rate: 1.0
Current total success rate: 0.7233538607295121

Task: pick up the orange juice and place it in the basket level1 sample1
Success: True
# episodes completed so far: 2112
# successes: 1528 (72.3%)
Current task success rate: 1.0
Current total success rate: 0.7234848484848485

Task: pick up the orange juice and place it in the basket level1 sample2
Success: True
# episodes completed so far: 2113
# successes: 1529 (72.4%)
Current task success rate: 1.0
Current total success rate: 0.7236157122574538

Task: pick up the orange juice and place it in the basket level1 sample3
Success: True
# episodes completed so far: 2114
# successes: 1530 (72.4%)
Current task success rate: 1.0
Current total success rate: 0.7237464522232734

Task: pick up the orange juice and place it in the basket level1 sample4
Success: True
# episodes completed so far: 2115
# successes: 1531 (72.4%)
Current task success rate: 1.0
Current total success rate: 0.7238770685579197

Task: pick up the orange juice and place it in the basket level2 sample1
Success: True
# episodes completed so far: 2116
# successes: 1532 (72.4%)
Current task success rate: 1.0
Current total success rate: 0.724007561436673

Task: pick up the orange juice and place it in the basket level2 sample2
Success: True
# episodes completed so far: 2117
# successes: 1533 (72.4%)
Current task success rate: 1.0
Current total success rate: 0.7241379310344828

Task: pick up the orange juice and place it in the basket level2 sample3
Success: True
# episodes completed so far: 2118
# successes: 1534 (72.4%)
Current task success rate: 1.0
Current total success rate: 0.724268177525968

Task: pick up the orange juice and place it in the basket level2 sample4
Success: False
# episodes completed so far: 2119
# successes: 1534 (72.4%)
Current task success rate: 0.0
Current total success rate: 0.7239263803680982

Task: pick up the orange juice and place it in the basket level3 sample1
Success: True
# episodes completed so far: 2120
# successes: 1535 (72.4%)
Current task success rate: 1.0
Current total success rate: 0.7240566037735849

Task: pick up the orange juice and place it in the basket level3 sample2
Success: False
# episodes completed so far: 2121
# successes: 1535 (72.4%)
Current task success rate: 0.0
Current total success rate: 0.7237152286657237

Task: pick up the orange juice and place it in the basket level3 sample3
Success: False
# episodes completed so far: 2122
# successes: 1535 (72.3%)
Current task success rate: 0.0
Current total success rate: 0.7233741753063148

Task: pick up the orange juice and place it in the basket level3 sample4
Success: True
# episodes completed so far: 2123
# successes: 1536 (72.4%)
Current task success rate: 1.0
Current total success rate: 0.7235044747998116

Task: pick up the orange juice and place it in the basket level4 sample1
Success: False
# episodes completed so far: 2124
# successes: 1536 (72.3%)
Current task success rate: 0.0
Current total success rate: 0.7231638418079096

Task: pick up the orange juice and place it in the basket level4 sample2
Success: True
# episodes completed so far: 2125
# successes: 1537 (72.3%)
Current task success rate: 1.0
Current total success rate: 0.7232941176470589

Task: pick up the orange juice and place it in the basket level4 sample3
Success: False
# episodes completed so far: 2126
# successes: 1537 (72.3%)
Current task success rate: 0.0
Current total success rate: 0.7229539040451552

Task: pick up the orange juice and place it in the basket level4 sample4
Success: False
# episodes completed so far: 2127
# successes: 1537 (72.3%)
Current task success rate: 0.0
Current total success rate: 0.7226140103432064

Task: pick up the orange juice and place it in the basket level5 sample1
Success: False
# episodes completed so far: 2128
# successes: 1537 (72.2%)
Current task success rate: 0.0
Current total success rate: 0.7222744360902256

Task: pick up the orange juice and place it in the basket level5 sample2
Success: False
# episodes completed so far: 2129
# successes: 1537 (72.2%)
Current task success rate: 0.0
Current total success rate: 0.7219351808360732

Task: pick up the orange juice and place it in the basket level5 sample3
Success: False
# episodes completed so far: 2130
# successes: 1537 (72.2%)
Current task success rate: 0.0
Current total success rate: 0.7215962441314554

Task: pick up the orange juice and place it in the basket level5 sample4
Success: False
# episodes completed so far: 2131
# successes: 1537 (72.1%)
Current task success rate: 0.0
Current total success rate: 0.7212576255279212

Task: pick up the salad dressing and place it in the basket add 10
Success: True
# episodes completed so far: 2132
# successes: 1538 (72.1%)
Current task success rate: 1.0
Current total success rate: 0.7213883677298312

Task: pick up the salad dressing and place it in the basket add 12
Success: True
# episodes completed so far: 2133
# successes: 1539 (72.2%)
Current task success rate: 1.0
Current total success rate: 0.7215189873417721

Task: pick up the salad dressing and place it in the basket add 13
Success: True
# episodes completed so far: 2134
# successes: 1540 (72.2%)
Current task success rate: 1.0
Current total success rate: 0.7216494845360825

Task: pick up the salad dressing and place it in the basket add 14
Success: True
# episodes completed so far: 2135
# successes: 1541 (72.2%)
Current task success rate: 1.0
Current total success rate: 0.7217798594847775

Task: pick up the salad dressing and place it in the basket add 15
Success: True
# episodes completed so far: 2136
# successes: 1542 (72.2%)
Current task success rate: 1.0
Current total success rate: 0.7219101123595506

Task: pick up the salad dressing and place it in the basket add 16
Success: True
# episodes completed so far: 2137
# successes: 1543 (72.2%)
Current task success rate: 1.0
Current total success rate: 0.7220402433317735

Task: pick up the salad dressing and place it in the basket add 17
Success: True
# episodes completed so far: 2138
# successes: 1544 (72.2%)
Current task success rate: 1.0
Current total success rate: 0.7221702525724977

Task: pick up the salad dressing and place it in the basket add 18
Success: True
# episodes completed so far: 2139
# successes: 1545 (72.2%)
Current task success rate: 1.0
Current total success rate: 0.7223001402524544

Task: pick up the salad dressing and place it in the basket add 19
Success: True
# episodes completed so far: 2140
# successes: 1546 (72.2%)
Current task success rate: 1.0
Current total success rate: 0.7224299065420561

Task: pick up the salad dressing and place it in the basket add 20
Success: True
# episodes completed so far: 2141
# successes: 1547 (72.3%)
Current task success rate: 1.0
Current total success rate: 0.7225595516113965

Task: pick up the salad dressing and place it in the basket add 21
Success: True
# episodes completed so far: 2142
# successes: 1548 (72.3%)
Current task success rate: 1.0
Current total success rate: 0.7226890756302521

Task: pick up the salad dressing and place it in the basket add 22
Success: True
# episodes completed so far: 2143
# successes: 1549 (72.3%)
Current task success rate: 1.0
Current total success rate: 0.7228184787680821

Task: pick up the salad dressing and place it in the basket add 24
Success: True
# episodes completed so far: 2144
# successes: 1550 (72.3%)
Current task success rate: 1.0
Current total success rate: 0.7229477611940298

Task: pick up the salad dressing and place it in the basket add 25
Success: True
# episodes completed so far: 2145
# successes: 1551 (72.3%)
Current task success rate: 1.0
Current total success rate: 0.7230769230769231

Task: pick up the salad dressing and place it in the basket add 26
Success: True
# episodes completed so far: 2146
# successes: 1552 (72.3%)
Current task success rate: 1.0
Current total success rate: 0.723205964585275

Task: pick up the salad dressing and place it in the basket add 27
Success: True
# episodes completed so far: 2147
# successes: 1553 (72.3%)
Current task success rate: 1.0
Current total success rate: 0.7233348858872846

Task: pick up the salad dressing and place it in the basket add 28
Success: True
# episodes completed so far: 2148
# successes: 1554 (72.3%)
Current task success rate: 1.0
Current total success rate: 0.723463687150838

Task: pick up the salad dressing and place it in the basket add 29
Success: True
# episodes completed so far: 2149
# successes: 1555 (72.4%)
Current task success rate: 1.0
Current total success rate: 0.7235923685435086

Task: pick up the salad dressing and place it in the basket add 30
Success: True
# episodes completed so far: 2150
# successes: 1556 (72.4%)
Current task success rate: 1.0
Current total success rate: 0.7237209302325581

Task: pick up the salad dressing and place it in the basket add 4
Success: True
# episodes completed so far: 2151
# successes: 1557 (72.4%)
Current task success rate: 1.0
Current total success rate: 0.7238493723849372

Task: pick up the salad dressing and place it in the basket add 5
Success: True
# episodes completed so far: 2152
# successes: 1558 (72.4%)
Current task success rate: 1.0
Current total success rate: 0.7239776951672863

Task: pick up the salad dressing and place it in the basket add 6
Success: True
# episodes completed so far: 2153
# successes: 1559 (72.4%)
Current task success rate: 1.0
Current total success rate: 0.7241058987459359

Task: pick up the salad dressing and place it in the basket add 7
Success: True
# episodes completed so far: 2154
# successes: 1560 (72.4%)
Current task success rate: 1.0
Current total success rate: 0.724233983286908

Task: pick up the salad dressing and place it in the basket add 8
Success: True
# episodes completed so far: 2155
# successes: 1561 (72.4%)
Current task success rate: 1.0
Current total success rate: 0.7243619489559164

Task: pick up the salad dressing and place it in the basket add 9
Success: True
# episodes completed so far: 2156
# successes: 1562 (72.4%)
Current task success rate: 1.0
Current total success rate: 0.7244897959183674

Task: pick up the salad dressing and place it in the basket level1 sample1
Success: True
# episodes completed so far: 2157
# successes: 1563 (72.5%)
Current task success rate: 1.0
Current total success rate: 0.7246175243393602

Task: pick up the salad dressing and place it in the basket level1 sample2
Success: True
# episodes completed so far: 2158
# successes: 1564 (72.5%)
Current task success rate: 1.0
Current total success rate: 0.7247451343836886

Task: pick up the salad dressing and place it in the basket level1 sample3
Success: True
# episodes completed so far: 2159
# successes: 1565 (72.5%)
Current task success rate: 1.0
Current total success rate: 0.7248726262158407

Task: pick up the salad dressing and place it in the basket level1 sample4
Success: True
# episodes completed so far: 2160
# successes: 1566 (72.5%)
Current task success rate: 1.0
Current total success rate: 0.725

Task: pick up the salad dressing and place it in the basket level2 sample1
Success: True
# episodes completed so far: 2161
# successes: 1567 (72.5%)
Current task success rate: 1.0
Current total success rate: 0.7251272559000462

Task: pick up the salad dressing and place it in the basket level2 sample2
Success: False
# episodes completed so far: 2162
# successes: 1567 (72.5%)
Current task success rate: 0.0
Current total success rate: 0.7247918593894542

Task: pick up the salad dressing and place it in the basket level2 sample4
Success: True
# episodes completed so far: 2163
# successes: 1568 (72.5%)
Current task success rate: 1.0
Current total success rate: 0.7249190938511327

Task: pick up the salad dressing and place it in the basket level3 sample1
Success: True
# episodes completed so far: 2164
# successes: 1569 (72.5%)
Current task success rate: 1.0
Current total success rate: 0.7250462107208873

Task: pick up the salad dressing and place it in the basket level3 sample2
Success: True
# episodes completed so far: 2165
# successes: 1570 (72.5%)
Current task success rate: 1.0
Current total success rate: 0.7251732101616628

Task: pick up the salad dressing and place it in the basket level3 sample3
Success: False
# episodes completed so far: 2166
# successes: 1570 (72.5%)
Current task success rate: 0.0
Current total success rate: 0.7248384118190212

Task: pick up the salad dressing and place it in the basket level4 sample1
Success: False
# episodes completed so far: 2167
# successes: 1570 (72.5%)
Current task success rate: 0.0
Current total success rate: 0.7245039224734656

Task: pick up the salad dressing and place it in the basket level4 sample3
Success: False
# episodes completed so far: 2168
# successes: 1570 (72.4%)
Current task success rate: 0.0
Current total success rate: 0.724169741697417

Task: pick up the salad dressing and place it in the basket level4 sample4
Success: False
# episodes completed so far: 2169
# successes: 1570 (72.4%)
Current task success rate: 0.0
Current total success rate: 0.7238358690640848

Task: pick up the salad dressing and place it in the basket level5 sample1
Success: False
# episodes completed so far: 2170
# successes: 1570 (72.4%)
Current task success rate: 0.0
Current total success rate: 0.7235023041474654

Task: pick up the salad dressing and place it in the basket level5 sample2
Success: False
# episodes completed so far: 2171
# successes: 1570 (72.3%)
Current task success rate: 0.0
Current total success rate: 0.7231690465223399

Task: pick up the salad dressing and place it in the basket level5 sample3
Success: False
# episodes completed so far: 2172
# successes: 1570 (72.3%)
Current task success rate: 0.0
Current total success rate: 0.7228360957642725

Task: pick up the salad dressing and place it in the basket level5 sample4
Success: False
# episodes completed so far: 2173
# successes: 1570 (72.3%)
Current task success rate: 0.0
Current total success rate: 0.7225034514496088

Task: pick up the tomato sauce and place it in the basket add 1
Success: True
# episodes completed so far: 2174
# successes: 1571 (72.3%)
Current task success rate: 1.0
Current total success rate: 0.7226310947562098

Task: pick up the tomato sauce and place it in the basket add 10
Success: True
# episodes completed so far: 2175
# successes: 1572 (72.3%)
Current task success rate: 1.0
Current total success rate: 0.7227586206896551

Task: pick up the tomato sauce and place it in the basket add 11
Success: True
# episodes completed so far: 2176
# successes: 1573 (72.3%)
Current task success rate: 1.0
Current total success rate: 0.7228860294117647

Task: pick up the tomato sauce and place it in the basket add 12
Success: True
# episodes completed so far: 2177
# successes: 1574 (72.3%)
Current task success rate: 1.0
Current total success rate: 0.7230133210840606

Task: pick up the tomato sauce and place it in the basket add 13
Success: True
# episodes completed so far: 2178
# successes: 1575 (72.3%)
Current task success rate: 1.0
Current total success rate: 0.7231404958677686

Task: pick up the tomato sauce and place it in the basket add 14
Success: True
# episodes completed so far: 2179
# successes: 1576 (72.3%)
Current task success rate: 1.0
Current total success rate: 0.7232675539238183

Task: pick up the tomato sauce and place it in the basket add 15
Success: True
# episodes completed so far: 2180
# successes: 1577 (72.3%)
Current task success rate: 1.0
Current total success rate: 0.7233944954128441

Task: pick up the tomato sauce and place it in the basket add 16
Success: True
# episodes completed so far: 2181
# successes: 1578 (72.4%)
Current task success rate: 1.0
Current total success rate: 0.7235213204951857

Task: pick up the tomato sauce and place it in the basket add 17
Success: True
# episodes completed so far: 2182
# successes: 1579 (72.4%)
Current task success rate: 1.0
Current total success rate: 0.7236480293308891

Task: pick up the tomato sauce and place it in the basket add 18
Success: True
# episodes completed so far: 2183
# successes: 1580 (72.4%)
Current task success rate: 1.0
Current total success rate: 0.7237746220797068

Task: pick up the tomato sauce and place it in the basket add 19
Success: True
# episodes completed so far: 2184
# successes: 1581 (72.4%)
Current task success rate: 1.0
Current total success rate: 0.7239010989010989

Task: pick up the tomato sauce and place it in the basket add 2
Success: True
# episodes completed so far: 2185
# successes: 1582 (72.4%)
Current task success rate: 1.0
Current total success rate: 0.7240274599542335

Task: pick up the tomato sauce and place it in the basket add 20
Success: True
# episodes completed so far: 2186
# successes: 1583 (72.4%)
Current task success rate: 1.0
Current total success rate: 0.7241537053979872

Task: pick up the tomato sauce and place it in the basket add 21
Success: True
# episodes completed so far: 2187
# successes: 1584 (72.4%)
Current task success rate: 1.0
Current total success rate: 0.7242798353909465

Task: pick up the tomato sauce and place it in the basket add 22
Success: True
# episodes completed so far: 2188
# successes: 1585 (72.4%)
Current task success rate: 1.0
Current total success rate: 0.7244058500914077

Task: pick up the tomato sauce and place it in the basket add 23
Success: True
# episodes completed so far: 2189
# successes: 1586 (72.5%)
Current task success rate: 1.0
Current total success rate: 0.7245317496573778

Task: pick up the tomato sauce and place it in the basket add 24
Success: True
# episodes completed so far: 2190
# successes: 1587 (72.5%)
Current task success rate: 1.0
Current total success rate: 0.7246575342465753

Task: pick up the tomato sauce and place it in the basket add 25
Success: True
# episodes completed so far: 2191
# successes: 1588 (72.5%)
Current task success rate: 1.0
Current total success rate: 0.7247832040164308

Task: pick up the tomato sauce and place it in the basket add 26
Success: True
# episodes completed so far: 2192
# successes: 1589 (72.5%)
Current task success rate: 1.0
Current total success rate: 0.7249087591240876

Task: pick up the tomato sauce and place it in the basket add 27
Success: True
# episodes completed so far: 2193
# successes: 1590 (72.5%)
Current task success rate: 1.0
Current total success rate: 0.7250341997264022

Task: pick up the tomato sauce and place it in the basket add 28
Success: True
# episodes completed so far: 2194
# successes: 1591 (72.5%)
Current task success rate: 1.0
Current total success rate: 0.7251595259799453

Task: pick up the tomato sauce and place it in the basket add 29
Success: True
# episodes completed so far: 2195
# successes: 1592 (72.5%)
Current task success rate: 1.0
Current total success rate: 0.7252847380410022

Task: pick up the tomato sauce and place it in the basket add 3
Success: True
# episodes completed so far: 2196
# successes: 1593 (72.5%)
Current task success rate: 1.0
Current total success rate: 0.7254098360655737

Task: pick up the tomato sauce and place it in the basket add 30
Success: True
# episodes completed so far: 2197
# successes: 1594 (72.6%)
Current task success rate: 1.0
Current total success rate: 0.7255348202093764

Task: pick up the tomato sauce and place it in the basket add 4
Success: True
# episodes completed so far: 2198
# successes: 1595 (72.6%)
Current task success rate: 1.0
Current total success rate: 0.7256596906278435

Task: pick up the tomato sauce and place it in the basket add 5
Success: True
# episodes completed so far: 2199
# successes: 1596 (72.6%)
Current task success rate: 1.0
Current total success rate: 0.7257844474761255

Task: pick up the tomato sauce and place it in the basket add 6
Success: True
# episodes completed so far: 2200
# successes: 1597 (72.6%)
Current task success rate: 1.0
Current total success rate: 0.725909090909091

Task: pick up the tomato sauce and place it in the basket add 7
Success: True
# episodes completed so far: 2201
# successes: 1598 (72.6%)
Current task success rate: 1.0
Current total success rate: 0.7260336210813266

Task: pick up the tomato sauce and place it in the basket add 8
Success: True
# episodes completed so far: 2202
# successes: 1599 (72.6%)
Current task success rate: 1.0
Current total success rate: 0.726158038147139

Task: pick up the tomato sauce and place it in the basket add 9
Success: True
# episodes completed so far: 2203
# successes: 1600 (72.6%)
Current task success rate: 1.0
Current total success rate: 0.7262823422605538

Task: pick up the tomato sauce and place it in the basket level1 sample1
Success: True
# episodes completed so far: 2204
# successes: 1601 (72.6%)
Current task success rate: 1.0
Current total success rate: 0.7264065335753176

Task: pick up the tomato sauce and place it in the basket level1 sample2
Success: True
# episodes completed so far: 2205
# successes: 1602 (72.7%)
Current task success rate: 1.0
Current total success rate: 0.726530612244898

Task: pick up the tomato sauce and place it in the basket level1 sample3
Success: False
# episodes completed so far: 2206
# successes: 1602 (72.6%)
Current task success rate: 0.0
Current total success rate: 0.7262012692656392

Task: pick up the tomato sauce and place it in the basket level1 sample4
Success: True
# episodes completed so far: 2207
# successes: 1603 (72.6%)
Current task success rate: 1.0
Current total success rate: 0.7263253285002266

Task: pick up the tomato sauce and place it in the basket level2 sample1
Success: False
# episodes completed so far: 2208
# successes: 1603 (72.6%)
Current task success rate: 0.0
Current total success rate: 0.7259963768115942

Task: pick up the tomato sauce and place it in the basket level2 sample2
Success: False
# episodes completed so far: 2209
# successes: 1603 (72.6%)
Current task success rate: 0.0
Current total success rate: 0.7256677229515618

Task: pick up the tomato sauce and place it in the basket level2 sample3
Success: False
# episodes completed so far: 2210
# successes: 1603 (72.5%)
Current task success rate: 0.0
Current total success rate: 0.7253393665158371

Task: pick up the tomato sauce and place it in the basket level2 sample4
Success: True
# episodes completed so far: 2211
# successes: 1604 (72.5%)
Current task success rate: 1.0
Current total success rate: 0.725463591135233

Task: pick up the tomato sauce and place it in the basket level3 sample1
Success: True
# episodes completed so far: 2212
# successes: 1605 (72.6%)
Current task success rate: 1.0
Current total success rate: 0.7255877034358047

Task: pick up the tomato sauce and place it in the basket level3 sample4
Success: True
# episodes completed so far: 2213
# successes: 1606 (72.6%)
Current task success rate: 1.0
Current total success rate: 0.7257117035698147

Task: pick up the tomato sauce and place it in the basket level4 sample1
Success: True
# episodes completed so far: 2214
# successes: 1607 (72.6%)
Current task success rate: 1.0
Current total success rate: 0.7258355916892503

Task: pick up the tomato sauce and place it in the basket level4 sample2
Success: False
# episodes completed so far: 2215
# successes: 1607 (72.6%)
Current task success rate: 0.0
Current total success rate: 0.725507900677201

Task: pick up the tomato sauce and place it in the basket level4 sample3
Success: True
# episodes completed so far: 2216
# successes: 1608 (72.6%)
Current task success rate: 1.0
Current total success rate: 0.7256317689530686

Task: pick up the tomato sauce and place it in the basket level4 sample4
Success: False
# episodes completed so far: 2217
# successes: 1608 (72.5%)
Current task success rate: 0.0
Current total success rate: 0.7253044654939107

Task: pick up the tomato sauce and place it in the basket level5 sample1
Success: False
# episodes completed so far: 2218
# successes: 1608 (72.5%)
Current task success rate: 0.0
Current total success rate: 0.7249774571686204

Task: pick up the tomato sauce and place it in the basket level5 sample2
Success: False
# episodes completed so far: 2219
# successes: 1608 (72.5%)
Current task success rate: 0.0
Current total success rate: 0.7246507435781884

Task: pick up the tomato sauce and place it in the basket level5 sample3
Success: False
# episodes completed so far: 2220
# successes: 1608 (72.4%)
Current task success rate: 0.0
Current total success rate: 0.7243243243243244

Task: pick up the tomato sauce and place it in the basket level5 sample4
Success: False
# episodes completed so far: 2221
# successes: 1608 (72.4%)
Current task success rate: 0.0
Current total success rate: 0.7239981990094552

Task: pick up the alphabet soup and place it in the basket light 1
Success: True
# episodes completed so far: 2222
# successes: 1609 (72.4%)
Current task success rate: 1.0
Current total success rate: 0.7241224122412241

Task: pick up the alphabet soup and place it in the basket light 10
Success: True
# episodes completed so far: 2223
# successes: 1610 (72.4%)
Current task success rate: 1.0
Current total success rate: 0.7242465137201979

Task: pick up the alphabet soup and place it in the basket light 11
Success: True
# episodes completed so far: 2224
# successes: 1611 (72.4%)
Current task success rate: 1.0
Current total success rate: 0.7243705035971223

Task: pick up the alphabet soup and place it in the basket light 12
Success: True
# episodes completed so far: 2225
# successes: 1612 (72.4%)
Current task success rate: 1.0
Current total success rate: 0.724494382022472

Task: pick up the alphabet soup and place it in the basket light 13
Success: True
# episodes completed so far: 2226
# successes: 1613 (72.5%)
Current task success rate: 1.0
Current total success rate: 0.7246181491464511

Task: pick up the alphabet soup and place it in the basket light 14
Success: True
# episodes completed so far: 2227
# successes: 1614 (72.5%)
Current task success rate: 1.0
Current total success rate: 0.7247418051189941

Task: pick up the alphabet soup and place it in the basket light 15
Success: True
# episodes completed so far: 2228
# successes: 1615 (72.5%)
Current task success rate: 1.0
Current total success rate: 0.7248653500897666

Task: pick up the alphabet soup and place it in the basket light 16
Success: True
# episodes completed so far: 2229
# successes: 1616 (72.5%)
Current task success rate: 1.0
Current total success rate: 0.7249887842081651

Task: pick up the alphabet soup and place it in the basket light 17
Success: True
# episodes completed so far: 2230
# successes: 1617 (72.5%)
Current task success rate: 1.0
Current total success rate: 0.7251121076233183

Task: pick up the alphabet soup and place it in the basket light 18
Success: True
# episodes completed so far: 2231
# successes: 1618 (72.5%)
Current task success rate: 1.0
Current total success rate: 0.7252353204840879

Task: pick up the alphabet soup and place it in the basket light 19
Success: True
# episodes completed so far: 2232
# successes: 1619 (72.5%)
Current task success rate: 1.0
Current total success rate: 0.725358422939068

Task: pick up the alphabet soup and place it in the basket light 2
Success: True
# episodes completed so far: 2233
# successes: 1620 (72.5%)
Current task success rate: 1.0
Current total success rate: 0.7254814151365876

Task: pick up the alphabet soup and place it in the basket light 20
Success: True
# episodes completed so far: 2234
# successes: 1621 (72.6%)
Current task success rate: 1.0
Current total success rate: 0.7256042972247091

Task: pick up the alphabet soup and place it in the basket light 21
Success: True
# episodes completed so far: 2235
# successes: 1622 (72.6%)
Current task success rate: 1.0
Current total success rate: 0.7257270693512304

Task: pick up the alphabet soup and place it in the basket light 24
Success: True
# episodes completed so far: 2236
# successes: 1623 (72.6%)
Current task success rate: 1.0
Current total success rate: 0.7258497316636852

Task: pick up the alphabet soup and place it in the basket light 25
Success: True
# episodes completed so far: 2237
# successes: 1624 (72.6%)
Current task success rate: 1.0
Current total success rate: 0.7259722843093429

Task: pick up the alphabet soup and place it in the basket light 26
Success: True
# episodes completed so far: 2238
# successes: 1625 (72.6%)
Current task success rate: 1.0
Current total success rate: 0.72609472743521

Task: pick up the alphabet soup and place it in the basket light 27
Success: True
# episodes completed so far: 2239
# successes: 1626 (72.6%)
Current task success rate: 1.0
Current total success rate: 0.7262170611880304

Task: pick up the alphabet soup and place it in the basket light 28
Success: True
# episodes completed so far: 2240
# successes: 1627 (72.6%)
Current task success rate: 1.0
Current total success rate: 0.7263392857142857

Task: pick up the alphabet soup and place it in the basket light 29
Success: True
# episodes completed so far: 2241
# successes: 1628 (72.6%)
Current task success rate: 1.0
Current total success rate: 0.7264614011601963

Task: pick up the alphabet soup and place it in the basket light 3
Success: True
# episodes completed so far: 2242
# successes: 1629 (72.7%)
Current task success rate: 1.0
Current total success rate: 0.7265834076717217

Task: pick up the alphabet soup and place it in the basket light 30
Success: True
# episodes completed so far: 2243
# successes: 1630 (72.7%)
Current task success rate: 1.0
Current total success rate: 0.7267053053945609

Task: pick up the alphabet soup and place it in the basket light 31
Success: True
# episodes completed so far: 2244
# successes: 1631 (72.7%)
Current task success rate: 1.0
Current total success rate: 0.7268270944741533

Task: pick up the alphabet soup and place it in the basket light 33
Success: True
# episodes completed so far: 2245
# successes: 1632 (72.7%)
Current task success rate: 1.0
Current total success rate: 0.7269487750556793

Task: pick up the alphabet soup and place it in the basket light 35
Success: True
# episodes completed so far: 2246
# successes: 1633 (72.7%)
Current task success rate: 1.0
Current total success rate: 0.7270703472840605

Task: pick up the alphabet soup and place it in the basket light 36
Success: True
# episodes completed so far: 2247
# successes: 1634 (72.7%)
Current task success rate: 1.0
Current total success rate: 0.7271918113039608

Task: pick up the alphabet soup and place it in the basket light 38
Success: True
# episodes completed so far: 2248
# successes: 1635 (72.7%)
Current task success rate: 1.0
Current total success rate: 0.7273131672597865

Task: pick up the alphabet soup and place it in the basket light 4
Success: True
# episodes completed so far: 2249
# successes: 1636 (72.7%)
Current task success rate: 1.0
Current total success rate: 0.727434415295687

Task: pick up the alphabet soup and place it in the basket light 41
Success: True
# episodes completed so far: 2250
# successes: 1637 (72.8%)
Current task success rate: 1.0
Current total success rate: 0.7275555555555555

Task: pick up the alphabet soup and place it in the basket light 42
Success: True
# episodes completed so far: 2251
# successes: 1638 (72.8%)
Current task success rate: 1.0
Current total success rate: 0.7276765881830297

Task: pick up the alphabet soup and place it in the basket light 43
Success: True
# episodes completed so far: 2252
# successes: 1639 (72.8%)
Current task success rate: 1.0
Current total success rate: 0.727797513321492

Task: pick up the alphabet soup and place it in the basket light 45
Success: True
# episodes completed so far: 2253
# successes: 1640 (72.8%)
Current task success rate: 1.0
Current total success rate: 0.7279183311140701

Task: pick up the alphabet soup and place it in the basket light 46
Success: True
# episodes completed so far: 2254
# successes: 1641 (72.8%)
Current task success rate: 1.0
Current total success rate: 0.728039041703638

Task: pick up the alphabet soup and place it in the basket light 47
Success: True
# episodes completed so far: 2255
# successes: 1642 (72.8%)
Current task success rate: 1.0
Current total success rate: 0.728159645232816

Task: pick up the alphabet soup and place it in the basket light 48
Success: True
# episodes completed so far: 2256
# successes: 1643 (72.8%)
Current task success rate: 1.0
Current total success rate: 0.7282801418439716

Task: pick up the alphabet soup and place it in the basket light 49
Success: True
# episodes completed so far: 2257
# successes: 1644 (72.8%)
Current task success rate: 1.0
Current total success rate: 0.7284005316792203

Task: pick up the alphabet soup and place it in the basket light 5
Success: True
# episodes completed so far: 2258
# successes: 1645 (72.9%)
Current task success rate: 1.0
Current total success rate: 0.7285208148804252

Task: pick up the alphabet soup and place it in the basket light 50
Success: True
# episodes completed so far: 2259
# successes: 1646 (72.9%)
Current task success rate: 1.0
Current total success rate: 0.7286409915891987

Task: pick up the alphabet soup and place it in the basket light 7
Success: True
# episodes completed so far: 2260
# successes: 1647 (72.9%)
Current task success rate: 1.0
Current total success rate: 0.7287610619469026

Task: pick up the alphabet soup and place it in the basket light 8
Success: True
# episodes completed so far: 2261
# successes: 1648 (72.9%)
Current task success rate: 1.0
Current total success rate: 0.7288810260946483

Task: pick up the alphabet soup and place it in the basket light 9
Success: True
# episodes completed so far: 2262
# successes: 1649 (72.9%)
Current task success rate: 1.0
Current total success rate: 0.729000884173298

Task: pick up the bbq sauce and place it in the basket light 1
Success: True
# episodes completed so far: 2263
# successes: 1650 (72.9%)
Current task success rate: 1.0
Current total success rate: 0.7291206363234645

Task: pick up the bbq sauce and place it in the basket light 10
Success: True
# episodes completed so far: 2264
# successes: 1651 (72.9%)
Current task success rate: 1.0
Current total success rate: 0.7292402826855123

Task: pick up the bbq sauce and place it in the basket light 11
Success: True
# episodes completed so far: 2265
# successes: 1652 (72.9%)
Current task success rate: 1.0
Current total success rate: 0.7293598233995585

Task: pick up the bbq sauce and place it in the basket light 12
Success: True
# episodes completed so far: 2266
# successes: 1653 (72.9%)
Current task success rate: 1.0
Current total success rate: 0.7294792586054722

Task: pick up the bbq sauce and place it in the basket light 13
Success: True
# episodes completed so far: 2267
# successes: 1654 (73.0%)
Current task success rate: 1.0
Current total success rate: 0.7295985884428761

Task: pick up the bbq sauce and place it in the basket light 14
Success: True
# episodes completed so far: 2268
# successes: 1655 (73.0%)
Current task success rate: 1.0
Current total success rate: 0.7297178130511464

Task: pick up the bbq sauce and place it in the basket light 15
Success: True
# episodes completed so far: 2269
# successes: 1656 (73.0%)
Current task success rate: 1.0
Current total success rate: 0.7298369325694138

Task: pick up the bbq sauce and place it in the basket light 16
Success: True
# episodes completed so far: 2270
# successes: 1657 (73.0%)
Current task success rate: 1.0
Current total success rate: 0.7299559471365639

Task: pick up the bbq sauce and place it in the basket light 17
Success: True
# episodes completed so far: 2271
# successes: 1658 (73.0%)
Current task success rate: 1.0
Current total success rate: 0.7300748568912373

Task: pick up the bbq sauce and place it in the basket light 18
Success: True
# episodes completed so far: 2272
# successes: 1659 (73.0%)
Current task success rate: 1.0
Current total success rate: 0.730193661971831

Task: pick up the bbq sauce and place it in the basket light 19
Success: True
# episodes completed so far: 2273
# successes: 1660 (73.0%)
Current task success rate: 1.0
Current total success rate: 0.730312362516498

Task: pick up the bbq sauce and place it in the basket light 2
Success: True
# episodes completed so far: 2274
# successes: 1661 (73.0%)
Current task success rate: 1.0
Current total success rate: 0.7304309586631487

Task: pick up the bbq sauce and place it in the basket light 20
Success: True
# episodes completed so far: 2275
# successes: 1662 (73.1%)
Current task success rate: 1.0
Current total success rate: 0.7305494505494505

Task: pick up the bbq sauce and place it in the basket light 21
Success: True
# episodes completed so far: 2276
# successes: 1663 (73.1%)
Current task success rate: 1.0
Current total success rate: 0.7306678383128296

Task: pick up the bbq sauce and place it in the basket light 22
Success: True
# episodes completed so far: 2277
# successes: 1664 (73.1%)
Current task success rate: 1.0
Current total success rate: 0.7307861220904699

Task: pick up the bbq sauce and place it in the basket light 23
Success: True
# episodes completed so far: 2278
# successes: 1665 (73.1%)
Current task success rate: 1.0
Current total success rate: 0.7309043020193152

Task: pick up the bbq sauce and place it in the basket light 24
Success: True
# episodes completed so far: 2279
# successes: 1666 (73.1%)
Current task success rate: 1.0
Current total success rate: 0.7310223782360684

Task: pick up the bbq sauce and place it in the basket light 25
Success: True
# episodes completed so far: 2280
# successes: 1667 (73.1%)
Current task success rate: 1.0
Current total success rate: 0.731140350877193

Task: pick up the bbq sauce and place it in the basket light 26
Success: True
# episodes completed so far: 2281
# successes: 1668 (73.1%)
Current task success rate: 1.0
Current total success rate: 0.7312582200789127

Task: pick up the bbq sauce and place it in the basket light 27
Success: True
# episodes completed so far: 2282
# successes: 1669 (73.1%)
Current task success rate: 1.0
Current total success rate: 0.731375985977213

Task: pick up the bbq sauce and place it in the basket light 28
Success: True
# episodes completed so far: 2283
# successes: 1670 (73.1%)
Current task success rate: 1.0
Current total success rate: 0.7314936487078406

Task: pick up the bbq sauce and place it in the basket light 29
Success: True
# episodes completed so far: 2284
# successes: 1671 (73.2%)
Current task success rate: 1.0
Current total success rate: 0.7316112084063048

Task: pick up the bbq sauce and place it in the basket light 3
Success: True
# episodes completed so far: 2285
# successes: 1672 (73.2%)
Current task success rate: 1.0
Current total success rate: 0.7317286652078775

Task: pick up the bbq sauce and place it in the basket light 30
Success: True
# episodes completed so far: 2286
# successes: 1673 (73.2%)
Current task success rate: 1.0
Current total success rate: 0.7318460192475941

Task: pick up the bbq sauce and place it in the basket light 31
Success: True
# episodes completed so far: 2287
# successes: 1674 (73.2%)
Current task success rate: 1.0
Current total success rate: 0.7319632706602536

Task: pick up the bbq sauce and place it in the basket light 32
Success: True
# episodes completed so far: 2288
# successes: 1675 (73.2%)
Current task success rate: 1.0
Current total success rate: 0.7320804195804196

Task: pick up the bbq sauce and place it in the basket light 33
Success: True
# episodes completed so far: 2289
# successes: 1676 (73.2%)
Current task success rate: 1.0
Current total success rate: 0.7321974661424203

Task: pick up the bbq sauce and place it in the basket light 34
Success: True
# episodes completed so far: 2290
# successes: 1677 (73.2%)
Current task success rate: 1.0
Current total success rate: 0.7323144104803494

Task: pick up the bbq sauce and place it in the basket light 35
Success: True
# episodes completed so far: 2291
# successes: 1678 (73.2%)
Current task success rate: 1.0
Current total success rate: 0.7324312527280663

Task: pick up the bbq sauce and place it in the basket light 36
Success: True
# episodes completed so far: 2292
# successes: 1679 (73.3%)
Current task success rate: 1.0
Current total success rate: 0.7325479930191972

Task: pick up the bbq sauce and place it in the basket light 37
Success: True
# episodes completed so far: 2293
# successes: 1680 (73.3%)
Current task success rate: 1.0
Current total success rate: 0.7326646314871348

Task: pick up the bbq sauce and place it in the basket light 38
Success: True
# episodes completed so far: 2294
# successes: 1681 (73.3%)
Current task success rate: 1.0
Current total success rate: 0.7327811682650393

Task: pick up the bbq sauce and place it in the basket light 39
Success: True
# episodes completed so far: 2295
# successes: 1682 (73.3%)
Current task success rate: 1.0
Current total success rate: 0.7328976034858388

Task: pick up the bbq sauce and place it in the basket light 4
Success: True
# episodes completed so far: 2296
# successes: 1683 (73.3%)
Current task success rate: 1.0
Current total success rate: 0.73301393728223

Task: pick up the bbq sauce and place it in the basket light 40
Success: True
# episodes completed so far: 2297
# successes: 1684 (73.3%)
Current task success rate: 1.0
Current total success rate: 0.7331301697866782

Task: pick up the bbq sauce and place it in the basket light 41
Success: True
# episodes completed so far: 2298
# successes: 1685 (73.3%)
Current task success rate: 1.0
Current total success rate: 0.7332463011314186

Task: pick up the bbq sauce and place it in the basket light 42
Success: True
# episodes completed so far: 2299
# successes: 1686 (73.3%)
Current task success rate: 1.0
Current total success rate: 0.7333623314484559

Task: pick up the bbq sauce and place it in the basket light 43
Success: True
# episodes completed so far: 2300
# successes: 1687 (73.3%)
Current task success rate: 1.0
Current total success rate: 0.7334782608695652

Task: pick up the bbq sauce and place it in the basket light 44
Success: True
# episodes completed so far: 2301
# successes: 1688 (73.4%)
Current task success rate: 1.0
Current total success rate: 0.7335940895262929

Task: pick up the bbq sauce and place it in the basket light 45
Success: True
# episodes completed so far: 2302
# successes: 1689 (73.4%)
Current task success rate: 1.0
Current total success rate: 0.7337098175499566

Task: pick up the bbq sauce and place it in the basket light 46
Success: True
# episodes completed so far: 2303
# successes: 1690 (73.4%)
Current task success rate: 1.0
Current total success rate: 0.7338254450716457

Task: pick up the bbq sauce and place it in the basket light 47
Success: True
# episodes completed so far: 2304
# successes: 1691 (73.4%)
Current task success rate: 1.0
Current total success rate: 0.7339409722222222

Task: pick up the bbq sauce and place it in the basket light 48
Success: True
# episodes completed so far: 2305
# successes: 1692 (73.4%)
Current task success rate: 1.0
Current total success rate: 0.734056399132321

Task: pick up the bbq sauce and place it in the basket light 49
Success: True
# episodes completed so far: 2306
# successes: 1693 (73.4%)
Current task success rate: 1.0
Current total success rate: 0.7341717259323504

Task: pick up the bbq sauce and place it in the basket light 5
Success: True
# episodes completed so far: 2307
# successes: 1694 (73.4%)
Current task success rate: 1.0
Current total success rate: 0.7342869527524925

Task: pick up the bbq sauce and place it in the basket light 50
Success: True
# episodes completed so far: 2308
# successes: 1695 (73.4%)
Current task success rate: 1.0
Current total success rate: 0.7344020797227037

Task: pick up the bbq sauce and place it in the basket light 6
Success: True
# episodes completed so far: 2309
# successes: 1696 (73.5%)
Current task success rate: 1.0
Current total success rate: 0.7345171069727154

Task: pick up the bbq sauce and place it in the basket light 7
Success: True
# episodes completed so far: 2310
# successes: 1697 (73.5%)
Current task success rate: 1.0
Current total success rate: 0.7346320346320346

Task: pick up the bbq sauce and place it in the basket light 9
Success: True
# episodes completed so far: 2311
# successes: 1698 (73.5%)
Current task success rate: 1.0
Current total success rate: 0.7347468628299437

Task: pick up the butter and place it in the basket light 10
Success: True
# episodes completed so far: 2312
# successes: 1699 (73.5%)
Current task success rate: 1.0
Current total success rate: 0.7348615916955017

Task: pick up the butter and place it in the basket light 11
Success: True
# episodes completed so far: 2313
# successes: 1700 (73.5%)
Current task success rate: 1.0
Current total success rate: 0.7349762213575444

Task: pick up the butter and place it in the basket light 12
Success: True
# episodes completed so far: 2314
# successes: 1701 (73.5%)
Current task success rate: 1.0
Current total success rate: 0.7350907519446845

Task: pick up the butter and place it in the basket light 13
Success: True
# episodes completed so far: 2315
# successes: 1702 (73.5%)
Current task success rate: 1.0
Current total success rate: 0.7352051835853132

Task: pick up the butter and place it in the basket light 14
Success: True
# episodes completed so far: 2316
# successes: 1703 (73.5%)
Current task success rate: 1.0
Current total success rate: 0.7353195164075993

Task: pick up the butter and place it in the basket light 15
Success: True
# episodes completed so far: 2317
# successes: 1704 (73.5%)
Current task success rate: 1.0
Current total success rate: 0.7354337505394907

Task: pick up the butter and place it in the basket light 16
Success: True
# episodes completed so far: 2318
# successes: 1705 (73.6%)
Current task success rate: 1.0
Current total success rate: 0.7355478861087144

Task: pick up the butter and place it in the basket light 17
Success: True
# episodes completed so far: 2319
# successes: 1706 (73.6%)
Current task success rate: 1.0
Current total success rate: 0.735661923242777

Task: pick up the butter and place it in the basket light 18
Success: True
# episodes completed so far: 2320
# successes: 1707 (73.6%)
Current task success rate: 1.0
Current total success rate: 0.7357758620689655

Task: pick up the butter and place it in the basket light 19
Success: True
# episodes completed so far: 2321
# successes: 1708 (73.6%)
Current task success rate: 1.0
Current total success rate: 0.7358897027143473

Task: pick up the butter and place it in the basket light 2
Success: True
# episodes completed so far: 2322
# successes: 1709 (73.6%)
Current task success rate: 1.0
Current total success rate: 0.7360034453057709

Task: pick up the butter and place it in the basket light 20
Success: True
# episodes completed so far: 2323
# successes: 1710 (73.6%)
Current task success rate: 1.0
Current total success rate: 0.7361170899698666

Task: pick up the butter and place it in the basket light 21
Success: True
# episodes completed so far: 2324
# successes: 1711 (73.6%)
Current task success rate: 1.0
Current total success rate: 0.7362306368330465

Task: pick up the butter and place it in the basket light 22
Success: True
# episodes completed so far: 2325
# successes: 1712 (73.6%)
Current task success rate: 1.0
Current total success rate: 0.7363440860215054

Task: pick up the butter and place it in the basket light 23
Success: True
# episodes completed so far: 2326
# successes: 1713 (73.6%)
Current task success rate: 1.0
Current total success rate: 0.736457437661221

Task: pick up the butter and place it in the basket light 24
Success: True
# episodes completed so far: 2327
# successes: 1714 (73.7%)
Current task success rate: 1.0
Current total success rate: 0.7365706918779544

Task: pick up the butter and place it in the basket light 25
Success: True
# episodes completed so far: 2328
# successes: 1715 (73.7%)
Current task success rate: 1.0
Current total success rate: 0.7366838487972509

Task: pick up the butter and place it in the basket light 26
Success: True
# episodes completed so far: 2329
# successes: 1716 (73.7%)
Current task success rate: 1.0
Current total success rate: 0.7367969085444397

Task: pick up the butter and place it in the basket light 27
Success: True
# episodes completed so far: 2330
# successes: 1717 (73.7%)
Current task success rate: 1.0
Current total success rate: 0.7369098712446351

Task: pick up the butter and place it in the basket light 28
Success: True
# episodes completed so far: 2331
# successes: 1718 (73.7%)
Current task success rate: 1.0
Current total success rate: 0.737022737022737

Task: pick up the butter and place it in the basket light 29
Success: True
# episodes completed so far: 2332
# successes: 1719 (73.7%)
Current task success rate: 1.0
Current total success rate: 0.7371355060034306

Task: pick up the butter and place it in the basket light 30
Success: True
# episodes completed so far: 2333
# successes: 1720 (73.7%)
Current task success rate: 1.0
Current total success rate: 0.7372481783111873

Task: pick up the butter and place it in the basket light 31
Success: True
# episodes completed so far: 2334
# successes: 1721 (73.7%)
Current task success rate: 1.0
Current total success rate: 0.7373607540702657

Task: pick up the butter and place it in the basket light 32
Success: True
# episodes completed so far: 2335
# successes: 1722 (73.7%)
Current task success rate: 1.0
Current total success rate: 0.7374732334047109

Task: pick up the butter and place it in the basket light 33
Success: True
# episodes completed so far: 2336
# successes: 1723 (73.8%)
Current task success rate: 1.0
Current total success rate: 0.7375856164383562

Task: pick up the butter and place it in the basket light 34
Success: True
# episodes completed so far: 2337
# successes: 1724 (73.8%)
Current task success rate: 1.0
Current total success rate: 0.7376979032948224

Task: pick up the butter and place it in the basket light 35
Success: True
# episodes completed so far: 2338
# successes: 1725 (73.8%)
Current task success rate: 1.0
Current total success rate: 0.7378100940975193

Task: pick up the butter and place it in the basket light 36
Success: True
# episodes completed so far: 2339
# successes: 1726 (73.8%)
Current task success rate: 1.0
Current total success rate: 0.7379221889696451

Task: pick up the butter and place it in the basket light 37
Success: True
# episodes completed so far: 2340
# successes: 1727 (73.8%)
Current task success rate: 1.0
Current total success rate: 0.7380341880341881

Task: pick up the butter and place it in the basket light 38
Success: True
# episodes completed so far: 2341
# successes: 1728 (73.8%)
Current task success rate: 1.0
Current total success rate: 0.7381460914139256

Task: pick up the butter and place it in the basket light 39
Success: True
# episodes completed so far: 2342
# successes: 1729 (73.8%)
Current task success rate: 1.0
Current total success rate: 0.7382578992314262

Task: pick up the butter and place it in the basket light 4
Success: True
# episodes completed so far: 2343
# successes: 1730 (73.8%)
Current task success rate: 1.0
Current total success rate: 0.7383696116090482

Task: pick up the butter and place it in the basket light 40
Success: True
# episodes completed so far: 2344
# successes: 1731 (73.8%)
Current task success rate: 1.0
Current total success rate: 0.738481228668942

Task: pick up the butter and place it in the basket light 41
Success: True
# episodes completed so far: 2345
# successes: 1732 (73.9%)
Current task success rate: 1.0
Current total success rate: 0.7385927505330491

Task: pick up the butter and place it in the basket light 42
Success: True
# episodes completed so far: 2346
# successes: 1733 (73.9%)
Current task success rate: 1.0
Current total success rate: 0.7387041773231031

Task: pick up the butter and place it in the basket light 43
Success: True
# episodes completed so far: 2347
# successes: 1734 (73.9%)
Current task success rate: 1.0
Current total success rate: 0.7388155091606305

Task: pick up the butter and place it in the basket light 44
Success: True
# episodes completed so far: 2348
# successes: 1735 (73.9%)
Current task success rate: 1.0
Current total success rate: 0.7389267461669506

Task: pick up the butter and place it in the basket light 46
Success: True
# episodes completed so far: 2349
# successes: 1736 (73.9%)
Current task success rate: 1.0
Current total success rate: 0.7390378884631759

Task: pick up the butter and place it in the basket light 48
Success: True
# episodes completed so far: 2350
# successes: 1737 (73.9%)
Current task success rate: 1.0
Current total success rate: 0.7391489361702127

Task: pick up the butter and place it in the basket light 49
Success: True
# episodes completed so far: 2351
# successes: 1738 (73.9%)
Current task success rate: 1.0
Current total success rate: 0.7392598894087622

Task: pick up the butter and place it in the basket light 5
Success: True
# episodes completed so far: 2352
# successes: 1739 (73.9%)
Current task success rate: 1.0
Current total success rate: 0.7393707482993197

Task: pick up the butter and place it in the basket light 50
Success: True
# episodes completed so far: 2353
# successes: 1740 (73.9%)
Current task success rate: 1.0
Current total success rate: 0.7394815129621759

Task: pick up the butter and place it in the basket light 6
Success: True
# episodes completed so far: 2354
# successes: 1741 (74.0%)
Current task success rate: 1.0
Current total success rate: 0.7395921835174172

Task: pick up the butter and place it in the basket light 7
Success: True
# episodes completed so far: 2355
# successes: 1742 (74.0%)
Current task success rate: 1.0
Current total success rate: 0.7397027600849256

Task: pick up the butter and place it in the basket light 9
Success: True
# episodes completed so far: 2356
# successes: 1743 (74.0%)
Current task success rate: 1.0
Current total success rate: 0.7398132427843803

Task: pick up the chocolate pudding and place it in the basket light 1
Success: True
# episodes completed so far: 2357
# successes: 1744 (74.0%)
Current task success rate: 1.0
Current total success rate: 0.7399236317352567

Task: pick up the chocolate pudding and place it in the basket light 11
Success: True
# episodes completed so far: 2358
# successes: 1745 (74.0%)
Current task success rate: 1.0
Current total success rate: 0.7400339270568278

Task: pick up the chocolate pudding and place it in the basket light 13
Success: True
# episodes completed so far: 2359
# successes: 1746 (74.0%)
Current task success rate: 1.0
Current total success rate: 0.7401441288681645

Task: pick up the chocolate pudding and place it in the basket light 15
Success: True
# episodes completed so far: 2360
# successes: 1747 (74.0%)
Current task success rate: 1.0
Current total success rate: 0.7402542372881356

Task: pick up the chocolate pudding and place it in the basket light 16
Success: True
# episodes completed so far: 2361
# successes: 1748 (74.0%)
Current task success rate: 1.0
Current total success rate: 0.7403642524354087

Task: pick up the chocolate pudding and place it in the basket light 18
Success: True
# episodes completed so far: 2362
# successes: 1749 (74.0%)
Current task success rate: 1.0
Current total success rate: 0.7404741744284504

Task: pick up the chocolate pudding and place it in the basket light 2
Success: True
# episodes completed so far: 2363
# successes: 1750 (74.1%)
Current task success rate: 1.0
Current total success rate: 0.7405840033855269

Task: pick up the chocolate pudding and place it in the basket light 20
Success: True
# episodes completed so far: 2364
# successes: 1751 (74.1%)
Current task success rate: 1.0
Current total success rate: 0.7406937394247038

Task: pick up the chocolate pudding and place it in the basket light 24
Success: True
# episodes completed so far: 2365
# successes: 1752 (74.1%)
Current task success rate: 1.0
Current total success rate: 0.7408033826638478

Task: pick up the chocolate pudding and place it in the basket light 26
Success: True
# episodes completed so far: 2366
# successes: 1753 (74.1%)
Current task success rate: 1.0
Current total success rate: 0.7409129332206256

Task: pick up the chocolate pudding and place it in the basket light 27
Success: True
# episodes completed so far: 2367
# successes: 1754 (74.1%)
Current task success rate: 1.0
Current total success rate: 0.7410223912125052

Task: pick up the chocolate pudding and place it in the basket light 29
Success: True
# episodes completed so far: 2368
# successes: 1755 (74.1%)
Current task success rate: 1.0
Current total success rate: 0.7411317567567568

Task: pick up the chocolate pudding and place it in the basket light 30
Success: True
# episodes completed so far: 2369
# successes: 1756 (74.1%)
Current task success rate: 1.0
Current total success rate: 0.7412410299704517

Task: pick up the chocolate pudding and place it in the basket light 31
Success: True
# episodes completed so far: 2370
# successes: 1757 (74.1%)
Current task success rate: 1.0
Current total success rate: 0.7413502109704642

Task: pick up the chocolate pudding and place it in the basket light 33
Success: True
# episodes completed so far: 2371
# successes: 1758 (74.1%)
Current task success rate: 1.0
Current total success rate: 0.7414592998734711

Task: pick up the chocolate pudding and place it in the basket light 34
Success: True
# episodes completed so far: 2372
# successes: 1759 (74.2%)
Current task success rate: 1.0
Current total success rate: 0.7415682967959528

Task: pick up the chocolate pudding and place it in the basket light 35
Success: True
# episodes completed so far: 2373
# successes: 1760 (74.2%)
Current task success rate: 1.0
Current total success rate: 0.7416772018541931

Task: pick up the chocolate pudding and place it in the basket light 36
Success: True
# episodes completed so far: 2374
# successes: 1761 (74.2%)
Current task success rate: 1.0
Current total success rate: 0.7417860151642797

Task: pick up the chocolate pudding and place it in the basket light 37
Success: True
# episodes completed so far: 2375
# successes: 1762 (74.2%)
Current task success rate: 1.0
Current total success rate: 0.7418947368421053

Task: pick up the chocolate pudding and place it in the basket light 38
Success: True
# episodes completed so far: 2376
# successes: 1763 (74.2%)
Current task success rate: 1.0
Current total success rate: 0.742003367003367

Task: pick up the chocolate pudding and place it in the basket light 39
Success: True
# episodes completed so far: 2377
# successes: 1764 (74.2%)
Current task success rate: 1.0
Current total success rate: 0.7421119057635676

Task: pick up the chocolate pudding and place it in the basket light 4
Success: True
# episodes completed so far: 2378
# successes: 1765 (74.2%)
Current task success rate: 1.0
Current total success rate: 0.7422203532380152

Task: pick up the chocolate pudding and place it in the basket light 40
Success: True
# episodes completed so far: 2379
# successes: 1766 (74.2%)
Current task success rate: 1.0
Current total success rate: 0.7423287095418243

Task: pick up the chocolate pudding and place it in the basket light 41
Success: True
# episodes completed so far: 2380
# successes: 1767 (74.2%)
Current task success rate: 1.0
Current total success rate: 0.742436974789916

Task: pick up the chocolate pudding and place it in the basket light 42
Success: True
# episodes completed so far: 2381
# successes: 1768 (74.3%)
Current task success rate: 1.0
Current total success rate: 0.7425451490970181

Task: pick up the chocolate pudding and place it in the basket light 44
Success: True
# episodes completed so far: 2382
# successes: 1769 (74.3%)
Current task success rate: 1.0
Current total success rate: 0.7426532325776658

Task: pick up the chocolate pudding and place it in the basket light 46
Success: True
# episodes completed so far: 2383
# successes: 1770 (74.3%)
Current task success rate: 1.0
Current total success rate: 0.7427612253462023

Task: pick up the chocolate pudding and place it in the basket light 49
Success: True
# episodes completed so far: 2384
# successes: 1771 (74.3%)
Current task success rate: 1.0
Current total success rate: 0.7428691275167785

Task: pick up the chocolate pudding and place it in the basket light 5
Success: True
# episodes completed so far: 2385
# successes: 1772 (74.3%)
Current task success rate: 1.0
Current total success rate: 0.7429769392033543

Task: pick up the chocolate pudding and place it in the basket light 7
Success: True
# episodes completed so far: 2386
# successes: 1773 (74.3%)
Current task success rate: 1.0
Current total success rate: 0.7430846605196982

Task: pick up the chocolate pudding and place it in the basket light 9
Success: True
# episodes completed so far: 2387
# successes: 1774 (74.3%)
Current task success rate: 1.0
Current total success rate: 0.7431922915793884

Task: pick up the cream cheese and place it in the basket light 11
Success: True
# episodes completed so far: 2388
# successes: 1775 (74.3%)
Current task success rate: 1.0
Current total success rate: 0.7432998324958124

Task: pick up the cream cheese and place it in the basket light 15
Success: True
# episodes completed so far: 2389
# successes: 1776 (74.3%)
Current task success rate: 1.0
Current total success rate: 0.7434072833821682

Task: pick up the cream cheese and place it in the basket light 24
Success: True
# episodes completed so far: 2390
# successes: 1777 (74.4%)
Current task success rate: 1.0
Current total success rate: 0.7435146443514644

Task: pick up the cream cheese and place it in the basket light 37
Success: True
# episodes completed so far: 2391
# successes: 1778 (74.4%)
Current task success rate: 1.0
Current total success rate: 0.7436219155165202

Task: pick up the ketchup and place it in the basket light 10
Success: True
# episodes completed so far: 2392
# successes: 1779 (74.4%)
Current task success rate: 1.0
Current total success rate: 0.7437290969899666

Task: pick up the ketchup and place it in the basket light 15
Success: True
# episodes completed so far: 2393
# successes: 1780 (74.4%)
Current task success rate: 1.0
Current total success rate: 0.7438361888842457

Task: pick up the ketchup and place it in the basket light 2
Success: True
# episodes completed so far: 2394
# successes: 1781 (74.4%)
Current task success rate: 1.0
Current total success rate: 0.7439431913116124

Task: pick up the ketchup and place it in the basket light 21
Success: True
# episodes completed so far: 2395
# successes: 1782 (74.4%)
Current task success rate: 1.0
Current total success rate: 0.7440501043841337

Task: pick up the ketchup and place it in the basket light 24
Success: True
# episodes completed so far: 2396
# successes: 1783 (74.4%)
Current task success rate: 1.0
Current total success rate: 0.7441569282136895

Task: pick up the ketchup and place it in the basket light 38
Success: True
# episodes completed so far: 2397
# successes: 1784 (74.4%)
Current task success rate: 1.0
Current total success rate: 0.7442636629119733

Task: pick up the ketchup and place it in the basket light 39
Success: True
# episodes completed so far: 2398
# successes: 1785 (74.4%)
Current task success rate: 1.0
Current total success rate: 0.744370308590492

Task: pick up the ketchup and place it in the basket light 40
Success: True
# episodes completed so far: 2399
# successes: 1786 (74.4%)
Current task success rate: 1.0
Current total success rate: 0.7444768653605669

Task: pick up the ketchup and place it in the basket light 44
Success: True
# episodes completed so far: 2400
# successes: 1787 (74.5%)
Current task success rate: 1.0
Current total success rate: 0.7445833333333334

Task: pick up the ketchup and place it in the basket light 45
Success: True
# episodes completed so far: 2401
# successes: 1788 (74.5%)
Current task success rate: 1.0
Current total success rate: 0.7446897126197418

Task: pick up the ketchup and place it in the basket light 50
Success: True
# episodes completed so far: 2402
# successes: 1789 (74.5%)
Current task success rate: 1.0
Current total success rate: 0.7447960033305578

Task: pick up the ketchup and place it in the basket light 6
Success: True
# episodes completed so far: 2403
# successes: 1790 (74.5%)
Current task success rate: 1.0
Current total success rate: 0.7449022055763629

Task: pick up the ketchup and place it in the basket light 8
Success: True
# episodes completed so far: 2404
# successes: 1791 (74.5%)
Current task success rate: 1.0
Current total success rate: 0.7450083194675541

Task: pick up the milk and place it in the basket light 1
Success: True
# episodes completed so far: 2405
# successes: 1792 (74.5%)
Current task success rate: 1.0
Current total success rate: 0.7451143451143452

Task: pick up the milk and place it in the basket light 10
Success: True
# episodes completed so far: 2406
# successes: 1793 (74.5%)
Current task success rate: 1.0
Current total success rate: 0.7452202826267664

Task: pick up the milk and place it in the basket light 14
Success: True
# episodes completed so far: 2407
# successes: 1794 (74.5%)
Current task success rate: 1.0
Current total success rate: 0.7453261321146656

Task: pick up the milk and place it in the basket light 15
Success: True
# episodes completed so far: 2408
# successes: 1795 (74.5%)
Current task success rate: 1.0
Current total success rate: 0.7454318936877077

Task: pick up the milk and place it in the basket light 18
Success: True
# episodes completed so far: 2409
# successes: 1796 (74.6%)
Current task success rate: 1.0
Current total success rate: 0.7455375674553757

Task: pick up the milk and place it in the basket light 21
Success: True
# episodes completed so far: 2410
# successes: 1797 (74.6%)
Current task success rate: 1.0
Current total success rate: 0.745643153526971

Task: pick up the milk and place it in the basket light 22
Success: True
# episodes completed so far: 2411
# successes: 1798 (74.6%)
Current task success rate: 1.0
Current total success rate: 0.7457486520116134

Task: pick up the milk and place it in the basket light 25
Success: True
# episodes completed so far: 2412
# successes: 1799 (74.6%)
Current task success rate: 1.0
Current total success rate: 0.7458540630182421

Task: pick up the milk and place it in the basket light 26
Success: True
# episodes completed so far: 2413
# successes: 1800 (74.6%)
Current task success rate: 1.0
Current total success rate: 0.7459593866556155

Task: pick up the milk and place it in the basket light 27
Success: True
# episodes completed so far: 2414
# successes: 1801 (74.6%)
Current task success rate: 1.0
Current total success rate: 0.7460646230323115

Task: pick up the milk and place it in the basket light 30
Success: True
# episodes completed so far: 2415
# successes: 1802 (74.6%)
Current task success rate: 1.0
Current total success rate: 0.7461697722567288

Task: pick up the milk and place it in the basket light 32
Success: True
# episodes completed so far: 2416
# successes: 1803 (74.6%)
Current task success rate: 1.0
Current total success rate: 0.7462748344370861

Task: pick up the milk and place it in the basket light 37
Success: True
# episodes completed so far: 2417
# successes: 1804 (74.6%)
Current task success rate: 1.0
Current total success rate: 0.7463798096814233

Task: pick up the milk and place it in the basket light 38
Success: True
# episodes completed so far: 2418
# successes: 1805 (74.6%)
Current task success rate: 1.0
Current total success rate: 0.7464846980976013

Task: pick up the milk and place it in the basket light 39
Success: True
# episodes completed so far: 2419
# successes: 1806 (74.7%)
Current task success rate: 1.0
Current total success rate: 0.746589499793303

Task: pick up the milk and place it in the basket light 41
Success: True
# episodes completed so far: 2420
# successes: 1807 (74.7%)
Current task success rate: 1.0
Current total success rate: 0.746694214876033

Task: pick up the milk and place it in the basket light 42
Success: True
# episodes completed so far: 2421
# successes: 1808 (74.7%)
Current task success rate: 1.0
Current total success rate: 0.7467988434531185

Task: pick up the milk and place it in the basket light 44
Success: True
# episodes completed so far: 2422
# successes: 1809 (74.7%)
Current task success rate: 1.0
Current total success rate: 0.7469033856317093

Task: pick up the milk and place it in the basket light 46
Success: True
# episodes completed so far: 2423
# successes: 1810 (74.7%)
Current task success rate: 1.0
Current total success rate: 0.7470078415187784

Task: pick up the milk and place it in the basket light 47
Success: True
# episodes completed so far: 2424
# successes: 1811 (74.7%)
Current task success rate: 1.0
Current total success rate: 0.7471122112211221

Task: pick up the milk and place it in the basket light 48
Success: True
# episodes completed so far: 2425
# successes: 1812 (74.7%)
Current task success rate: 1.0
Current total success rate: 0.7472164948453608

Task: pick up the milk and place it in the basket light 5
Success: True
# episodes completed so far: 2426
# successes: 1813 (74.7%)
Current task success rate: 1.0
Current total success rate: 0.747320692497939

Task: pick up the milk and place it in the basket light 50
Success: True
# episodes completed so far: 2427
# successes: 1814 (74.7%)
Current task success rate: 1.0
Current total success rate: 0.7474248042851257

Task: pick up the milk and place it in the basket light 6
Success: True
# episodes completed so far: 2428
# successes: 1815 (74.8%)
Current task success rate: 1.0
Current total success rate: 0.7475288303130149

Task: pick up the milk and place it in the basket light 7
Success: True
# episodes completed so far: 2429
# successes: 1816 (74.8%)
Current task success rate: 1.0
Current total success rate: 0.7476327706875258

Task: pick up the milk and place it in the basket light 8
Success: True
# episodes completed so far: 2430
# successes: 1817 (74.8%)
Current task success rate: 1.0
Current total success rate: 0.7477366255144033

Task: pick up the orange juice and place it in the basket light 10
Success: True
# episodes completed so far: 2431
# successes: 1818 (74.8%)
Current task success rate: 1.0
Current total success rate: 0.7478403948992184

Task: pick up the orange juice and place it in the basket light 11
Success: True
# episodes completed so far: 2432
# successes: 1819 (74.8%)
Current task success rate: 1.0
Current total success rate: 0.7479440789473685

Task: pick up the orange juice and place it in the basket light 12
Success: True
# episodes completed so far: 2433
# successes: 1820 (74.8%)
Current task success rate: 1.0
Current total success rate: 0.7480476777640773

Task: pick up the orange juice and place it in the basket light 13
Success: True
# episodes completed so far: 2434
# successes: 1821 (74.8%)
Current task success rate: 1.0
Current total success rate: 0.748151191454396

Task: pick up the orange juice and place it in the basket light 15
Success: True
# episodes completed so far: 2435
# successes: 1822 (74.8%)
Current task success rate: 1.0
Current total success rate: 0.7482546201232033

Task: pick up the orange juice and place it in the basket light 16
Success: True
# episodes completed so far: 2436
# successes: 1823 (74.8%)
Current task success rate: 1.0
Current total success rate: 0.7483579638752053

Task: pick up the orange juice and place it in the basket light 17
Success: True
# episodes completed so far: 2437
# successes: 1824 (74.8%)
Current task success rate: 1.0
Current total success rate: 0.7484612228149364

Task: pick up the orange juice and place it in the basket light 18
Success: True
# episodes completed so far: 2438
# successes: 1825 (74.9%)
Current task success rate: 1.0
Current total success rate: 0.7485643970467596

Task: pick up the orange juice and place it in the basket light 19
Success: True
# episodes completed so far: 2439
# successes: 1826 (74.9%)
Current task success rate: 1.0
Current total success rate: 0.7486674866748667

Task: pick up the orange juice and place it in the basket light 2
Success: True
# episodes completed so far: 2440
# successes: 1827 (74.9%)
Current task success rate: 1.0
Current total success rate: 0.7487704918032787

Task: pick up the orange juice and place it in the basket light 20
Success: True
# episodes completed so far: 2441
# successes: 1828 (74.9%)
Current task success rate: 1.0
Current total success rate: 0.7488734125358459

Task: pick up the orange juice and place it in the basket light 21
Success: True
# episodes completed so far: 2442
# successes: 1829 (74.9%)
Current task success rate: 1.0
Current total success rate: 0.7489762489762489

Task: pick up the orange juice and place it in the basket light 22
Success: True
# episodes completed so far: 2443
# successes: 1830 (74.9%)
Current task success rate: 1.0
Current total success rate: 0.7490790012279983

Task: pick up the orange juice and place it in the basket light 24
Success: True
# episodes completed so far: 2444
# successes: 1831 (74.9%)
Current task success rate: 1.0
Current total success rate: 0.7491816693944353

Task: pick up the orange juice and place it in the basket light 25
Success: True
# episodes completed so far: 2445
# successes: 1832 (74.9%)
Current task success rate: 1.0
Current total success rate: 0.7492842535787321

Task: pick up the orange juice and place it in the basket light 26
Success: True
# episodes completed so far: 2446
# successes: 1833 (74.9%)
Current task success rate: 1.0
Current total success rate: 0.7493867538838921

Task: pick up the orange juice and place it in the basket light 27
Success: True
# episodes completed so far: 2447
# successes: 1834 (74.9%)
Current task success rate: 1.0
Current total success rate: 0.7494891704127503

Task: pick up the orange juice and place it in the basket light 28
Success: True
# episodes completed so far: 2448
# successes: 1835 (75.0%)
Current task success rate: 1.0
Current total success rate: 0.7495915032679739

Task: pick up the orange juice and place it in the basket light 29
Success: True
# episodes completed so far: 2449
# successes: 1836 (75.0%)
Current task success rate: 1.0
Current total success rate: 0.749693752552062

Task: pick up the orange juice and place it in the basket light 31
Success: True
# episodes completed so far: 2450
# successes: 1837 (75.0%)
Current task success rate: 1.0
Current total success rate: 0.7497959183673469

Task: pick up the orange juice and place it in the basket light 33
Success: True
# episodes completed so far: 2451
# successes: 1838 (75.0%)
Current task success rate: 1.0
Current total success rate: 0.7498980008159934

Task: pick up the orange juice and place it in the basket light 35
Success: True
# episodes completed so far: 2452
# successes: 1839 (75.0%)
Current task success rate: 1.0
Current total success rate: 0.75

Task: pick up the orange juice and place it in the basket light 36
Success: True
# episodes completed so far: 2453
# successes: 1840 (75.0%)
Current task success rate: 1.0
Current total success rate: 0.7501019160211986

Task: pick up the orange juice and place it in the basket light 39
Success: True
# episodes completed so far: 2454
# successes: 1841 (75.0%)
Current task success rate: 1.0
Current total success rate: 0.7502037489812551

Task: pick up the orange juice and place it in the basket light 41
Success: True
# episodes completed so far: 2455
# successes: 1842 (75.0%)
Current task success rate: 1.0
Current total success rate: 0.7503054989816701

Task: pick up the orange juice and place it in the basket light 43
Success: True
# episodes completed so far: 2456
# successes: 1843 (75.0%)
Current task success rate: 1.0
Current total success rate: 0.7504071661237784

Task: pick up the orange juice and place it in the basket light 44
Success: True
# episodes completed so far: 2457
# successes: 1844 (75.1%)
Current task success rate: 1.0
Current total success rate: 0.7505087505087505

Task: pick up the orange juice and place it in the basket light 46
Success: True
# episodes completed so far: 2458
# successes: 1845 (75.1%)
Current task success rate: 1.0
Current total success rate: 0.7506102522375916

Task: pick up the orange juice and place it in the basket light 49
Success: True
# episodes completed so far: 2459
# successes: 1846 (75.1%)
Current task success rate: 1.0
Current total success rate: 0.7507116714111427

Task: pick up the orange juice and place it in the basket light 5
Success: True
# episodes completed so far: 2460
# successes: 1847 (75.1%)
Current task success rate: 1.0
Current total success rate: 0.7508130081300813

Task: pick up the orange juice and place it in the basket light 50
Success: True
# episodes completed so far: 2461
# successes: 1848 (75.1%)
Current task success rate: 1.0
Current total success rate: 0.7509142624949208

Task: pick up the orange juice and place it in the basket light 6
Success: True
# episodes completed so far: 2462
# successes: 1849 (75.1%)
Current task success rate: 1.0
Current total success rate: 0.7510154346060114

Task: pick up the orange juice and place it in the basket light 7
Success: True
# episodes completed so far: 2463
# successes: 1850 (75.1%)
Current task success rate: 1.0
Current total success rate: 0.7511165245635404

Task: pick up the orange juice and place it in the basket light 8
Success: True
# episodes completed so far: 2464
# successes: 1851 (75.1%)
Current task success rate: 1.0
Current total success rate: 0.7512175324675324

Task: pick up the salad dressing and place it in the basket light 10
Success: True
# episodes completed so far: 2465
# successes: 1852 (75.1%)
Current task success rate: 1.0
Current total success rate: 0.7513184584178499

Task: pick up the salad dressing and place it in the basket light 11
Success: True
# episodes completed so far: 2466
# successes: 1853 (75.1%)
Current task success rate: 1.0
Current total success rate: 0.751419302514193

Task: pick up the salad dressing and place it in the basket light 13
Success: True
# episodes completed so far: 2467
# successes: 1854 (75.2%)
Current task success rate: 1.0
Current total success rate: 0.7515200648561006

Task: pick up the salad dressing and place it in the basket light 14
Success: True
# episodes completed so far: 2468
# successes: 1855 (75.2%)
Current task success rate: 1.0
Current total success rate: 0.7516207455429498

Task: pick up the salad dressing and place it in the basket light 15
Success: True
# episodes completed so far: 2469
# successes: 1856 (75.2%)
Current task success rate: 1.0
Current total success rate: 0.751721344673957

Task: pick up the salad dressing and place it in the basket light 16
Success: True
# episodes completed so far: 2470
# successes: 1857 (75.2%)
Current task success rate: 1.0
Current total success rate: 0.7518218623481782

Task: pick up the salad dressing and place it in the basket light 18
Success: True
# episodes completed so far: 2471
# successes: 1858 (75.2%)
Current task success rate: 1.0
Current total success rate: 0.7519222986645083

Task: pick up the salad dressing and place it in the basket light 19
Success: True
# episodes completed so far: 2472
# successes: 1859 (75.2%)
Current task success rate: 1.0
Current total success rate: 0.7520226537216829

Task: pick up the salad dressing and place it in the basket light 2
Success: True
# episodes completed so far: 2473
# successes: 1860 (75.2%)
Current task success rate: 1.0
Current total success rate: 0.7521229276182774

Task: pick up the salad dressing and place it in the basket light 21
Success: True
# episodes completed so far: 2474
# successes: 1861 (75.2%)
Current task success rate: 1.0
Current total success rate: 0.7522231204527081

Task: pick up the salad dressing and place it in the basket light 22
Success: True
# episodes completed so far: 2475
# successes: 1862 (75.2%)
Current task success rate: 1.0
Current total success rate: 0.7523232323232323

Task: pick up the salad dressing and place it in the basket light 23
Success: True
# episodes completed so far: 2476
# successes: 1863 (75.2%)
Current task success rate: 1.0
Current total success rate: 0.7524232633279483

Task: pick up the salad dressing and place it in the basket light 3
Success: True
# episodes completed so far: 2477
# successes: 1864 (75.3%)
Current task success rate: 1.0
Current total success rate: 0.7525232135647961

Task: pick up the salad dressing and place it in the basket light 30
Success: True
# episodes completed so far: 2478
# successes: 1865 (75.3%)
Current task success rate: 1.0
Current total success rate: 0.7526230831315577

Task: pick up the salad dressing and place it in the basket light 32
Success: True
# episodes completed so far: 2479
# successes: 1866 (75.3%)
Current task success rate: 1.0
Current total success rate: 0.7527228721258572

Task: pick up the salad dressing and place it in the basket light 33
Success: True
# episodes completed so far: 2480
# successes: 1867 (75.3%)
Current task success rate: 1.0
Current total success rate: 0.7528225806451613

Task: pick up the salad dressing and place it in the basket light 34
Success: True
# episodes completed so far: 2481
# successes: 1868 (75.3%)
Current task success rate: 1.0
Current total success rate: 0.7529222087867795

Task: pick up the salad dressing and place it in the basket light 35
Success: True
# episodes completed so far: 2482
# successes: 1869 (75.3%)
Current task success rate: 1.0
Current total success rate: 0.7530217566478646

Task: pick up the salad dressing and place it in the basket light 36
Success: True
# episodes completed so far: 2483
# successes: 1870 (75.3%)
Current task success rate: 1.0
Current total success rate: 0.7531212243254128

Task: pick up the salad dressing and place it in the basket light 37
Success: True
# episodes completed so far: 2484
# successes: 1871 (75.3%)
Current task success rate: 1.0
Current total success rate: 0.7532206119162641

Task: pick up the salad dressing and place it in the basket light 38
Success: True
# episodes completed so far: 2485
# successes: 1872 (75.3%)
Current task success rate: 1.0
Current total success rate: 0.7533199195171026

Task: pick up the salad dressing and place it in the basket light 39
Success: True
# episodes completed so far: 2486
# successes: 1873 (75.3%)
Current task success rate: 1.0
Current total success rate: 0.7534191472244569

Task: pick up the salad dressing and place it in the basket light 4
Success: True
# episodes completed so far: 2487
# successes: 1874 (75.4%)
Current task success rate: 1.0
Current total success rate: 0.7535182951347005

Task: pick up the salad dressing and place it in the basket light 40
Success: True
# episodes completed so far: 2488
# successes: 1875 (75.4%)
Current task success rate: 1.0
Current total success rate: 0.7536173633440515

Task: pick up the salad dressing and place it in the basket light 43
Success: True
# episodes completed so far: 2489
# successes: 1876 (75.4%)
Current task success rate: 1.0
Current total success rate: 0.7537163519485737

Task: pick up the salad dressing and place it in the basket light 44
Success: True
# episodes completed so far: 2490
# successes: 1877 (75.4%)
Current task success rate: 1.0
Current total success rate: 0.7538152610441767

Task: pick up the salad dressing and place it in the basket light 45
Success: True
# episodes completed so far: 2491
# successes: 1878 (75.4%)
Current task success rate: 1.0
Current total success rate: 0.7539140907266159

Task: pick up the salad dressing and place it in the basket light 48
Success: True
# episodes completed so far: 2492
# successes: 1879 (75.4%)
Current task success rate: 1.0
Current total success rate: 0.7540128410914928

Task: pick up the salad dressing and place it in the basket light 49
Success: True
# episodes completed so far: 2493
# successes: 1880 (75.4%)
Current task success rate: 1.0
Current total success rate: 0.7541115122342559

Task: pick up the salad dressing and place it in the basket light 5
Success: True
# episodes completed so far: 2494
# successes: 1881 (75.4%)
Current task success rate: 1.0
Current total success rate: 0.7542101042502005

Task: pick up the salad dressing and place it in the basket light 50
Success: True
# episodes completed so far: 2495
# successes: 1882 (75.4%)
Current task success rate: 1.0
Current total success rate: 0.754308617234469

Task: pick up the salad dressing and place it in the basket light 8
Success: True
# episodes completed so far: 2496
# successes: 1883 (75.4%)
Current task success rate: 1.0
Current total success rate: 0.7544070512820513

Task: pick up the tomato sauce and place it in the basket light 1
Success: True
# episodes completed so far: 2497
# successes: 1884 (75.5%)
Current task success rate: 1.0
Current total success rate: 0.7545054064877853

Task: pick up the tomato sauce and place it in the basket light 11
Success: True
# episodes completed so far: 2498
# successes: 1885 (75.5%)
Current task success rate: 1.0
Current total success rate: 0.754603682946357

Task: pick up the tomato sauce and place it in the basket light 12
Success: True
# episodes completed so far: 2499
# successes: 1886 (75.5%)
Current task success rate: 1.0
Current total success rate: 0.7547018807523009

Task: pick up the tomato sauce and place it in the basket light 13
Success: True
# episodes completed so far: 2500
# successes: 1887 (75.5%)
Current task success rate: 1.0
Current total success rate: 0.7548

Task: pick up the tomato sauce and place it in the basket light 14
Success: True
# episodes completed so far: 2501
# successes: 1888 (75.5%)
Current task success rate: 1.0
Current total success rate: 0.7548980407836865

Task: pick up the tomato sauce and place it in the basket light 19
Success: True
# episodes completed so far: 2502
# successes: 1889 (75.5%)
Current task success rate: 1.0
Current total success rate: 0.7549960031974421

Task: pick up the tomato sauce and place it in the basket light 2
Success: True
# episodes completed so far: 2503
# successes: 1890 (75.5%)
Current task success rate: 1.0
Current total success rate: 0.7550938873351978

Task: pick up the tomato sauce and place it in the basket light 20
Success: True
# episodes completed so far: 2504
# successes: 1891 (75.5%)
Current task success rate: 1.0
Current total success rate: 0.7551916932907349

Task: pick up the tomato sauce and place it in the basket light 22
Success: True
# episodes completed so far: 2505
# successes: 1892 (75.5%)
Current task success rate: 1.0
Current total success rate: 0.7552894211576846

Task: pick up the tomato sauce and place it in the basket light 23
Success: True
# episodes completed so far: 2506
# successes: 1893 (75.5%)
Current task success rate: 1.0
Current total success rate: 0.7553870710295292

Task: pick up the tomato sauce and place it in the basket light 24
Success: True
# episodes completed so far: 2507
# successes: 1894 (75.5%)
Current task success rate: 1.0
Current total success rate: 0.7554846429996012

Task: pick up the tomato sauce and place it in the basket light 25
Success: True
# episodes completed so far: 2508
# successes: 1895 (75.6%)
Current task success rate: 1.0
Current total success rate: 0.7555821371610846

Task: pick up the tomato sauce and place it in the basket light 28
Success: True
# episodes completed so far: 2509
# successes: 1896 (75.6%)
Current task success rate: 1.0
Current total success rate: 0.7556795536070148

Task: pick up the tomato sauce and place it in the basket light 29
Success: True
# episodes completed so far: 2510
# successes: 1897 (75.6%)
Current task success rate: 1.0
Current total success rate: 0.7557768924302789

Task: pick up the tomato sauce and place it in the basket light 30
Success: True
# episodes completed so far: 2511
# successes: 1898 (75.6%)
Current task success rate: 1.0
Current total success rate: 0.7558741537236161

Task: pick up the tomato sauce and place it in the basket light 31
Success: True
# episodes completed so far: 2512
# successes: 1899 (75.6%)
Current task success rate: 1.0
Current total success rate: 0.7559713375796179

Task: pick up the tomato sauce and place it in the basket light 32
Success: True
# episodes completed so far: 2513
# successes: 1900 (75.6%)
Current task success rate: 1.0
Current total success rate: 0.7560684440907283

Task: pick up the tomato sauce and place it in the basket light 38
Success: True
# episodes completed so far: 2514
# successes: 1901 (75.6%)
Current task success rate: 1.0
Current total success rate: 0.7561654733492442

Task: pick up the tomato sauce and place it in the basket light 39
Success: True
# episodes completed so far: 2515
# successes: 1902 (75.6%)
Current task success rate: 1.0
Current total success rate: 0.7562624254473161

Task: pick up the tomato sauce and place it in the basket light 41
Success: True
# episodes completed so far: 2516
# successes: 1903 (75.6%)
Current task success rate: 1.0
Current total success rate: 0.7563593004769475

Task: pick up the tomato sauce and place it in the basket light 5
Success: True
# episodes completed so far: 2517
# successes: 1904 (75.6%)
Current task success rate: 1.0
Current total success rate: 0.7564560985299961

Task: pick up the tomato sauce and place it in the basket light 8
Success: True
# episodes completed so far: 2518
# successes: 1905 (75.7%)
Current task success rate: 1.0
Current total success rate: 0.7565528196981731
