Task suite: libero_spatial
num_tasks: 2402

Task: pick up the black bowl between the plate and the ramekin and place it on the plate table 1
Success: True
# episodes completed so far: 1
# successes: 1 (100.0%)
Current task success rate: 1.0
Current total success rate: 1.0

Task: pick up the black bowl between the plate and the ramekin and place it on the plate table 10
Success: True
# episodes completed so far: 2
# successes: 2 (100.0%)
Current task success rate: 1.0
Current total success rate: 1.0

Task: pick up the black bowl between the plate and the ramekin and place it on the plate table 12
Success: True
# episodes completed so far: 3
# successes: 3 (100.0%)
Current task success rate: 1.0
Current total success rate: 1.0

Task: pick up the black bowl between the plate and the ramekin and place it on the plate table 13
Success: True
# episodes completed so far: 4
# successes: 4 (100.0%)
Current task success rate: 1.0
Current total success rate: 1.0

Task: pick up the black bowl between the plate and the ramekin and place it on the plate table 14
Success: True
# episodes completed so far: 5
# successes: 5 (100.0%)
Current task success rate: 1.0
Current total success rate: 1.0

Task: pick up the black bowl between the plate and the ramekin and place it on the plate table 15
Success: True
# episodes completed so far: 6
# successes: 6 (100.0%)
Current task success rate: 1.0
Current total success rate: 1.0

Task: pick up the black bowl between the plate and the ramekin and place it on the plate table 16
Success: True
# episodes completed so far: 7
# successes: 7 (100.0%)
Current task success rate: 1.0
Current total success rate: 1.0

Task: pick up the black bowl between the plate and the ramekin and place it on the plate table 17
Success: True
# episodes completed so far: 8
# successes: 8 (100.0%)
Current task success rate: 1.0
Current total success rate: 1.0

Task: pick up the black bowl between the plate and the ramekin and place it on the plate table 18
Success: True
# episodes completed so far: 9
# successes: 9 (100.0%)
Current task success rate: 1.0
Current total success rate: 1.0

Task: pick up the black bowl between the plate and the ramekin and place it on the plate table 19
Success: True
# episodes completed so far: 10
# successes: 10 (100.0%)
Current task success rate: 1.0
Current total success rate: 1.0

Task: pick up the black bowl between the plate and the ramekin and place it on the plate table 2
Success: True
# episodes completed so far: 11
# successes: 11 (100.0%)
Current task success rate: 1.0
Current total success rate: 1.0

Task: pick up the black bowl between the plate and the ramekin and place it on the plate table 21
Success: True
# episodes completed so far: 12
# successes: 12 (100.0%)
Current task success rate: 1.0
Current total success rate: 1.0

Task: pick up the black bowl between the plate and the ramekin and place it on the plate table 22
Success: True
# episodes completed so far: 13
# successes: 13 (100.0%)
Current task success rate: 1.0
Current total success rate: 1.0

Task: pick up the black bowl between the plate and the ramekin and place it on the plate table 24
Success: True
# episodes completed so far: 14
# successes: 14 (100.0%)
Current task success rate: 1.0
Current total success rate: 1.0

Task: pick up the black bowl between the plate and the ramekin and place it on the plate table 27
Success: True
# episodes completed so far: 15
# successes: 15 (100.0%)
Current task success rate: 1.0
Current total success rate: 1.0

Task: pick up the black bowl between the plate and the ramekin and place it on the plate table 28
Success: False
# episodes completed so far: 16
# successes: 15 (93.8%)
Current task success rate: 0.0
Current total success rate: 0.9375

Task: pick up the black bowl between the plate and the ramekin and place it on the plate table 5
Success: True
# episodes completed so far: 17
# successes: 16 (94.1%)
Current task success rate: 1.0
Current total success rate: 0.9411764705882353

Task: pick up the black bowl between the plate and the ramekin and place it on the plate table 8
Success: True
# episodes completed so far: 18
# successes: 17 (94.4%)
Current task success rate: 1.0
Current total success rate: 0.9444444444444444

Task: pick up the black bowl between the plate and the ramekin and place it on the plate table 9
Success: True
# episodes completed so far: 19
# successes: 18 (94.7%)
Current task success rate: 1.0
Current total success rate: 0.9473684210526315

Task: pick up the black bowl between the plate and the ramekin and place it on the plate tb 12
Success: True
# episodes completed so far: 20
# successes: 19 (95.0%)
Current task success rate: 1.0
Current total success rate: 0.95

Task: pick up the black bowl between the plate and the ramekin and place it on the plate tb 18
Success: True
# episodes completed so far: 21
# successes: 20 (95.2%)
Current task success rate: 1.0
Current total success rate: 0.9523809523809523

Task: pick up the black bowl between the plate and the ramekin and place it on the plate tb 2
Success: True
# episodes completed so far: 22
# successes: 21 (95.5%)
Current task success rate: 1.0
Current total success rate: 0.9545454545454546

Task: pick up the black bowl between the plate and the ramekin and place it on the plate tb 20
Success: True
# episodes completed so far: 23
# successes: 22 (95.7%)
Current task success rate: 1.0
Current total success rate: 0.9565217391304348

Task: pick up the black bowl between the plate and the ramekin and place it on the plate tb 21
Success: True
# episodes completed so far: 24
# successes: 23 (95.8%)
Current task success rate: 1.0
Current total success rate: 0.9583333333333334

Task: pick up the black bowl between the plate and the ramekin and place it on the plate tb 22
Success: True
# episodes completed so far: 25
# successes: 24 (96.0%)
Current task success rate: 1.0
Current total success rate: 0.96

Task: pick up the black bowl between the plate and the ramekin and place it on the plate tb 5
Success: True
# episodes completed so far: 26
# successes: 25 (96.2%)
Current task success rate: 1.0
Current total success rate: 0.9615384615384616

Task: pick up the black bowl between the plate and the ramekin and place it on the plate tb 6
Success: True
# episodes completed so far: 27
# successes: 26 (96.3%)
Current task success rate: 1.0
Current total success rate: 0.9629629629629629

Task: pick up the black bowl between the plate and the ramekin and place it on the plate tb 7
Success: True
# episodes completed so far: 28
# successes: 27 (96.4%)
Current task success rate: 1.0
Current total success rate: 0.9642857142857143

Task: pick up the black bowl between the plate and the ramekin and place it on the plate tb 9
Success: True
# episodes completed so far: 29
# successes: 28 (96.6%)
Current task success rate: 1.0
Current total success rate: 0.9655172413793104

Task: pick up the black bowl from table center and place it on the plate table 11
Success: True
# episodes completed so far: 30
# successes: 29 (96.7%)
Current task success rate: 1.0
Current total success rate: 0.9666666666666667

Task: pick up the black bowl from table center and place it on the plate table 12
Success: True
# episodes completed so far: 31
# successes: 30 (96.8%)
Current task success rate: 1.0
Current total success rate: 0.967741935483871

Task: pick up the black bowl from table center and place it on the plate table 13
Success: True
# episodes completed so far: 32
# successes: 31 (96.9%)
Current task success rate: 1.0
Current total success rate: 0.96875

Task: pick up the black bowl from table center and place it on the plate table 14
Success: True
# episodes completed so far: 33
# successes: 32 (97.0%)
Current task success rate: 1.0
Current total success rate: 0.9696969696969697

Task: pick up the black bowl from table center and place it on the plate table 15
Success: True
# episodes completed so far: 34
# successes: 33 (97.1%)
Current task success rate: 1.0
Current total success rate: 0.9705882352941176

Task: pick up the black bowl from table center and place it on the plate table 16
Success: True
# episodes completed so far: 35
# successes: 34 (97.1%)
Current task success rate: 1.0
Current total success rate: 0.9714285714285714

Task: pick up the black bowl from table center and place it on the plate table 17
Success: True
# episodes completed so far: 36
# successes: 35 (97.2%)
Current task success rate: 1.0
Current total success rate: 0.9722222222222222

Task: pick up the black bowl from table center and place it on the plate table 18
Success: True
# episodes completed so far: 37
# successes: 36 (97.3%)
Current task success rate: 1.0
Current total success rate: 0.972972972972973

Task: pick up the black bowl from table center and place it on the plate table 19
Success: True
# episodes completed so far: 38
# successes: 37 (97.4%)
Current task success rate: 1.0
Current total success rate: 0.9736842105263158

Task: pick up the black bowl from table center and place it on the plate table 20
Success: True
# episodes completed so far: 39
# successes: 38 (97.4%)
Current task success rate: 1.0
Current total success rate: 0.9743589743589743

Task: pick up the black bowl from table center and place it on the plate table 21
Success: True
# episodes completed so far: 40
# successes: 39 (97.5%)
Current task success rate: 1.0
Current total success rate: 0.975

Task: pick up the black bowl from table center and place it on the plate table 22
Success: True
# episodes completed so far: 41
# successes: 40 (97.6%)
Current task success rate: 1.0
Current total success rate: 0.975609756097561

Task: pick up the black bowl from table center and place it on the plate table 23
Success: True
# episodes completed so far: 42
# successes: 41 (97.6%)
Current task success rate: 1.0
Current total success rate: 0.9761904761904762

Task: pick up the black bowl from table center and place it on the plate table 24
Success: True
# episodes completed so far: 43
# successes: 42 (97.7%)
Current task success rate: 1.0
Current total success rate: 0.9767441860465116

Task: pick up the black bowl from table center and place it on the plate table 25
Success: True
# episodes completed so far: 44
# successes: 43 (97.7%)
Current task success rate: 1.0
Current total success rate: 0.9772727272727273

Task: pick up the black bowl from table center and place it on the plate table 26
Success: True
# episodes completed so far: 45
# successes: 44 (97.8%)
Current task success rate: 1.0
Current total success rate: 0.9777777777777777

Task: pick up the black bowl from table center and place it on the plate table 27
Success: True
# episodes completed so far: 46
# successes: 45 (97.8%)
Current task success rate: 1.0
Current total success rate: 0.9782608695652174

Task: pick up the black bowl from table center and place it on the plate table 3
Success: True
# episodes completed so far: 47
# successes: 46 (97.9%)
Current task success rate: 1.0
Current total success rate: 0.9787234042553191

Task: pick up the black bowl from table center and place it on the plate table 4
Success: True
# episodes completed so far: 48
# successes: 47 (97.9%)
Current task success rate: 1.0
Current total success rate: 0.9791666666666666

Task: pick up the black bowl from table center and place it on the plate table 5
Success: True
# episodes completed so far: 49
# successes: 48 (98.0%)
Current task success rate: 1.0
Current total success rate: 0.9795918367346939

Task: pick up the black bowl from table center and place it on the plate table 6
Success: True
# episodes completed so far: 50
# successes: 49 (98.0%)
Current task success rate: 1.0
Current total success rate: 0.98

Task: pick up the black bowl from table center and place it on the plate table 7
Success: True
# episodes completed so far: 51
# successes: 50 (98.0%)
Current task success rate: 1.0
Current total success rate: 0.9803921568627451

Task: pick up the black bowl from table center and place it on the plate table 8
Success: True
# episodes completed so far: 52
# successes: 51 (98.1%)
Current task success rate: 1.0
Current total success rate: 0.9807692307692307

Task: pick up the black bowl from table center and place it on the plate tb 1
Success: True
# episodes completed so far: 53
# successes: 52 (98.1%)
Current task success rate: 1.0
Current total success rate: 0.9811320754716981

Task: pick up the black bowl from table center and place it on the plate tb 10
Success: True
# episodes completed so far: 54
# successes: 53 (98.1%)
Current task success rate: 1.0
Current total success rate: 0.9814814814814815

Task: pick up the black bowl from table center and place it on the plate tb 11
Success: True
# episodes completed so far: 55
# successes: 54 (98.2%)
Current task success rate: 1.0
Current total success rate: 0.9818181818181818

Task: pick up the black bowl from table center and place it on the plate tb 12
Success: True
# episodes completed so far: 56
# successes: 55 (98.2%)
Current task success rate: 1.0
Current total success rate: 0.9821428571428571

Task: pick up the black bowl from table center and place it on the plate tb 13
Success: True
# episodes completed so far: 57
# successes: 56 (98.2%)
Current task success rate: 1.0
Current total success rate: 0.9824561403508771

Task: pick up the black bowl from table center and place it on the plate tb 14
Success: True
# episodes completed so far: 58
# successes: 57 (98.3%)
Current task success rate: 1.0
Current total success rate: 0.9827586206896551

Task: pick up the black bowl from table center and place it on the plate tb 15
Success: True
# episodes completed so far: 59
# successes: 58 (98.3%)
Current task success rate: 1.0
Current total success rate: 0.9830508474576272

Task: pick up the black bowl from table center and place it on the plate tb 16
Success: True
# episodes completed so far: 60
# successes: 59 (98.3%)
Current task success rate: 1.0
Current total success rate: 0.9833333333333333

Task: pick up the black bowl from table center and place it on the plate tb 17
Success: True
# episodes completed so far: 61
# successes: 60 (98.4%)
Current task success rate: 1.0
Current total success rate: 0.9836065573770492

Task: pick up the black bowl from table center and place it on the plate tb 18
Success: True
# episodes completed so far: 62
# successes: 61 (98.4%)
Current task success rate: 1.0
Current total success rate: 0.9838709677419355

Task: pick up the black bowl from table center and place it on the plate tb 19
Success: True
# episodes completed so far: 63
# successes: 62 (98.4%)
Current task success rate: 1.0
Current total success rate: 0.9841269841269841

Task: pick up the black bowl from table center and place it on the plate tb 2
Success: True
# episodes completed so far: 64
# successes: 63 (98.4%)
Current task success rate: 1.0
Current total success rate: 0.984375

Task: pick up the black bowl from table center and place it on the plate tb 20
Success: True
# episodes completed so far: 65
# successes: 64 (98.5%)
Current task success rate: 1.0
Current total success rate: 0.9846153846153847

Task: pick up the black bowl from table center and place it on the plate tb 21
Success: True
# episodes completed so far: 66
# successes: 65 (98.5%)
Current task success rate: 1.0
Current total success rate: 0.9848484848484849

Task: pick up the black bowl from table center and place it on the plate tb 22
Success: True
# episodes completed so far: 67
# successes: 66 (98.5%)
Current task success rate: 1.0
Current total success rate: 0.9850746268656716

Task: pick up the black bowl from table center and place it on the plate tb 23
Success: True
# episodes completed so far: 68
# successes: 67 (98.5%)
Current task success rate: 1.0
Current total success rate: 0.9852941176470589

Task: pick up the black bowl from table center and place it on the plate tb 3
Success: True
# episodes completed so far: 69
# successes: 68 (98.6%)
Current task success rate: 1.0
Current total success rate: 0.9855072463768116

Task: pick up the black bowl from table center and place it on the plate tb 4
Success: True
# episodes completed so far: 70
# successes: 69 (98.6%)
Current task success rate: 1.0
Current total success rate: 0.9857142857142858

Task: pick up the black bowl from table center and place it on the plate tb 5
Success: True
# episodes completed so far: 71
# successes: 70 (98.6%)
Current task success rate: 1.0
Current total success rate: 0.9859154929577465

Task: pick up the black bowl from table center and place it on the plate tb 6
Success: True
# episodes completed so far: 72
# successes: 71 (98.6%)
Current task success rate: 1.0
Current total success rate: 0.9861111111111112

Task: pick up the black bowl from table center and place it on the plate tb 7
Success: True
# episodes completed so far: 73
# successes: 72 (98.6%)
Current task success rate: 1.0
Current total success rate: 0.9863013698630136

Task: pick up the black bowl from table center and place it on the plate tb 8
Success: True
# episodes completed so far: 74
# successes: 73 (98.6%)
Current task success rate: 1.0
Current total success rate: 0.9864864864864865

Task: pick up the black bowl from table center and place it on the plate tb 9
Success: True
# episodes completed so far: 75
# successes: 74 (98.7%)
Current task success rate: 1.0
Current total success rate: 0.9866666666666667

Task: pick up the black bowl in the top drawer of the wooden cabinet and place it on the plate table 12
Success: True
# episodes completed so far: 76
# successes: 75 (98.7%)
Current task success rate: 1.0
Current total success rate: 0.9868421052631579

Task: pick up the black bowl in the top drawer of the wooden cabinet and place it on the plate table 15
Success: True
# episodes completed so far: 77
# successes: 76 (98.7%)
Current task success rate: 1.0
Current total success rate: 0.987012987012987

Task: pick up the black bowl in the top drawer of the wooden cabinet and place it on the plate table 17
Success: True
# episodes completed so far: 78
# successes: 77 (98.7%)
Current task success rate: 1.0
Current total success rate: 0.9871794871794872

Task: pick up the black bowl in the top drawer of the wooden cabinet and place it on the plate table 19
Success: True
# episodes completed so far: 79
# successes: 78 (98.7%)
Current task success rate: 1.0
Current total success rate: 0.9873417721518988

Task: pick up the black bowl in the top drawer of the wooden cabinet and place it on the plate table 2
Success: True
# episodes completed so far: 80
# successes: 79 (98.8%)
Current task success rate: 1.0
Current total success rate: 0.9875

Task: pick up the black bowl in the top drawer of the wooden cabinet and place it on the plate table 22
Success: True
# episodes completed so far: 81
# successes: 80 (98.8%)
Current task success rate: 1.0
Current total success rate: 0.9876543209876543

Task: pick up the black bowl in the top drawer of the wooden cabinet and place it on the plate table 23
Success: True
# episodes completed so far: 82
# successes: 81 (98.8%)
Current task success rate: 1.0
Current total success rate: 0.9878048780487805

Task: pick up the black bowl in the top drawer of the wooden cabinet and place it on the plate table 24
Success: True
# episodes completed so far: 83
# successes: 82 (98.8%)
Current task success rate: 1.0
Current total success rate: 0.9879518072289156

Task: pick up the black bowl in the top drawer of the wooden cabinet and place it on the plate table 25
Success: True
# episodes completed so far: 84
# successes: 83 (98.8%)
Current task success rate: 1.0
Current total success rate: 0.9880952380952381

Task: pick up the black bowl in the top drawer of the wooden cabinet and place it on the plate table 26
Success: True
# episodes completed so far: 85
# successes: 84 (98.8%)
Current task success rate: 1.0
Current total success rate: 0.9882352941176471

Task: pick up the black bowl in the top drawer of the wooden cabinet and place it on the plate table 27
Success: True
# episodes completed so far: 86
# successes: 85 (98.8%)
Current task success rate: 1.0
Current total success rate: 0.9883720930232558

Task: pick up the black bowl in the top drawer of the wooden cabinet and place it on the plate table 3
Success: True
# episodes completed so far: 87
# successes: 86 (98.9%)
Current task success rate: 1.0
Current total success rate: 0.9885057471264368

Task: pick up the black bowl in the top drawer of the wooden cabinet and place it on the plate table 4
Success: True
# episodes completed so far: 88
# successes: 87 (98.9%)
Current task success rate: 1.0
Current total success rate: 0.9886363636363636

Task: pick up the black bowl in the top drawer of the wooden cabinet and place it on the plate table 5
Success: True
# episodes completed so far: 89
# successes: 88 (98.9%)
Current task success rate: 1.0
Current total success rate: 0.9887640449438202

Task: pick up the black bowl in the top drawer of the wooden cabinet and place it on the plate table 7
Success: True
# episodes completed so far: 90
# successes: 89 (98.9%)
Current task success rate: 1.0
Current total success rate: 0.9888888888888889

Task: pick up the black bowl in the top drawer of the wooden cabinet and place it on the plate table 8
Success: True
# episodes completed so far: 91
# successes: 90 (98.9%)
Current task success rate: 1.0
Current total success rate: 0.989010989010989

Task: pick up the black bowl in the top drawer of the wooden cabinet and place it on the plate table 9
Success: True
# episodes completed so far: 92
# successes: 91 (98.9%)
Current task success rate: 1.0
Current total success rate: 0.9891304347826086

Task: pick up the black bowl in the top drawer of the wooden cabinet and place it on the plate tb 1
Success: True
# episodes completed so far: 93
# successes: 92 (98.9%)
Current task success rate: 1.0
Current total success rate: 0.989247311827957

Task: pick up the black bowl in the top drawer of the wooden cabinet and place it on the plate tb 12
Success: True
# episodes completed so far: 94
# successes: 93 (98.9%)
Current task success rate: 1.0
Current total success rate: 0.9893617021276596

Task: pick up the black bowl in the top drawer of the wooden cabinet and place it on the plate tb 16
Success: True
# episodes completed so far: 95
# successes: 94 (98.9%)
Current task success rate: 1.0
Current total success rate: 0.9894736842105263

Task: pick up the black bowl in the top drawer of the wooden cabinet and place it on the plate tb 17
Success: True
# episodes completed so far: 96
# successes: 95 (99.0%)
Current task success rate: 1.0
Current total success rate: 0.9895833333333334

Task: pick up the black bowl in the top drawer of the wooden cabinet and place it on the plate tb 19
Success: True
# episodes completed so far: 97
# successes: 96 (99.0%)
Current task success rate: 1.0
Current total success rate: 0.9896907216494846

Task: pick up the black bowl in the top drawer of the wooden cabinet and place it on the plate tb 21
Success: True
# episodes completed so far: 98
# successes: 97 (99.0%)
Current task success rate: 1.0
Current total success rate: 0.9897959183673469

Task: pick up the black bowl in the top drawer of the wooden cabinet and place it on the plate tb 22
Success: True
# episodes completed so far: 99
# successes: 98 (99.0%)
Current task success rate: 1.0
Current total success rate: 0.98989898989899

Task: pick up the black bowl in the top drawer of the wooden cabinet and place it on the plate tb 7
Success: True
# episodes completed so far: 100
# successes: 99 (99.0%)
Current task success rate: 1.0
Current total success rate: 0.99

Task: pick up the black bowl in the top drawer of the wooden cabinet and place it on the plate tb 9
Success: True
# episodes completed so far: 101
# successes: 100 (99.0%)
Current task success rate: 1.0
Current total success rate: 0.9900990099009901

Task: pick up the black bowl next to the cookie box and place it on the plate table 1
Success: True
# episodes completed so far: 102
# successes: 101 (99.0%)
Current task success rate: 1.0
Current total success rate: 0.9901960784313726

Task: pick up the black bowl next to the cookie box and place it on the plate table 10
Success: True
# episodes completed so far: 103
# successes: 102 (99.0%)
Current task success rate: 1.0
Current total success rate: 0.9902912621359223

Task: pick up the black bowl next to the cookie box and place it on the plate table 12
Success: True
# episodes completed so far: 104
# successes: 103 (99.0%)
Current task success rate: 1.0
Current total success rate: 0.9903846153846154

Task: pick up the black bowl next to the cookie box and place it on the plate table 13
Success: True
# episodes completed so far: 105
# successes: 104 (99.0%)
Current task success rate: 1.0
Current total success rate: 0.9904761904761905

Task: pick up the black bowl next to the cookie box and place it on the plate table 21
Success: True
# episodes completed so far: 106
# successes: 105 (99.1%)
Current task success rate: 1.0
Current total success rate: 0.9905660377358491

Task: pick up the black bowl next to the cookie box and place it on the plate table 22
Success: True
# episodes completed so far: 107
# successes: 106 (99.1%)
Current task success rate: 1.0
Current total success rate: 0.9906542056074766

Task: pick up the black bowl next to the cookie box and place it on the plate table 23
Success: True
# episodes completed so far: 108
# successes: 107 (99.1%)
Current task success rate: 1.0
Current total success rate: 0.9907407407407407

Task: pick up the black bowl next to the cookie box and place it on the plate table 9
Success: True
# episodes completed so far: 109
# successes: 108 (99.1%)
Current task success rate: 1.0
Current total success rate: 0.9908256880733946

Task: pick up the black bowl next to the cookie box and place it on the plate tb 10
Success: True
# episodes completed so far: 110
# successes: 109 (99.1%)
Current task success rate: 1.0
Current total success rate: 0.990909090909091

Task: pick up the black bowl next to the cookie box and place it on the plate tb 12
Success: True
# episodes completed so far: 111
# successes: 110 (99.1%)
Current task success rate: 1.0
Current total success rate: 0.990990990990991

Task: pick up the black bowl next to the cookie box and place it on the plate tb 14
Success: True
# episodes completed so far: 112
# successes: 111 (99.1%)
Current task success rate: 1.0
Current total success rate: 0.9910714285714286

Task: pick up the black bowl next to the cookie box and place it on the plate tb 15
Success: True
# episodes completed so far: 113
# successes: 112 (99.1%)
Current task success rate: 1.0
Current total success rate: 0.9911504424778761

Task: pick up the black bowl next to the cookie box and place it on the plate tb 17
Success: True
# episodes completed so far: 114
# successes: 113 (99.1%)
Current task success rate: 1.0
Current total success rate: 0.9912280701754386

Task: pick up the black bowl next to the cookie box and place it on the plate tb 18
Success: True
# episodes completed so far: 115
# successes: 114 (99.1%)
Current task success rate: 1.0
Current total success rate: 0.991304347826087

Task: pick up the black bowl next to the cookie box and place it on the plate tb 19
Success: True
# episodes completed so far: 116
# successes: 115 (99.1%)
Current task success rate: 1.0
Current total success rate: 0.9913793103448276

Task: pick up the black bowl next to the cookie box and place it on the plate tb 2
Success: True
# episodes completed so far: 117
# successes: 116 (99.1%)
Current task success rate: 1.0
Current total success rate: 0.9914529914529915

Task: pick up the black bowl next to the cookie box and place it on the plate tb 20
Success: True
# episodes completed so far: 118
# successes: 117 (99.2%)
Current task success rate: 1.0
Current total success rate: 0.9915254237288136

Task: pick up the black bowl next to the cookie box and place it on the plate tb 21
Success: True
# episodes completed so far: 119
# successes: 118 (99.2%)
Current task success rate: 1.0
Current total success rate: 0.9915966386554622

Task: pick up the black bowl next to the cookie box and place it on the plate tb 3
Success: True
# episodes completed so far: 120
# successes: 119 (99.2%)
Current task success rate: 1.0
Current total success rate: 0.9916666666666667

Task: pick up the black bowl next to the cookie box and place it on the plate tb 9
Success: True
# episodes completed so far: 121
# successes: 120 (99.2%)
Current task success rate: 1.0
Current total success rate: 0.9917355371900827

Task: pick up the black bowl next to the plate and place it on the plate table 1
Success: True
# episodes completed so far: 122
# successes: 121 (99.2%)
Current task success rate: 1.0
Current total success rate: 0.9918032786885246

Task: pick up the black bowl next to the plate and place it on the plate table 12
Success: True
# episodes completed so far: 123
# successes: 122 (99.2%)
Current task success rate: 1.0
Current total success rate: 0.991869918699187

Task: pick up the black bowl next to the plate and place it on the plate table 16
Success: True
# episodes completed so far: 124
# successes: 123 (99.2%)
Current task success rate: 1.0
Current total success rate: 0.9919354838709677

Task: pick up the black bowl next to the plate and place it on the plate table 24
Success: True
# episodes completed so far: 125
# successes: 124 (99.2%)
Current task success rate: 1.0
Current total success rate: 0.992

Task: pick up the black bowl next to the plate and place it on the plate table 3
Success: True
# episodes completed so far: 126
# successes: 125 (99.2%)
Current task success rate: 1.0
Current total success rate: 0.9920634920634921

Task: pick up the black bowl next to the plate and place it on the plate table 7
Success: True
# episodes completed so far: 127
# successes: 126 (99.2%)
Current task success rate: 1.0
Current total success rate: 0.9921259842519685

Task: pick up the black bowl next to the ramekin and place it on the plate table 1
Success: True
# episodes completed so far: 128
# successes: 127 (99.2%)
Current task success rate: 1.0
Current total success rate: 0.9921875

Task: pick up the black bowl next to the ramekin and place it on the plate table 10
Success: True
# episodes completed so far: 129
# successes: 128 (99.2%)
Current task success rate: 1.0
Current total success rate: 0.9922480620155039

Task: pick up the black bowl next to the ramekin and place it on the plate table 12
Success: True
# episodes completed so far: 130
# successes: 129 (99.2%)
Current task success rate: 1.0
Current total success rate: 0.9923076923076923

Task: pick up the black bowl next to the ramekin and place it on the plate table 13
Success: True
# episodes completed so far: 131
# successes: 130 (99.2%)
Current task success rate: 1.0
Current total success rate: 0.9923664122137404

Task: pick up the black bowl next to the ramekin and place it on the plate table 3
Success: True
# episodes completed so far: 132
# successes: 131 (99.2%)
Current task success rate: 1.0
Current total success rate: 0.9924242424242424

Task: pick up the black bowl next to the ramekin and place it on the plate table 9
Success: True
# episodes completed so far: 133
# successes: 132 (99.2%)
Current task success rate: 1.0
Current total success rate: 0.9924812030075187

Task: pick up the black bowl next to the ramekin and place it on the plate tb 19
Success: True
# episodes completed so far: 134
# successes: 133 (99.3%)
Current task success rate: 1.0
Current total success rate: 0.9925373134328358

Task: pick up the black bowl next to the ramekin and place it on the plate tb 20
Success: True
# episodes completed so far: 135
# successes: 134 (99.3%)
Current task success rate: 1.0
Current total success rate: 0.9925925925925926

Task: pick up the black bowl next to the ramekin and place it on the plate tb 21
Success: True
# episodes completed so far: 136
# successes: 135 (99.3%)
Current task success rate: 1.0
Current total success rate: 0.9926470588235294

Task: pick up the black bowl next to the ramekin and place it on the plate tb 3
Success: True
# episodes completed so far: 137
# successes: 136 (99.3%)
Current task success rate: 1.0
Current total success rate: 0.9927007299270073

Task: pick up the black bowl on the cookie box and place it on the plate table 11
Success: True
# episodes completed so far: 138
# successes: 137 (99.3%)
Current task success rate: 1.0
Current total success rate: 0.9927536231884058

Task: pick up the black bowl on the cookie box and place it on the plate table 12
Success: True
# episodes completed so far: 139
# successes: 138 (99.3%)
Current task success rate: 1.0
Current total success rate: 0.9928057553956835

Task: pick up the black bowl on the cookie box and place it on the plate table 13
Success: True
# episodes completed so far: 140
# successes: 139 (99.3%)
Current task success rate: 1.0
Current total success rate: 0.9928571428571429

Task: pick up the black bowl on the cookie box and place it on the plate table 16
Success: True
# episodes completed so far: 141
# successes: 140 (99.3%)
Current task success rate: 1.0
Current total success rate: 0.9929078014184397

Task: pick up the black bowl on the cookie box and place it on the plate table 22
Success: True
# episodes completed so far: 142
# successes: 141 (99.3%)
Current task success rate: 1.0
Current total success rate: 0.9929577464788732

Task: pick up the black bowl on the cookie box and place it on the plate table 23
Success: True
# episodes completed so far: 143
# successes: 142 (99.3%)
Current task success rate: 1.0
Current total success rate: 0.993006993006993

Task: pick up the black bowl on the cookie box and place it on the plate table 25
Success: True
# episodes completed so far: 144
# successes: 143 (99.3%)
Current task success rate: 1.0
Current total success rate: 0.9930555555555556

Task: pick up the black bowl on the cookie box and place it on the plate table 26
Success: True
# episodes completed so far: 145
# successes: 144 (99.3%)
Current task success rate: 1.0
Current total success rate: 0.993103448275862

Task: pick up the black bowl on the cookie box and place it on the plate table 27
Success: True
# episodes completed so far: 146
# successes: 145 (99.3%)
Current task success rate: 1.0
Current total success rate: 0.9931506849315068

Task: pick up the black bowl on the cookie box and place it on the plate table 4
Success: True
# episodes completed so far: 147
# successes: 146 (99.3%)
Current task success rate: 1.0
Current total success rate: 0.9931972789115646

Task: pick up the black bowl on the cookie box and place it on the plate table 5
Success: True
# episodes completed so far: 148
# successes: 147 (99.3%)
Current task success rate: 1.0
Current total success rate: 0.9932432432432432

Task: pick up the black bowl on the cookie box and place it on the plate tb 1
Success: True
# episodes completed so far: 149
# successes: 148 (99.3%)
Current task success rate: 1.0
Current total success rate: 0.9932885906040269

Task: pick up the black bowl on the cookie box and place it on the plate tb 10
Success: True
# episodes completed so far: 150
# successes: 149 (99.3%)
Current task success rate: 1.0
Current total success rate: 0.9933333333333333

Task: pick up the black bowl on the cookie box and place it on the plate tb 11
Success: True
# episodes completed so far: 151
# successes: 150 (99.3%)
Current task success rate: 1.0
Current total success rate: 0.9933774834437086

Task: pick up the black bowl on the cookie box and place it on the plate tb 12
Success: True
# episodes completed so far: 152
# successes: 151 (99.3%)
Current task success rate: 1.0
Current total success rate: 0.993421052631579

Task: pick up the black bowl on the cookie box and place it on the plate tb 13
Success: True
# episodes completed so far: 153
# successes: 152 (99.3%)
Current task success rate: 1.0
Current total success rate: 0.9934640522875817

Task: pick up the black bowl on the cookie box and place it on the plate tb 14
Success: True
# episodes completed so far: 154
# successes: 153 (99.4%)
Current task success rate: 1.0
Current total success rate: 0.9935064935064936

Task: pick up the black bowl on the cookie box and place it on the plate tb 15
Success: True
# episodes completed so far: 155
# successes: 154 (99.4%)
Current task success rate: 1.0
Current total success rate: 0.9935483870967742

Task: pick up the black bowl on the cookie box and place it on the plate tb 16
Success: True
# episodes completed so far: 156
# successes: 155 (99.4%)
Current task success rate: 1.0
Current total success rate: 0.9935897435897436

Task: pick up the black bowl on the cookie box and place it on the plate tb 17
Success: True
# episodes completed so far: 157
# successes: 156 (99.4%)
Current task success rate: 1.0
Current total success rate: 0.9936305732484076

Task: pick up the black bowl on the cookie box and place it on the plate tb 18
Success: True
# episodes completed so far: 158
# successes: 157 (99.4%)
Current task success rate: 1.0
Current total success rate: 0.9936708860759493

Task: pick up the black bowl on the cookie box and place it on the plate tb 19
Success: True
# episodes completed so far: 159
# successes: 158 (99.4%)
Current task success rate: 1.0
Current total success rate: 0.9937106918238994

Task: pick up the black bowl on the cookie box and place it on the plate tb 2
Success: True
# episodes completed so far: 160
# successes: 159 (99.4%)
Current task success rate: 1.0
Current total success rate: 0.99375

Task: pick up the black bowl on the cookie box and place it on the plate tb 21
Success: True
# episodes completed so far: 161
# successes: 160 (99.4%)
Current task success rate: 1.0
Current total success rate: 0.9937888198757764

Task: pick up the black bowl on the cookie box and place it on the plate tb 22
Success: True
# episodes completed so far: 162
# successes: 161 (99.4%)
Current task success rate: 1.0
Current total success rate: 0.9938271604938271

Task: pick up the black bowl on the cookie box and place it on the plate tb 23
Success: True
# episodes completed so far: 163
# successes: 162 (99.4%)
Current task success rate: 1.0
Current total success rate: 0.9938650306748467

Task: pick up the black bowl on the cookie box and place it on the plate tb 3
Success: True
# episodes completed so far: 164
# successes: 163 (99.4%)
Current task success rate: 1.0
Current total success rate: 0.9939024390243902

Task: pick up the black bowl on the cookie box and place it on the plate tb 5
Success: True
# episodes completed so far: 165
# successes: 164 (99.4%)
Current task success rate: 1.0
Current total success rate: 0.9939393939393939

Task: pick up the black bowl on the cookie box and place it on the plate tb 6
Success: True
# episodes completed so far: 166
# successes: 165 (99.4%)
Current task success rate: 1.0
Current total success rate: 0.9939759036144579

Task: pick up the black bowl on the cookie box and place it on the plate tb 8
Success: True
# episodes completed so far: 167
# successes: 166 (99.4%)
Current task success rate: 1.0
Current total success rate: 0.9940119760479041

Task: pick up the black bowl on the cookie box and place it on the plate tb 9
Success: True
# episodes completed so far: 168
# successes: 167 (99.4%)
Current task success rate: 1.0
Current total success rate: 0.9940476190476191

Task: pick up the black bowl on the ramekin and place it on the plate table 1
Success: True
# episodes completed so far: 169
# successes: 168 (99.4%)
Current task success rate: 1.0
Current total success rate: 0.9940828402366864

Task: pick up the black bowl on the ramekin and place it on the plate table 10
Success: True
# episodes completed so far: 170
# successes: 169 (99.4%)
Current task success rate: 1.0
Current total success rate: 0.9941176470588236

Task: pick up the black bowl on the ramekin and place it on the plate table 12
Success: True
# episodes completed so far: 171
# successes: 170 (99.4%)
Current task success rate: 1.0
Current total success rate: 0.9941520467836257

Task: pick up the black bowl on the ramekin and place it on the plate table 13
Success: True
# episodes completed so far: 172
# successes: 171 (99.4%)
Current task success rate: 1.0
Current total success rate: 0.9941860465116279

Task: pick up the black bowl on the ramekin and place it on the plate table 15
Success: True
# episodes completed so far: 173
# successes: 172 (99.4%)
Current task success rate: 1.0
Current total success rate: 0.9942196531791907

Task: pick up the black bowl on the ramekin and place it on the plate table 16
Success: True
# episodes completed so far: 174
# successes: 173 (99.4%)
Current task success rate: 1.0
Current total success rate: 0.9942528735632183

Task: pick up the black bowl on the ramekin and place it on the plate table 17
Success: True
# episodes completed so far: 175
# successes: 174 (99.4%)
Current task success rate: 1.0
Current total success rate: 0.9942857142857143

Task: pick up the black bowl on the ramekin and place it on the plate table 18
Success: True
# episodes completed so far: 176
# successes: 175 (99.4%)
Current task success rate: 1.0
Current total success rate: 0.9943181818181818

Task: pick up the black bowl on the ramekin and place it on the plate table 19
Success: True
# episodes completed so far: 177
# successes: 176 (99.4%)
Current task success rate: 1.0
Current total success rate: 0.9943502824858758

Task: pick up the black bowl on the ramekin and place it on the plate table 2
Success: True
# episodes completed so far: 178
# successes: 177 (99.4%)
Current task success rate: 1.0
Current total success rate: 0.9943820224719101

Task: pick up the black bowl on the ramekin and place it on the plate table 20
Success: True
# episodes completed so far: 179
# successes: 178 (99.4%)
Current task success rate: 1.0
Current total success rate: 0.994413407821229

Task: pick up the black bowl on the ramekin and place it on the plate table 23
Success: True
# episodes completed so far: 180
# successes: 179 (99.4%)
Current task success rate: 1.0
Current total success rate: 0.9944444444444445

Task: pick up the black bowl on the ramekin and place it on the plate table 24
Success: True
# episodes completed so far: 181
# successes: 180 (99.4%)
Current task success rate: 1.0
Current total success rate: 0.994475138121547

Task: pick up the black bowl on the ramekin and place it on the plate table 25
Success: True
# episodes completed so far: 182
# successes: 181 (99.5%)
Current task success rate: 1.0
Current total success rate: 0.9945054945054945

Task: pick up the black bowl on the ramekin and place it on the plate table 26
Success: True
# episodes completed so far: 183
# successes: 182 (99.5%)
Current task success rate: 1.0
Current total success rate: 0.994535519125683

Task: pick up the black bowl on the ramekin and place it on the plate table 3
Success: True
# episodes completed so far: 184
# successes: 183 (99.5%)
Current task success rate: 1.0
Current total success rate: 0.9945652173913043

Task: pick up the black bowl on the ramekin and place it on the plate table 5
Success: True
# episodes completed so far: 185
# successes: 184 (99.5%)
Current task success rate: 1.0
Current total success rate: 0.9945945945945946

Task: pick up the black bowl on the ramekin and place it on the plate table 6
Success: True
# episodes completed so far: 186
# successes: 185 (99.5%)
Current task success rate: 1.0
Current total success rate: 0.9946236559139785

Task: pick up the black bowl on the ramekin and place it on the plate table 8
Success: True
# episodes completed so far: 187
# successes: 186 (99.5%)
Current task success rate: 1.0
Current total success rate: 0.9946524064171123

Task: pick up the black bowl on the ramekin and place it on the plate table 9
Success: True
# episodes completed so far: 188
# successes: 187 (99.5%)
Current task success rate: 1.0
Current total success rate: 0.9946808510638298

Task: pick up the black bowl on the ramekin and place it on the plate tb 1
Success: True
# episodes completed so far: 189
# successes: 188 (99.5%)
Current task success rate: 1.0
Current total success rate: 0.9947089947089947

Task: pick up the black bowl on the ramekin and place it on the plate tb 11
Success: True
# episodes completed so far: 190
# successes: 189 (99.5%)
Current task success rate: 1.0
Current total success rate: 0.9947368421052631

Task: pick up the black bowl on the ramekin and place it on the plate tb 12
Success: True
# episodes completed so far: 191
# successes: 190 (99.5%)
Current task success rate: 1.0
Current total success rate: 0.9947643979057592

Task: pick up the black bowl on the ramekin and place it on the plate tb 14
Success: True
# episodes completed so far: 192
# successes: 191 (99.5%)
Current task success rate: 1.0
Current total success rate: 0.9947916666666666

Task: pick up the black bowl on the ramekin and place it on the plate tb 16
Success: True
# episodes completed so far: 193
# successes: 192 (99.5%)
Current task success rate: 1.0
Current total success rate: 0.9948186528497409

Task: pick up the black bowl on the ramekin and place it on the plate tb 17
Success: False
# episodes completed so far: 194
# successes: 192 (99.0%)
Current task success rate: 0.0
Current total success rate: 0.9896907216494846

Task: pick up the black bowl on the ramekin and place it on the plate tb 18
Success: True
# episodes completed so far: 195
# successes: 193 (99.0%)
Current task success rate: 1.0
Current total success rate: 0.9897435897435898

Task: pick up the black bowl on the ramekin and place it on the plate tb 19
Success: True
# episodes completed so far: 196
# successes: 194 (99.0%)
Current task success rate: 1.0
Current total success rate: 0.9897959183673469

Task: pick up the black bowl on the ramekin and place it on the plate tb 22
Success: True
# episodes completed so far: 197
# successes: 195 (99.0%)
Current task success rate: 1.0
Current total success rate: 0.9898477157360406

Task: pick up the black bowl on the ramekin and place it on the plate tb 3
Success: True
# episodes completed so far: 198
# successes: 196 (99.0%)
Current task success rate: 1.0
Current total success rate: 0.98989898989899

Task: pick up the black bowl on the ramekin and place it on the plate tb 4
Success: True
# episodes completed so far: 199
# successes: 197 (99.0%)
Current task success rate: 1.0
Current total success rate: 0.9899497487437185

Task: pick up the black bowl on the ramekin and place it on the plate tb 5
Success: True
# episodes completed so far: 200
# successes: 198 (99.0%)
Current task success rate: 1.0
Current total success rate: 0.99

Task: pick up the black bowl on the ramekin and place it on the plate tb 6
Success: True
# episodes completed so far: 201
# successes: 199 (99.0%)
Current task success rate: 1.0
Current total success rate: 0.9900497512437811

Task: pick up the black bowl on the ramekin and place it on the plate tb 8
Success: True
# episodes completed so far: 202
# successes: 200 (99.0%)
Current task success rate: 1.0
Current total success rate: 0.9900990099009901

Task: pick up the black bowl on the ramekin and place it on the plate tb 9
Success: True
# episodes completed so far: 203
# successes: 201 (99.0%)
Current task success rate: 1.0
Current total success rate: 0.9901477832512315

Task: pick up the black bowl on the stove and place it on the plate table 1
Success: True
# episodes completed so far: 204
# successes: 202 (99.0%)
Current task success rate: 1.0
Current total success rate: 0.9901960784313726

Task: pick up the black bowl on the stove and place it on the plate table 10
Success: True
# episodes completed so far: 205
# successes: 203 (99.0%)
Current task success rate: 1.0
Current total success rate: 0.9902439024390244

Task: pick up the black bowl on the stove and place it on the plate table 11
Success: True
# episodes completed so far: 206
# successes: 204 (99.0%)
Current task success rate: 1.0
Current total success rate: 0.9902912621359223

Task: pick up the black bowl on the stove and place it on the plate table 12
Success: True
# episodes completed so far: 207
# successes: 205 (99.0%)
Current task success rate: 1.0
Current total success rate: 0.9903381642512077

Task: pick up the black bowl on the stove and place it on the plate table 14
Success: True
# episodes completed so far: 208
# successes: 206 (99.0%)
Current task success rate: 1.0
Current total success rate: 0.9903846153846154

Task: pick up the black bowl on the stove and place it on the plate table 15
Success: True
# episodes completed so far: 209
# successes: 207 (99.0%)
Current task success rate: 1.0
Current total success rate: 0.9904306220095693

Task: pick up the black bowl on the stove and place it on the plate table 18
Success: True
# episodes completed so far: 210
# successes: 208 (99.0%)
Current task success rate: 1.0
Current total success rate: 0.9904761904761905

Task: pick up the black bowl on the stove and place it on the plate table 19
Success: True
# episodes completed so far: 211
# successes: 209 (99.1%)
Current task success rate: 1.0
Current total success rate: 0.990521327014218

Task: pick up the black bowl on the stove and place it on the plate table 2
Success: True
# episodes completed so far: 212
# successes: 210 (99.1%)
Current task success rate: 1.0
Current total success rate: 0.9905660377358491

Task: pick up the black bowl on the stove and place it on the plate table 20
Success: True
# episodes completed so far: 213
# successes: 211 (99.1%)
Current task success rate: 1.0
Current total success rate: 0.9906103286384976

Task: pick up the black bowl on the stove and place it on the plate table 21
Success: True
# episodes completed so far: 214
# successes: 212 (99.1%)
Current task success rate: 1.0
Current total success rate: 0.9906542056074766

Task: pick up the black bowl on the stove and place it on the plate table 22
Success: True
# episodes completed so far: 215
# successes: 213 (99.1%)
Current task success rate: 1.0
Current total success rate: 0.9906976744186047

Task: pick up the black bowl on the stove and place it on the plate table 23
Success: True
# episodes completed so far: 216
# successes: 214 (99.1%)
Current task success rate: 1.0
Current total success rate: 0.9907407407407407

Task: pick up the black bowl on the stove and place it on the plate table 24
Success: True
# episodes completed so far: 217
# successes: 215 (99.1%)
Current task success rate: 1.0
Current total success rate: 0.9907834101382489

Task: pick up the black bowl on the stove and place it on the plate table 25
Success: True
# episodes completed so far: 218
# successes: 216 (99.1%)
Current task success rate: 1.0
Current total success rate: 0.9908256880733946

Task: pick up the black bowl on the stove and place it on the plate table 26
Success: False
# episodes completed so far: 219
# successes: 216 (98.6%)
Current task success rate: 0.0
Current total success rate: 0.9863013698630136

Task: pick up the black bowl on the stove and place it on the plate table 3
Success: True
# episodes completed so far: 220
# successes: 217 (98.6%)
Current task success rate: 1.0
Current total success rate: 0.9863636363636363

Task: pick up the black bowl on the stove and place it on the plate table 4
Success: True
# episodes completed so far: 221
# successes: 218 (98.6%)
Current task success rate: 1.0
Current total success rate: 0.9864253393665159

Task: pick up the black bowl on the stove and place it on the plate table 6
Success: True
# episodes completed so far: 222
# successes: 219 (98.6%)
Current task success rate: 1.0
Current total success rate: 0.9864864864864865

Task: pick up the black bowl on the stove and place it on the plate table 7
Success: True
# episodes completed so far: 223
# successes: 220 (98.7%)
Current task success rate: 1.0
Current total success rate: 0.9865470852017937

Task: pick up the black bowl on the stove and place it on the plate table 9
Success: True
# episodes completed so far: 224
# successes: 221 (98.7%)
Current task success rate: 1.0
Current total success rate: 0.9866071428571429

Task: pick up the black bowl on the stove and place it on the plate tb 1
Success: True
# episodes completed so far: 225
# successes: 222 (98.7%)
Current task success rate: 1.0
Current total success rate: 0.9866666666666667

Task: pick up the black bowl on the stove and place it on the plate tb 10
Success: True
# episodes completed so far: 226
# successes: 223 (98.7%)
Current task success rate: 1.0
Current total success rate: 0.9867256637168141

Task: pick up the black bowl on the stove and place it on the plate tb 11
Success: False
# episodes completed so far: 227
# successes: 223 (98.2%)
Current task success rate: 0.0
Current total success rate: 0.9823788546255506

Task: pick up the black bowl on the stove and place it on the plate tb 12
Success: True
# episodes completed so far: 228
# successes: 224 (98.2%)
Current task success rate: 1.0
Current total success rate: 0.9824561403508771

Task: pick up the black bowl on the stove and place it on the plate tb 14
Success: True
# episodes completed so far: 229
# successes: 225 (98.3%)
Current task success rate: 1.0
Current total success rate: 0.982532751091703

Task: pick up the black bowl on the stove and place it on the plate tb 15
Success: True
# episodes completed so far: 230
# successes: 226 (98.3%)
Current task success rate: 1.0
Current total success rate: 0.9826086956521739

Task: pick up the black bowl on the stove and place it on the plate tb 16
Success: True
# episodes completed so far: 231
# successes: 227 (98.3%)
Current task success rate: 1.0
Current total success rate: 0.9826839826839827

Task: pick up the black bowl on the stove and place it on the plate tb 18
Success: True
# episodes completed so far: 232
# successes: 228 (98.3%)
Current task success rate: 1.0
Current total success rate: 0.9827586206896551

Task: pick up the black bowl on the stove and place it on the plate tb 19
Success: True
# episodes completed so far: 233
# successes: 229 (98.3%)
Current task success rate: 1.0
Current total success rate: 0.9828326180257511

Task: pick up the black bowl on the stove and place it on the plate tb 2
Success: True
# episodes completed so far: 234
# successes: 230 (98.3%)
Current task success rate: 1.0
Current total success rate: 0.9829059829059829

Task: pick up the black bowl on the stove and place it on the plate tb 20
Success: False
# episodes completed so far: 235
# successes: 230 (97.9%)
Current task success rate: 0.0
Current total success rate: 0.9787234042553191

Task: pick up the black bowl on the stove and place it on the plate tb 21
Success: True
# episodes completed so far: 236
# successes: 231 (97.9%)
Current task success rate: 1.0
Current total success rate: 0.9788135593220338

Task: pick up the black bowl on the stove and place it on the plate tb 22
Success: True
# episodes completed so far: 237
# successes: 232 (97.9%)
Current task success rate: 1.0
Current total success rate: 0.9789029535864979

Task: pick up the black bowl on the stove and place it on the plate tb 23
Success: True
# episodes completed so far: 238
# successes: 233 (97.9%)
Current task success rate: 1.0
Current total success rate: 0.9789915966386554

Task: pick up the black bowl on the stove and place it on the plate tb 3
Success: True
# episodes completed so far: 239
# successes: 234 (97.9%)
Current task success rate: 1.0
Current total success rate: 0.9790794979079498

Task: pick up the black bowl on the stove and place it on the plate tb 5
Success: True
# episodes completed so far: 240
# successes: 235 (97.9%)
Current task success rate: 1.0
Current total success rate: 0.9791666666666666

Task: pick up the black bowl on the stove and place it on the plate tb 6
Success: True
# episodes completed so far: 241
# successes: 236 (97.9%)
Current task success rate: 1.0
Current total success rate: 0.979253112033195

Task: pick up the black bowl on the stove and place it on the plate tb 7
Success: True
# episodes completed so far: 242
# successes: 237 (97.9%)
Current task success rate: 1.0
Current total success rate: 0.9793388429752066

Task: pick up the black bowl on the stove and place it on the plate tb 8
Success: True
# episodes completed so far: 243
# successes: 238 (97.9%)
Current task success rate: 1.0
Current total success rate: 0.9794238683127572

Task: pick up the black bowl on the stove and place it on the plate tb 9
Success: True
# episodes completed so far: 244
# successes: 239 (98.0%)
Current task success rate: 1.0
Current total success rate: 0.9795081967213115

Task: pick up the black bowl on the wooden cabinet and place it on the plate table 1
Success: True
# episodes completed so far: 245
# successes: 240 (98.0%)
Current task success rate: 1.0
Current total success rate: 0.9795918367346939

Task: pick up the black bowl on the wooden cabinet and place it on the plate table 14
Success: True
# episodes completed so far: 246
# successes: 241 (98.0%)
Current task success rate: 1.0
Current total success rate: 0.9796747967479674

Task: pick up the black bowl on the wooden cabinet and place it on the plate table 17
Success: True
# episodes completed so far: 247
# successes: 242 (98.0%)
Current task success rate: 1.0
Current total success rate: 0.979757085020243

Task: pick up the black bowl on the wooden cabinet and place it on the plate table 2
Success: True
# episodes completed so far: 248
# successes: 243 (98.0%)
Current task success rate: 1.0
Current total success rate: 0.9798387096774194

Task: pick up the black bowl on the wooden cabinet and place it on the plate table 23
Success: True
# episodes completed so far: 249
# successes: 244 (98.0%)
Current task success rate: 1.0
Current total success rate: 0.9799196787148594

Task: pick up the black bowl on the wooden cabinet and place it on the plate table 27
Success: True
# episodes completed so far: 250
# successes: 245 (98.0%)
Current task success rate: 1.0
Current total success rate: 0.98

Task: pick up the black bowl on the wooden cabinet and place it on the plate table 28
Success: True
# episodes completed so far: 251
# successes: 246 (98.0%)
Current task success rate: 1.0
Current total success rate: 0.9800796812749004

Task: pick up the black bowl on the wooden cabinet and place it on the plate table 3
Success: True
# episodes completed so far: 252
# successes: 247 (98.0%)
Current task success rate: 1.0
Current total success rate: 0.9801587301587301

Task: pick up the black bowl on the wooden cabinet and place it on the plate table 4
Success: True
# episodes completed so far: 253
# successes: 248 (98.0%)
Current task success rate: 1.0
Current total success rate: 0.9802371541501976

Task: pick up the black bowl on the wooden cabinet and place it on the plate tb 1
Success: True
# episodes completed so far: 254
# successes: 249 (98.0%)
Current task success rate: 1.0
Current total success rate: 0.9803149606299213

Task: pick up the black bowl on the wooden cabinet and place it on the plate tb 12
Success: True
# episodes completed so far: 255
# successes: 250 (98.0%)
Current task success rate: 1.0
Current total success rate: 0.9803921568627451

Task: pick up the black bowl on the wooden cabinet and place it on the plate tb 17
Success: True
# episodes completed so far: 256
# successes: 251 (98.0%)
Current task success rate: 1.0
Current total success rate: 0.98046875

Task: pick up the black bowl on the wooden cabinet and place it on the plate tb 2
Success: True
# episodes completed so far: 257
# successes: 252 (98.1%)
Current task success rate: 1.0
Current total success rate: 0.980544747081712

Task: pick up the black bowl on the wooden cabinet and place it on the plate tb 6
Success: True
# episodes completed so far: 258
# successes: 253 (98.1%)
Current task success rate: 1.0
Current total success rate: 0.9806201550387597

Task: pick up the black bowl between the plate and the ramekin and place it on the plate view 0 0 100 0 0 initstate 1
Success: True
# episodes completed so far: 259
# successes: 254 (98.1%)
Current task success rate: 1.0
Current total success rate: 0.9806949806949807

Task: pick up the black bowl between the plate and the ramekin and place it on the plate view 0 0 100 0 0 initstate 11
Success: True
# episodes completed so far: 260
# successes: 255 (98.1%)
Current task success rate: 1.0
Current total success rate: 0.9807692307692307

Task: pick up the black bowl between the plate and the ramekin and place it on the plate view 0 0 100 0 0 initstate 101
Success: True
# episodes completed so far: 261
# successes: 256 (98.1%)
Current task success rate: 1.0
Current total success rate: 0.9808429118773946

Task: pick up the black bowl between the plate and the ramekin and place it on the plate view 0 0 100 0 0 initstate 121
Success: True
# episodes completed so far: 262
# successes: 257 (98.1%)
Current task success rate: 1.0
Current total success rate: 0.9809160305343512

Task: pick up the black bowl between the plate and the ramekin and place it on the plate view 0 0 100 0 0 initstate 131
Success: True
# episodes completed so far: 263
# successes: 258 (98.1%)
Current task success rate: 1.0
Current total success rate: 0.9809885931558935

Task: pick up the black bowl between the plate and the ramekin and place it on the plate view 0 0 100 0 0 initstate 141
Success: False
# episodes completed so far: 264
# successes: 258 (97.7%)
Current task success rate: 0.0
Current total success rate: 0.9772727272727273

Task: pick up the black bowl between the plate and the ramekin and place it on the plate view 0 0 100 0 0 initstate 151
Success: True
# episodes completed so far: 265
# successes: 259 (97.7%)
Current task success rate: 1.0
Current total success rate: 0.9773584905660377

Task: pick up the black bowl between the plate and the ramekin and place it on the plate view 0 0 100 0 0 initstate 161
Success: True
# episodes completed so far: 266
# successes: 260 (97.7%)
Current task success rate: 1.0
Current total success rate: 0.9774436090225563

Task: pick up the black bowl between the plate and the ramekin and place it on the plate view 0 0 100 0 0 initstate 171
Success: True
# episodes completed so far: 267
# successes: 261 (97.8%)
Current task success rate: 1.0
Current total success rate: 0.9775280898876404

Task: pick up the black bowl between the plate and the ramekin and place it on the plate view 0 0 100 0 0 initstate 211
Success: True
# episodes completed so far: 268
# successes: 262 (97.8%)
Current task success rate: 1.0
Current total success rate: 0.9776119402985075

Task: pick up the black bowl between the plate and the ramekin and place it on the plate view 0 0 100 0 0 initstate 221
Success: True
# episodes completed so far: 269
# successes: 263 (97.8%)
Current task success rate: 1.0
Current total success rate: 0.9776951672862454

Task: pick up the black bowl between the plate and the ramekin and place it on the plate view 0 0 100 0 0 initstate 231
Success: True
# episodes completed so far: 270
# successes: 264 (97.8%)
Current task success rate: 1.0
Current total success rate: 0.9777777777777777

Task: pick up the black bowl between the plate and the ramekin and place it on the plate view 0 0 100 0 0 initstate 241
Success: True
# episodes completed so far: 271
# successes: 265 (97.8%)
Current task success rate: 1.0
Current total success rate: 0.977859778597786

Task: pick up the black bowl between the plate and the ramekin and place it on the plate view 0 0 100 0 0 initstate 271
Success: True
# episodes completed so far: 272
# successes: 266 (97.8%)
Current task success rate: 1.0
Current total success rate: 0.9779411764705882

Task: pick up the black bowl between the plate and the ramekin and place it on the plate view 0 0 100 0 0 initstate 281
Success: True
# episodes completed so far: 273
# successes: 267 (97.8%)
Current task success rate: 1.0
Current total success rate: 0.978021978021978

Task: pick up the black bowl between the plate and the ramekin and place it on the plate view 0 0 100 0 0 initstate 291
Success: True
# episodes completed so far: 274
# successes: 268 (97.8%)
Current task success rate: 1.0
Current total success rate: 0.9781021897810219

Task: pick up the black bowl between the plate and the ramekin and place it on the plate view 0 0 100 0 0 initstate 301
Success: True
# episodes completed so far: 275
# successes: 269 (97.8%)
Current task success rate: 1.0
Current total success rate: 0.9781818181818182

Task: pick up the black bowl between the plate and the ramekin and place it on the plate view 0 0 100 0 0 initstate 311
Success: True
# episodes completed so far: 276
# successes: 270 (97.8%)
Current task success rate: 1.0
Current total success rate: 0.9782608695652174

Task: pick up the black bowl between the plate and the ramekin and place it on the plate view 0 0 100 0 0 initstate 331
Success: True
# episodes completed so far: 277
# successes: 271 (97.8%)
Current task success rate: 1.0
Current total success rate: 0.9783393501805054

Task: pick up the black bowl between the plate and the ramekin and place it on the plate view 0 0 100 0 0 initstate 341
Success: True
# episodes completed so far: 278
# successes: 272 (97.8%)
Current task success rate: 1.0
Current total success rate: 0.9784172661870504

Task: pick up the black bowl between the plate and the ramekin and place it on the plate view 0 0 100 0 0 initstate 351
Success: False
# episodes completed so far: 279
# successes: 272 (97.5%)
Current task success rate: 0.0
Current total success rate: 0.974910394265233

Task: pick up the black bowl between the plate and the ramekin and place it on the plate view 0 0 100 0 0 initstate 361
Success: False
# episodes completed so far: 280
# successes: 272 (97.1%)
Current task success rate: 0.0
Current total success rate: 0.9714285714285714

Task: pick up the black bowl between the plate and the ramekin and place it on the plate view 0 0 100 0 0 initstate 371
Success: True
# episodes completed so far: 281
# successes: 273 (97.2%)
Current task success rate: 1.0
Current total success rate: 0.9715302491103203

Task: pick up the black bowl between the plate and the ramekin and place it on the plate view 0 0 100 0 0 initstate 401
Success: False
# episodes completed so far: 282
# successes: 273 (96.8%)
Current task success rate: 0.0
Current total success rate: 0.9680851063829787

Task: pick up the black bowl between the plate and the ramekin and place it on the plate view 0 0 100 0 0 initstate 411
Success: False
# episodes completed so far: 283
# successes: 273 (96.5%)
Current task success rate: 0.0
Current total success rate: 0.9646643109540636

Task: pick up the black bowl between the plate and the ramekin and place it on the plate view 0 0 100 0 0 initstate 421
Success: False
# episodes completed so far: 284
# successes: 273 (96.1%)
Current task success rate: 0.0
Current total success rate: 0.9612676056338029

Task: pick up the black bowl between the plate and the ramekin and place it on the plate view 0 0 100 0 0 initstate 431
Success: False
# episodes completed so far: 285
# successes: 273 (95.8%)
Current task success rate: 0.0
Current total success rate: 0.9578947368421052

Task: pick up the black bowl between the plate and the ramekin and place it on the plate view 0 0 100 0 0 initstate 441
Success: False
# episodes completed so far: 286
# successes: 273 (95.5%)
Current task success rate: 0.0
Current total success rate: 0.9545454545454546

Task: pick up the black bowl between the plate and the ramekin and place it on the plate view 0 0 100 0 0 initstate 451
Success: False
# episodes completed so far: 287
# successes: 273 (95.1%)
Current task success rate: 0.0
Current total success rate: 0.9512195121951219

Task: pick up the black bowl between the plate and the ramekin and place it on the plate view 0 0 100 0 0 initstate 471
Success: True
# episodes completed so far: 288
# successes: 274 (95.1%)
Current task success rate: 1.0
Current total success rate: 0.9513888888888888

Task: pick up the black bowl between the plate and the ramekin and place it on the plate view 0 0 100 0 0 initstate 481
Success: True
# episodes completed so far: 289
# successes: 275 (95.2%)
Current task success rate: 1.0
Current total success rate: 0.9515570934256056

Task: pick up the black bowl between the plate and the ramekin and place it on the plate view 0 0 100 0 0 initstate 491
Success: True
# episodes completed so far: 290
# successes: 276 (95.2%)
Current task success rate: 1.0
Current total success rate: 0.9517241379310345

Task: pick up the black bowl next to the ramekin and place it on the plate view 0 0 100 0 0 initstate 42
Success: True
# episodes completed so far: 291
# successes: 277 (95.2%)
Current task success rate: 1.0
Current total success rate: 0.9518900343642611

Task: pick up the black bowl next to the ramekin and place it on the plate view 0 0 100 0 0 initstate 62
Success: True
# episodes completed so far: 292
# successes: 278 (95.2%)
Current task success rate: 1.0
Current total success rate: 0.952054794520548

Task: pick up the black bowl next to the ramekin and place it on the plate view 0 0 100 0 0 initstate 102
Success: True
# episodes completed so far: 293
# successes: 279 (95.2%)
Current task success rate: 1.0
Current total success rate: 0.9522184300341296

Task: pick up the black bowl next to the ramekin and place it on the plate view 0 0 100 0 0 initstate 112
Success: True
# episodes completed so far: 294
# successes: 280 (95.2%)
Current task success rate: 1.0
Current total success rate: 0.9523809523809523

Task: pick up the black bowl next to the ramekin and place it on the plate view 0 0 100 0 0 initstate 132
Success: False
# episodes completed so far: 295
# successes: 280 (94.9%)
Current task success rate: 0.0
Current total success rate: 0.9491525423728814

Task: pick up the black bowl next to the ramekin and place it on the plate view 0 0 100 0 0 initstate 142
Success: True
# episodes completed so far: 296
# successes: 281 (94.9%)
Current task success rate: 1.0
Current total success rate: 0.9493243243243243

Task: pick up the black bowl next to the ramekin and place it on the plate view 0 0 100 0 0 initstate 152
Success: True
# episodes completed so far: 297
# successes: 282 (94.9%)
Current task success rate: 1.0
Current total success rate: 0.9494949494949495

Task: pick up the black bowl next to the ramekin and place it on the plate view 0 0 100 0 0 initstate 162
Success: False
# episodes completed so far: 298
# successes: 282 (94.6%)
Current task success rate: 0.0
Current total success rate: 0.9463087248322147

Task: pick up the black bowl next to the ramekin and place it on the plate view 0 0 100 0 0 initstate 192
Success: True
# episodes completed so far: 299
# successes: 283 (94.6%)
Current task success rate: 1.0
Current total success rate: 0.9464882943143813

Task: pick up the black bowl next to the ramekin and place it on the plate view 0 0 100 0 0 initstate 202
Success: False
# episodes completed so far: 300
# successes: 283 (94.3%)
Current task success rate: 0.0
Current total success rate: 0.9433333333333334

Task: pick up the black bowl next to the ramekin and place it on the plate view 0 0 100 0 0 initstate 212
Success: False
# episodes completed so far: 301
# successes: 283 (94.0%)
Current task success rate: 0.0
Current total success rate: 0.9401993355481728

Task: pick up the black bowl next to the ramekin and place it on the plate view 0 0 100 0 0 initstate 222
Success: True
# episodes completed so far: 302
# successes: 284 (94.0%)
Current task success rate: 1.0
Current total success rate: 0.9403973509933775

Task: pick up the black bowl next to the ramekin and place it on the plate view 0 0 100 0 0 initstate 232
Success: False
# episodes completed so far: 303
# successes: 284 (93.7%)
Current task success rate: 0.0
Current total success rate: 0.9372937293729373

Task: pick up the black bowl next to the ramekin and place it on the plate view 0 0 100 0 0 initstate 242
Success: False
# episodes completed so far: 304
# successes: 284 (93.4%)
Current task success rate: 0.0
Current total success rate: 0.9342105263157895

Task: pick up the black bowl next to the ramekin and place it on the plate view 0 0 100 0 0 initstate 252
Success: True
# episodes completed so far: 305
# successes: 285 (93.4%)
Current task success rate: 1.0
Current total success rate: 0.9344262295081968

Task: pick up the black bowl next to the ramekin and place it on the plate view 0 0 100 0 0 initstate 262
Success: False
# episodes completed so far: 306
# successes: 285 (93.1%)
Current task success rate: 0.0
Current total success rate: 0.9313725490196079

Task: pick up the black bowl next to the ramekin and place it on the plate view 0 0 100 0 0 initstate 272
Success: False
# episodes completed so far: 307
# successes: 285 (92.8%)
Current task success rate: 0.0
Current total success rate: 0.9283387622149837

Task: pick up the black bowl next to the ramekin and place it on the plate view 0 0 100 0 0 initstate 282
Success: False
# episodes completed so far: 308
# successes: 285 (92.5%)
Current task success rate: 0.0
Current total success rate: 0.9253246753246753

Task: pick up the black bowl next to the ramekin and place it on the plate view 0 0 100 0 0 initstate 292
Success: True
# episodes completed so far: 309
# successes: 286 (92.6%)
Current task success rate: 1.0
Current total success rate: 0.9255663430420712

Task: pick up the black bowl next to the ramekin and place it on the plate view 0 0 100 0 0 initstate 302
Success: False
# episodes completed so far: 310
# successes: 286 (92.3%)
Current task success rate: 0.0
Current total success rate: 0.9225806451612903

Task: pick up the black bowl next to the ramekin and place it on the plate view 0 0 100 0 0 initstate 312
Success: False
# episodes completed so far: 311
# successes: 286 (92.0%)
Current task success rate: 0.0
Current total success rate: 0.9196141479099679

Task: pick up the black bowl next to the ramekin and place it on the plate view 0 0 100 0 0 initstate 322
Success: False
# episodes completed so far: 312
# successes: 286 (91.7%)
Current task success rate: 0.0
Current total success rate: 0.9166666666666666

Task: pick up the black bowl next to the ramekin and place it on the plate view 0 0 100 0 0 initstate 332
Success: False
# episodes completed so far: 313
# successes: 286 (91.4%)
Current task success rate: 0.0
Current total success rate: 0.9137380191693291

Task: pick up the black bowl next to the ramekin and place it on the plate view 0 0 100 0 0 initstate 342
Success: False
# episodes completed so far: 314
# successes: 286 (91.1%)
Current task success rate: 0.0
Current total success rate: 0.910828025477707

Task: pick up the black bowl next to the ramekin and place it on the plate view 0 0 100 0 0 initstate 352
Success: True
# episodes completed so far: 315
# successes: 287 (91.1%)
Current task success rate: 1.0
Current total success rate: 0.9111111111111111

Task: pick up the black bowl next to the ramekin and place it on the plate view 0 0 100 0 0 initstate 362
Success: True
# episodes completed so far: 316
# successes: 288 (91.1%)
Current task success rate: 1.0
Current total success rate: 0.9113924050632911

Task: pick up the black bowl next to the ramekin and place it on the plate view 0 0 100 0 0 initstate 372
Success: True
# episodes completed so far: 317
# successes: 289 (91.2%)
Current task success rate: 1.0
Current total success rate: 0.9116719242902208

Task: pick up the black bowl next to the ramekin and place it on the plate view 0 0 100 0 0 initstate 382
Success: True
# episodes completed so far: 318
# successes: 290 (91.2%)
Current task success rate: 1.0
Current total success rate: 0.9119496855345912

Task: pick up the black bowl next to the ramekin and place it on the plate view 0 0 100 0 0 initstate 392
Success: True
# episodes completed so far: 319
# successes: 291 (91.2%)
Current task success rate: 1.0
Current total success rate: 0.9122257053291536

Task: pick up the black bowl next to the ramekin and place it on the plate view 0 0 100 0 0 initstate 402
Success: False
# episodes completed so far: 320
# successes: 291 (90.9%)
Current task success rate: 0.0
Current total success rate: 0.909375

Task: pick up the black bowl next to the ramekin and place it on the plate view 0 0 100 0 0 initstate 412
Success: False
# episodes completed so far: 321
# successes: 291 (90.7%)
Current task success rate: 0.0
Current total success rate: 0.9065420560747663

Task: pick up the black bowl next to the ramekin and place it on the plate view 0 0 100 0 0 initstate 422
Success: False
# episodes completed so far: 322
# successes: 291 (90.4%)
Current task success rate: 0.0
Current total success rate: 0.9037267080745341

Task: pick up the black bowl next to the ramekin and place it on the plate view 0 0 100 0 0 initstate 432
Success: False
# episodes completed so far: 323
# successes: 291 (90.1%)
Current task success rate: 0.0
Current total success rate: 0.9009287925696594

Task: pick up the black bowl next to the ramekin and place it on the plate view 0 0 100 0 0 initstate 452
Success: False
# episodes completed so far: 324
# successes: 291 (89.8%)
Current task success rate: 0.0
Current total success rate: 0.8981481481481481

Task: pick up the black bowl next to the ramekin and place it on the plate view 0 0 100 0 0 initstate 462
Success: False
# episodes completed so far: 325
# successes: 291 (89.5%)
Current task success rate: 0.0
Current total success rate: 0.8953846153846153

Task: pick up the black bowl next to the ramekin and place it on the plate view 0 0 100 0 0 initstate 472
Success: False
# episodes completed so far: 326
# successes: 291 (89.3%)
Current task success rate: 0.0
Current total success rate: 0.8926380368098159

Task: pick up the black bowl next to the ramekin and place it on the plate view 0 0 100 0 0 initstate 482
Success: False
# episodes completed so far: 327
# successes: 291 (89.0%)
Current task success rate: 0.0
Current total success rate: 0.8899082568807339

Task: pick up the black bowl next to the ramekin and place it on the plate view 0 0 100 0 0 initstate 492
Success: False
# episodes completed so far: 328
# successes: 291 (88.7%)
Current task success rate: 0.0
Current total success rate: 0.8871951219512195

Task: pick up the black bowl from table center and place it on the plate view 0 0 100 0 0 initstate 13
Success: True
# episodes completed so far: 329
# successes: 292 (88.8%)
Current task success rate: 1.0
Current total success rate: 0.8875379939209727

Task: pick up the black bowl from table center and place it on the plate view 0 0 100 0 0 initstate 23
Success: True
# episodes completed so far: 330
# successes: 293 (88.8%)
Current task success rate: 1.0
Current total success rate: 0.8878787878787879

Task: pick up the black bowl from table center and place it on the plate view 0 0 100 0 0 initstate 43
Success: True
# episodes completed so far: 331
# successes: 294 (88.8%)
Current task success rate: 1.0
Current total success rate: 0.8882175226586103

Task: pick up the black bowl from table center and place it on the plate view 0 0 100 0 0 initstate 83
Success: True
# episodes completed so far: 332
# successes: 295 (88.9%)
Current task success rate: 1.0
Current total success rate: 0.8885542168674698

Task: pick up the black bowl from table center and place it on the plate view 0 0 100 0 0 initstate 103
Success: True
# episodes completed so far: 333
# successes: 296 (88.9%)
Current task success rate: 1.0
Current total success rate: 0.8888888888888888

Task: pick up the black bowl from table center and place it on the plate view 0 0 100 0 0 initstate 123
Success: True
# episodes completed so far: 334
# successes: 297 (88.9%)
Current task success rate: 1.0
Current total success rate: 0.8892215568862275

Task: pick up the black bowl from table center and place it on the plate view 0 0 100 0 0 initstate 133
Success: True
# episodes completed so far: 335
# successes: 298 (89.0%)
Current task success rate: 1.0
Current total success rate: 0.8895522388059701

Task: pick up the black bowl from table center and place it on the plate view 0 0 100 0 0 initstate 153
Success: True
# episodes completed so far: 336
# successes: 299 (89.0%)
Current task success rate: 1.0
Current total success rate: 0.8898809523809523

Task: pick up the black bowl from table center and place it on the plate view 0 0 100 0 0 initstate 173
Success: True
# episodes completed so far: 337
# successes: 300 (89.0%)
Current task success rate: 1.0
Current total success rate: 0.8902077151335311

Task: pick up the black bowl from table center and place it on the plate view 0 0 100 0 0 initstate 183
Success: True
# episodes completed so far: 338
# successes: 301 (89.1%)
Current task success rate: 1.0
Current total success rate: 0.8905325443786982

Task: pick up the black bowl from table center and place it on the plate view 0 0 100 0 0 initstate 193
Success: True
# episodes completed so far: 339
# successes: 302 (89.1%)
Current task success rate: 1.0
Current total success rate: 0.8908554572271387

Task: pick up the black bowl from table center and place it on the plate view 0 0 100 0 0 initstate 203
Success: True
# episodes completed so far: 340
# successes: 303 (89.1%)
Current task success rate: 1.0
Current total success rate: 0.8911764705882353

Task: pick up the black bowl from table center and place it on the plate view 0 0 100 0 0 initstate 223
Success: True
# episodes completed so far: 341
# successes: 304 (89.1%)
Current task success rate: 1.0
Current total success rate: 0.8914956011730205

Task: pick up the black bowl from table center and place it on the plate view 0 0 100 0 0 initstate 233
Success: True
# episodes completed so far: 342
# successes: 305 (89.2%)
Current task success rate: 1.0
Current total success rate: 0.8918128654970761

Task: pick up the black bowl from table center and place it on the plate view 0 0 100 0 0 initstate 253
Success: True
# episodes completed so far: 343
# successes: 306 (89.2%)
Current task success rate: 1.0
Current total success rate: 0.892128279883382

Task: pick up the black bowl from table center and place it on the plate view 0 0 100 0 0 initstate 273
Success: True
# episodes completed so far: 344
# successes: 307 (89.2%)
Current task success rate: 1.0
Current total success rate: 0.8924418604651163

Task: pick up the black bowl from table center and place it on the plate view 0 0 100 0 0 initstate 283
Success: True
# episodes completed so far: 345
# successes: 308 (89.3%)
Current task success rate: 1.0
Current total success rate: 0.8927536231884058

Task: pick up the black bowl from table center and place it on the plate view 0 0 100 0 0 initstate 293
Success: True
# episodes completed so far: 346
# successes: 309 (89.3%)
Current task success rate: 1.0
Current total success rate: 0.8930635838150289

Task: pick up the black bowl from table center and place it on the plate view 0 0 100 0 0 initstate 303
Success: True
# episodes completed so far: 347
# successes: 310 (89.3%)
Current task success rate: 1.0
Current total success rate: 0.8933717579250721

Task: pick up the black bowl from table center and place it on the plate view 0 0 100 0 0 initstate 313
Success: True
# episodes completed so far: 348
# successes: 311 (89.4%)
Current task success rate: 1.0
Current total success rate: 0.8936781609195402

Task: pick up the black bowl from table center and place it on the plate view 0 0 100 0 0 initstate 323
Success: True
# episodes completed so far: 349
# successes: 312 (89.4%)
Current task success rate: 1.0
Current total success rate: 0.8939828080229226

Task: pick up the black bowl from table center and place it on the plate view 0 0 100 0 0 initstate 333
Success: True
# episodes completed so far: 350
# successes: 313 (89.4%)
Current task success rate: 1.0
Current total success rate: 0.8942857142857142

Task: pick up the black bowl from table center and place it on the plate view 0 0 100 0 0 initstate 343
Success: True
# episodes completed so far: 351
# successes: 314 (89.5%)
Current task success rate: 1.0
Current total success rate: 0.8945868945868946

Task: pick up the black bowl from table center and place it on the plate view 0 0 100 0 0 initstate 353
Success: True
# episodes completed so far: 352
# successes: 315 (89.5%)
Current task success rate: 1.0
Current total success rate: 0.8948863636363636

Task: pick up the black bowl from table center and place it on the plate view 0 0 100 0 0 initstate 363
Success: True
# episodes completed so far: 353
# successes: 316 (89.5%)
Current task success rate: 1.0
Current total success rate: 0.8951841359773371

Task: pick up the black bowl from table center and place it on the plate view 0 0 100 0 0 initstate 373
Success: True
# episodes completed so far: 354
# successes: 317 (89.5%)
Current task success rate: 1.0
Current total success rate: 0.8954802259887006

Task: pick up the black bowl from table center and place it on the plate view 0 0 100 0 0 initstate 383
Success: True
# episodes completed so far: 355
# successes: 318 (89.6%)
Current task success rate: 1.0
Current total success rate: 0.895774647887324

Task: pick up the black bowl from table center and place it on the plate view 0 0 100 0 0 initstate 403
Success: True
# episodes completed so far: 356
# successes: 319 (89.6%)
Current task success rate: 1.0
Current total success rate: 0.8960674157303371

Task: pick up the black bowl from table center and place it on the plate view 0 0 100 0 0 initstate 413
Success: True
# episodes completed so far: 357
# successes: 320 (89.6%)
Current task success rate: 1.0
Current total success rate: 0.896358543417367

Task: pick up the black bowl from table center and place it on the plate view 0 0 100 0 0 initstate 423
Success: False
# episodes completed so far: 358
# successes: 320 (89.4%)
Current task success rate: 0.0
Current total success rate: 0.8938547486033519

Task: pick up the black bowl from table center and place it on the plate view 0 0 100 0 0 initstate 433
Success: True
# episodes completed so far: 359
# successes: 321 (89.4%)
Current task success rate: 1.0
Current total success rate: 0.8941504178272981

Task: pick up the black bowl from table center and place it on the plate view 0 0 100 0 0 initstate 453
Success: True
# episodes completed so far: 360
# successes: 322 (89.4%)
Current task success rate: 1.0
Current total success rate: 0.8944444444444445

Task: pick up the black bowl from table center and place it on the plate view 0 0 100 0 0 initstate 473
Success: False
# episodes completed so far: 361
# successes: 322 (89.2%)
Current task success rate: 0.0
Current total success rate: 0.8919667590027701

Task: pick up the black bowl from table center and place it on the plate view 0 0 100 0 0 initstate 483
Success: True
# episodes completed so far: 362
# successes: 323 (89.2%)
Current task success rate: 1.0
Current total success rate: 0.8922651933701657

Task: pick up the black bowl from table center and place it on the plate view 0 0 100 0 0 initstate 493
Success: True
# episodes completed so far: 363
# successes: 324 (89.3%)
Current task success rate: 1.0
Current total success rate: 0.8925619834710744

Task: pick up the black bowl on the cookie box and place it on the plate view 0 0 100 0 0 initstate 114
Success: True
# episodes completed so far: 364
# successes: 325 (89.3%)
Current task success rate: 1.0
Current total success rate: 0.8928571428571429

Task: pick up the black bowl on the cookie box and place it on the plate view 0 0 100 0 0 initstate 164
Success: True
# episodes completed so far: 365
# successes: 326 (89.3%)
Current task success rate: 1.0
Current total success rate: 0.8931506849315068

Task: pick up the black bowl on the cookie box and place it on the plate view 0 0 100 0 0 initstate 184
Success: True
# episodes completed so far: 366
# successes: 327 (89.3%)
Current task success rate: 1.0
Current total success rate: 0.8934426229508197

Task: pick up the black bowl on the cookie box and place it on the plate view 0 0 100 0 0 initstate 194
Success: True
# episodes completed so far: 367
# successes: 328 (89.4%)
Current task success rate: 1.0
Current total success rate: 0.8937329700272479

Task: pick up the black bowl on the cookie box and place it on the plate view 0 0 100 0 0 initstate 204
Success: True
# episodes completed so far: 368
# successes: 329 (89.4%)
Current task success rate: 1.0
Current total success rate: 0.8940217391304348

Task: pick up the black bowl on the cookie box and place it on the plate view 0 0 100 0 0 initstate 214
Success: True
# episodes completed so far: 369
# successes: 330 (89.4%)
Current task success rate: 1.0
Current total success rate: 0.8943089430894309

Task: pick up the black bowl on the cookie box and place it on the plate view 0 0 100 0 0 initstate 224
Success: True
# episodes completed so far: 370
# successes: 331 (89.5%)
Current task success rate: 1.0
Current total success rate: 0.8945945945945946

Task: pick up the black bowl on the cookie box and place it on the plate view 0 0 100 0 0 initstate 284
Success: True
# episodes completed so far: 371
# successes: 332 (89.5%)
Current task success rate: 1.0
Current total success rate: 0.894878706199461

Task: pick up the black bowl on the cookie box and place it on the plate view 0 0 100 0 0 initstate 294
Success: False
# episodes completed so far: 372
# successes: 332 (89.2%)
Current task success rate: 0.0
Current total success rate: 0.8924731182795699

Task: pick up the black bowl on the cookie box and place it on the plate view 0 0 100 0 0 initstate 324
Success: False
# episodes completed so far: 373
# successes: 332 (89.0%)
Current task success rate: 0.0
Current total success rate: 0.8900804289544236

Task: pick up the black bowl on the cookie box and place it on the plate view 0 0 100 0 0 initstate 334
Success: True
# episodes completed so far: 374
# successes: 333 (89.0%)
Current task success rate: 1.0
Current total success rate: 0.8903743315508021

Task: pick up the black bowl on the cookie box and place it on the plate view 0 0 100 0 0 initstate 344
Success: True
# episodes completed so far: 375
# successes: 334 (89.1%)
Current task success rate: 1.0
Current total success rate: 0.8906666666666667

Task: pick up the black bowl on the cookie box and place it on the plate view 0 0 100 0 0 initstate 374
Success: False
# episodes completed so far: 376
# successes: 334 (88.8%)
Current task success rate: 0.0
Current total success rate: 0.8882978723404256

Task: pick up the black bowl on the cookie box and place it on the plate view 0 0 100 0 0 initstate 384
Success: True
# episodes completed so far: 377
# successes: 335 (88.9%)
Current task success rate: 1.0
Current total success rate: 0.8885941644562334

Task: pick up the black bowl on the cookie box and place it on the plate view 0 0 100 0 0 initstate 394
Success: True
# episodes completed so far: 378
# successes: 336 (88.9%)
Current task success rate: 1.0
Current total success rate: 0.8888888888888888

Task: pick up the black bowl on the cookie box and place it on the plate view 0 0 100 0 0 initstate 414
Success: True
# episodes completed so far: 379
# successes: 337 (88.9%)
Current task success rate: 1.0
Current total success rate: 0.8891820580474934

Task: pick up the black bowl on the cookie box and place it on the plate view 0 0 100 0 0 initstate 424
Success: False
# episodes completed so far: 380
# successes: 337 (88.7%)
Current task success rate: 0.0
Current total success rate: 0.8868421052631579

Task: pick up the black bowl on the cookie box and place it on the plate view 0 0 100 0 0 initstate 434
Success: True
# episodes completed so far: 381
# successes: 338 (88.7%)
Current task success rate: 1.0
Current total success rate: 0.8871391076115486

Task: pick up the black bowl on the cookie box and place it on the plate view 0 0 100 0 0 initstate 444
Success: False
# episodes completed so far: 382
# successes: 338 (88.5%)
Current task success rate: 0.0
Current total success rate: 0.8848167539267016

Task: pick up the black bowl on the cookie box and place it on the plate view 0 0 100 0 0 initstate 454
Success: False
# episodes completed so far: 383
# successes: 338 (88.3%)
Current task success rate: 0.0
Current total success rate: 0.8825065274151436

Task: pick up the black bowl on the cookie box and place it on the plate view 0 0 100 0 0 initstate 464
Success: True
# episodes completed so far: 384
# successes: 339 (88.3%)
Current task success rate: 1.0
Current total success rate: 0.8828125

Task: pick up the black bowl on the cookie box and place it on the plate view 0 0 100 0 0 initstate 474
Success: False
# episodes completed so far: 385
# successes: 339 (88.1%)
Current task success rate: 0.0
Current total success rate: 0.8805194805194805

Task: pick up the black bowl on the cookie box and place it on the plate view 0 0 100 0 0 initstate 484
Success: True
# episodes completed so far: 386
# successes: 340 (88.1%)
Current task success rate: 1.0
Current total success rate: 0.8808290155440415

Task: pick up the black bowl on the cookie box and place it on the plate view 0 0 100 0 0 initstate 494
Success: True
# episodes completed so far: 387
# successes: 341 (88.1%)
Current task success rate: 1.0
Current total success rate: 0.8811369509043928

Task: pick up the black bowl in the top drawer of the wooden cabinet and place it on the plate view 0 0 100 0 0 initstate 55
Success: True
# episodes completed so far: 388
# successes: 342 (88.1%)
Current task success rate: 1.0
Current total success rate: 0.8814432989690721

Task: pick up the black bowl in the top drawer of the wooden cabinet and place it on the plate view 0 0 100 0 0 initstate 65
Success: True
# episodes completed so far: 389
# successes: 343 (88.2%)
Current task success rate: 1.0
Current total success rate: 0.8817480719794345

Task: pick up the black bowl in the top drawer of the wooden cabinet and place it on the plate view 0 0 100 0 0 initstate 95
Success: True
# episodes completed so far: 390
# successes: 344 (88.2%)
Current task success rate: 1.0
Current total success rate: 0.882051282051282

Task: pick up the black bowl in the top drawer of the wooden cabinet and place it on the plate view 0 0 100 0 0 initstate 105
Success: False
# episodes completed so far: 391
# successes: 344 (88.0%)
Current task success rate: 0.0
Current total success rate: 0.8797953964194374

Task: pick up the black bowl in the top drawer of the wooden cabinet and place it on the plate view 0 0 100 0 0 initstate 115
Success: False
# episodes completed so far: 392
# successes: 344 (87.8%)
Current task success rate: 0.0
Current total success rate: 0.8775510204081632

Task: pick up the black bowl in the top drawer of the wooden cabinet and place it on the plate view 0 0 100 0 0 initstate 125
Success: False
# episodes completed so far: 393
# successes: 344 (87.5%)
Current task success rate: 0.0
Current total success rate: 0.8753180661577609

Task: pick up the black bowl in the top drawer of the wooden cabinet and place it on the plate view 0 0 100 0 0 initstate 135
Success: True
# episodes completed so far: 394
# successes: 345 (87.6%)
Current task success rate: 1.0
Current total success rate: 0.8756345177664975

Task: pick up the black bowl in the top drawer of the wooden cabinet and place it on the plate view 0 0 100 0 0 initstate 145
Success: True
# episodes completed so far: 395
# successes: 346 (87.6%)
Current task success rate: 1.0
Current total success rate: 0.8759493670886076

Task: pick up the black bowl in the top drawer of the wooden cabinet and place it on the plate view 0 0 100 0 0 initstate 165
Success: True
# episodes completed so far: 396
# successes: 347 (87.6%)
Current task success rate: 1.0
Current total success rate: 0.8762626262626263

Task: pick up the black bowl in the top drawer of the wooden cabinet and place it on the plate view 0 0 100 0 0 initstate 175
Success: False
# episodes completed so far: 397
# successes: 347 (87.4%)
Current task success rate: 0.0
Current total success rate: 0.8740554156171285

Task: pick up the black bowl in the top drawer of the wooden cabinet and place it on the plate view 0 0 100 0 0 initstate 185
Success: True
# episodes completed so far: 398
# successes: 348 (87.4%)
Current task success rate: 1.0
Current total success rate: 0.8743718592964824

Task: pick up the black bowl in the top drawer of the wooden cabinet and place it on the plate view 0 0 100 0 0 initstate 195
Success: False
# episodes completed so far: 399
# successes: 348 (87.2%)
Current task success rate: 0.0
Current total success rate: 0.8721804511278195

Task: pick up the black bowl in the top drawer of the wooden cabinet and place it on the plate view 0 0 100 0 0 initstate 205
Success: True
# episodes completed so far: 400
# successes: 349 (87.2%)
Current task success rate: 1.0
Current total success rate: 0.8725

Task: pick up the black bowl in the top drawer of the wooden cabinet and place it on the plate view 0 0 100 0 0 initstate 215
Success: False
# episodes completed so far: 401
# successes: 349 (87.0%)
Current task success rate: 0.0
Current total success rate: 0.8703241895261845

Task: pick up the black bowl in the top drawer of the wooden cabinet and place it on the plate view 0 0 100 0 0 initstate 225
Success: False
# episodes completed so far: 402
# successes: 349 (86.8%)
Current task success rate: 0.0
Current total success rate: 0.8681592039800995

Task: pick up the black bowl in the top drawer of the wooden cabinet and place it on the plate view 0 0 100 0 0 initstate 235
Success: True
# episodes completed so far: 403
# successes: 350 (86.8%)
Current task success rate: 1.0
Current total success rate: 0.8684863523573201

Task: pick up the black bowl in the top drawer of the wooden cabinet and place it on the plate view 0 0 100 0 0 initstate 245
Success: True
# episodes completed so far: 404
# successes: 351 (86.9%)
Current task success rate: 1.0
Current total success rate: 0.8688118811881188

Task: pick up the black bowl in the top drawer of the wooden cabinet and place it on the plate view 0 0 100 0 0 initstate 255
Success: True
# episodes completed so far: 405
# successes: 352 (86.9%)
Current task success rate: 1.0
Current total success rate: 0.8691358024691358

Task: pick up the black bowl in the top drawer of the wooden cabinet and place it on the plate view 0 0 100 0 0 initstate 265
Success: True
# episodes completed so far: 406
# successes: 353 (86.9%)
Current task success rate: 1.0
Current total success rate: 0.8694581280788177

Task: pick up the black bowl in the top drawer of the wooden cabinet and place it on the plate view 0 0 100 0 0 initstate 275
Success: False
# episodes completed so far: 407
# successes: 353 (86.7%)
Current task success rate: 0.0
Current total success rate: 0.8673218673218673

Task: pick up the black bowl in the top drawer of the wooden cabinet and place it on the plate view 0 0 100 0 0 initstate 285
Success: False
# episodes completed so far: 408
# successes: 353 (86.5%)
Current task success rate: 0.0
Current total success rate: 0.8651960784313726

Task: pick up the black bowl in the top drawer of the wooden cabinet and place it on the plate view 0 0 100 0 0 initstate 295
Success: True
# episodes completed so far: 409
# successes: 354 (86.6%)
Current task success rate: 1.0
Current total success rate: 0.8655256723716381

Task: pick up the black bowl in the top drawer of the wooden cabinet and place it on the plate view 0 0 100 0 0 initstate 305
Success: False
# episodes completed so far: 410
# successes: 354 (86.3%)
Current task success rate: 0.0
Current total success rate: 0.8634146341463415

Task: pick up the black bowl in the top drawer of the wooden cabinet and place it on the plate view 0 0 100 0 0 initstate 315
Success: True
# episodes completed so far: 411
# successes: 355 (86.4%)
Current task success rate: 1.0
Current total success rate: 0.8637469586374696

Task: pick up the black bowl in the top drawer of the wooden cabinet and place it on the plate view 0 0 100 0 0 initstate 335
Success: False
# episodes completed so far: 412
# successes: 355 (86.2%)
Current task success rate: 0.0
Current total success rate: 0.8616504854368932

Task: pick up the black bowl in the top drawer of the wooden cabinet and place it on the plate view 0 0 100 0 0 initstate 345
Success: True
# episodes completed so far: 413
# successes: 356 (86.2%)
Current task success rate: 1.0
Current total success rate: 0.8619854721549637

Task: pick up the black bowl in the top drawer of the wooden cabinet and place it on the plate view 0 0 100 0 0 initstate 355
Success: True
# episodes completed so far: 414
# successes: 357 (86.2%)
Current task success rate: 1.0
Current total success rate: 0.8623188405797102

Task: pick up the black bowl in the top drawer of the wooden cabinet and place it on the plate view 0 0 100 0 0 initstate 365
Success: False
# episodes completed so far: 415
# successes: 357 (86.0%)
Current task success rate: 0.0
Current total success rate: 0.8602409638554217

Task: pick up the black bowl in the top drawer of the wooden cabinet and place it on the plate view 0 0 100 0 0 initstate 375
Success: False
# episodes completed so far: 416
# successes: 357 (85.8%)
Current task success rate: 0.0
Current total success rate: 0.8581730769230769

Task: pick up the black bowl in the top drawer of the wooden cabinet and place it on the plate view 0 0 100 0 0 initstate 385
Success: False
# episodes completed so far: 417
# successes: 357 (85.6%)
Current task success rate: 0.0
Current total success rate: 0.8561151079136691

Task: pick up the black bowl in the top drawer of the wooden cabinet and place it on the plate view 0 0 100 0 0 initstate 395
Success: False
# episodes completed so far: 418
# successes: 357 (85.4%)
Current task success rate: 0.0
Current total success rate: 0.854066985645933

Task: pick up the black bowl in the top drawer of the wooden cabinet and place it on the plate view 0 0 100 0 0 initstate 405
Success: False
# episodes completed so far: 419
# successes: 357 (85.2%)
Current task success rate: 0.0
Current total success rate: 0.8520286396181385

Task: pick up the black bowl in the top drawer of the wooden cabinet and place it on the plate view 0 0 100 0 0 initstate 425
Success: True
# episodes completed so far: 420
# successes: 358 (85.2%)
Current task success rate: 1.0
Current total success rate: 0.8523809523809524

Task: pick up the black bowl in the top drawer of the wooden cabinet and place it on the plate view 0 0 100 0 0 initstate 435
Success: False
# episodes completed so far: 421
# successes: 358 (85.0%)
Current task success rate: 0.0
Current total success rate: 0.850356294536817

Task: pick up the black bowl in the top drawer of the wooden cabinet and place it on the plate view 0 0 100 0 0 initstate 445
Success: True
# episodes completed so far: 422
# successes: 359 (85.1%)
Current task success rate: 1.0
Current total success rate: 0.8507109004739336

Task: pick up the black bowl in the top drawer of the wooden cabinet and place it on the plate view 0 0 100 0 0 initstate 455
Success: False
# episodes completed so far: 423
# successes: 359 (84.9%)
Current task success rate: 0.0
Current total success rate: 0.8486997635933806

Task: pick up the black bowl in the top drawer of the wooden cabinet and place it on the plate view 0 0 100 0 0 initstate 465
Success: True
# episodes completed so far: 424
# successes: 360 (84.9%)
Current task success rate: 1.0
Current total success rate: 0.8490566037735849

Task: pick up the black bowl in the top drawer of the wooden cabinet and place it on the plate view 0 0 100 0 0 initstate 475
Success: False
# episodes completed so far: 425
# successes: 360 (84.7%)
Current task success rate: 0.0
Current total success rate: 0.8470588235294118

Task: pick up the black bowl in the top drawer of the wooden cabinet and place it on the plate view 0 0 100 0 0 initstate 485
Success: False
# episodes completed so far: 426
# successes: 360 (84.5%)
Current task success rate: 0.0
Current total success rate: 0.8450704225352113

Task: pick up the black bowl in the top drawer of the wooden cabinet and place it on the plate view 0 0 100 0 0 initstate 495
Success: True
# episodes completed so far: 427
# successes: 361 (84.5%)
Current task success rate: 1.0
Current total success rate: 0.8454332552693209

Task: pick up the black bowl on the ramekin and place it on the plate view 0 0 100 0 0 initstate 16
Success: True
# episodes completed so far: 428
# successes: 362 (84.6%)
Current task success rate: 1.0
Current total success rate: 0.8457943925233645

Task: pick up the black bowl on the ramekin and place it on the plate view 0 0 100 0 0 initstate 106
Success: True
# episodes completed so far: 429
# successes: 363 (84.6%)
Current task success rate: 1.0
Current total success rate: 0.8461538461538461

Task: pick up the black bowl on the ramekin and place it on the plate view 0 0 100 0 0 initstate 116
Success: False
# episodes completed so far: 430
# successes: 363 (84.4%)
Current task success rate: 0.0
Current total success rate: 0.8441860465116279

Task: pick up the black bowl on the ramekin and place it on the plate view 0 0 100 0 0 initstate 126
Success: True
# episodes completed so far: 431
# successes: 364 (84.5%)
Current task success rate: 1.0
Current total success rate: 0.8445475638051044

Task: pick up the black bowl on the ramekin and place it on the plate view 0 0 100 0 0 initstate 136
Success: False
# episodes completed so far: 432
# successes: 364 (84.3%)
Current task success rate: 0.0
Current total success rate: 0.8425925925925926

Task: pick up the black bowl on the ramekin and place it on the plate view 0 0 100 0 0 initstate 146
Success: False
# episodes completed so far: 433
# successes: 364 (84.1%)
Current task success rate: 0.0
Current total success rate: 0.8406466512702079

Task: pick up the black bowl on the ramekin and place it on the plate view 0 0 100 0 0 initstate 196
Success: False
# episodes completed so far: 434
# successes: 364 (83.9%)
Current task success rate: 0.0
Current total success rate: 0.8387096774193549

Task: pick up the black bowl on the ramekin and place it on the plate view 0 0 100 0 0 initstate 206
Success: True
# episodes completed so far: 435
# successes: 365 (83.9%)
Current task success rate: 1.0
Current total success rate: 0.8390804597701149

Task: pick up the black bowl on the ramekin and place it on the plate view 0 0 100 0 0 initstate 226
Success: True
# episodes completed so far: 436
# successes: 366 (83.9%)
Current task success rate: 1.0
Current total success rate: 0.8394495412844036

Task: pick up the black bowl on the ramekin and place it on the plate view 0 0 100 0 0 initstate 236
Success: False
# episodes completed so far: 437
# successes: 366 (83.8%)
Current task success rate: 0.0
Current total success rate: 0.8375286041189931

Task: pick up the black bowl on the ramekin and place it on the plate view 0 0 100 0 0 initstate 246
Success: False
# episodes completed so far: 438
# successes: 366 (83.6%)
Current task success rate: 0.0
Current total success rate: 0.8356164383561644

Task: pick up the black bowl on the ramekin and place it on the plate view 0 0 100 0 0 initstate 266
Success: True
# episodes completed so far: 439
# successes: 367 (83.6%)
Current task success rate: 1.0
Current total success rate: 0.835990888382688

Task: pick up the black bowl on the ramekin and place it on the plate view 0 0 100 0 0 initstate 276
Success: False
# episodes completed so far: 440
# successes: 367 (83.4%)
Current task success rate: 0.0
Current total success rate: 0.8340909090909091

Task: pick up the black bowl on the ramekin and place it on the plate view 0 0 100 0 0 initstate 296
Success: False
# episodes completed so far: 441
# successes: 367 (83.2%)
Current task success rate: 0.0
Current total success rate: 0.8321995464852607

Task: pick up the black bowl on the ramekin and place it on the plate view 0 0 100 0 0 initstate 306
Success: False
# episodes completed so far: 442
# successes: 367 (83.0%)
Current task success rate: 0.0
Current total success rate: 0.830316742081448

Task: pick up the black bowl on the ramekin and place it on the plate view 0 0 100 0 0 initstate 316
Success: False
# episodes completed so far: 443
# successes: 367 (82.8%)
Current task success rate: 0.0
Current total success rate: 0.8284424379232506

Task: pick up the black bowl on the ramekin and place it on the plate view 0 0 100 0 0 initstate 326
Success: False
# episodes completed so far: 444
# successes: 367 (82.7%)
Current task success rate: 0.0
Current total success rate: 0.8265765765765766

Task: pick up the black bowl on the ramekin and place it on the plate view 0 0 100 0 0 initstate 336
Success: False
# episodes completed so far: 445
# successes: 367 (82.5%)
Current task success rate: 0.0
Current total success rate: 0.8247191011235955

Task: pick up the black bowl on the ramekin and place it on the plate view 0 0 100 0 0 initstate 346
Success: False
# episodes completed so far: 446
# successes: 367 (82.3%)
Current task success rate: 0.0
Current total success rate: 0.8228699551569507

Task: pick up the black bowl on the ramekin and place it on the plate view 0 0 100 0 0 initstate 356
Success: False
# episodes completed so far: 447
# successes: 367 (82.1%)
Current task success rate: 0.0
Current total success rate: 0.8210290827740492

Task: pick up the black bowl on the ramekin and place it on the plate view 0 0 100 0 0 initstate 366
Success: False
# episodes completed so far: 448
# successes: 367 (81.9%)
Current task success rate: 0.0
Current total success rate: 0.8191964285714286

Task: pick up the black bowl on the ramekin and place it on the plate view 0 0 100 0 0 initstate 376
Success: False
# episodes completed so far: 449
# successes: 367 (81.7%)
Current task success rate: 0.0
Current total success rate: 0.8173719376391982

Task: pick up the black bowl on the ramekin and place it on the plate view 0 0 100 0 0 initstate 396
Success: True
# episodes completed so far: 450
# successes: 368 (81.8%)
Current task success rate: 1.0
Current total success rate: 0.8177777777777778

Task: pick up the black bowl on the ramekin and place it on the plate view 0 0 100 0 0 initstate 406
Success: True
# episodes completed so far: 451
# successes: 369 (81.8%)
Current task success rate: 1.0
Current total success rate: 0.8181818181818182

Task: pick up the black bowl on the ramekin and place it on the plate view 0 0 100 0 0 initstate 416
Success: True
# episodes completed so far: 452
# successes: 370 (81.9%)
Current task success rate: 1.0
Current total success rate: 0.8185840707964602

Task: pick up the black bowl on the ramekin and place it on the plate view 0 0 100 0 0 initstate 426
Success: False
# episodes completed so far: 453
# successes: 370 (81.7%)
Current task success rate: 0.0
Current total success rate: 0.8167770419426048

Task: pick up the black bowl on the ramekin and place it on the plate view 0 0 100 0 0 initstate 446
Success: False
# episodes completed so far: 454
# successes: 370 (81.5%)
Current task success rate: 0.0
Current total success rate: 0.8149779735682819

Task: pick up the black bowl on the ramekin and place it on the plate view 0 0 100 0 0 initstate 456
Success: False
# episodes completed so far: 455
# successes: 370 (81.3%)
Current task success rate: 0.0
Current total success rate: 0.8131868131868132

Task: pick up the black bowl on the ramekin and place it on the plate view 0 0 100 0 0 initstate 466
Success: False
# episodes completed so far: 456
# successes: 370 (81.1%)
Current task success rate: 0.0
Current total success rate: 0.8114035087719298

Task: pick up the black bowl on the ramekin and place it on the plate view 0 0 100 0 0 initstate 476
Success: True
# episodes completed so far: 457
# successes: 371 (81.2%)
Current task success rate: 1.0
Current total success rate: 0.811816192560175

Task: pick up the black bowl on the ramekin and place it on the plate view 0 0 100 0 0 initstate 486
Success: False
# episodes completed so far: 458
# successes: 371 (81.0%)
Current task success rate: 0.0
Current total success rate: 0.8100436681222707

Task: pick up the black bowl on the ramekin and place it on the plate view 0 0 100 0 0 initstate 496
Success: False
# episodes completed so far: 459
# successes: 371 (80.8%)
Current task success rate: 0.0
Current total success rate: 0.8082788671023965

Task: pick up the black bowl next to the cookie box and place it on the plate view 0 0 100 0 0 initstate 17
Success: True
# episodes completed so far: 460
# successes: 372 (80.9%)
Current task success rate: 1.0
Current total success rate: 0.808695652173913

Task: pick up the black bowl next to the cookie box and place it on the plate view 0 0 100 0 0 initstate 47
Success: True
# episodes completed so far: 461
# successes: 373 (80.9%)
Current task success rate: 1.0
Current total success rate: 0.8091106290672451

Task: pick up the black bowl next to the cookie box and place it on the plate view 0 0 100 0 0 initstate 107
Success: True
# episodes completed so far: 462
# successes: 374 (81.0%)
Current task success rate: 1.0
Current total success rate: 0.8095238095238095

Task: pick up the black bowl next to the cookie box and place it on the plate view 0 0 100 0 0 initstate 117
Success: True
# episodes completed so far: 463
# successes: 375 (81.0%)
Current task success rate: 1.0
Current total success rate: 0.8099352051835853

Task: pick up the black bowl next to the cookie box and place it on the plate view 0 0 100 0 0 initstate 147
Success: True
# episodes completed so far: 464
# successes: 376 (81.0%)
Current task success rate: 1.0
Current total success rate: 0.8103448275862069

Task: pick up the black bowl next to the cookie box and place it on the plate view 0 0 100 0 0 initstate 157
Success: True
# episodes completed so far: 465
# successes: 377 (81.1%)
Current task success rate: 1.0
Current total success rate: 0.810752688172043

Task: pick up the black bowl next to the cookie box and place it on the plate view 0 0 100 0 0 initstate 177
Success: True
# episodes completed so far: 466
# successes: 378 (81.1%)
Current task success rate: 1.0
Current total success rate: 0.8111587982832618

Task: pick up the black bowl next to the cookie box and place it on the plate view 0 0 100 0 0 initstate 237
Success: True
# episodes completed so far: 467
# successes: 379 (81.2%)
Current task success rate: 1.0
Current total success rate: 0.8115631691648822

Task: pick up the black bowl next to the cookie box and place it on the plate view 0 0 100 0 0 initstate 247
Success: True
# episodes completed so far: 468
# successes: 380 (81.2%)
Current task success rate: 1.0
Current total success rate: 0.811965811965812

Task: pick up the black bowl next to the cookie box and place it on the plate view 0 0 100 0 0 initstate 257
Success: True
# episodes completed so far: 469
# successes: 381 (81.2%)
Current task success rate: 1.0
Current total success rate: 0.8123667377398721

Task: pick up the black bowl next to the cookie box and place it on the plate view 0 0 100 0 0 initstate 287
Success: True
# episodes completed so far: 470
# successes: 382 (81.3%)
Current task success rate: 1.0
Current total success rate: 0.8127659574468085

Task: pick up the black bowl next to the cookie box and place it on the plate view 0 0 100 0 0 initstate 317
Success: True
# episodes completed so far: 471
# successes: 383 (81.3%)
Current task success rate: 1.0
Current total success rate: 0.8131634819532909

Task: pick up the black bowl next to the cookie box and place it on the plate view 0 0 100 0 0 initstate 327
Success: True
# episodes completed so far: 472
# successes: 384 (81.4%)
Current task success rate: 1.0
Current total success rate: 0.8135593220338984

Task: pick up the black bowl next to the cookie box and place it on the plate view 0 0 100 0 0 initstate 337
Success: True
# episodes completed so far: 473
# successes: 385 (81.4%)
Current task success rate: 1.0
Current total success rate: 0.813953488372093

Task: pick up the black bowl next to the cookie box and place it on the plate view 0 0 100 0 0 initstate 347
Success: False
# episodes completed so far: 474
# successes: 385 (81.2%)
Current task success rate: 0.0
Current total success rate: 0.8122362869198312

Task: pick up the black bowl next to the cookie box and place it on the plate view 0 0 100 0 0 initstate 357
Success: False
# episodes completed so far: 475
# successes: 385 (81.1%)
Current task success rate: 0.0
Current total success rate: 0.8105263157894737

Task: pick up the black bowl next to the cookie box and place it on the plate view 0 0 100 0 0 initstate 367
Success: True
# episodes completed so far: 476
# successes: 386 (81.1%)
Current task success rate: 1.0
Current total success rate: 0.8109243697478992

Task: pick up the black bowl next to the cookie box and place it on the plate view 0 0 100 0 0 initstate 377
Success: True
# episodes completed so far: 477
# successes: 387 (81.1%)
Current task success rate: 1.0
Current total success rate: 0.8113207547169812

Task: pick up the black bowl next to the cookie box and place it on the plate view 0 0 100 0 0 initstate 387
Success: True
# episodes completed so far: 478
# successes: 388 (81.2%)
Current task success rate: 1.0
Current total success rate: 0.8117154811715481

Task: pick up the black bowl next to the cookie box and place it on the plate view 0 0 100 0 0 initstate 407
Success: True
# episodes completed so far: 479
# successes: 389 (81.2%)
Current task success rate: 1.0
Current total success rate: 0.8121085594989561

Task: pick up the black bowl next to the cookie box and place it on the plate view 0 0 100 0 0 initstate 427
Success: True
# episodes completed so far: 480
# successes: 390 (81.2%)
Current task success rate: 1.0
Current total success rate: 0.8125

Task: pick up the black bowl next to the cookie box and place it on the plate view 0 0 100 0 0 initstate 447
Success: True
# episodes completed so far: 481
# successes: 391 (81.3%)
Current task success rate: 1.0
Current total success rate: 0.8128898128898129

Task: pick up the black bowl next to the cookie box and place it on the plate view 0 0 100 0 0 initstate 457
Success: False
# episodes completed so far: 482
# successes: 391 (81.1%)
Current task success rate: 0.0
Current total success rate: 0.8112033195020747

Task: pick up the black bowl next to the cookie box and place it on the plate view 0 0 100 0 0 initstate 467
Success: True
# episodes completed so far: 483
# successes: 392 (81.2%)
Current task success rate: 1.0
Current total success rate: 0.8115942028985508

Task: pick up the black bowl next to the cookie box and place it on the plate view 0 0 100 0 0 initstate 477
Success: True
# episodes completed so far: 484
# successes: 393 (81.2%)
Current task success rate: 1.0
Current total success rate: 0.8119834710743802

Task: pick up the black bowl next to the cookie box and place it on the plate view 0 0 100 0 0 initstate 487
Success: True
# episodes completed so far: 485
# successes: 394 (81.2%)
Current task success rate: 1.0
Current total success rate: 0.8123711340206186

Task: pick up the black bowl next to the cookie box and place it on the plate view 0 0 100 0 0 initstate 497
Success: False
# episodes completed so far: 486
# successes: 394 (81.1%)
Current task success rate: 0.0
Current total success rate: 0.8106995884773662

Task: pick up the black bowl on the stove and place it on the plate view 0 0 100 0 0 initstate 8
Success: True
# episodes completed so far: 487
# successes: 395 (81.1%)
Current task success rate: 1.0
Current total success rate: 0.811088295687885

Task: pick up the black bowl on the stove and place it on the plate view 0 0 100 0 0 initstate 58
Success: True
# episodes completed so far: 488
# successes: 396 (81.1%)
Current task success rate: 1.0
Current total success rate: 0.8114754098360656

Task: pick up the black bowl on the stove and place it on the plate view 0 0 100 0 0 initstate 78
Success: True
# episodes completed so far: 489
# successes: 397 (81.2%)
Current task success rate: 1.0
Current total success rate: 0.8118609406952966

Task: pick up the black bowl on the stove and place it on the plate view 0 0 100 0 0 initstate 88
Success: True
# episodes completed so far: 490
# successes: 398 (81.2%)
Current task success rate: 1.0
Current total success rate: 0.8122448979591836

Task: pick up the black bowl on the stove and place it on the plate view 0 0 100 0 0 initstate 108
Success: True
# episodes completed so far: 491
# successes: 399 (81.3%)
Current task success rate: 1.0
Current total success rate: 0.8126272912423625

Task: pick up the black bowl on the stove and place it on the plate view 0 0 100 0 0 initstate 118
Success: True
# episodes completed so far: 492
# successes: 400 (81.3%)
Current task success rate: 1.0
Current total success rate: 0.8130081300813008

Task: pick up the black bowl on the stove and place it on the plate view 0 0 100 0 0 initstate 128
Success: True
# episodes completed so far: 493
# successes: 401 (81.3%)
Current task success rate: 1.0
Current total success rate: 0.8133874239350912

Task: pick up the black bowl on the stove and place it on the plate view 0 0 100 0 0 initstate 138
Success: True
# episodes completed so far: 494
# successes: 402 (81.4%)
Current task success rate: 1.0
Current total success rate: 0.8137651821862348

Task: pick up the black bowl on the stove and place it on the plate view 0 0 100 0 0 initstate 148
Success: True
# episodes completed so far: 495
# successes: 403 (81.4%)
Current task success rate: 1.0
Current total success rate: 0.8141414141414142

Task: pick up the black bowl on the stove and place it on the plate view 0 0 100 0 0 initstate 158
Success: True
# episodes completed so far: 496
# successes: 404 (81.5%)
Current task success rate: 1.0
Current total success rate: 0.8145161290322581

Task: pick up the black bowl on the stove and place it on the plate view 0 0 100 0 0 initstate 178
Success: True
# episodes completed so far: 497
# successes: 405 (81.5%)
Current task success rate: 1.0
Current total success rate: 0.8148893360160966

Task: pick up the black bowl on the stove and place it on the plate view 0 0 100 0 0 initstate 188
Success: False
# episodes completed so far: 498
# successes: 405 (81.3%)
Current task success rate: 0.0
Current total success rate: 0.8132530120481928

Task: pick up the black bowl on the stove and place it on the plate view 0 0 100 0 0 initstate 198
Success: True
# episodes completed so far: 499
# successes: 406 (81.4%)
Current task success rate: 1.0
Current total success rate: 0.8136272545090181

Task: pick up the black bowl on the stove and place it on the plate view 0 0 100 0 0 initstate 208
Success: True
# episodes completed so far: 500
# successes: 407 (81.4%)
Current task success rate: 1.0
Current total success rate: 0.814

Task: pick up the black bowl on the stove and place it on the plate view 0 0 100 0 0 initstate 218
Success: True
# episodes completed so far: 501
# successes: 408 (81.4%)
Current task success rate: 1.0
Current total success rate: 0.8143712574850299

Task: pick up the black bowl on the stove and place it on the plate view 0 0 100 0 0 initstate 228
Success: True
# episodes completed so far: 502
# successes: 409 (81.5%)
Current task success rate: 1.0
Current total success rate: 0.8147410358565738

Task: pick up the black bowl on the stove and place it on the plate view 0 0 100 0 0 initstate 238
Success: True
# episodes completed so far: 503
# successes: 410 (81.5%)
Current task success rate: 1.0
Current total success rate: 0.8151093439363817

Task: pick up the black bowl on the stove and place it on the plate view 0 0 100 0 0 initstate 248
Success: False
# episodes completed so far: 504
# successes: 410 (81.3%)
Current task success rate: 0.0
Current total success rate: 0.8134920634920635

Task: pick up the black bowl on the stove and place it on the plate view 0 0 100 0 0 initstate 258
Success: True
# episodes completed so far: 505
# successes: 411 (81.4%)
Current task success rate: 1.0
Current total success rate: 0.8138613861386138

Task: pick up the black bowl on the stove and place it on the plate view 0 0 100 0 0 initstate 268
Success: False
# episodes completed so far: 506
# successes: 411 (81.2%)
Current task success rate: 0.0
Current total success rate: 0.8122529644268774

Task: pick up the black bowl on the stove and place it on the plate view 0 0 100 0 0 initstate 278
Success: True
# episodes completed so far: 507
# successes: 412 (81.3%)
Current task success rate: 1.0
Current total success rate: 0.8126232741617357

Task: pick up the black bowl on the stove and place it on the plate view 0 0 100 0 0 initstate 288
Success: True
# episodes completed so far: 508
# successes: 413 (81.3%)
Current task success rate: 1.0
Current total success rate: 0.812992125984252

Task: pick up the black bowl on the stove and place it on the plate view 0 0 100 0 0 initstate 298
Success: True
# episodes completed so far: 509
# successes: 414 (81.3%)
Current task success rate: 1.0
Current total success rate: 0.8133595284872298

Task: pick up the black bowl on the stove and place it on the plate view 0 0 100 0 0 initstate 308
Success: True
# episodes completed so far: 510
# successes: 415 (81.4%)
Current task success rate: 1.0
Current total success rate: 0.8137254901960784

Task: pick up the black bowl on the stove and place it on the plate view 0 0 100 0 0 initstate 318
Success: True
# episodes completed so far: 511
# successes: 416 (81.4%)
Current task success rate: 1.0
Current total success rate: 0.8140900195694716

Task: pick up the black bowl on the stove and place it on the plate view 0 0 100 0 0 initstate 328
Success: True
# episodes completed so far: 512
# successes: 417 (81.4%)
Current task success rate: 1.0
Current total success rate: 0.814453125

Task: pick up the black bowl on the stove and place it on the plate view 0 0 100 0 0 initstate 338
Success: True
# episodes completed so far: 513
# successes: 418 (81.5%)
Current task success rate: 1.0
Current total success rate: 0.8148148148148148

Task: pick up the black bowl on the stove and place it on the plate view 0 0 100 0 0 initstate 348
Success: True
# episodes completed so far: 514
# successes: 419 (81.5%)
Current task success rate: 1.0
Current total success rate: 0.8151750972762646

Task: pick up the black bowl on the stove and place it on the plate view 0 0 100 0 0 initstate 358
Success: True
# episodes completed so far: 515
# successes: 420 (81.6%)
Current task success rate: 1.0
Current total success rate: 0.8155339805825242

Task: pick up the black bowl on the stove and place it on the plate view 0 0 100 0 0 initstate 368
Success: False
# episodes completed so far: 516
# successes: 420 (81.4%)
Current task success rate: 0.0
Current total success rate: 0.813953488372093

Task: pick up the black bowl on the stove and place it on the plate view 0 0 100 0 0 initstate 378
Success: False
# episodes completed so far: 517
# successes: 420 (81.2%)
Current task success rate: 0.0
Current total success rate: 0.8123791102514507

Task: pick up the black bowl on the stove and place it on the plate view 0 0 100 0 0 initstate 388
Success: False
# episodes completed so far: 518
# successes: 420 (81.1%)
Current task success rate: 0.0
Current total success rate: 0.8108108108108109

Task: pick up the black bowl on the stove and place it on the plate view 0 0 100 0 0 initstate 398
Success: False
# episodes completed so far: 519
# successes: 420 (80.9%)
Current task success rate: 0.0
Current total success rate: 0.8092485549132948

Task: pick up the black bowl on the stove and place it on the plate view 0 0 100 0 0 initstate 408
Success: True
# episodes completed so far: 520
# successes: 421 (81.0%)
Current task success rate: 1.0
Current total success rate: 0.8096153846153846

Task: pick up the black bowl on the stove and place it on the plate view 0 0 100 0 0 initstate 418
Success: False
# episodes completed so far: 521
# successes: 421 (80.8%)
Current task success rate: 0.0
Current total success rate: 0.8080614203454894

Task: pick up the black bowl on the stove and place it on the plate view 0 0 100 0 0 initstate 428
Success: False
# episodes completed so far: 522
# successes: 421 (80.7%)
Current task success rate: 0.0
Current total success rate: 0.8065134099616859

Task: pick up the black bowl on the stove and place it on the plate view 0 0 100 0 0 initstate 438
Success: True
# episodes completed so far: 523
# successes: 422 (80.7%)
Current task success rate: 1.0
Current total success rate: 0.8068833652007649

Task: pick up the black bowl on the stove and place it on the plate view 0 0 100 0 0 initstate 448
Success: True
# episodes completed so far: 524
# successes: 423 (80.7%)
Current task success rate: 1.0
Current total success rate: 0.8072519083969466

Task: pick up the black bowl on the stove and place it on the plate view 0 0 100 0 0 initstate 458
Success: False
# episodes completed so far: 525
# successes: 423 (80.6%)
Current task success rate: 0.0
Current total success rate: 0.8057142857142857

Task: pick up the black bowl on the stove and place it on the plate view 0 0 100 0 0 initstate 468
Success: True
# episodes completed so far: 526
# successes: 424 (80.6%)
Current task success rate: 1.0
Current total success rate: 0.8060836501901141

Task: pick up the black bowl on the stove and place it on the plate view 0 0 100 0 0 initstate 478
Success: True
# episodes completed so far: 527
# successes: 425 (80.6%)
Current task success rate: 1.0
Current total success rate: 0.8064516129032258

Task: pick up the black bowl on the stove and place it on the plate view 0 0 100 0 0 initstate 488
Success: False
# episodes completed so far: 528
# successes: 425 (80.5%)
Current task success rate: 0.0
Current total success rate: 0.8049242424242424

Task: pick up the black bowl on the stove and place it on the plate view 0 0 100 0 0 initstate 498
Success: True
# episodes completed so far: 529
# successes: 426 (80.5%)
Current task success rate: 1.0
Current total success rate: 0.8052930056710775

Task: pick up the black bowl next to the plate and place it on the plate view 0 0 100 0 0 initstate 19
Success: True
# episodes completed so far: 530
# successes: 427 (80.6%)
Current task success rate: 1.0
Current total success rate: 0.8056603773584906

Task: pick up the black bowl next to the plate and place it on the plate view 0 0 100 0 0 initstate 89
Success: True
# episodes completed so far: 531
# successes: 428 (80.6%)
Current task success rate: 1.0
Current total success rate: 0.8060263653483992

Task: pick up the black bowl next to the plate and place it on the plate view 0 0 100 0 0 initstate 99
Success: True
# episodes completed so far: 532
# successes: 429 (80.6%)
Current task success rate: 1.0
Current total success rate: 0.806390977443609

Task: pick up the black bowl next to the plate and place it on the plate view 0 0 100 0 0 initstate 109
Success: True
# episodes completed so far: 533
# successes: 430 (80.7%)
Current task success rate: 1.0
Current total success rate: 0.8067542213883677

Task: pick up the black bowl next to the plate and place it on the plate view 0 0 100 0 0 initstate 119
Success: True
# episodes completed so far: 534
# successes: 431 (80.7%)
Current task success rate: 1.0
Current total success rate: 0.8071161048689138

Task: pick up the black bowl next to the plate and place it on the plate view 0 0 100 0 0 initstate 129
Success: True
# episodes completed so far: 535
# successes: 432 (80.7%)
Current task success rate: 1.0
Current total success rate: 0.8074766355140187

Task: pick up the black bowl next to the plate and place it on the plate view 0 0 100 0 0 initstate 139
Success: False
# episodes completed so far: 536
# successes: 432 (80.6%)
Current task success rate: 0.0
Current total success rate: 0.8059701492537313

Task: pick up the black bowl next to the plate and place it on the plate view 0 0 100 0 0 initstate 149
Success: True
# episodes completed so far: 537
# successes: 433 (80.6%)
Current task success rate: 1.0
Current total success rate: 0.8063314711359404

Task: pick up the black bowl next to the plate and place it on the plate view 0 0 100 0 0 initstate 159
Success: True
# episodes completed so far: 538
# successes: 434 (80.7%)
Current task success rate: 1.0
Current total success rate: 0.8066914498141264

Task: pick up the black bowl next to the plate and place it on the plate view 0 0 100 0 0 initstate 169
Success: True
# episodes completed so far: 539
# successes: 435 (80.7%)
Current task success rate: 1.0
Current total success rate: 0.8070500927643784

Task: pick up the black bowl next to the plate and place it on the plate view 0 0 100 0 0 initstate 189
Success: True
# episodes completed so far: 540
# successes: 436 (80.7%)
Current task success rate: 1.0
Current total success rate: 0.8074074074074075

Task: pick up the black bowl next to the plate and place it on the plate view 0 0 100 0 0 initstate 199
Success: True
# episodes completed so far: 541
# successes: 437 (80.8%)
Current task success rate: 1.0
Current total success rate: 0.8077634011090573

Task: pick up the black bowl next to the plate and place it on the plate view 0 0 100 0 0 initstate 229
Success: True
# episodes completed so far: 542
# successes: 438 (80.8%)
Current task success rate: 1.0
Current total success rate: 0.8081180811808119

Task: pick up the black bowl next to the plate and place it on the plate view 0 0 100 0 0 initstate 239
Success: True
# episodes completed so far: 543
# successes: 439 (80.8%)
Current task success rate: 1.0
Current total success rate: 0.8084714548802947

Task: pick up the black bowl next to the plate and place it on the plate view 0 0 100 0 0 initstate 249
Success: True
# episodes completed so far: 544
# successes: 440 (80.9%)
Current task success rate: 1.0
Current total success rate: 0.8088235294117647

Task: pick up the black bowl next to the plate and place it on the plate view 0 0 100 0 0 initstate 259
Success: True
# episodes completed so far: 545
# successes: 441 (80.9%)
Current task success rate: 1.0
Current total success rate: 0.8091743119266055

Task: pick up the black bowl next to the plate and place it on the plate view 0 0 100 0 0 initstate 269
Success: True
# episodes completed so far: 546
# successes: 442 (81.0%)
Current task success rate: 1.0
Current total success rate: 0.8095238095238095

Task: pick up the black bowl next to the plate and place it on the plate view 0 0 100 0 0 initstate 279
Success: True
# episodes completed so far: 547
# successes: 443 (81.0%)
Current task success rate: 1.0
Current total success rate: 0.8098720292504571

Task: pick up the black bowl next to the plate and place it on the plate view 0 0 100 0 0 initstate 289
Success: True
# episodes completed so far: 548
# successes: 444 (81.0%)
Current task success rate: 1.0
Current total success rate: 0.8102189781021898

Task: pick up the black bowl next to the plate and place it on the plate view 0 0 100 0 0 initstate 299
Success: True
# episodes completed so far: 549
# successes: 445 (81.1%)
Current task success rate: 1.0
Current total success rate: 0.8105646630236795

Task: pick up the black bowl next to the plate and place it on the plate view 0 0 100 0 0 initstate 309
Success: True
# episodes completed so far: 550
# successes: 446 (81.1%)
Current task success rate: 1.0
Current total success rate: 0.8109090909090909

Task: pick up the black bowl next to the plate and place it on the plate view 0 0 100 0 0 initstate 319
Success: True
# episodes completed so far: 551
# successes: 447 (81.1%)
Current task success rate: 1.0
Current total success rate: 0.8112522686025408

Task: pick up the black bowl next to the plate and place it on the plate view 0 0 100 0 0 initstate 329
Success: False
# episodes completed so far: 552
# successes: 447 (81.0%)
Current task success rate: 0.0
Current total success rate: 0.8097826086956522

Task: pick up the black bowl next to the plate and place it on the plate view 0 0 100 0 0 initstate 339
Success: False
# episodes completed so far: 553
# successes: 447 (80.8%)
Current task success rate: 0.0
Current total success rate: 0.8083182640144665

Task: pick up the black bowl next to the plate and place it on the plate view 0 0 100 0 0 initstate 349
Success: True
# episodes completed so far: 554
# successes: 448 (80.9%)
Current task success rate: 1.0
Current total success rate: 0.8086642599277978

Task: pick up the black bowl next to the plate and place it on the plate view 0 0 100 0 0 initstate 359
Success: False
# episodes completed so far: 555
# successes: 448 (80.7%)
Current task success rate: 0.0
Current total success rate: 0.8072072072072072

Task: pick up the black bowl next to the plate and place it on the plate view 0 0 100 0 0 initstate 379
Success: True
# episodes completed so far: 556
# successes: 449 (80.8%)
Current task success rate: 1.0
Current total success rate: 0.8075539568345323

Task: pick up the black bowl next to the plate and place it on the plate view 0 0 100 0 0 initstate 389
Success: True
# episodes completed so far: 557
# successes: 450 (80.8%)
Current task success rate: 1.0
Current total success rate: 0.8078994614003591

Task: pick up the black bowl next to the plate and place it on the plate view 0 0 100 0 0 initstate 399
Success: True
# episodes completed so far: 558
# successes: 451 (80.8%)
Current task success rate: 1.0
Current total success rate: 0.8082437275985663

Task: pick up the black bowl next to the plate and place it on the plate view 0 0 100 0 0 initstate 409
Success: True
# episodes completed so far: 559
# successes: 452 (80.9%)
Current task success rate: 1.0
Current total success rate: 0.8085867620751341

Task: pick up the black bowl next to the plate and place it on the plate view 0 0 100 0 0 initstate 419
Success: True
# episodes completed so far: 560
# successes: 453 (80.9%)
Current task success rate: 1.0
Current total success rate: 0.8089285714285714

Task: pick up the black bowl next to the plate and place it on the plate view 0 0 100 0 0 initstate 429
Success: False
# episodes completed so far: 561
# successes: 453 (80.7%)
Current task success rate: 0.0
Current total success rate: 0.8074866310160428

Task: pick up the black bowl next to the plate and place it on the plate view 0 0 100 0 0 initstate 439
Success: True
# episodes completed so far: 562
# successes: 454 (80.8%)
Current task success rate: 1.0
Current total success rate: 0.8078291814946619

Task: pick up the black bowl next to the plate and place it on the plate view 0 0 100 0 0 initstate 459
Success: False
# episodes completed so far: 563
# successes: 454 (80.6%)
Current task success rate: 0.0
Current total success rate: 0.8063943161634103

Task: pick up the black bowl next to the plate and place it on the plate view 0 0 100 0 0 initstate 469
Success: True
# episodes completed so far: 564
# successes: 455 (80.7%)
Current task success rate: 1.0
Current total success rate: 0.8067375886524822

Task: pick up the black bowl next to the plate and place it on the plate view 0 0 100 0 0 initstate 489
Success: True
# episodes completed so far: 565
# successes: 456 (80.7%)
Current task success rate: 1.0
Current total success rate: 0.8070796460176991

Task: pick up the black bowl next to the plate and place it on the plate view 0 0 100 0 0 initstate 499
Success: False
# episodes completed so far: 566
# successes: 456 (80.6%)
Current task success rate: 0.0
Current total success rate: 0.8056537102473498

Task: pick up the black bowl on the wooden cabinet and place it on the plate view 0 0 100 0 0 initstate 10
Success: True
# episodes completed so far: 567
# successes: 457 (80.6%)
Current task success rate: 1.0
Current total success rate: 0.8059964726631393

Task: pick up the black bowl on the wooden cabinet and place it on the plate view 0 0 100 0 0 initstate 50
Success: True
# episodes completed so far: 568
# successes: 458 (80.6%)
Current task success rate: 1.0
Current total success rate: 0.8063380281690141

Task: pick up the black bowl on the wooden cabinet and place it on the plate view 0 0 100 0 0 initstate 80
Success: True
# episodes completed so far: 569
# successes: 459 (80.7%)
Current task success rate: 1.0
Current total success rate: 0.8066783831282952

Task: pick up the black bowl on the wooden cabinet and place it on the plate view 0 0 100 0 0 initstate 90
Success: True
# episodes completed so far: 570
# successes: 460 (80.7%)
Current task success rate: 1.0
Current total success rate: 0.8070175438596491

Task: pick up the black bowl on the wooden cabinet and place it on the plate view 0 0 100 0 0 initstate 100
Success: True
# episodes completed so far: 571
# successes: 461 (80.7%)
Current task success rate: 1.0
Current total success rate: 0.8073555166374781

Task: pick up the black bowl on the wooden cabinet and place it on the plate view 0 0 100 0 0 initstate 110
Success: False
# episodes completed so far: 572
# successes: 461 (80.6%)
Current task success rate: 0.0
Current total success rate: 0.8059440559440559

Task: pick up the black bowl on the wooden cabinet and place it on the plate view 0 0 100 0 0 initstate 120
Success: True
# episodes completed so far: 573
# successes: 462 (80.6%)
Current task success rate: 1.0
Current total success rate: 0.806282722513089

Task: pick up the black bowl on the wooden cabinet and place it on the plate view 0 0 100 0 0 initstate 130
Success: True
# episodes completed so far: 574
# successes: 463 (80.7%)
Current task success rate: 1.0
Current total success rate: 0.8066202090592335

Task: pick up the black bowl on the wooden cabinet and place it on the plate view 0 0 100 0 0 initstate 140
Success: False
# episodes completed so far: 575
# successes: 463 (80.5%)
Current task success rate: 0.0
Current total success rate: 0.8052173913043478

Task: pick up the black bowl on the wooden cabinet and place it on the plate view 0 0 100 0 0 initstate 150
Success: True
# episodes completed so far: 576
# successes: 464 (80.6%)
Current task success rate: 1.0
Current total success rate: 0.8055555555555556

Task: pick up the black bowl on the wooden cabinet and place it on the plate view 0 0 100 0 0 initstate 160
Success: True
# episodes completed so far: 577
# successes: 465 (80.6%)
Current task success rate: 1.0
Current total success rate: 0.8058925476603119

Task: pick up the black bowl on the wooden cabinet and place it on the plate view 0 0 100 0 0 initstate 190
Success: False
# episodes completed so far: 578
# successes: 465 (80.4%)
Current task success rate: 0.0
Current total success rate: 0.8044982698961938

Task: pick up the black bowl on the wooden cabinet and place it on the plate view 0 0 100 0 0 initstate 200
Success: True
# episodes completed so far: 579
# successes: 466 (80.5%)
Current task success rate: 1.0
Current total success rate: 0.8048359240069085

Task: pick up the black bowl on the wooden cabinet and place it on the plate view 0 0 100 0 0 initstate 220
Success: True
# episodes completed so far: 580
# successes: 467 (80.5%)
Current task success rate: 1.0
Current total success rate: 0.8051724137931034

Task: pick up the black bowl on the wooden cabinet and place it on the plate view 0 0 100 0 0 initstate 230
Success: False
# episodes completed so far: 581
# successes: 467 (80.4%)
Current task success rate: 0.0
Current total success rate: 0.8037865748709122

Task: pick up the black bowl on the wooden cabinet and place it on the plate view 0 0 100 0 0 initstate 240
Success: False
# episodes completed so far: 582
# successes: 467 (80.2%)
Current task success rate: 0.0
Current total success rate: 0.802405498281787

Task: pick up the black bowl on the wooden cabinet and place it on the plate view 0 0 100 0 0 initstate 250
Success: False
# episodes completed so far: 583
# successes: 467 (80.1%)
Current task success rate: 0.0
Current total success rate: 0.8010291595197255

Task: pick up the black bowl on the wooden cabinet and place it on the plate view 0 0 100 0 0 initstate 260
Success: False
# episodes completed so far: 584
# successes: 467 (80.0%)
Current task success rate: 0.0
Current total success rate: 0.7996575342465754

Task: pick up the black bowl on the wooden cabinet and place it on the plate view 0 0 100 0 0 initstate 270
Success: False
# episodes completed so far: 585
# successes: 467 (79.8%)
Current task success rate: 0.0
Current total success rate: 0.7982905982905983

Task: pick up the black bowl on the wooden cabinet and place it on the plate view 0 0 100 0 0 initstate 280
Success: False
# episodes completed so far: 586
# successes: 467 (79.7%)
Current task success rate: 0.0
Current total success rate: 0.7969283276450512

Task: pick up the black bowl on the wooden cabinet and place it on the plate view 0 0 100 0 0 initstate 290
Success: False
# episodes completed so far: 587
# successes: 467 (79.6%)
Current task success rate: 0.0
Current total success rate: 0.7955706984667802

Task: pick up the black bowl on the wooden cabinet and place it on the plate view 0 0 100 0 0 initstate 300
Success: False
# episodes completed so far: 588
# successes: 467 (79.4%)
Current task success rate: 0.0
Current total success rate: 0.79421768707483

Task: pick up the black bowl on the wooden cabinet and place it on the plate view 0 0 100 0 0 initstate 310
Success: False
# episodes completed so far: 589
# successes: 467 (79.3%)
Current task success rate: 0.0
Current total success rate: 0.7928692699490663

Task: pick up the black bowl on the wooden cabinet and place it on the plate view 0 0 100 0 0 initstate 320
Success: True
# episodes completed so far: 590
# successes: 468 (79.3%)
Current task success rate: 1.0
Current total success rate: 0.7932203389830509

Task: pick up the black bowl on the wooden cabinet and place it on the plate view 0 0 100 0 0 initstate 330
Success: False
# episodes completed so far: 591
# successes: 468 (79.2%)
Current task success rate: 0.0
Current total success rate: 0.7918781725888325

Task: pick up the black bowl on the wooden cabinet and place it on the plate view 0 0 100 0 0 initstate 340
Success: False
# episodes completed so far: 592
# successes: 468 (79.1%)
Current task success rate: 0.0
Current total success rate: 0.7905405405405406

Task: pick up the black bowl on the wooden cabinet and place it on the plate view 0 0 100 0 0 initstate 350
Success: True
# episodes completed so far: 593
# successes: 469 (79.1%)
Current task success rate: 1.0
Current total success rate: 0.790893760539629

Task: pick up the black bowl on the wooden cabinet and place it on the plate view 0 0 100 0 0 initstate 360
Success: True
# episodes completed so far: 594
# successes: 470 (79.1%)
Current task success rate: 1.0
Current total success rate: 0.7912457912457912

Task: pick up the black bowl on the wooden cabinet and place it on the plate view 0 0 100 0 0 initstate 370
Success: False
# episodes completed so far: 595
# successes: 470 (79.0%)
Current task success rate: 0.0
Current total success rate: 0.7899159663865546

Task: pick up the black bowl on the wooden cabinet and place it on the plate view 0 0 100 0 0 initstate 380
Success: True
# episodes completed so far: 596
# successes: 471 (79.0%)
Current task success rate: 1.0
Current total success rate: 0.790268456375839

Task: pick up the black bowl on the wooden cabinet and place it on the plate view 0 0 100 0 0 initstate 390
Success: False
# episodes completed so far: 597
# successes: 471 (78.9%)
Current task success rate: 0.0
Current total success rate: 0.7889447236180904

Task: pick up the black bowl on the wooden cabinet and place it on the plate view 0 0 100 0 0 initstate 400
Success: False
# episodes completed so far: 598
# successes: 471 (78.8%)
Current task success rate: 0.0
Current total success rate: 0.7876254180602007

Task: pick up the black bowl on the wooden cabinet and place it on the plate view 0 0 100 0 0 initstate 410
Success: False
# episodes completed so far: 599
# successes: 471 (78.6%)
Current task success rate: 0.0
Current total success rate: 0.7863105175292153

Task: pick up the black bowl on the wooden cabinet and place it on the plate view 0 0 100 0 0 initstate 420
Success: False
# episodes completed so far: 600
# successes: 471 (78.5%)
Current task success rate: 0.0
Current total success rate: 0.785

Task: pick up the black bowl on the wooden cabinet and place it on the plate view 0 0 100 0 0 initstate 430
Success: True
# episodes completed so far: 601
# successes: 472 (78.5%)
Current task success rate: 1.0
Current total success rate: 0.7853577371048253

Task: pick up the black bowl on the wooden cabinet and place it on the plate view 0 0 100 0 0 initstate 440
Success: False
# episodes completed so far: 602
# successes: 472 (78.4%)
Current task success rate: 0.0
Current total success rate: 0.7840531561461794

Task: pick up the black bowl on the wooden cabinet and place it on the plate view 0 0 100 0 0 initstate 450
Success: False
# episodes completed so far: 603
# successes: 472 (78.3%)
Current task success rate: 0.0
Current total success rate: 0.7827529021558872

Task: pick up the black bowl on the wooden cabinet and place it on the plate view 0 0 100 0 0 initstate 460
Success: False
# episodes completed so far: 604
# successes: 472 (78.1%)
Current task success rate: 0.0
Current total success rate: 0.7814569536423841

Task: pick up the black bowl on the wooden cabinet and place it on the plate view 0 0 100 0 0 initstate 470
Success: True
# episodes completed so far: 605
# successes: 473 (78.2%)
Current task success rate: 1.0
Current total success rate: 0.7818181818181819

Task: pick up the black bowl on the wooden cabinet and place it on the plate view 0 0 100 0 0 initstate 480
Success: True
# episodes completed so far: 606
# successes: 474 (78.2%)
Current task success rate: 1.0
Current total success rate: 0.7821782178217822

Task: pick up the black bowl on the wooden cabinet and place it on the plate view 0 0 100 0 0 initstate 490
Success: False
# episodes completed so far: 607
# successes: 474 (78.1%)
Current task success rate: 0.0
Current total success rate: 0.7808896210873146

Task: pick up the black bowl on the wooden cabinet and place it on the plate view 0 0 100 0 0 initstate 500
Success: False
# episodes completed so far: 608
# successes: 474 (78.0%)
Current task success rate: 0.0
Current total success rate: 0.7796052631578947

Task: pick up the black bowl between the plate and the ramekin and place it on the plate view 0 0 100 2 352 initstate 0
Success: True
# episodes completed so far: 609
# successes: 475 (78.0%)
Current task success rate: 1.0
Current total success rate: 0.7799671592775042

Task: pick up the black bowl between the plate and the ramekin and place it on the plate view 0 0 100 2 354 initstate 0
Success: True
# episodes completed so far: 610
# successes: 476 (78.0%)
Current task success rate: 1.0
Current total success rate: 0.780327868852459

Task: pick up the black bowl between the plate and the ramekin and place it on the plate view 11 15 100 0 0 initstate 0
Success: False
# episodes completed so far: 611
# successes: 476 (77.9%)
Current task success rate: 0.0
Current total success rate: 0.779050736497545

Task: pick up the black bowl between the plate and the ramekin and place it on the plate view 13 15 100 0 0 initstate 0
Success: True
# episodes completed so far: 612
# successes: 477 (77.9%)
Current task success rate: 1.0
Current total success rate: 0.7794117647058824

Task: pick up the black bowl between the plate and the ramekin and place it on the plate view 14 15 100 0 0 initstate 0
Success: False
# episodes completed so far: 613
# successes: 477 (77.8%)
Current task success rate: 0.0
Current total success rate: 0.7781402936378466

Task: pick up the black bowl between the plate and the ramekin and place it on the plate view 15 15 100 0 0 initstate 0
Success: False
# episodes completed so far: 614
# successes: 477 (77.7%)
Current task success rate: 0.0
Current total success rate: 0.7768729641693811

Task: pick up the black bowl next to the ramekin and place it on the plate view 0 0 115 0 0 initstate 0
Success: True
# episodes completed so far: 615
# successes: 478 (77.7%)
Current task success rate: 1.0
Current total success rate: 0.7772357723577236

Task: pick up the black bowl next to the ramekin and place it on the plate view 0 0 119 0 0 initstate 0
Success: True
# episodes completed so far: 616
# successes: 479 (77.8%)
Current task success rate: 1.0
Current total success rate: 0.7775974025974026

Task: pick up the black bowl next to the ramekin and place it on the plate view 0 0 120 0 0 initstate 0
Success: True
# episodes completed so far: 617
# successes: 480 (77.8%)
Current task success rate: 1.0
Current total success rate: 0.7779578606158833

Task: pick up the black bowl next to the ramekin and place it on the plate view 0 0 100 4 6 initstate 0
Success: True
# episodes completed so far: 618
# successes: 481 (77.8%)
Current task success rate: 1.0
Current total success rate: 0.7783171521035599

Task: pick up the black bowl next to the ramekin and place it on the plate view 0 0 100 4 8 initstate 0
Success: True
# episodes completed so far: 619
# successes: 482 (77.9%)
Current task success rate: 1.0
Current total success rate: 0.778675282714055

Task: pick up the black bowl next to the ramekin and place it on the plate view 0 0 100 4 10 initstate 0
Success: True
# episodes completed so far: 620
# successes: 483 (77.9%)
Current task success rate: 1.0
Current total success rate: 0.7790322580645161

Task: pick up the black bowl next to the ramekin and place it on the plate view 0 0 100 4 350 initstate 0
Success: False
# episodes completed so far: 621
# successes: 483 (77.8%)
Current task success rate: 0.0
Current total success rate: 0.7777777777777778

Task: pick up the black bowl next to the ramekin and place it on the plate view 0 0 100 4 352 initstate 0
Success: False
# episodes completed so far: 622
# successes: 483 (77.7%)
Current task success rate: 0.0
Current total success rate: 0.7765273311897106

Task: pick up the black bowl next to the ramekin and place it on the plate view 0 0 100 4 354 initstate 0
Success: True
# episodes completed so far: 623
# successes: 484 (77.7%)
Current task success rate: 1.0
Current total success rate: 0.7768860353130016

Task: pick up the black bowl next to the ramekin and place it on the plate view 16 15 100 0 0 initstate 0
Success: False
# episodes completed so far: 624
# successes: 484 (77.6%)
Current task success rate: 0.0
Current total success rate: 0.7756410256410257

Task: pick up the black bowl next to the ramekin and place it on the plate view 17 0 100 0 0 initstate 0
Success: True
# episodes completed so far: 625
# successes: 485 (77.6%)
Current task success rate: 1.0
Current total success rate: 0.776

Task: pick up the black bowl next to the ramekin and place it on the plate view 17 15 100 0 0 initstate 0
Success: False
# episodes completed so far: 626
# successes: 485 (77.5%)
Current task success rate: 0.0
Current total success rate: 0.7747603833865815

Task: pick up the black bowl next to the ramekin and place it on the plate view 18 0 100 0 0 initstate 0
Success: True
# episodes completed so far: 627
# successes: 486 (77.5%)
Current task success rate: 1.0
Current total success rate: 0.7751196172248804

Task: pick up the black bowl next to the ramekin and place it on the plate view 18 15 100 0 0 initstate 0
Success: False
# episodes completed so far: 628
# successes: 486 (77.4%)
Current task success rate: 0.0
Current total success rate: 0.7738853503184714

Task: pick up the black bowl next to the ramekin and place it on the plate view 19 0 100 0 0 initstate 0
Success: True
# episodes completed so far: 629
# successes: 487 (77.4%)
Current task success rate: 1.0
Current total success rate: 0.7742448330683624

Task: pick up the black bowl next to the ramekin and place it on the plate view 19 15 100 0 0 initstate 0
Success: False
# episodes completed so far: 630
# successes: 487 (77.3%)
Current task success rate: 0.0
Current total success rate: 0.773015873015873

Task: pick up the black bowl next to the ramekin and place it on the plate view 20 0 100 0 0 initstate 0
Success: True
# episodes completed so far: 631
# successes: 488 (77.3%)
Current task success rate: 1.0
Current total success rate: 0.7733755942947702

Task: pick up the black bowl next to the ramekin and place it on the plate view 20 15 100 0 0 initstate 0
Success: False
# episodes completed so far: 632
# successes: 488 (77.2%)
Current task success rate: 0.0
Current total success rate: 0.7721518987341772

Task: pick up the black bowl next to the ramekin and place it on the plate view 21 0 100 0 0 initstate 0
Success: True
# episodes completed so far: 633
# successes: 489 (77.3%)
Current task success rate: 1.0
Current total success rate: 0.7725118483412322

Task: pick up the black bowl next to the ramekin and place it on the plate view 21 15 100 0 0 initstate 0
Success: False
# episodes completed so far: 634
# successes: 489 (77.1%)
Current task success rate: 0.0
Current total success rate: 0.7712933753943217

Task: pick up the black bowl next to the ramekin and place it on the plate view 22 0 100 0 0 initstate 0
Success: True
# episodes completed so far: 635
# successes: 490 (77.2%)
Current task success rate: 1.0
Current total success rate: 0.7716535433070866

Task: pick up the black bowl next to the ramekin and place it on the plate view 22 15 100 0 0 initstate 0
Success: False
# episodes completed so far: 636
# successes: 490 (77.0%)
Current task success rate: 0.0
Current total success rate: 0.7704402515723271

Task: pick up the black bowl next to the ramekin and place it on the plate view 23 0 100 0 0 initstate 0
Success: True
# episodes completed so far: 637
# successes: 491 (77.1%)
Current task success rate: 1.0
Current total success rate: 0.7708006279434851

Task: pick up the black bowl next to the ramekin and place it on the plate view 23 15 100 0 0 initstate 0
Success: False
# episodes completed so far: 638
# successes: 491 (77.0%)
Current task success rate: 0.0
Current total success rate: 0.7695924764890282

Task: pick up the black bowl next to the ramekin and place it on the plate view 24 0 100 0 0 initstate 0
Success: True
# episodes completed so far: 639
# successes: 492 (77.0%)
Current task success rate: 1.0
Current total success rate: 0.7699530516431925

Task: pick up the black bowl next to the ramekin and place it on the plate view 24 15 100 0 0 initstate 0
Success: False
# episodes completed so far: 640
# successes: 492 (76.9%)
Current task success rate: 0.0
Current total success rate: 0.76875

Task: pick up the black bowl next to the ramekin and place it on the plate view 25 0 100 0 0 initstate 0
Success: True
# episodes completed so far: 641
# successes: 493 (76.9%)
Current task success rate: 1.0
Current total success rate: 0.7691107644305772

Task: pick up the black bowl next to the ramekin and place it on the plate view 25 15 100 0 0 initstate 0
Success: False
# episodes completed so far: 642
# successes: 493 (76.8%)
Current task success rate: 0.0
Current total success rate: 0.7679127725856698

Task: pick up the black bowl next to the ramekin and place it on the plate view 26 0 100 0 0 initstate 0
Success: True
# episodes completed so far: 643
# successes: 494 (76.8%)
Current task success rate: 1.0
Current total success rate: 0.7682737169517885

Task: pick up the black bowl next to the ramekin and place it on the plate view 26 15 100 0 0 initstate 0
Success: False
# episodes completed so far: 644
# successes: 494 (76.7%)
Current task success rate: 0.0
Current total success rate: 0.7670807453416149

Task: pick up the black bowl next to the ramekin and place it on the plate view 27 0 100 0 0 initstate 0
Success: True
# episodes completed so far: 645
# successes: 495 (76.7%)
Current task success rate: 1.0
Current total success rate: 0.7674418604651163

Task: pick up the black bowl next to the ramekin and place it on the plate view 27 15 100 0 0 initstate 0
Success: False
# episodes completed so far: 646
# successes: 495 (76.6%)
Current task success rate: 0.0
Current total success rate: 0.7662538699690402

Task: pick up the black bowl next to the ramekin and place it on the plate view 28 0 100 0 0 initstate 0
Success: True
# episodes completed so far: 647
# successes: 496 (76.7%)
Current task success rate: 1.0
Current total success rate: 0.7666151468315301

Task: pick up the black bowl next to the ramekin and place it on the plate view 29 0 100 0 0 initstate 0
Success: True
# episodes completed so far: 648
# successes: 497 (76.7%)
Current task success rate: 1.0
Current total success rate: 0.7669753086419753

Task: pick up the black bowl next to the ramekin and place it on the plate view 29 15 100 0 0 initstate 0
Success: False
# episodes completed so far: 649
# successes: 497 (76.6%)
Current task success rate: 0.0
Current total success rate: 0.765793528505393

Task: pick up the black bowl next to the ramekin and place it on the plate view 30 0 100 0 0 initstate 0
Success: True
# episodes completed so far: 650
# successes: 498 (76.6%)
Current task success rate: 1.0
Current total success rate: 0.7661538461538462

Task: pick up the black bowl next to the ramekin and place it on the plate view 30 15 100 0 0 initstate 0
Success: False
# episodes completed so far: 651
# successes: 498 (76.5%)
Current task success rate: 0.0
Current total success rate: 0.7649769585253456

Task: pick up the black bowl from table center and place it on the plate view 0 0 122 0 0 initstate 0
Success: True
# episodes completed so far: 652
# successes: 499 (76.5%)
Current task success rate: 1.0
Current total success rate: 0.7653374233128835

Task: pick up the black bowl from table center and place it on the plate view 0 0 125 0 0 initstate 0
Success: True
# episodes completed so far: 653
# successes: 500 (76.6%)
Current task success rate: 1.0
Current total success rate: 0.7656967840735069

Task: pick up the black bowl from table center and place it on the plate view 0 0 126 0 0 initstate 0
Success: False
# episodes completed so far: 654
# successes: 500 (76.5%)
Current task success rate: 0.0
Current total success rate: 0.764525993883792

Task: pick up the black bowl from table center and place it on the plate view 0 0 127 0 0 initstate 0
Success: False
# episodes completed so far: 655
# successes: 500 (76.3%)
Current task success rate: 0.0
Current total success rate: 0.7633587786259542

Task: pick up the black bowl from table center and place it on the plate view 0 0 100 6 6 initstate 0
Success: False
# episodes completed so far: 656
# successes: 500 (76.2%)
Current task success rate: 0.0
Current total success rate: 0.7621951219512195

Task: pick up the black bowl from table center and place it on the plate view 0 0 100 6 8 initstate 0
Success: True
# episodes completed so far: 657
# successes: 501 (76.3%)
Current task success rate: 1.0
Current total success rate: 0.7625570776255708

Task: pick up the black bowl from table center and place it on the plate view 0 0 100 6 10 initstate 0
Success: True
# episodes completed so far: 658
# successes: 502 (76.3%)
Current task success rate: 1.0
Current total success rate: 0.7629179331306991

Task: pick up the black bowl from table center and place it on the plate view 0 0 100 6 350 initstate 0
Success: True
# episodes completed so far: 659
# successes: 503 (76.3%)
Current task success rate: 1.0
Current total success rate: 0.7632776934749621

Task: pick up the black bowl from table center and place it on the plate view 0 0 100 6 352 initstate 0
Success: True
# episodes completed so far: 660
# successes: 504 (76.4%)
Current task success rate: 1.0
Current total success rate: 0.7636363636363637

Task: pick up the black bowl from table center and place it on the plate view 0 0 100 6 354 initstate 0
Success: True
# episodes completed so far: 661
# successes: 505 (76.4%)
Current task success rate: 1.0
Current total success rate: 0.7639939485627837

Task: pick up the black bowl from table center and place it on the plate view 0 0 100 6 356 initstate 0
Success: True
# episodes completed so far: 662
# successes: 506 (76.4%)
Current task success rate: 1.0
Current total success rate: 0.7643504531722054

Task: pick up the black bowl from table center and place it on the plate view 31 15 100 0 0 initstate 0
Success: True
# episodes completed so far: 663
# successes: 507 (76.5%)
Current task success rate: 1.0
Current total success rate: 0.7647058823529411

Task: pick up the black bowl from table center and place it on the plate view 32 15 100 0 0 initstate 0
Success: True
# episodes completed so far: 664
# successes: 508 (76.5%)
Current task success rate: 1.0
Current total success rate: 0.7650602409638554

Task: pick up the black bowl from table center and place it on the plate view 33 15 100 0 0 initstate 0
Success: True
# episodes completed so far: 665
# successes: 509 (76.5%)
Current task success rate: 1.0
Current total success rate: 0.7654135338345864

Task: pick up the black bowl from table center and place it on the plate view 34 0 100 0 0 initstate 0
Success: True
# episodes completed so far: 666
# successes: 510 (76.6%)
Current task success rate: 1.0
Current total success rate: 0.7657657657657657

Task: pick up the black bowl from table center and place it on the plate view 34 15 100 0 0 initstate 0
Success: True
# episodes completed so far: 667
# successes: 511 (76.6%)
Current task success rate: 1.0
Current total success rate: 0.7661169415292354

Task: pick up the black bowl from table center and place it on the plate view 35 15 100 0 0 initstate 0
Success: False
# episodes completed so far: 668
# successes: 511 (76.5%)
Current task success rate: 0.0
Current total success rate: 0.7649700598802395

Task: pick up the black bowl from table center and place it on the plate view 36 0 100 0 0 initstate 0
Success: True
# episodes completed so far: 669
# successes: 512 (76.5%)
Current task success rate: 1.0
Current total success rate: 0.7653213751868461

Task: pick up the black bowl from table center and place it on the plate view 36 15 100 0 0 initstate 0
Success: True
# episodes completed so far: 670
# successes: 513 (76.6%)
Current task success rate: 1.0
Current total success rate: 0.7656716417910447

Task: pick up the black bowl from table center and place it on the plate view 37 0 100 0 0 initstate 0
Success: True
# episodes completed so far: 671
# successes: 514 (76.6%)
Current task success rate: 1.0
Current total success rate: 0.7660208643815202

Task: pick up the black bowl from table center and place it on the plate view 37 15 100 0 0 initstate 0
Success: True
# episodes completed so far: 672
# successes: 515 (76.6%)
Current task success rate: 1.0
Current total success rate: 0.7663690476190477

Task: pick up the black bowl from table center and place it on the plate view 38 0 100 0 0 initstate 0
Success: True
# episodes completed so far: 673
# successes: 516 (76.7%)
Current task success rate: 1.0
Current total success rate: 0.7667161961367014

Task: pick up the black bowl from table center and place it on the plate view 38 15 100 0 0 initstate 0
Success: False
# episodes completed so far: 674
# successes: 516 (76.6%)
Current task success rate: 0.0
Current total success rate: 0.7655786350148368

Task: pick up the black bowl from table center and place it on the plate view 39 0 100 0 0 initstate 0
Success: False
# episodes completed so far: 675
# successes: 516 (76.4%)
Current task success rate: 0.0
Current total success rate: 0.7644444444444445

Task: pick up the black bowl from table center and place it on the plate view 39 15 100 0 0 initstate 0
Success: False
# episodes completed so far: 676
# successes: 516 (76.3%)
Current task success rate: 0.0
Current total success rate: 0.7633136094674556

Task: pick up the black bowl from table center and place it on the plate view 40 0 100 0 0 initstate 0
Success: True
# episodes completed so far: 677
# successes: 517 (76.4%)
Current task success rate: 1.0
Current total success rate: 0.7636632200886263

Task: pick up the black bowl from table center and place it on the plate view 40 15 100 0 0 initstate 0
Success: False
# episodes completed so far: 678
# successes: 517 (76.3%)
Current task success rate: 0.0
Current total success rate: 0.7625368731563422

Task: pick up the black bowl from table center and place it on the plate view 41 0 100 0 0 initstate 0
Success: False
# episodes completed so far: 679
# successes: 517 (76.1%)
Current task success rate: 0.0
Current total success rate: 0.7614138438880707

Task: pick up the black bowl from table center and place it on the plate view 41 15 100 0 0 initstate 0
Success: False
# episodes completed so far: 680
# successes: 517 (76.0%)
Current task success rate: 0.0
Current total success rate: 0.7602941176470588

Task: pick up the black bowl from table center and place it on the plate view 42 0 100 0 0 initstate 0
Success: True
# episodes completed so far: 681
# successes: 518 (76.1%)
Current task success rate: 1.0
Current total success rate: 0.7606461086637298

Task: pick up the black bowl from table center and place it on the plate view 42 15 100 0 0 initstate 0
Success: False
# episodes completed so far: 682
# successes: 518 (76.0%)
Current task success rate: 0.0
Current total success rate: 0.7595307917888563

Task: pick up the black bowl from table center and place it on the plate view 43 15 100 0 0 initstate 0
Success: False
# episodes completed so far: 683
# successes: 518 (75.8%)
Current task success rate: 0.0
Current total success rate: 0.7584187408491947

Task: pick up the black bowl from table center and place it on the plate view 44 0 100 0 0 initstate 0
Success: False
# episodes completed so far: 684
# successes: 518 (75.7%)
Current task success rate: 0.0
Current total success rate: 0.7573099415204678

Task: pick up the black bowl from table center and place it on the plate view 44 15 100 0 0 initstate 0
Success: False
# episodes completed so far: 685
# successes: 518 (75.6%)
Current task success rate: 0.0
Current total success rate: 0.7562043795620438

Task: pick up the black bowl from table center and place it on the plate view 45 15 100 0 0 initstate 0
Success: False
# episodes completed so far: 686
# successes: 518 (75.5%)
Current task success rate: 0.0
Current total success rate: 0.7551020408163265

Task: pick up the black bowl on the cookie box and place it on the plate view 0 0 131 0 0 initstate 0
Success: False
# episodes completed so far: 687
# successes: 518 (75.4%)
Current task success rate: 0.0
Current total success rate: 0.7540029112081513

Task: pick up the black bowl on the cookie box and place it on the plate view 0 0 132 0 0 initstate 0
Success: True
# episodes completed so far: 688
# successes: 519 (75.4%)
Current task success rate: 1.0
Current total success rate: 0.7543604651162791

Task: pick up the black bowl on the cookie box and place it on the plate view 0 0 133 0 0 initstate 0
Success: True
# episodes completed so far: 689
# successes: 520 (75.5%)
Current task success rate: 1.0
Current total success rate: 0.7547169811320755

Task: pick up the black bowl on the cookie box and place it on the plate view 0 0 134 0 0 initstate 0
Success: True
# episodes completed so far: 690
# successes: 521 (75.5%)
Current task success rate: 1.0
Current total success rate: 0.755072463768116

Task: pick up the black bowl on the cookie box and place it on the plate view 0 0 135 0 0 initstate 0
Success: False
# episodes completed so far: 691
# successes: 521 (75.4%)
Current task success rate: 0.0
Current total success rate: 0.7539797395079595

Task: pick up the black bowl on the cookie box and place it on the plate view 0 0 136 0 0 initstate 0
Success: True
# episodes completed so far: 692
# successes: 522 (75.4%)
Current task success rate: 1.0
Current total success rate: 0.7543352601156069

Task: pick up the black bowl on the cookie box and place it on the plate view 0 0 137 0 0 initstate 0
Success: False
# episodes completed so far: 693
# successes: 522 (75.3%)
Current task success rate: 0.0
Current total success rate: 0.7532467532467533

Task: pick up the black bowl on the cookie box and place it on the plate view 0 0 138 0 0 initstate 0
Success: False
# episodes completed so far: 694
# successes: 522 (75.2%)
Current task success rate: 0.0
Current total success rate: 0.7521613832853026

Task: pick up the black bowl on the cookie box and place it on the plate view 0 0 139 0 0 initstate 0
Success: False
# episodes completed so far: 695
# successes: 522 (75.1%)
Current task success rate: 0.0
Current total success rate: 0.7510791366906475

Task: pick up the black bowl on the cookie box and place it on the plate view 0 0 140 0 0 initstate 0
Success: False
# episodes completed so far: 696
# successes: 522 (75.0%)
Current task success rate: 0.0
Current total success rate: 0.75

Task: pick up the black bowl on the cookie box and place it on the plate view 0 0 100 8 4 initstate 0
Success: True
# episodes completed so far: 697
# successes: 523 (75.0%)
Current task success rate: 1.0
Current total success rate: 0.7503586800573888

Task: pick up the black bowl on the cookie box and place it on the plate view 0 0 100 8 6 initstate 0
Success: False
# episodes completed so far: 698
# successes: 523 (74.9%)
Current task success rate: 0.0
Current total success rate: 0.7492836676217765

Task: pick up the black bowl on the cookie box and place it on the plate view 0 0 100 8 8 initstate 0
Success: False
# episodes completed so far: 699
# successes: 523 (74.8%)
Current task success rate: 0.0
Current total success rate: 0.748211731044349

Task: pick up the black bowl on the cookie box and place it on the plate view 0 0 100 8 10 initstate 0
Success: True
# episodes completed so far: 700
# successes: 524 (74.9%)
Current task success rate: 1.0
Current total success rate: 0.7485714285714286

Task: pick up the black bowl on the cookie box and place it on the plate view 0 0 100 8 350 initstate 0
Success: True
# episodes completed so far: 701
# successes: 525 (74.9%)
Current task success rate: 1.0
Current total success rate: 0.7489300998573466

Task: pick up the black bowl on the cookie box and place it on the plate view 0 0 100 8 352 initstate 0
Success: True
# episodes completed so far: 702
# successes: 526 (74.9%)
Current task success rate: 1.0
Current total success rate: 0.7492877492877493

Task: pick up the black bowl on the cookie box and place it on the plate view 0 0 100 8 354 initstate 0
Success: False
# episodes completed so far: 703
# successes: 526 (74.8%)
Current task success rate: 0.0
Current total success rate: 0.748221906116643

Task: pick up the black bowl on the cookie box and place it on the plate view 0 0 100 8 356 initstate 0
Success: False
# episodes completed so far: 704
# successes: 526 (74.7%)
Current task success rate: 0.0
Current total success rate: 0.7471590909090909

Task: pick up the black bowl on the cookie box and place it on the plate view 0 0 100 8 358 initstate 0
Success: False
# episodes completed so far: 705
# successes: 526 (74.6%)
Current task success rate: 0.0
Current total success rate: 0.7460992907801418

Task: pick up the black bowl on the cookie box and place it on the plate view 46 0 100 0 0 initstate 0
Success: True
# episodes completed so far: 706
# successes: 527 (74.6%)
Current task success rate: 1.0
Current total success rate: 0.7464589235127479

Task: pick up the black bowl on the cookie box and place it on the plate view 46 15 100 0 0 initstate 0
Success: False
# episodes completed so far: 707
# successes: 527 (74.5%)
Current task success rate: 0.0
Current total success rate: 0.7454031117397454

Task: pick up the black bowl on the cookie box and place it on the plate view 47 0 100 0 0 initstate 0
Success: True
# episodes completed so far: 708
# successes: 528 (74.6%)
Current task success rate: 1.0
Current total success rate: 0.7457627118644068

Task: pick up the black bowl on the cookie box and place it on the plate view 47 15 100 0 0 initstate 0
Success: False
# episodes completed so far: 709
# successes: 528 (74.5%)
Current task success rate: 0.0
Current total success rate: 0.7447108603667136

Task: pick up the black bowl on the cookie box and place it on the plate view 48 0 100 0 0 initstate 0
Success: True
# episodes completed so far: 710
# successes: 529 (74.5%)
Current task success rate: 1.0
Current total success rate: 0.7450704225352113

Task: pick up the black bowl on the cookie box and place it on the plate view 48 15 100 0 0 initstate 0
Success: False
# episodes completed so far: 711
# successes: 529 (74.4%)
Current task success rate: 0.0
Current total success rate: 0.7440225035161744

Task: pick up the black bowl on the cookie box and place it on the plate view 49 0 100 0 0 initstate 0
Success: True
# episodes completed so far: 712
# successes: 530 (74.4%)
Current task success rate: 1.0
Current total success rate: 0.7443820224719101

Task: pick up the black bowl on the cookie box and place it on the plate view 49 15 100 0 0 initstate 0
Success: False
# episodes completed so far: 713
# successes: 530 (74.3%)
Current task success rate: 0.0
Current total success rate: 0.7433380084151473

Task: pick up the black bowl on the cookie box and place it on the plate view 50 0 100 0 0 initstate 0
Success: True
# episodes completed so far: 714
# successes: 531 (74.4%)
Current task success rate: 1.0
Current total success rate: 0.7436974789915967

Task: pick up the black bowl on the cookie box and place it on the plate view 50 15 100 0 0 initstate 0
Success: False
# episodes completed so far: 715
# successes: 531 (74.3%)
Current task success rate: 0.0
Current total success rate: 0.7426573426573426

Task: pick up the black bowl on the cookie box and place it on the plate view 51 0 100 0 0 initstate 0
Success: True
# episodes completed so far: 716
# successes: 532 (74.3%)
Current task success rate: 1.0
Current total success rate: 0.7430167597765364

Task: pick up the black bowl on the cookie box and place it on the plate view 51 15 100 0 0 initstate 0
Success: False
# episodes completed so far: 717
# successes: 532 (74.2%)
Current task success rate: 0.0
Current total success rate: 0.7419804741980475

Task: pick up the black bowl on the cookie box and place it on the plate view 52 0 100 0 0 initstate 0
Success: True
# episodes completed so far: 718
# successes: 533 (74.2%)
Current task success rate: 1.0
Current total success rate: 0.7423398328690808

Task: pick up the black bowl on the cookie box and place it on the plate view 52 15 100 0 0 initstate 0
Success: False
# episodes completed so far: 719
# successes: 533 (74.1%)
Current task success rate: 0.0
Current total success rate: 0.741307371349096

Task: pick up the black bowl on the cookie box and place it on the plate view 53 0 100 0 0 initstate 0
Success: True
# episodes completed so far: 720
# successes: 534 (74.2%)
Current task success rate: 1.0
Current total success rate: 0.7416666666666667

Task: pick up the black bowl on the cookie box and place it on the plate view 53 15 100 0 0 initstate 0
Success: False
# episodes completed so far: 721
# successes: 534 (74.1%)
Current task success rate: 0.0
Current total success rate: 0.7406380027739251

Task: pick up the black bowl on the cookie box and place it on the plate view 54 0 100 0 0 initstate 0
Success: True
# episodes completed so far: 722
# successes: 535 (74.1%)
Current task success rate: 1.0
Current total success rate: 0.7409972299168975

Task: pick up the black bowl on the cookie box and place it on the plate view 54 15 100 0 0 initstate 0
Success: False
# episodes completed so far: 723
# successes: 535 (74.0%)
Current task success rate: 0.0
Current total success rate: 0.739972337482711

Task: pick up the black bowl on the cookie box and place it on the plate view 55 0 100 0 0 initstate 0
Success: True
# episodes completed so far: 724
# successes: 536 (74.0%)
Current task success rate: 1.0
Current total success rate: 0.7403314917127072

Task: pick up the black bowl on the cookie box and place it on the plate view 55 15 100 0 0 initstate 0
Success: False
# episodes completed so far: 725
# successes: 536 (73.9%)
Current task success rate: 0.0
Current total success rate: 0.7393103448275862

Task: pick up the black bowl on the cookie box and place it on the plate view 56 0 100 0 0 initstate 0
Success: True
# episodes completed so far: 726
# successes: 537 (74.0%)
Current task success rate: 1.0
Current total success rate: 0.7396694214876033

Task: pick up the black bowl on the cookie box and place it on the plate view 56 15 100 0 0 initstate 0
Success: False
# episodes completed so far: 727
# successes: 537 (73.9%)
Current task success rate: 0.0
Current total success rate: 0.7386519944979367

Task: pick up the black bowl on the cookie box and place it on the plate view 57 0 100 0 0 initstate 0
Success: True
# episodes completed so far: 728
# successes: 538 (73.9%)
Current task success rate: 1.0
Current total success rate: 0.739010989010989

Task: pick up the black bowl on the cookie box and place it on the plate view 57 15 100 0 0 initstate 0
Success: False
# episodes completed so far: 729
# successes: 538 (73.8%)
Current task success rate: 0.0
Current total success rate: 0.7379972565157751

Task: pick up the black bowl on the cookie box and place it on the plate view 58 0 100 0 0 initstate 0
Success: True
# episodes completed so far: 730
# successes: 539 (73.8%)
Current task success rate: 1.0
Current total success rate: 0.7383561643835617

Task: pick up the black bowl on the cookie box and place it on the plate view 58 15 100 0 0 initstate 0
Success: False
# episodes completed so far: 731
# successes: 539 (73.7%)
Current task success rate: 0.0
Current total success rate: 0.7373461012311902

Task: pick up the black bowl on the cookie box and place it on the plate view 59 0 100 0 0 initstate 0
Success: True
# episodes completed so far: 732
# successes: 540 (73.8%)
Current task success rate: 1.0
Current total success rate: 0.7377049180327869

Task: pick up the black bowl on the cookie box and place it on the plate view 59 15 100 0 0 initstate 0
Success: False
# episodes completed so far: 733
# successes: 540 (73.7%)
Current task success rate: 0.0
Current total success rate: 0.7366984993178718

Task: pick up the black bowl on the cookie box and place it on the plate view 60 0 100 0 0 initstate 0
Success: True
# episodes completed so far: 734
# successes: 541 (73.7%)
Current task success rate: 1.0
Current total success rate: 0.7370572207084468

Task: pick up the black bowl on the cookie box and place it on the plate view 60 15 100 0 0 initstate 0
Success: False
# episodes completed so far: 735
# successes: 541 (73.6%)
Current task success rate: 0.0
Current total success rate: 0.7360544217687075

Task: pick up the black bowl in the top drawer of the wooden cabinet and place it on the plate view 0 0 141 0 0 initstate 0
Success: False
# episodes completed so far: 736
# successes: 541 (73.5%)
Current task success rate: 0.0
Current total success rate: 0.7350543478260869

Task: pick up the black bowl in the top drawer of the wooden cabinet and place it on the plate view 0 0 142 0 0 initstate 0
Success: False
# episodes completed so far: 737
# successes: 541 (73.4%)
Current task success rate: 0.0
Current total success rate: 0.7340569877883311

Task: pick up the black bowl in the top drawer of the wooden cabinet and place it on the plate view 0 0 143 0 0 initstate 0
Success: False
# episodes completed so far: 738
# successes: 541 (73.3%)
Current task success rate: 0.0
Current total success rate: 0.7330623306233063

Task: pick up the black bowl in the top drawer of the wooden cabinet and place it on the plate view 0 0 144 0 0 initstate 0
Success: False
# episodes completed so far: 739
# successes: 541 (73.2%)
Current task success rate: 0.0
Current total success rate: 0.7320703653585927

Task: pick up the black bowl in the top drawer of the wooden cabinet and place it on the plate view 0 0 145 0 0 initstate 0
Success: False
# episodes completed so far: 740
# successes: 541 (73.1%)
Current task success rate: 0.0
Current total success rate: 0.731081081081081

Task: pick up the black bowl in the top drawer of the wooden cabinet and place it on the plate view 0 0 146 0 0 initstate 0
Success: False
# episodes completed so far: 741
# successes: 541 (73.0%)
Current task success rate: 0.0
Current total success rate: 0.7300944669365722

Task: pick up the black bowl in the top drawer of the wooden cabinet and place it on the plate view 0 0 147 0 0 initstate 0
Success: False
# episodes completed so far: 742
# successes: 541 (72.9%)
Current task success rate: 0.0
Current total success rate: 0.72911051212938

Task: pick up the black bowl in the top drawer of the wooden cabinet and place it on the plate view 0 0 148 0 0 initstate 0
Success: False
# episodes completed so far: 743
# successes: 541 (72.8%)
Current task success rate: 0.0
Current total success rate: 0.7281292059219381

Task: pick up the black bowl in the top drawer of the wooden cabinet and place it on the plate view 0 0 149 0 0 initstate 0
Success: False
# episodes completed so far: 744
# successes: 541 (72.7%)
Current task success rate: 0.0
Current total success rate: 0.7271505376344086

Task: pick up the black bowl in the top drawer of the wooden cabinet and place it on the plate view 0 0 150 0 0 initstate 0
Success: False
# episodes completed so far: 745
# successes: 541 (72.6%)
Current task success rate: 0.0
Current total success rate: 0.7261744966442953

Task: pick up the black bowl in the top drawer of the wooden cabinet and place it on the plate view 0 0 100 10 2 initstate 0
Success: False
# episodes completed so far: 746
# successes: 541 (72.5%)
Current task success rate: 0.0
Current total success rate: 0.725201072386059

Task: pick up the black bowl in the top drawer of the wooden cabinet and place it on the plate view 0 0 100 10 4 initstate 0
Success: False
# episodes completed so far: 747
# successes: 541 (72.4%)
Current task success rate: 0.0
Current total success rate: 0.7242302543507363

Task: pick up the black bowl in the top drawer of the wooden cabinet and place it on the plate view 0 0 100 10 6 initstate 0
Success: False
# episodes completed so far: 748
# successes: 541 (72.3%)
Current task success rate: 0.0
Current total success rate: 0.7232620320855615

Task: pick up the black bowl in the top drawer of the wooden cabinet and place it on the plate view 0 0 100 10 8 initstate 0
Success: False
# episodes completed so far: 749
# successes: 541 (72.2%)
Current task success rate: 0.0
Current total success rate: 0.7222963951935915

Task: pick up the black bowl in the top drawer of the wooden cabinet and place it on the plate view 0 0 100 10 10 initstate 0
Success: False
# episodes completed so far: 750
# successes: 541 (72.1%)
Current task success rate: 0.0
Current total success rate: 0.7213333333333334

Task: pick up the black bowl in the top drawer of the wooden cabinet and place it on the plate view 0 0 100 10 350 initstate 0
Success: False
# episodes completed so far: 751
# successes: 541 (72.0%)
Current task success rate: 0.0
Current total success rate: 0.7203728362183754

Task: pick up the black bowl in the top drawer of the wooden cabinet and place it on the plate view 0 0 100 10 352 initstate 0
Success: False
# episodes completed so far: 752
# successes: 541 (71.9%)
Current task success rate: 0.0
Current total success rate: 0.7194148936170213

Task: pick up the black bowl in the top drawer of the wooden cabinet and place it on the plate view 0 0 100 10 354 initstate 0
Success: False
# episodes completed so far: 753
# successes: 541 (71.8%)
Current task success rate: 0.0
Current total success rate: 0.7184594953519257

Task: pick up the black bowl in the top drawer of the wooden cabinet and place it on the plate view 0 0 100 10 356 initstate 0
Success: False
# episodes completed so far: 754
# successes: 541 (71.8%)
Current task success rate: 0.0
Current total success rate: 0.7175066312997348

Task: pick up the black bowl in the top drawer of the wooden cabinet and place it on the plate view 0 0 100 10 358 initstate 0
Success: False
# episodes completed so far: 755
# successes: 541 (71.7%)
Current task success rate: 0.0
Current total success rate: 0.7165562913907285

Task: pick up the black bowl in the top drawer of the wooden cabinet and place it on the plate view 61 0 100 0 0 initstate 0
Success: False
# episodes completed so far: 756
# successes: 541 (71.6%)
Current task success rate: 0.0
Current total success rate: 0.7156084656084656

Task: pick up the black bowl in the top drawer of the wooden cabinet and place it on the plate view 61 15 100 0 0 initstate 0
Success: False
# episodes completed so far: 757
# successes: 541 (71.5%)
Current task success rate: 0.0
Current total success rate: 0.714663143989432

Task: pick up the black bowl in the top drawer of the wooden cabinet and place it on the plate view 62 15 100 0 0 initstate 0
Success: False
# episodes completed so far: 758
# successes: 541 (71.4%)
Current task success rate: 0.0
Current total success rate: 0.7137203166226913

Task: pick up the black bowl in the top drawer of the wooden cabinet and place it on the plate view 63 0 100 0 0 initstate 0
Success: False
# episodes completed so far: 759
# successes: 541 (71.3%)
Current task success rate: 0.0
Current total success rate: 0.7127799736495388

Task: pick up the black bowl in the top drawer of the wooden cabinet and place it on the plate view 63 15 100 0 0 initstate 0
Success: False
# episodes completed so far: 760
# successes: 541 (71.2%)
Current task success rate: 0.0
Current total success rate: 0.7118421052631579

Task: pick up the black bowl in the top drawer of the wooden cabinet and place it on the plate view 64 0 100 0 0 initstate 0
Success: False
# episodes completed so far: 761
# successes: 541 (71.1%)
Current task success rate: 0.0
Current total success rate: 0.7109067017082786

Task: pick up the black bowl in the top drawer of the wooden cabinet and place it on the plate view 64 15 100 0 0 initstate 0
Success: False
# episodes completed so far: 762
# successes: 541 (71.0%)
Current task success rate: 0.0
Current total success rate: 0.7099737532808399

Task: pick up the black bowl in the top drawer of the wooden cabinet and place it on the plate view 65 0 100 0 0 initstate 0
Success: False
# episodes completed so far: 763
# successes: 541 (70.9%)
Current task success rate: 0.0
Current total success rate: 0.709043250327654

Task: pick up the black bowl in the top drawer of the wooden cabinet and place it on the plate view 65 15 100 0 0 initstate 0
Success: False
# episodes completed so far: 764
# successes: 541 (70.8%)
Current task success rate: 0.0
Current total success rate: 0.7081151832460733

Task: pick up the black bowl in the top drawer of the wooden cabinet and place it on the plate view 66 0 100 0 0 initstate 0
Success: False
# episodes completed so far: 765
# successes: 541 (70.7%)
Current task success rate: 0.0
Current total success rate: 0.7071895424836602

Task: pick up the black bowl in the top drawer of the wooden cabinet and place it on the plate view 66 15 100 0 0 initstate 0
Success: False
# episodes completed so far: 766
# successes: 541 (70.6%)
Current task success rate: 0.0
Current total success rate: 0.706266318537859

Task: pick up the black bowl in the top drawer of the wooden cabinet and place it on the plate view 67 0 100 0 0 initstate 0
Success: False
# episodes completed so far: 767
# successes: 541 (70.5%)
Current task success rate: 0.0
Current total success rate: 0.7053455019556715

Task: pick up the black bowl in the top drawer of the wooden cabinet and place it on the plate view 68 0 100 0 0 initstate 0
Success: False
# episodes completed so far: 768
# successes: 541 (70.4%)
Current task success rate: 0.0
Current total success rate: 0.7044270833333334

Task: pick up the black bowl in the top drawer of the wooden cabinet and place it on the plate view 68 15 100 0 0 initstate 0
Success: False
# episodes completed so far: 769
# successes: 541 (70.4%)
Current task success rate: 0.0
Current total success rate: 0.7035110533159948

Task: pick up the black bowl in the top drawer of the wooden cabinet and place it on the plate view 69 0 100 0 0 initstate 0
Success: False
# episodes completed so far: 770
# successes: 541 (70.3%)
Current task success rate: 0.0
Current total success rate: 0.7025974025974026

Task: pick up the black bowl in the top drawer of the wooden cabinet and place it on the plate view 69 15 100 0 0 initstate 0
Success: False
# episodes completed so far: 771
# successes: 541 (70.2%)
Current task success rate: 0.0
Current total success rate: 0.7016861219195849

Task: pick up the black bowl in the top drawer of the wooden cabinet and place it on the plate view 70 0 100 0 0 initstate 0
Success: False
# episodes completed so far: 772
# successes: 541 (70.1%)
Current task success rate: 0.0
Current total success rate: 0.7007772020725389

Task: pick up the black bowl in the top drawer of the wooden cabinet and place it on the plate view 70 15 100 0 0 initstate 0
Success: False
# episodes completed so far: 773
# successes: 541 (70.0%)
Current task success rate: 0.0
Current total success rate: 0.6998706338939198

Task: pick up the black bowl in the top drawer of the wooden cabinet and place it on the plate view 71 0 100 0 0 initstate 0
Success: False
# episodes completed so far: 774
# successes: 541 (69.9%)
Current task success rate: 0.0
Current total success rate: 0.6989664082687338

Task: pick up the black bowl in the top drawer of the wooden cabinet and place it on the plate view 71 15 100 0 0 initstate 0
Success: False
# episodes completed so far: 775
# successes: 541 (69.8%)
Current task success rate: 0.0
Current total success rate: 0.6980645161290323

Task: pick up the black bowl in the top drawer of the wooden cabinet and place it on the plate view 72 0 100 0 0 initstate 0
Success: False
# episodes completed so far: 776
# successes: 541 (69.7%)
Current task success rate: 0.0
Current total success rate: 0.6971649484536082

Task: pick up the black bowl in the top drawer of the wooden cabinet and place it on the plate view 72 15 100 0 0 initstate 0
Success: False
# episodes completed so far: 777
# successes: 541 (69.6%)
Current task success rate: 0.0
Current total success rate: 0.6962676962676962

Task: pick up the black bowl in the top drawer of the wooden cabinet and place it on the plate view 73 0 100 0 0 initstate 0
Success: False
# episodes completed so far: 778
# successes: 541 (69.5%)
Current task success rate: 0.0
Current total success rate: 0.6953727506426736

Task: pick up the black bowl in the top drawer of the wooden cabinet and place it on the plate view 73 15 100 0 0 initstate 0
Success: False
# episodes completed so far: 779
# successes: 541 (69.4%)
Current task success rate: 0.0
Current total success rate: 0.6944801026957638

Task: pick up the black bowl in the top drawer of the wooden cabinet and place it on the plate view 74 0 100 0 0 initstate 0
Success: False
# episodes completed so far: 780
# successes: 541 (69.4%)
Current task success rate: 0.0
Current total success rate: 0.6935897435897436

Task: pick up the black bowl in the top drawer of the wooden cabinet and place it on the plate view 74 15 100 0 0 initstate 0
Success: False
# episodes completed so far: 781
# successes: 541 (69.3%)
Current task success rate: 0.0
Current total success rate: 0.6927016645326505

Task: pick up the black bowl in the top drawer of the wooden cabinet and place it on the plate view 75 0 100 0 0 initstate 0
Success: False
# episodes completed so far: 782
# successes: 541 (69.2%)
Current task success rate: 0.0
Current total success rate: 0.6918158567774936

Task: pick up the black bowl in the top drawer of the wooden cabinet and place it on the plate view 75 15 100 0 0 initstate 0
Success: False
# episodes completed so far: 783
# successes: 541 (69.1%)
Current task success rate: 0.0
Current total success rate: 0.6909323116219668

Task: pick up the black bowl on the ramekin and place it on the plate view 0 0 151 0 0 initstate 0
Success: False
# episodes completed so far: 784
# successes: 541 (69.0%)
Current task success rate: 0.0
Current total success rate: 0.6900510204081632

Task: pick up the black bowl on the ramekin and place it on the plate view 0 0 152 0 0 initstate 0
Success: False
# episodes completed so far: 785
# successes: 541 (68.9%)
Current task success rate: 0.0
Current total success rate: 0.689171974522293

Task: pick up the black bowl on the ramekin and place it on the plate view 0 0 154 0 0 initstate 0
Success: False
# episodes completed so far: 786
# successes: 541 (68.8%)
Current task success rate: 0.0
Current total success rate: 0.688295165394402

Task: pick up the black bowl on the ramekin and place it on the plate view 0 0 155 0 0 initstate 0
Success: False
# episodes completed so far: 787
# successes: 541 (68.7%)
Current task success rate: 0.0
Current total success rate: 0.6874205844980941

Task: pick up the black bowl on the ramekin and place it on the plate view 0 0 156 0 0 initstate 0
Success: False
# episodes completed so far: 788
# successes: 541 (68.7%)
Current task success rate: 0.0
Current total success rate: 0.6865482233502538

Task: pick up the black bowl on the ramekin and place it on the plate view 0 0 157 0 0 initstate 0
Success: False
# episodes completed so far: 789
# successes: 541 (68.6%)
Current task success rate: 0.0
Current total success rate: 0.6856780735107731

Task: pick up the black bowl on the ramekin and place it on the plate view 0 0 158 0 0 initstate 0
Success: False
# episodes completed so far: 790
# successes: 541 (68.5%)
Current task success rate: 0.0
Current total success rate: 0.6848101265822785

Task: pick up the black bowl on the ramekin and place it on the plate view 0 0 159 0 0 initstate 0
Success: False
# episodes completed so far: 791
# successes: 541 (68.4%)
Current task success rate: 0.0
Current total success rate: 0.683944374209861

Task: pick up the black bowl on the ramekin and place it on the plate view 0 0 160 0 0 initstate 0
Success: False
# episodes completed so far: 792
# successes: 541 (68.3%)
Current task success rate: 0.0
Current total success rate: 0.6830808080808081

Task: pick up the black bowl on the ramekin and place it on the plate view 0 0 100 350 2 initstate 0
Success: True
# episodes completed so far: 793
# successes: 542 (68.3%)
Current task success rate: 1.0
Current total success rate: 0.6834804539722572

Task: pick up the black bowl on the ramekin and place it on the plate view 0 0 100 350 4 initstate 0
Success: True
# episodes completed so far: 794
# successes: 543 (68.4%)
Current task success rate: 1.0
Current total success rate: 0.6838790931989924

Task: pick up the black bowl on the ramekin and place it on the plate view 0 0 100 350 6 initstate 0
Success: False
# episodes completed so far: 795
# successes: 543 (68.3%)
Current task success rate: 0.0
Current total success rate: 0.6830188679245283

Task: pick up the black bowl on the ramekin and place it on the plate view 0 0 100 350 8 initstate 0
Success: False
# episodes completed so far: 796
# successes: 543 (68.2%)
Current task success rate: 0.0
Current total success rate: 0.6821608040201005

Task: pick up the black bowl on the ramekin and place it on the plate view 0 0 100 350 350 initstate 0
Success: False
# episodes completed so far: 797
# successes: 543 (68.1%)
Current task success rate: 0.0
Current total success rate: 0.6813048933500627

Task: pick up the black bowl on the ramekin and place it on the plate view 0 0 100 350 352 initstate 0
Success: False
# episodes completed so far: 798
# successes: 543 (68.0%)
Current task success rate: 0.0
Current total success rate: 0.6804511278195489

Task: pick up the black bowl on the ramekin and place it on the plate view 0 0 100 350 354 initstate 0
Success: True
# episodes completed so far: 799
# successes: 544 (68.1%)
Current task success rate: 1.0
Current total success rate: 0.6808510638297872

Task: pick up the black bowl on the ramekin and place it on the plate view 0 0 100 350 356 initstate 0
Success: True
# episodes completed so far: 800
# successes: 545 (68.1%)
Current task success rate: 1.0
Current total success rate: 0.68125

Task: pick up the black bowl on the ramekin and place it on the plate view 0 0 100 350 358 initstate 0
Success: False
# episodes completed so far: 801
# successes: 545 (68.0%)
Current task success rate: 0.0
Current total success rate: 0.6803995006242197

Task: pick up the black bowl on the ramekin and place it on the plate view 285 0 100 0 0 initstate 0
Success: False
# episodes completed so far: 802
# successes: 545 (68.0%)
Current task success rate: 0.0
Current total success rate: 0.6795511221945137

Task: pick up the black bowl on the ramekin and place it on the plate view 285 15 100 0 0 initstate 0
Success: False
# episodes completed so far: 803
# successes: 545 (67.9%)
Current task success rate: 0.0
Current total success rate: 0.6787048567870486

Task: pick up the black bowl on the ramekin and place it on the plate view 286 15 100 0 0 initstate 0
Success: False
# episodes completed so far: 804
# successes: 545 (67.8%)
Current task success rate: 0.0
Current total success rate: 0.677860696517413

Task: pick up the black bowl on the ramekin and place it on the plate view 287 0 100 0 0 initstate 0
Success: False
# episodes completed so far: 805
# successes: 545 (67.7%)
Current task success rate: 0.0
Current total success rate: 0.6770186335403726

Task: pick up the black bowl on the ramekin and place it on the plate view 287 15 100 0 0 initstate 0
Success: False
# episodes completed so far: 806
# successes: 545 (67.6%)
Current task success rate: 0.0
Current total success rate: 0.6761786600496278

Task: pick up the black bowl on the ramekin and place it on the plate view 288 0 100 0 0 initstate 0
Success: False
# episodes completed so far: 807
# successes: 545 (67.5%)
Current task success rate: 0.0
Current total success rate: 0.6753407682775713

Task: pick up the black bowl on the ramekin and place it on the plate view 288 15 100 0 0 initstate 0
Success: False
# episodes completed so far: 808
# successes: 545 (67.5%)
Current task success rate: 0.0
Current total success rate: 0.6745049504950495

Task: pick up the black bowl on the ramekin and place it on the plate view 289 0 100 0 0 initstate 0
Success: False
# episodes completed so far: 809
# successes: 545 (67.4%)
Current task success rate: 0.0
Current total success rate: 0.6736711990111248

Task: pick up the black bowl on the ramekin and place it on the plate view 289 15 100 0 0 initstate 0
Success: False
# episodes completed so far: 810
# successes: 545 (67.3%)
Current task success rate: 0.0
Current total success rate: 0.6728395061728395

Task: pick up the black bowl on the ramekin and place it on the plate view 290 0 100 0 0 initstate 0
Success: False
# episodes completed so far: 811
# successes: 545 (67.2%)
Current task success rate: 0.0
Current total success rate: 0.6720098643649816

Task: pick up the black bowl on the ramekin and place it on the plate view 290 15 100 0 0 initstate 0
Success: False
# episodes completed so far: 812
# successes: 545 (67.1%)
Current task success rate: 0.0
Current total success rate: 0.6711822660098522

Task: pick up the black bowl on the ramekin and place it on the plate view 291 0 100 0 0 initstate 0
Success: False
# episodes completed so far: 813
# successes: 545 (67.0%)
Current task success rate: 0.0
Current total success rate: 0.6703567035670357

Task: pick up the black bowl on the ramekin and place it on the plate view 291 15 100 0 0 initstate 0
Success: False
# episodes completed so far: 814
# successes: 545 (67.0%)
Current task success rate: 0.0
Current total success rate: 0.6695331695331695

Task: pick up the black bowl on the ramekin and place it on the plate view 292 0 100 0 0 initstate 0
Success: False
# episodes completed so far: 815
# successes: 545 (66.9%)
Current task success rate: 0.0
Current total success rate: 0.6687116564417178

Task: pick up the black bowl on the ramekin and place it on the plate view 293 0 100 0 0 initstate 0
Success: False
# episodes completed so far: 816
# successes: 545 (66.8%)
Current task success rate: 0.0
Current total success rate: 0.6678921568627451

Task: pick up the black bowl on the ramekin and place it on the plate view 293 15 100 0 0 initstate 0
Success: False
# episodes completed so far: 817
# successes: 545 (66.7%)
Current task success rate: 0.0
Current total success rate: 0.6670746634026927

Task: pick up the black bowl on the ramekin and place it on the plate view 294 0 100 0 0 initstate 0
Success: False
# episodes completed so far: 818
# successes: 545 (66.6%)
Current task success rate: 0.0
Current total success rate: 0.6662591687041565

Task: pick up the black bowl on the ramekin and place it on the plate view 294 15 100 0 0 initstate 0
Success: False
# episodes completed so far: 819
# successes: 545 (66.5%)
Current task success rate: 0.0
Current total success rate: 0.6654456654456654

Task: pick up the black bowl on the ramekin and place it on the plate view 295 0 100 0 0 initstate 0
Success: False
# episodes completed so far: 820
# successes: 545 (66.5%)
Current task success rate: 0.0
Current total success rate: 0.6646341463414634

Task: pick up the black bowl on the ramekin and place it on the plate view 295 15 100 0 0 initstate 0
Success: False
# episodes completed so far: 821
# successes: 545 (66.4%)
Current task success rate: 0.0
Current total success rate: 0.6638246041412911

Task: pick up the black bowl on the ramekin and place it on the plate view 296 0 100 0 0 initstate 0
Success: False
# episodes completed so far: 822
# successes: 545 (66.3%)
Current task success rate: 0.0
Current total success rate: 0.6630170316301703

Task: pick up the black bowl on the ramekin and place it on the plate view 296 15 100 0 0 initstate 0
Success: False
# episodes completed so far: 823
# successes: 545 (66.2%)
Current task success rate: 0.0
Current total success rate: 0.6622114216281896

Task: pick up the black bowl on the ramekin and place it on the plate view 297 0 100 0 0 initstate 0
Success: False
# episodes completed so far: 824
# successes: 545 (66.1%)
Current task success rate: 0.0
Current total success rate: 0.6614077669902912

Task: pick up the black bowl on the ramekin and place it on the plate view 297 15 100 0 0 initstate 0
Success: False
# episodes completed so far: 825
# successes: 545 (66.1%)
Current task success rate: 0.0
Current total success rate: 0.6606060606060606

Task: pick up the black bowl on the ramekin and place it on the plate view 298 0 100 0 0 initstate 0
Success: False
# episodes completed so far: 826
# successes: 545 (66.0%)
Current task success rate: 0.0
Current total success rate: 0.6598062953995157

Task: pick up the black bowl on the ramekin and place it on the plate view 298 15 100 0 0 initstate 0
Success: False
# episodes completed so far: 827
# successes: 545 (65.9%)
Current task success rate: 0.0
Current total success rate: 0.6590084643288996

Task: pick up the black bowl on the ramekin and place it on the plate view 299 0 100 0 0 initstate 0
Success: False
# episodes completed so far: 828
# successes: 545 (65.8%)
Current task success rate: 0.0
Current total success rate: 0.6582125603864735

Task: pick up the black bowl on the ramekin and place it on the plate view 299 15 100 0 0 initstate 0
Success: False
# episodes completed so far: 829
# successes: 545 (65.7%)
Current task success rate: 0.0
Current total success rate: 0.6574185765983113

Task: pick up the black bowl next to the cookie box and place it on the plate view 0 0 161 0 0 initstate 0
Success: False
# episodes completed so far: 830
# successes: 545 (65.7%)
Current task success rate: 0.0
Current total success rate: 0.6566265060240963

Task: pick up the black bowl next to the cookie box and place it on the plate view 0 0 162 0 0 initstate 0
Success: False
# episodes completed so far: 831
# successes: 545 (65.6%)
Current task success rate: 0.0
Current total success rate: 0.6558363417569194

Task: pick up the black bowl next to the cookie box and place it on the plate view 0 0 163 0 0 initstate 0
Success: False
# episodes completed so far: 832
# successes: 545 (65.5%)
Current task success rate: 0.0
Current total success rate: 0.6550480769230769

Task: pick up the black bowl next to the cookie box and place it on the plate view 0 0 164 0 0 initstate 0
Success: False
# episodes completed so far: 833
# successes: 545 (65.4%)
Current task success rate: 0.0
Current total success rate: 0.6542617046818727

Task: pick up the black bowl next to the cookie box and place it on the plate view 0 0 165 0 0 initstate 0
Success: False
# episodes completed so far: 834
# successes: 545 (65.3%)
Current task success rate: 0.0
Current total success rate: 0.6534772182254197

Task: pick up the black bowl next to the cookie box and place it on the plate view 0 0 166 0 0 initstate 0
Success: False
# episodes completed so far: 835
# successes: 545 (65.3%)
Current task success rate: 0.0
Current total success rate: 0.6526946107784432

Task: pick up the black bowl next to the cookie box and place it on the plate view 0 0 167 0 0 initstate 0
Success: False
# episodes completed so far: 836
# successes: 545 (65.2%)
Current task success rate: 0.0
Current total success rate: 0.6519138755980861

Task: pick up the black bowl next to the cookie box and place it on the plate view 0 0 168 0 0 initstate 0
Success: False
# episodes completed so far: 837
# successes: 545 (65.1%)
Current task success rate: 0.0
Current total success rate: 0.6511350059737157

Task: pick up the black bowl next to the cookie box and place it on the plate view 0 0 169 0 0 initstate 0
Success: False
# episodes completed so far: 838
# successes: 545 (65.0%)
Current task success rate: 0.0
Current total success rate: 0.6503579952267303

Task: pick up the black bowl next to the cookie box and place it on the plate view 0 0 170 0 0 initstate 0
Success: False
# episodes completed so far: 839
# successes: 545 (65.0%)
Current task success rate: 0.0
Current total success rate: 0.6495828367103695

Task: pick up the black bowl next to the cookie box and place it on the plate view 0 0 100 352 10 initstate 0
Success: True
# episodes completed so far: 840
# successes: 546 (65.0%)
Current task success rate: 1.0
Current total success rate: 0.65

Task: pick up the black bowl next to the cookie box and place it on the plate view 0 0 100 352 350 initstate 0
Success: False
# episodes completed so far: 841
# successes: 546 (64.9%)
Current task success rate: 0.0
Current total success rate: 0.6492271105826397

Task: pick up the black bowl next to the cookie box and place it on the plate view 0 0 100 352 352 initstate 0
Success: True
# episodes completed so far: 842
# successes: 547 (65.0%)
Current task success rate: 1.0
Current total success rate: 0.649643705463183

Task: pick up the black bowl next to the cookie box and place it on the plate view 300 0 100 0 0 initstate 0
Success: False
# episodes completed so far: 843
# successes: 547 (64.9%)
Current task success rate: 0.0
Current total success rate: 0.6488730723606169

Task: pick up the black bowl next to the cookie box and place it on the plate view 300 15 100 0 0 initstate 0
Success: False
# episodes completed so far: 844
# successes: 547 (64.8%)
Current task success rate: 0.0
Current total success rate: 0.6481042654028436

Task: pick up the black bowl next to the cookie box and place it on the plate view 301 0 100 0 0 initstate 0
Success: False
# episodes completed so far: 845
# successes: 547 (64.7%)
Current task success rate: 0.0
Current total success rate: 0.6473372781065089

Task: pick up the black bowl next to the cookie box and place it on the plate view 301 15 100 0 0 initstate 0
Success: False
# episodes completed so far: 846
# successes: 547 (64.7%)
Current task success rate: 0.0
Current total success rate: 0.6465721040189125

Task: pick up the black bowl next to the cookie box and place it on the plate view 302 0 100 0 0 initstate 0
Success: False
# episodes completed so far: 847
# successes: 547 (64.6%)
Current task success rate: 0.0
Current total success rate: 0.6458087367178277

Task: pick up the black bowl next to the cookie box and place it on the plate view 302 15 100 0 0 initstate 0
Success: False
# episodes completed so far: 848
# successes: 547 (64.5%)
Current task success rate: 0.0
Current total success rate: 0.6450471698113207

Task: pick up the black bowl next to the cookie box and place it on the plate view 303 0 100 0 0 initstate 0
Success: False
# episodes completed so far: 849
# successes: 547 (64.4%)
Current task success rate: 0.0
Current total success rate: 0.6442873969375736

Task: pick up the black bowl next to the cookie box and place it on the plate view 303 15 100 0 0 initstate 0
Success: False
# episodes completed so far: 850
# successes: 547 (64.4%)
Current task success rate: 0.0
Current total success rate: 0.6435294117647059

Task: pick up the black bowl next to the cookie box and place it on the plate view 304 0 100 0 0 initstate 0
Success: False
# episodes completed so far: 851
# successes: 547 (64.3%)
Current task success rate: 0.0
Current total success rate: 0.6427732079905993

Task: pick up the black bowl next to the cookie box and place it on the plate view 305 0 100 0 0 initstate 0
Success: False
# episodes completed so far: 852
# successes: 547 (64.2%)
Current task success rate: 0.0
Current total success rate: 0.642018779342723

Task: pick up the black bowl next to the cookie box and place it on the plate view 305 15 100 0 0 initstate 0
Success: False
# episodes completed so far: 853
# successes: 547 (64.1%)
Current task success rate: 0.0
Current total success rate: 0.6412661195779601

Task: pick up the black bowl next to the cookie box and place it on the plate view 306 0 100 0 0 initstate 0
Success: False
# episodes completed so far: 854
# successes: 547 (64.1%)
Current task success rate: 0.0
Current total success rate: 0.6405152224824356

Task: pick up the black bowl next to the cookie box and place it on the plate view 306 15 100 0 0 initstate 0
Success: False
# episodes completed so far: 855
# successes: 547 (64.0%)
Current task success rate: 0.0
Current total success rate: 0.639766081871345

Task: pick up the black bowl next to the cookie box and place it on the plate view 307 0 100 0 0 initstate 0
Success: False
# episodes completed so far: 856
# successes: 547 (63.9%)
Current task success rate: 0.0
Current total success rate: 0.639018691588785

Task: pick up the black bowl next to the cookie box and place it on the plate view 307 15 100 0 0 initstate 0
Success: False
# episodes completed so far: 857
# successes: 547 (63.8%)
Current task success rate: 0.0
Current total success rate: 0.6382730455075846

Task: pick up the black bowl next to the cookie box and place it on the plate view 308 0 100 0 0 initstate 0
Success: False
# episodes completed so far: 858
# successes: 547 (63.8%)
Current task success rate: 0.0
Current total success rate: 0.6375291375291375

Task: pick up the black bowl next to the cookie box and place it on the plate view 308 15 100 0 0 initstate 0
Success: False
# episodes completed so far: 859
# successes: 547 (63.7%)
Current task success rate: 0.0
Current total success rate: 0.6367869615832363

Task: pick up the black bowl next to the cookie box and place it on the plate view 309 0 100 0 0 initstate 0
Success: False
# episodes completed so far: 860
# successes: 547 (63.6%)
Current task success rate: 0.0
Current total success rate: 0.6360465116279069

Task: pick up the black bowl next to the cookie box and place it on the plate view 309 15 100 0 0 initstate 0
Success: False
# episodes completed so far: 861
# successes: 547 (63.5%)
Current task success rate: 0.0
Current total success rate: 0.6353077816492451

Task: pick up the black bowl next to the cookie box and place it on the plate view 310 0 100 0 0 initstate 0
Success: False
# episodes completed so far: 862
# successes: 547 (63.5%)
Current task success rate: 0.0
Current total success rate: 0.6345707656612529

Task: pick up the black bowl next to the cookie box and place it on the plate view 310 15 100 0 0 initstate 0
Success: False
# episodes completed so far: 863
# successes: 547 (63.4%)
Current task success rate: 0.0
Current total success rate: 0.6338354577056778

Task: pick up the black bowl next to the cookie box and place it on the plate view 311 0 100 0 0 initstate 0
Success: False
# episodes completed so far: 864
# successes: 547 (63.3%)
Current task success rate: 0.0
Current total success rate: 0.6331018518518519

Task: pick up the black bowl next to the cookie box and place it on the plate view 311 15 100 0 0 initstate 0
Success: False
# episodes completed so far: 865
# successes: 547 (63.2%)
Current task success rate: 0.0
Current total success rate: 0.6323699421965318

Task: pick up the black bowl next to the cookie box and place it on the plate view 312 0 100 0 0 initstate 0
Success: True
# episodes completed so far: 866
# successes: 548 (63.3%)
Current task success rate: 1.0
Current total success rate: 0.6327944572748267

Task: pick up the black bowl next to the cookie box and place it on the plate view 312 15 100 0 0 initstate 0
Success: False
# episodes completed so far: 867
# successes: 548 (63.2%)
Current task success rate: 0.0
Current total success rate: 0.6320645905420992

Task: pick up the black bowl next to the cookie box and place it on the plate view 313 0 100 0 0 initstate 0
Success: False
# episodes completed so far: 868
# successes: 548 (63.1%)
Current task success rate: 0.0
Current total success rate: 0.631336405529954

Task: pick up the black bowl next to the cookie box and place it on the plate view 313 15 100 0 0 initstate 0
Success: False
# episodes completed so far: 869
# successes: 548 (63.1%)
Current task success rate: 0.0
Current total success rate: 0.6306098964326813

Task: pick up the black bowl next to the cookie box and place it on the plate view 314 0 100 0 0 initstate 0
Success: False
# episodes completed so far: 870
# successes: 548 (63.0%)
Current task success rate: 0.0
Current total success rate: 0.6298850574712643

Task: pick up the black bowl next to the cookie box and place it on the plate view 314 15 100 0 0 initstate 0
Success: False
# episodes completed so far: 871
# successes: 548 (62.9%)
Current task success rate: 0.0
Current total success rate: 0.6291618828932262

Task: pick up the black bowl on the stove and place it on the plate view 0 0 171 0 0 initstate 0
Success: False
# episodes completed so far: 872
# successes: 548 (62.8%)
Current task success rate: 0.0
Current total success rate: 0.6284403669724771

Task: pick up the black bowl on the stove and place it on the plate view 0 0 172 0 0 initstate 0
Success: False
# episodes completed so far: 873
# successes: 548 (62.8%)
Current task success rate: 0.0
Current total success rate: 0.6277205040091638

Task: pick up the black bowl on the stove and place it on the plate view 0 0 173 0 0 initstate 0
Success: False
# episodes completed so far: 874
# successes: 548 (62.7%)
Current task success rate: 0.0
Current total success rate: 0.6270022883295194

Task: pick up the black bowl on the stove and place it on the plate view 0 0 174 0 0 initstate 0
Success: False
# episodes completed so far: 875
# successes: 548 (62.6%)
Current task success rate: 0.0
Current total success rate: 0.6262857142857143

Task: pick up the black bowl on the stove and place it on the plate view 0 0 175 0 0 initstate 0
Success: False
# episodes completed so far: 876
# successes: 548 (62.6%)
Current task success rate: 0.0
Current total success rate: 0.6255707762557078

Task: pick up the black bowl on the stove and place it on the plate view 0 0 176 0 0 initstate 0
Success: False
# episodes completed so far: 877
# successes: 548 (62.5%)
Current task success rate: 0.0
Current total success rate: 0.6248574686431014

Task: pick up the black bowl on the stove and place it on the plate view 0 0 177 0 0 initstate 0
Success: False
# episodes completed so far: 878
# successes: 548 (62.4%)
Current task success rate: 0.0
Current total success rate: 0.6241457858769932

Task: pick up the black bowl on the stove and place it on the plate view 0 0 178 0 0 initstate 0
Success: False
# episodes completed so far: 879
# successes: 548 (62.3%)
Current task success rate: 0.0
Current total success rate: 0.6234357224118316

Task: pick up the black bowl on the stove and place it on the plate view 0 0 179 0 0 initstate 0
Success: False
# episodes completed so far: 880
# successes: 548 (62.3%)
Current task success rate: 0.0
Current total success rate: 0.6227272727272727

Task: pick up the black bowl on the stove and place it on the plate view 0 0 180 0 0 initstate 0
Success: False
# episodes completed so far: 881
# successes: 548 (62.2%)
Current task success rate: 0.0
Current total success rate: 0.6220204313280363

Task: pick up the black bowl on the stove and place it on the plate view 0 0 100 354 8 initstate 0
Success: True
# episodes completed so far: 882
# successes: 549 (62.2%)
Current task success rate: 1.0
Current total success rate: 0.6224489795918368

Task: pick up the black bowl on the stove and place it on the plate view 0 0 100 354 350 initstate 0
Success: False
# episodes completed so far: 883
# successes: 549 (62.2%)
Current task success rate: 0.0
Current total success rate: 0.6217440543601359

Task: pick up the black bowl on the stove and place it on the plate view 0 0 100 354 354 initstate 0
Success: True
# episodes completed so far: 884
# successes: 550 (62.2%)
Current task success rate: 1.0
Current total success rate: 0.6221719457013575

Task: pick up the black bowl on the stove and place it on the plate view 0 0 100 354 356 initstate 0
Success: True
# episodes completed so far: 885
# successes: 551 (62.3%)
Current task success rate: 1.0
Current total success rate: 0.6225988700564972

Task: pick up the black bowl on the stove and place it on the plate view 315 0 100 0 0 initstate 0
Success: False
# episodes completed so far: 886
# successes: 551 (62.2%)
Current task success rate: 0.0
Current total success rate: 0.6218961625282167

Task: pick up the black bowl on the stove and place it on the plate view 315 15 100 0 0 initstate 0
Success: False
# episodes completed so far: 887
# successes: 551 (62.1%)
Current task success rate: 0.0
Current total success rate: 0.62119503945885

Task: pick up the black bowl on the stove and place it on the plate view 316 0 100 0 0 initstate 0
Success: False
# episodes completed so far: 888
# successes: 551 (62.0%)
Current task success rate: 0.0
Current total success rate: 0.6204954954954955

Task: pick up the black bowl on the stove and place it on the plate view 316 15 100 0 0 initstate 0
Success: False
# episodes completed so far: 889
# successes: 551 (62.0%)
Current task success rate: 0.0
Current total success rate: 0.6197975253093363

Task: pick up the black bowl on the stove and place it on the plate view 317 0 100 0 0 initstate 0
Success: False
# episodes completed so far: 890
# successes: 551 (61.9%)
Current task success rate: 0.0
Current total success rate: 0.6191011235955056

Task: pick up the black bowl on the stove and place it on the plate view 317 15 100 0 0 initstate 0
Success: False
# episodes completed so far: 891
# successes: 551 (61.8%)
Current task success rate: 0.0
Current total success rate: 0.6184062850729517

Task: pick up the black bowl on the stove and place it on the plate view 318 0 100 0 0 initstate 0
Success: False
# episodes completed so far: 892
# successes: 551 (61.8%)
Current task success rate: 0.0
Current total success rate: 0.6177130044843049

Task: pick up the black bowl on the stove and place it on the plate view 318 15 100 0 0 initstate 0
Success: False
# episodes completed so far: 893
# successes: 551 (61.7%)
Current task success rate: 0.0
Current total success rate: 0.6170212765957447

Task: pick up the black bowl on the stove and place it on the plate view 319 0 100 0 0 initstate 0
Success: False
# episodes completed so far: 894
# successes: 551 (61.6%)
Current task success rate: 0.0
Current total success rate: 0.616331096196868

Task: pick up the black bowl on the stove and place it on the plate view 319 15 100 0 0 initstate 0
Success: False
# episodes completed so far: 895
# successes: 551 (61.6%)
Current task success rate: 0.0
Current total success rate: 0.6156424581005586

Task: pick up the black bowl on the stove and place it on the plate view 320 0 100 0 0 initstate 0
Success: False
# episodes completed so far: 896
# successes: 551 (61.5%)
Current task success rate: 0.0
Current total success rate: 0.6149553571428571

Task: pick up the black bowl on the stove and place it on the plate view 320 15 100 0 0 initstate 0
Success: False
# episodes completed so far: 897
# successes: 551 (61.4%)
Current task success rate: 0.0
Current total success rate: 0.6142697881828316

Task: pick up the black bowl on the stove and place it on the plate view 321 0 100 0 0 initstate 0
Success: False
# episodes completed so far: 898
# successes: 551 (61.4%)
Current task success rate: 0.0
Current total success rate: 0.6135857461024499

Task: pick up the black bowl on the stove and place it on the plate view 321 15 100 0 0 initstate 0
Success: False
# episodes completed so far: 899
# successes: 551 (61.3%)
Current task success rate: 0.0
Current total success rate: 0.6129032258064516

Task: pick up the black bowl on the stove and place it on the plate view 322 0 100 0 0 initstate 0
Success: False
# episodes completed so far: 900
# successes: 551 (61.2%)
Current task success rate: 0.0
Current total success rate: 0.6122222222222222

Task: pick up the black bowl on the stove and place it on the plate view 322 15 100 0 0 initstate 0
Success: False
# episodes completed so far: 901
# successes: 551 (61.2%)
Current task success rate: 0.0
Current total success rate: 0.611542730299667

Task: pick up the black bowl on the stove and place it on the plate view 323 0 100 0 0 initstate 0
Success: True
# episodes completed so far: 902
# successes: 552 (61.2%)
Current task success rate: 1.0
Current total success rate: 0.6119733924611973

Task: pick up the black bowl on the stove and place it on the plate view 323 15 100 0 0 initstate 0
Success: True
# episodes completed so far: 903
# successes: 553 (61.2%)
Current task success rate: 1.0
Current total success rate: 0.6124031007751938

Task: pick up the black bowl on the stove and place it on the plate view 324 0 100 0 0 initstate 0
Success: False
# episodes completed so far: 904
# successes: 553 (61.2%)
Current task success rate: 0.0
Current total success rate: 0.6117256637168141

Task: pick up the black bowl on the stove and place it on the plate view 324 15 100 0 0 initstate 0
Success: False
# episodes completed so far: 905
# successes: 553 (61.1%)
Current task success rate: 0.0
Current total success rate: 0.611049723756906

Task: pick up the black bowl on the stove and place it on the plate view 325 0 100 0 0 initstate 0
Success: False
# episodes completed so far: 906
# successes: 553 (61.0%)
Current task success rate: 0.0
Current total success rate: 0.6103752759381899

Task: pick up the black bowl on the stove and place it on the plate view 325 15 100 0 0 initstate 0
Success: True
# episodes completed so far: 907
# successes: 554 (61.1%)
Current task success rate: 1.0
Current total success rate: 0.6108048511576626

Task: pick up the black bowl on the stove and place it on the plate view 326 0 100 0 0 initstate 0
Success: False
# episodes completed so far: 908
# successes: 554 (61.0%)
Current task success rate: 0.0
Current total success rate: 0.6101321585903083

Task: pick up the black bowl on the stove and place it on the plate view 326 15 100 0 0 initstate 0
Success: False
# episodes completed so far: 909
# successes: 554 (60.9%)
Current task success rate: 0.0
Current total success rate: 0.6094609460946094

Task: pick up the black bowl on the stove and place it on the plate view 327 15 100 0 0 initstate 0
Success: False
# episodes completed so far: 910
# successes: 554 (60.9%)
Current task success rate: 0.0
Current total success rate: 0.6087912087912087

Task: pick up the black bowl on the stove and place it on the plate view 328 0 100 0 0 initstate 0
Success: True
# episodes completed so far: 911
# successes: 555 (60.9%)
Current task success rate: 1.0
Current total success rate: 0.6092206366630076

Task: pick up the black bowl on the stove and place it on the plate view 328 15 100 0 0 initstate 0
Success: False
# episodes completed so far: 912
# successes: 555 (60.9%)
Current task success rate: 0.0
Current total success rate: 0.6085526315789473

Task: pick up the black bowl on the stove and place it on the plate view 329 0 100 0 0 initstate 0
Success: True
# episodes completed so far: 913
# successes: 556 (60.9%)
Current task success rate: 1.0
Current total success rate: 0.6089813800657174

Task: pick up the black bowl on the stove and place it on the plate view 329 15 100 0 0 initstate 0
Success: False
# episodes completed so far: 914
# successes: 556 (60.8%)
Current task success rate: 0.0
Current total success rate: 0.6083150984682714

Task: pick up the black bowl next to the plate and place it on the plate view 0 0 181 0 0 initstate 0
Success: False
# episodes completed so far: 915
# successes: 556 (60.8%)
Current task success rate: 0.0
Current total success rate: 0.6076502732240437

Task: pick up the black bowl next to the plate and place it on the plate view 0 0 182 0 0 initstate 0
Success: False
# episodes completed so far: 916
# successes: 556 (60.7%)
Current task success rate: 0.0
Current total success rate: 0.6069868995633187

Task: pick up the black bowl next to the plate and place it on the plate view 0 0 183 0 0 initstate 0
Success: False
# episodes completed so far: 917
# successes: 556 (60.6%)
Current task success rate: 0.0
Current total success rate: 0.6063249727371864

Task: pick up the black bowl next to the plate and place it on the plate view 0 0 184 0 0 initstate 0
Success: False
# episodes completed so far: 918
# successes: 556 (60.6%)
Current task success rate: 0.0
Current total success rate: 0.6056644880174292

Task: pick up the black bowl next to the plate and place it on the plate view 0 0 185 0 0 initstate 0
Success: False
# episodes completed so far: 919
# successes: 556 (60.5%)
Current task success rate: 0.0
Current total success rate: 0.6050054406964092

Task: pick up the black bowl next to the plate and place it on the plate view 0 0 186 0 0 initstate 0
Success: False
# episodes completed so far: 920
# successes: 556 (60.4%)
Current task success rate: 0.0
Current total success rate: 0.6043478260869565

Task: pick up the black bowl next to the plate and place it on the plate view 0 0 187 0 0 initstate 0
Success: False
# episodes completed so far: 921
# successes: 556 (60.4%)
Current task success rate: 0.0
Current total success rate: 0.6036916395222585

Task: pick up the black bowl next to the plate and place it on the plate view 0 0 188 0 0 initstate 0
Success: False
# episodes completed so far: 922
# successes: 556 (60.3%)
Current task success rate: 0.0
Current total success rate: 0.6030368763557483

Task: pick up the black bowl next to the plate and place it on the plate view 0 0 189 0 0 initstate 0
Success: False
# episodes completed so far: 923
# successes: 556 (60.2%)
Current task success rate: 0.0
Current total success rate: 0.6023835319609967

Task: pick up the black bowl next to the plate and place it on the plate view 0 0 190 0 0 initstate 0
Success: False
# episodes completed so far: 924
# successes: 556 (60.2%)
Current task success rate: 0.0
Current total success rate: 0.6017316017316018

Task: pick up the black bowl next to the plate and place it on the plate view 0 0 100 356 6 initstate 0
Success: True
# episodes completed so far: 925
# successes: 557 (60.2%)
Current task success rate: 1.0
Current total success rate: 0.6021621621621621

Task: pick up the black bowl next to the plate and place it on the plate view 0 0 100 356 8 initstate 0
Success: True
# episodes completed so far: 926
# successes: 558 (60.3%)
Current task success rate: 1.0
Current total success rate: 0.6025917926565875

Task: pick up the black bowl next to the plate and place it on the plate view 0 0 100 356 10 initstate 0
Success: True
# episodes completed so far: 927
# successes: 559 (60.3%)
Current task success rate: 1.0
Current total success rate: 0.6030204962243797

Task: pick up the black bowl next to the plate and place it on the plate view 0 0 100 356 350 initstate 0
Success: True
# episodes completed so far: 928
# successes: 560 (60.3%)
Current task success rate: 1.0
Current total success rate: 0.603448275862069

Task: pick up the black bowl next to the plate and place it on the plate view 330 0 100 0 0 initstate 0
Success: False
# episodes completed so far: 929
# successes: 560 (60.3%)
Current task success rate: 0.0
Current total success rate: 0.6027987082884823

Task: pick up the black bowl next to the plate and place it on the plate view 330 15 100 0 0 initstate 0
Success: True
# episodes completed so far: 930
# successes: 561 (60.3%)
Current task success rate: 1.0
Current total success rate: 0.603225806451613

Task: pick up the black bowl next to the plate and place it on the plate view 331 0 100 0 0 initstate 0
Success: True
# episodes completed so far: 931
# successes: 562 (60.4%)
Current task success rate: 1.0
Current total success rate: 0.6036519871106337

Task: pick up the black bowl next to the plate and place it on the plate view 331 15 100 0 0 initstate 0
Success: True
# episodes completed so far: 932
# successes: 563 (60.4%)
Current task success rate: 1.0
Current total success rate: 0.6040772532188842

Task: pick up the black bowl next to the plate and place it on the plate view 332 0 100 0 0 initstate 0
Success: False
# episodes completed so far: 933
# successes: 563 (60.3%)
Current task success rate: 0.0
Current total success rate: 0.6034297963558414

Task: pick up the black bowl next to the plate and place it on the plate view 332 15 100 0 0 initstate 0
Success: True
# episodes completed so far: 934
# successes: 564 (60.4%)
Current task success rate: 1.0
Current total success rate: 0.6038543897216274

Task: pick up the black bowl next to the plate and place it on the plate view 333 0 100 0 0 initstate 0
Success: False
# episodes completed so far: 935
# successes: 564 (60.3%)
Current task success rate: 0.0
Current total success rate: 0.6032085561497326

Task: pick up the black bowl next to the plate and place it on the plate view 333 15 100 0 0 initstate 0
Success: True
# episodes completed so far: 936
# successes: 565 (60.4%)
Current task success rate: 1.0
Current total success rate: 0.6036324786324786

Task: pick up the black bowl next to the plate and place it on the plate view 334 0 100 0 0 initstate 0
Success: True
# episodes completed so far: 937
# successes: 566 (60.4%)
Current task success rate: 1.0
Current total success rate: 0.6040554962646745

Task: pick up the black bowl next to the plate and place it on the plate view 334 15 100 0 0 initstate 0
Success: True
# episodes completed so far: 938
# successes: 567 (60.4%)
Current task success rate: 1.0
Current total success rate: 0.6044776119402985

Task: pick up the black bowl next to the plate and place it on the plate view 335 0 100 0 0 initstate 0
Success: True
# episodes completed so far: 939
# successes: 568 (60.5%)
Current task success rate: 1.0
Current total success rate: 0.6048988285410011

Task: pick up the black bowl next to the plate and place it on the plate view 335 15 100 0 0 initstate 0
Success: True
# episodes completed so far: 940
# successes: 569 (60.5%)
Current task success rate: 1.0
Current total success rate: 0.6053191489361702

Task: pick up the black bowl next to the plate and place it on the plate view 336 15 100 0 0 initstate 0
Success: True
# episodes completed so far: 941
# successes: 570 (60.6%)
Current task success rate: 1.0
Current total success rate: 0.6057385759829969

Task: pick up the black bowl next to the plate and place it on the plate view 338 0 100 0 0 initstate 0
Success: True
# episodes completed so far: 942
# successes: 571 (60.6%)
Current task success rate: 1.0
Current total success rate: 0.6061571125265393

Task: pick up the black bowl next to the plate and place it on the plate view 338 15 100 0 0 initstate 0
Success: True
# episodes completed so far: 943
# successes: 572 (60.7%)
Current task success rate: 1.0
Current total success rate: 0.6065747613997879

Task: pick up the black bowl next to the plate and place it on the plate view 340 0 100 0 0 initstate 0
Success: True
# episodes completed so far: 944
# successes: 573 (60.7%)
Current task success rate: 1.0
Current total success rate: 0.6069915254237288

Task: pick up the black bowl next to the plate and place it on the plate view 340 15 100 0 0 initstate 0
Success: True
# episodes completed so far: 945
# successes: 574 (60.7%)
Current task success rate: 1.0
Current total success rate: 0.6074074074074074

Task: pick up the black bowl next to the plate and place it on the plate view 343 15 100 0 0 initstate 0
Success: True
# episodes completed so far: 946
# successes: 575 (60.8%)
Current task success rate: 1.0
Current total success rate: 0.6078224101479915

Task: pick up the black bowl next to the plate and place it on the plate view 344 0 100 0 0 initstate 0
Success: True
# episodes completed so far: 947
# successes: 576 (60.8%)
Current task success rate: 1.0
Current total success rate: 0.6082365364308342

Task: pick up the black bowl on the wooden cabinet and place it on the plate view 0 0 191 0 0 initstate 0
Success: False
# episodes completed so far: 948
# successes: 576 (60.8%)
Current task success rate: 0.0
Current total success rate: 0.6075949367088608

Task: pick up the black bowl on the wooden cabinet and place it on the plate view 0 0 192 0 0 initstate 0
Success: False
# episodes completed so far: 949
# successes: 576 (60.7%)
Current task success rate: 0.0
Current total success rate: 0.60695468914647

Task: pick up the black bowl on the wooden cabinet and place it on the plate view 0 0 193 0 0 initstate 0
Success: False
# episodes completed so far: 950
# successes: 576 (60.6%)
Current task success rate: 0.0
Current total success rate: 0.6063157894736843

Task: pick up the black bowl on the wooden cabinet and place it on the plate view 0 0 194 0 0 initstate 0
Success: False
# episodes completed so far: 951
# successes: 576 (60.6%)
Current task success rate: 0.0
Current total success rate: 0.6056782334384858

Task: pick up the black bowl on the wooden cabinet and place it on the plate view 0 0 195 0 0 initstate 0
Success: False
# episodes completed so far: 952
# successes: 576 (60.5%)
Current task success rate: 0.0
Current total success rate: 0.6050420168067226

Task: pick up the black bowl on the wooden cabinet and place it on the plate view 0 0 196 0 0 initstate 0
Success: False
# episodes completed so far: 953
# successes: 576 (60.4%)
Current task success rate: 0.0
Current total success rate: 0.6044071353620147

Task: pick up the black bowl on the wooden cabinet and place it on the plate view 0 0 197 0 0 initstate 0
Success: False
# episodes completed so far: 954
# successes: 576 (60.4%)
Current task success rate: 0.0
Current total success rate: 0.6037735849056604

Task: pick up the black bowl on the wooden cabinet and place it on the plate view 0 0 198 0 0 initstate 0
Success: False
# episodes completed so far: 955
# successes: 576 (60.3%)
Current task success rate: 0.0
Current total success rate: 0.6031413612565445

Task: pick up the black bowl on the wooden cabinet and place it on the plate view 0 0 199 0 0 initstate 0
Success: False
# episodes completed so far: 956
# successes: 576 (60.3%)
Current task success rate: 0.0
Current total success rate: 0.602510460251046

Task: pick up the black bowl on the wooden cabinet and place it on the plate view 0 0 200 0 0 initstate 0
Success: False
# episodes completed so far: 957
# successes: 576 (60.2%)
Current task success rate: 0.0
Current total success rate: 0.6018808777429467

Task: pick up the black bowl on the wooden cabinet and place it on the plate view 0 0 100 358 6 initstate 0
Success: True
# episodes completed so far: 958
# successes: 577 (60.2%)
Current task success rate: 1.0
Current total success rate: 0.6022964509394572

Task: pick up the black bowl on the wooden cabinet and place it on the plate view 0 0 100 358 8 initstate 0
Success: False
# episodes completed so far: 959
# successes: 577 (60.2%)
Current task success rate: 0.0
Current total success rate: 0.6016684045881127

Task: pick up the black bowl on the wooden cabinet and place it on the plate view 0 0 100 358 10 initstate 0
Success: False
# episodes completed so far: 960
# successes: 577 (60.1%)
Current task success rate: 0.0
Current total success rate: 0.6010416666666667

Task: pick up the black bowl on the wooden cabinet and place it on the plate view 0 0 100 358 350 initstate 0
Success: False
# episodes completed so far: 961
# successes: 577 (60.0%)
Current task success rate: 0.0
Current total success rate: 0.6004162330905307

Task: pick up the black bowl on the wooden cabinet and place it on the plate view 0 0 100 358 352 initstate 0
Success: False
# episodes completed so far: 962
# successes: 577 (60.0%)
Current task success rate: 0.0
Current total success rate: 0.5997920997920998

Task: pick up the black bowl on the wooden cabinet and place it on the plate view 0 0 100 358 354 initstate 0
Success: True
# episodes completed so far: 963
# successes: 578 (60.0%)
Current task success rate: 1.0
Current total success rate: 0.6002076843198338

Task: pick up the black bowl on the wooden cabinet and place it on the plate view 0 0 100 358 356 initstate 0
Success: False
# episodes completed so far: 964
# successes: 578 (60.0%)
Current task success rate: 0.0
Current total success rate: 0.5995850622406639

Task: pick up the black bowl on the wooden cabinet and place it on the plate view 0 0 100 358 358 initstate 0
Success: True
# episodes completed so far: 965
# successes: 579 (60.0%)
Current task success rate: 1.0
Current total success rate: 0.6

Task: pick up the black bowl on the wooden cabinet and place it on the plate view 345 0 100 0 0 initstate 0
Success: True
# episodes completed so far: 966
# successes: 580 (60.0%)
Current task success rate: 1.0
Current total success rate: 0.6004140786749482

Task: pick up the black bowl on the wooden cabinet and place it on the plate view 345 15 100 0 0 initstate 0
Success: False
# episodes completed so far: 967
# successes: 580 (60.0%)
Current task success rate: 0.0
Current total success rate: 0.5997931747673216

Task: pick up the black bowl on the wooden cabinet and place it on the plate view 346 0 100 0 0 initstate 0
Success: True
# episodes completed so far: 968
# successes: 581 (60.0%)
Current task success rate: 1.0
Current total success rate: 0.6002066115702479

Task: pick up the black bowl on the wooden cabinet and place it on the plate view 346 15 100 0 0 initstate 0
Success: False
# episodes completed so far: 969
# successes: 581 (60.0%)
Current task success rate: 0.0
Current total success rate: 0.5995872033023736

Task: pick up the black bowl on the wooden cabinet and place it on the plate view 347 15 100 0 0 initstate 0
Success: False
# episodes completed so far: 970
# successes: 581 (59.9%)
Current task success rate: 0.0
Current total success rate: 0.5989690721649484

Task: pick up the black bowl on the wooden cabinet and place it on the plate view 348 0 100 0 0 initstate 0
Success: True
# episodes completed so far: 971
# successes: 582 (59.9%)
Current task success rate: 1.0
Current total success rate: 0.5993820803295572

Task: pick up the black bowl on the wooden cabinet and place it on the plate view 348 15 100 0 0 initstate 0
Success: False
# episodes completed so far: 972
# successes: 582 (59.9%)
Current task success rate: 0.0
Current total success rate: 0.5987654320987654

Task: pick up the black bowl on the wooden cabinet and place it on the plate view 349 0 100 0 0 initstate 0
Success: True
# episodes completed so far: 973
# successes: 583 (59.9%)
Current task success rate: 1.0
Current total success rate: 0.5991778006166495

Task: pick up the black bowl on the wooden cabinet and place it on the plate view 349 15 100 0 0 initstate 0
Success: False
# episodes completed so far: 974
# successes: 583 (59.9%)
Current task success rate: 0.0
Current total success rate: 0.5985626283367557

Task: pick up the black bowl on the wooden cabinet and place it on the plate view 350 15 100 0 0 initstate 0
Success: False
# episodes completed so far: 975
# successes: 583 (59.8%)
Current task success rate: 0.0
Current total success rate: 0.597948717948718

Task: pick up the black bowl on the wooden cabinet and place it on the plate view 351 15 100 0 0 initstate 0
Success: False
# episodes completed so far: 976
# successes: 583 (59.7%)
Current task success rate: 0.0
Current total success rate: 0.5973360655737705

Task: pick up the black bowl on the wooden cabinet and place it on the plate view 352 15 100 0 0 initstate 0
Success: False
# episodes completed so far: 977
# successes: 583 (59.7%)
Current task success rate: 0.0
Current total success rate: 0.5967246673490276

Task: pick up the black bowl on the wooden cabinet and place it on the plate view 353 15 100 0 0 initstate 0
Success: False
# episodes completed so far: 978
# successes: 583 (59.6%)
Current task success rate: 0.0
Current total success rate: 0.5961145194274029

Task: pick up the black bowl on the wooden cabinet and place it on the plate view 354 15 100 0 0 initstate 0
Success: False
# episodes completed so far: 979
# successes: 583 (59.6%)
Current task success rate: 0.0
Current total success rate: 0.5955056179775281

Task: pick up the black bowl on the wooden cabinet and place it on the plate view 355 15 100 0 0 initstate 0
Success: False
# episodes completed so far: 980
# successes: 583 (59.5%)
Current task success rate: 0.0
Current total success rate: 0.5948979591836735

Task: pick up the black bowl on the wooden cabinet and place it on the plate view 356 15 100 0 0 initstate 0
Success: False
# episodes completed so far: 981
# successes: 583 (59.4%)
Current task success rate: 0.0
Current total success rate: 0.5942915392456677

Task: pick up the black bowl on the wooden cabinet and place it on the plate view 357 15 100 0 0 initstate 0
Success: False
# episodes completed so far: 982
# successes: 583 (59.4%)
Current task success rate: 0.0
Current total success rate: 0.5936863543788188

Task: pick up the black bowl on the wooden cabinet and place it on the plate view 358 15 100 0 0 initstate 0
Success: False
# episodes completed so far: 983
# successes: 583 (59.3%)
Current task success rate: 0.0
Current total success rate: 0.5930824008138352

Task: pick up the black bowl on the wooden cabinet and place it on the plate view 359 15 100 0 0 initstate 0
Success: False
# episodes completed so far: 984
# successes: 583 (59.2%)
Current task success rate: 0.0
Current total success rate: 0.592479674796748

Task: grasp the darkhued rounded container situated between the flat dish used for serving food and the small glazed ceramic dish and set it down onto the flat dish used for serving food
Success: True
# episodes completed so far: 985
# successes: 584 (59.3%)
Current task success rate: 1.0
Current total success rate: 0.5928934010152285

Task: could you put the black bowl on the plate for me its the one sitting between the plate and the ramekin
Success: True
# episodes completed so far: 986
# successes: 585 (59.3%)
Current task success rate: 1.0
Current total success rate: 0.5933062880324543

Task: pick up the darkcolored rounded container between the flat dish for main courses and the small ceramic dish typically used for baking and serving and place it on the flat dish for main courses
Success: True
# episodes completed so far: 987
# successes: 586 (59.4%)
Current task success rate: 1.0
Current total success rate: 0.5937183383991894

Task: please locate the black bowl situated between the plate and ramekin then carefully place it on the plate
Success: True
# episodes completed so far: 988
# successes: 587 (59.4%)
Current task success rate: 1.0
Current total success rate: 0.5941295546558705

Task: would you mind helping me by picking up the black bowl between the plate and ramekin and placing it on the plate
Success: True
# episodes completed so far: 989
# successes: 588 (59.5%)
Current task success rate: 1.0
Current total success rate: 0.5945399393326593

Task: grasp the darkhued curved container situated in the narrow space separating the flat dish and the small ceramic dish and position it atop the flat dish
Success: True
# episodes completed so far: 990
# successes: 589 (59.5%)
Current task success rate: 1.0
Current total success rate: 0.5949494949494949

Task: collect the black bowl located amid the plate and the ramekin and set it atop the plate
Success: True
# episodes completed so far: 991
# successes: 590 (59.5%)
Current task success rate: 1.0
Current total success rate: 0.5953582240161454

Task: the table setting isnt quite right please pick up the black bowl between the plate and ramekin and place it on the plate
Success: True
# episodes completed so far: 992
# successes: 591 (59.6%)
Current task success rate: 1.0
Current total success rate: 0.5957661290322581

Task: lets rearrange the table pick up the black bowl between the plate and ramekin and place it on the plate
Success: True
# episodes completed so far: 993
# successes: 592 (59.6%)
Current task success rate: 1.0
Current total success rate: 0.5961732124874118

Task: can you place the black bowl thats between the plate and the ramekin on top of the plate
Success: True
# episodes completed so far: 994
# successes: 593 (59.7%)
Current task success rate: 1.0
Current total success rate: 0.596579476861167

Task: lift the dark bowl situated between the dish and the ramekin and set it on the plate
Success: True
# episodes completed so far: 995
# successes: 594 (59.7%)
Current task success rate: 1.0
Current total success rate: 0.5969849246231156

Task: would you be so kind as to pick up the black bowl thats between the plate and ramekin and place it on the plate
Success: True
# episodes completed so far: 996
# successes: 595 (59.7%)
Current task success rate: 1.0
Current total success rate: 0.5973895582329317

Task: grasp the darkcolored vessel located between the item for holding a main course and the small dish designed for baking and serving and rest it upon the item designed to hold a main course
Success: True
# episodes completed so far: 997
# successes: 596 (59.8%)
Current task success rate: 1.0
Current total success rate: 0.5977933801404213

Task: could you move the black bowl thats between the plate and the ramekin onto the plate itself
Success: True
# episodes completed so far: 998
# successes: 597 (59.8%)
Current task success rate: 1.0
Current total success rate: 0.5981963927855711

Task: lift the darkhued container situated between the flat dish and the small baking dish and set it upon the flat dish
Success: True
# episodes completed so far: 999
# successes: 598 (59.9%)
Current task success rate: 1.0
Current total success rate: 0.5985985985985987

Task: grasp the dark bowl situated between the dish and the ramekin and set it atop the plate
Success: True
# episodes completed so far: 1000
# successes: 599 (59.9%)
Current task success rate: 1.0
Current total success rate: 0.599

Task: could you please pick up the black bowl thats positioned between the plate and the ramekin then place it on top of the plate
Success: True
# episodes completed so far: 1001
# successes: 600 (59.9%)
Current task success rate: 1.0
Current total success rate: 0.5994005994005994

Task: can you place the black bowl on the plate for me its currently between a plate and a ramekin
Success: True
# episodes completed so far: 1002
# successes: 601 (60.0%)
Current task success rate: 1.0
Current total success rate: 0.5998003992015968

Task: lift the dark bowl situated between the dish and the ramekin and position it on the plate
Success: True
# episodes completed so far: 1003
# successes: 602 (60.0%)
Current task success rate: 1.0
Current total success rate: 0.6001994017946162

Task: the black bowl needs relocation please pick it up from between the plate and ramekin and put it on the plate
Success: True
# episodes completed so far: 1004
# successes: 603 (60.1%)
Current task success rate: 1.0
Current total success rate: 0.600597609561753

Task: lift the darkhued dish situated between the flat dish and the small baking dish then set it atop the flat dish
Success: True
# episodes completed so far: 1005
# successes: 604 (60.1%)
Current task success rate: 1.0
Current total success rate: 0.6009950248756218

Task: for better table organization would you pick up the black bowl between the plate and ramekin and move it to the plate
Success: True
# episodes completed so far: 1006
# successes: 605 (60.1%)
Current task success rate: 1.0
Current total success rate: 0.6013916500994035

Task: pick up the darkcolored concave dish located between the flat dish for serving food and the small round baking dish and place it on the flat dish for serving food
Success: True
# episodes completed so far: 1007
# successes: 606 (60.2%)
Current task success rate: 1.0
Current total success rate: 0.6017874875868917

Task: could you put the black bowl thats between the plate and the ramekin onto the plate
Success: True
# episodes completed so far: 1008
# successes: 607 (60.2%)
Current task success rate: 1.0
Current total success rate: 0.6021825396825397

Task: before our guests arrive please pick up the black bowl between the plate and ramekin and place it on the plate
Success: True
# episodes completed so far: 1009
# successes: 608 (60.3%)
Current task success rate: 1.0
Current total success rate: 0.6025768087215064

Task: could you move the black bowl thats between the plate and the ramekin onto the plate
Success: True
# episodes completed so far: 1010
# successes: 609 (60.3%)
Current task success rate: 1.0
Current total success rate: 0.602970297029703

Task: for our dining setup id appreciate if you could pick up the black bowl between the plate and ramekin and move it to the plate
Success: True
# episodes completed so far: 1011
# successes: 610 (60.3%)
Current task success rate: 1.0
Current total success rate: 0.6033630069238378

Task: grasp the dark bowl situated between the dish and the ramekin then set it atop the plate
Success: True
# episodes completed so far: 1012
# successes: 611 (60.4%)
Current task success rate: 1.0
Current total success rate: 0.6037549407114624

Task: could you move the black bowl thats between the plate and the ramekin onto the plate for me
Success: True
# episodes completed so far: 1013
# successes: 612 (60.4%)
Current task success rate: 1.0
Current total success rate: 0.6041461006910168

Task: pick up the darkcolored curved dish located between the flat dish used for main courses and the small glazed dish typically used for baking and serving and place it on the flat dish used for main courses
Success: True
# episodes completed so far: 1014
# successes: 613 (60.5%)
Current task success rate: 1.0
Current total success rate: 0.6045364891518737

Task: remember how we organized the table now pick up the black bowl between the plate and ramekin and put it on the plate
Success: True
# episodes completed so far: 1015
# successes: 614 (60.5%)
Current task success rate: 1.0
Current total success rate: 0.6049261083743842

Task: could you place the black bowl thats between the plate and the ramekin right on the plate for me
Success: True
# episodes completed so far: 1016
# successes: 615 (60.5%)
Current task success rate: 1.0
Current total success rate: 0.6053149606299213

Task: lift the dark colored dish situated between the flat dish used for main courses and the small dish often used for baking desserts then set it atop the flat dish used for main courses
Success: True
# episodes completed so far: 1017
# successes: 616 (60.6%)
Current task success rate: 1.0
Current total success rate: 0.6057030481809242

Task: lets adjust the table arrangement pick up the black bowl located between the plate and ramekin and put it on the plate
Success: True
# episodes completed so far: 1018
# successes: 617 (60.6%)
Current task success rate: 1.0
Current total success rate: 0.6060903732809431

Task: lift the darkcolored rounded vessel situated between the flat dish and the small ceramic baking dish and position it atop the flat dish
Success: True
# episodes completed so far: 1019
# successes: 618 (60.6%)
Current task success rate: 1.0
Current total success rate: 0.6064769381746811

Task: pick up the darkcolored rounded container between the flat dish for meals and the small dish used typically for baking and place it on the flat dish for meals
Success: True
# episodes completed so far: 1020
# successes: 619 (60.7%)
Current task success rate: 1.0
Current total success rate: 0.6068627450980392

Task: lift the darkcolored spherical vessel located midway between the flat dish and the small ceramic baking dish then position it atop the flat dish
Success: True
# episodes completed so far: 1021
# successes: 620 (60.7%)
Current task success rate: 1.0
Current total success rate: 0.6072477962781586

Task: pick up the darkcolored rounded dish situated between the flatbased dish for main meals and the small dish typically used for serving sauces then place it onto the flatbased dish for main meals
Success: True
# episodes completed so far: 1022
# successes: 621 (60.8%)
Current task success rate: 1.0
Current total success rate: 0.6076320939334638

Task: the black bowl between the plate and ramekin needs to be moved please place it on the plate when you have a moment
Success: True
# episodes completed so far: 1023
# successes: 622 (60.8%)
Current task success rate: 1.0
Current total success rate: 0.6080156402737048

Task: could you place the black bowl onto the plate for me its the one sitting between another plate and a ramekin
Success: True
# episodes completed so far: 1024
# successes: 623 (60.8%)
Current task success rate: 1.0
Current total success rate: 0.6083984375

Task: grasp the black bowl located between the plate and the ramekin and set it on the plate
Success: True
# episodes completed so far: 1025
# successes: 624 (60.9%)
Current task success rate: 1.0
Current total success rate: 0.608780487804878

Task: lift the black dish positioned between the plate and the ramekin and set it on the plate
Success: True
# episodes completed so far: 1026
# successes: 625 (60.9%)
Current task success rate: 1.0
Current total success rate: 0.6091617933723197

Task: lift the darkcolored vessel located between the flat dish used for main courses and the small dish often used for baking desserts then set it upon the flat dish used for main courses
Success: True
# episodes completed so far: 1027
# successes: 626 (61.0%)
Current task success rate: 1.0
Current total success rate: 0.6095423563777994

Task: for our dinner setup i need you to pick up the black bowl between the plate and ramekin and place it on the plate
Success: True
# episodes completed so far: 1028
# successes: 627 (61.0%)
Current task success rate: 1.0
Current total success rate: 0.6099221789883269

Task: for proper table arrangement pick up the black bowl positioned between the plate and ramekin and set it on the plate
Success: True
# episodes completed so far: 1029
# successes: 628 (61.0%)
Current task success rate: 1.0
Current total success rate: 0.6103012633624878

Task: before we start cooking could you pick up the black bowl between the plate and ramekin and transfer it to the plate
Success: True
# episodes completed so far: 1030
# successes: 629 (61.1%)
Current task success rate: 1.0
Current total success rate: 0.6106796116504855

Task: pick up the darkcolored concave container near the small glazed baking dish and place it on the flat dish used for serving food
Success: False
# episodes completed so far: 1031
# successes: 629 (61.0%)
Current task success rate: 0.0
Current total success rate: 0.6100872938894277

Task: could you put the black bowl thats next to the ramekin on the plate thanks
Success: True
# episodes completed so far: 1032
# successes: 630 (61.0%)
Current task success rate: 1.0
Current total success rate: 0.6104651162790697

Task: could you put the black bowl thats next to the ramekin on the plate
Success: True
# episodes completed so far: 1033
# successes: 631 (61.1%)
Current task success rate: 1.0
Current total success rate: 0.6108422071636012

Task: for proper meal presentation take the black bowl next to the ramekin and arrange it on the plate
Success: True
# episodes completed so far: 1034
# successes: 632 (61.1%)
Current task success rate: 1.0
Current total success rate: 0.6112185686653772

Task: please pick up the black bowl beside the ramekin and transfer it onto the plate its for our dinner setup
Success: True
# episodes completed so far: 1035
# successes: 633 (61.2%)
Current task success rate: 1.0
Current total success rate: 0.6115942028985507

Task: grasp the darkhued rounded food container situated adjacent to the small baking dish and set it down on the flat dish for serving meals
Success: True
# episodes completed so far: 1036
# successes: 634 (61.2%)
Current task success rate: 1.0
Current total success rate: 0.611969111969112

Task: could you put the black bowl thats beside the ramekin onto the plate for me
Success: True
# episodes completed so far: 1037
# successes: 635 (61.2%)
Current task success rate: 1.0
Current total success rate: 0.6123432979749277

Task: attention please pick up the black bowl positioned next to the ramekin and place it onto the plate
Success: True
# episodes completed so far: 1038
# successes: 636 (61.3%)
Current task success rate: 1.0
Current total success rate: 0.6127167630057804

Task: id appreciate if you could pick up the black bowl adjacent to the ramekin and move it onto the plate
Success: True
# episodes completed so far: 1039
# successes: 637 (61.3%)
Current task success rate: 1.0
Current total success rate: 0.6130895091434071

Task: could you put the black bowl thats beside the ramekin onto the plate
Success: True
# episodes completed so far: 1040
# successes: 638 (61.3%)
Current task success rate: 1.0
Current total success rate: 0.6134615384615385

Task: grasp the darkcolored container located beside the small baking dish and set it down onto the flat dish designed for main courses
Success: True
# episodes completed so far: 1041
# successes: 639 (61.4%)
Current task success rate: 1.0
Current total success rate: 0.6138328530259366

Task: could you put the black bowl thats next to the ramekin on the plate
Success: True
# episodes completed so far: 1042
# successes: 640 (61.4%)
Current task success rate: 1.0
Current total success rate: 0.6142034548944337

Task: grab the dark bowl beside the ramekin and set it on the dish
Success: True
# episodes completed so far: 1043
# successes: 641 (61.5%)
Current task success rate: 1.0
Current total success rate: 0.6145733461169702

Task: pick up the darkhued vessel situated adjacent to the small rounded cooking dish and place it on the flat dish used for serving meals
Success: True
# episodes completed so far: 1044
# successes: 642 (61.5%)
Current task success rate: 1.0
Current total success rate: 0.6149425287356322

Task: the recipe calls for the black bowl please retrieve it from next to the ramekin and position it on the plate
Success: True
# episodes completed so far: 1045
# successes: 643 (61.5%)
Current task success rate: 1.0
Current total success rate: 0.615311004784689

Task: pick up the darkcolored dish located adjacent to the small baking dish and position it on the flat serving item
Success: True
# episodes completed so far: 1046
# successes: 644 (61.6%)
Current task success rate: 1.0
Current total success rate: 0.615678776290631

Task: in our kitchen organization please transfer the black bowl from its spot near the ramekin to the plate
Success: True
# episodes completed so far: 1047
# successes: 645 (61.6%)
Current task success rate: 1.0
Current total success rate: 0.6160458452722063

Task: select the darkhued round container adjacent to the small baking dish and position it atop the flat dish for serving food
Success: True
# episodes completed so far: 1048
# successes: 646 (61.6%)
Current task success rate: 1.0
Current total success rate: 0.6164122137404581

Task: lift the darkcolored dish located beside the small baking dish and position it on the flat dish used for serving food
Success: True
# episodes completed so far: 1049
# successes: 647 (61.7%)
Current task success rate: 1.0
Current total success rate: 0.6167778836987607

Task: collect the darkcolored bowl adjacent to the ramekin and position it on the dish
Success: True
# episodes completed so far: 1050
# successes: 648 (61.7%)
Current task success rate: 1.0
Current total success rate: 0.6171428571428571

Task: as part of todays cooking prep please collect the black bowl near the ramekin and put it on the plate
Success: True
# episodes completed so far: 1051
# successes: 649 (61.8%)
Current task success rate: 1.0
Current total success rate: 0.6175071360608944

Task: for our baking project pick up the black bowl near the ramekin and position it on the plate
Success: True
# episodes completed so far: 1052
# successes: 650 (61.8%)
Current task success rate: 1.0
Current total success rate: 0.6178707224334601

Task: lift the black bowl beside the ramekin and set it on the plate
Success: True
# episodes completed so far: 1053
# successes: 651 (61.8%)
Current task success rate: 1.0
Current total success rate: 0.6182336182336182

Task: before we start cooking could you move the black bowl its next to the ramekin place it on the plate
Success: True
# episodes completed so far: 1054
# successes: 652 (61.9%)
Current task success rate: 1.0
Current total success rate: 0.618595825426945

Task: lift the black dish adjacent to the ramekin and set it upon the platter
Success: True
# episodes completed so far: 1055
# successes: 653 (61.9%)
Current task success rate: 1.0
Current total success rate: 0.6189573459715639

Task: grab the darkcolored dish adjacent to the small ceramic dish and set it upon the flat dish used for serving food
Success: True
# episodes completed so far: 1056
# successes: 654 (61.9%)
Current task success rate: 1.0
Current total success rate: 0.6193181818181818

Task: pick up the darkhued rounded container beside the small baking dish and position it on the flat dish used for meals
Success: True
# episodes completed so far: 1057
# successes: 655 (62.0%)
Current task success rate: 1.0
Current total success rate: 0.619678334910123

Task: could you put the black bowl thats next to the ramekin onto the plate
Success: True
# episodes completed so far: 1058
# successes: 656 (62.0%)
Current task success rate: 1.0
Current total success rate: 0.6200378071833649

Task: could you assist with this task pick up the black bowl thats next to the ramekin and put it on the plate
Success: True
# episodes completed so far: 1059
# successes: 657 (62.0%)
Current task success rate: 1.0
Current total success rate: 0.6203966005665722

Task: pick up the darkcolored dish located adjacent to the small baking dish and position it atop the flat dinnerware item
Success: True
# episodes completed so far: 1060
# successes: 658 (62.1%)
Current task success rate: 1.0
Current total success rate: 0.620754716981132

Task: could you make sure the black bowl thats next to the ramekin is on the plate
Success: True
# episodes completed so far: 1061
# successes: 659 (62.1%)
Current task success rate: 1.0
Current total success rate: 0.6211121583411876

Task: lift the darkhued mixing container adjacent to the small baking dish and set it atop the dish used for serving meals
Success: True
# episodes completed so far: 1062
# successes: 660 (62.1%)
Current task success rate: 1.0
Current total success rate: 0.6214689265536724

Task: retrieve the darkhued concave container from the middle of the flat surface for meals and set it atop the flat dish
Success: True
# episodes completed so far: 1063
# successes: 661 (62.2%)
Current task success rate: 1.0
Current total success rate: 0.6218250235183443

Task: lift the darkcolored concave vessel situated in the middle of the dining surface and set it on the flat circular dish
Success: True
# episodes completed so far: 1064
# successes: 662 (62.2%)
Current task success rate: 1.0
Current total success rate: 0.6221804511278195

Task: please pick up the black bowl from the table center and place it on the plate its for tonights special dinner
Success: True
# episodes completed so far: 1065
# successes: 663 (62.3%)
Current task success rate: 1.0
Current total success rate: 0.6225352112676056

Task: pick up the darkcolored food container from the middle of the surface used for meals and place it on the flat dish
Success: True
# episodes completed so far: 1066
# successes: 664 (62.3%)
Current task success rate: 1.0
Current total success rate: 0.6228893058161351

Task: lift the black bowl from the middle of the table and set it on the plate
Success: True
# episodes completed so far: 1067
# successes: 665 (62.3%)
Current task success rate: 1.0
Current total success rate: 0.6232427366447985

Task: pick up the black bowl from table center and place it on the plate this is the first step in our meal preparation
Success: True
# episodes completed so far: 1068
# successes: 666 (62.4%)
Current task success rate: 1.0
Current total success rate: 0.6235955056179775

Task: retrieve the darkhued mixing vessel from the middle of the dining surface and position it atop the dish
Success: True
# episodes completed so far: 1069
# successes: 667 (62.4%)
Current task success rate: 1.0
Current total success rate: 0.6239476145930777

Task: could you move the black bowl from the center of the table to the plate
Success: True
# episodes completed so far: 1070
# successes: 668 (62.4%)
Current task success rate: 1.0
Current total success rate: 0.6242990654205608

Task: pick up the darkcolored rounded vessel from the middle of the flat surface used for dining and place it on the flat dish
Success: True
# episodes completed so far: 1071
# successes: 669 (62.5%)
Current task success rate: 1.0
Current total success rate: 0.6246498599439776

Task: in preparation for dinner service please move the black bowl from the table center to the plate
Success: True
# episodes completed so far: 1072
# successes: 670 (62.5%)
Current task success rate: 1.0
Current total success rate: 0.625

Task: lift the black bowl from the center of the table and position it on the plate
Success: True
# episodes completed so far: 1073
# successes: 671 (62.5%)
Current task success rate: 1.0
Current total success rate: 0.625349487418453

Task: lift the darkhued rounded food container from the middle of the eating surface and set it onto the flat dish
Success: True
# episodes completed so far: 1074
# successes: 672 (62.6%)
Current task success rate: 1.0
Current total success rate: 0.6256983240223464

Task: pick up the darkcolored vessel used for eating from the middle of the eating surface and place it onto the flat dish
Success: True
# episodes completed so far: 1075
# successes: 673 (62.6%)
Current task success rate: 1.0
Current total success rate: 0.626046511627907

Task: could you move the black bowl from the center of the table onto the plate
Success: True
# episodes completed so far: 1076
# successes: 674 (62.6%)
Current task success rate: 1.0
Current total success rate: 0.6263940520446096

Task: pick up the darkcolored dish from the middle of the eating surface and place it on the flat dining item
Success: True
# episodes completed so far: 1077
# successes: 675 (62.7%)
Current task success rate: 1.0
Current total success rate: 0.6267409470752089

Task: pick up the dark rounded container from the middle of the eating surface and place it on the flat dish
Success: True
# episodes completed so far: 1078
# successes: 676 (62.7%)
Current task success rate: 1.0
Current total success rate: 0.62708719851577

Task: the chef requests that you pick up the black bowl from the table center and place it on the plate before continuing
Success: True
# episodes completed so far: 1079
# successes: 677 (62.7%)
Current task success rate: 1.0
Current total success rate: 0.6274328081556997

Task: hey there could you do me a favor and move the black bowl from the tables center onto the plate
Success: True
# episodes completed so far: 1080
# successes: 678 (62.8%)
Current task success rate: 1.0
Current total success rate: 0.6277777777777778

Task: would you be so kind as to transfer the black bowl from the center of the table to the plate
Success: True
# episodes completed so far: 1081
# successes: 679 (62.8%)
Current task success rate: 1.0
Current total success rate: 0.6281221091581869

Task: could you move the black bowl from the center of the table onto the plate thank you
Success: True
# episodes completed so far: 1082
# successes: 680 (62.8%)
Current task success rate: 1.0
Current total success rate: 0.6284658040665434

Task: can you put the black bowl from the center of the table onto the plate
Success: True
# episodes completed so far: 1083
# successes: 681 (62.9%)
Current task success rate: 1.0
Current total success rate: 0.628808864265928

Task: ensure the black bowl from the center of the table is resting on the plate
Success: True
# episodes completed so far: 1084
# successes: 682 (62.9%)
Current task success rate: 1.0
Current total success rate: 0.6291512915129152

Task: for our dinner setup i need you to pick up the black bowl from the center of the table and position it on the plate
Success: True
# episodes completed so far: 1085
# successes: 683 (62.9%)
Current task success rate: 1.0
Current total success rate: 0.6294930875576037

Task: grasp the darkhued concave dish from the middle of the dining surface and set it on the flat circular dish
Success: True
# episodes completed so far: 1086
# successes: 684 (63.0%)
Current task success rate: 1.0
Current total success rate: 0.6298342541436464

Task: could you put the black bowl from the center of the table onto the plate
Success: True
# episodes completed so far: 1087
# successes: 685 (63.0%)
Current task success rate: 1.0
Current total success rate: 0.6301747930082797

Task: grasp the dark bowl from the middle of the table and set it on the dish
Success: True
# episodes completed so far: 1088
# successes: 686 (63.1%)
Current task success rate: 1.0
Current total success rate: 0.6305147058823529

Task: on this sunny afternoon could you pick up the black bowl from the center of the table and carefully place it on the plate
Success: True
# episodes completed so far: 1089
# successes: 687 (63.1%)
Current task success rate: 1.0
Current total success rate: 0.6308539944903582

Task: id appreciate if you could pick up the black bowl from the table and place it on the plate its part of our table setting
Success: True
# episodes completed so far: 1090
# successes: 688 (63.1%)
Current task success rate: 1.0
Current total success rate: 0.6311926605504588

Task: lift the darkhued container located on top of the container of baked treats and set it on the dish
Success: True
# episodes completed so far: 1091
# successes: 689 (63.2%)
Current task success rate: 1.0
Current total success rate: 0.6315307057745188

Task: lift the darkcolored circular dish resting on the container of baked sweets and set it down on the flat dish used for serving food
Success: True
# episodes completed so far: 1092
# successes: 690 (63.2%)
Current task success rate: 1.0
Current total success rate: 0.6318681318681318

Task: lift the dark bowl from the biscuit box and set it on the plate
Success: True
# episodes completed so far: 1093
# successes: 691 (63.2%)
Current task success rate: 1.0
Current total success rate: 0.6322049405306496

Task: for safety reasons please pick up the black bowl thats on the cookie box and put it on the plate
Success: True
# episodes completed so far: 1094
# successes: 692 (63.3%)
Current task success rate: 1.0
Current total success rate: 0.6325411334552102

Task: lift the dark bowl on the biscuit tin and set it on the dish
Success: True
# episodes completed so far: 1095
# successes: 693 (63.3%)
Current task success rate: 1.0
Current total success rate: 0.6328767123287671

Task: lift the darkhued round container located on top of the container for baked treats and position it on the flat dish designed for serving food
Success: True
# episodes completed so far: 1096
# successes: 694 (63.3%)
Current task success rate: 1.0
Current total success rate: 0.6332116788321168

Task: pick up the darkly colored curved container on the container of baked sweet treats and place it on the flat dish designed for serving food
Success: True
# episodes completed so far: 1097
# successes: 695 (63.4%)
Current task success rate: 1.0
Current total success rate: 0.6335460346399271

Task: the black bowl needs to be relocated from the cookie box to the plate would you handle that
Success: True
# episodes completed so far: 1098
# successes: 696 (63.4%)
Current task success rate: 1.0
Current total success rate: 0.6338797814207651

Task: lift the dark bowl atop the biscuit container and set it on the dish
Success: True
# episodes completed so far: 1099
# successes: 697 (63.4%)
Current task success rate: 1.0
Current total success rate: 0.6342129208371247

Task: the black bowl is sitting on the cookie box your task is to pick it up and place it on the plate
Success: True
# episodes completed so far: 1100
# successes: 698 (63.5%)
Current task success rate: 1.0
Current total success rate: 0.6345454545454545

Task: carefully pick up the black bowl thats placed on the cookie box and then position it on the plate
Success: True
# episodes completed so far: 1101
# successes: 699 (63.5%)
Current task success rate: 1.0
Current total success rate: 0.6348773841961853

Task: lift the dark dish from the biscuit container and set it onto the platter
Success: True
# episodes completed so far: 1102
# successes: 700 (63.5%)
Current task success rate: 1.0
Current total success rate: 0.6352087114337568

Task: pick up the darkcolored vessel resting on the container of baked treats and place it on the flat dish used for serving food
Success: True
# episodes completed so far: 1103
# successes: 701 (63.6%)
Current task success rate: 1.0
Current total success rate: 0.6355394378966455

Task: lift the darkhued dish resting atop the container of baked treats and set it on the flatware designed for individual servings
Success: True
# episodes completed so far: 1104
# successes: 702 (63.6%)
Current task success rate: 1.0
Current total success rate: 0.6358695652173914

Task: lift the darkhued container resting atop the container of baked sweets and set it down on the dish for eating
Success: True
# episodes completed so far: 1105
# successes: 703 (63.6%)
Current task success rate: 1.0
Current total success rate: 0.6361990950226244

Task: to continue with our baking we need the black bowl moved from the cookie box to the plate
Success: True
# episodes completed so far: 1106
# successes: 704 (63.7%)
Current task success rate: 1.0
Current total success rate: 0.6365280289330922

Task: can you place the black bowl thats on the cookie box onto the plate
Success: True
# episodes completed so far: 1107
# successes: 705 (63.7%)
Current task success rate: 1.0
Current total success rate: 0.6368563685636857

Task: could you please pick up the black bowl thats on top of the cookie box and then place it onto the plate
Success: True
# episodes completed so far: 1108
# successes: 706 (63.7%)
Current task success rate: 1.0
Current total success rate: 0.6371841155234657

Task: retrieve the darkcolored vessel resting atop the container of baked treats and position it on the dish
Success: True
# episodes completed so far: 1109
# successes: 707 (63.8%)
Current task success rate: 1.0
Current total success rate: 0.6375112714156899

Task: could you put the black bowl thats on the cookie box onto the plate
Success: True
# episodes completed so far: 1110
# successes: 708 (63.8%)
Current task success rate: 1.0
Current total success rate: 0.6378378378378379

Task: before the guests arrive could you transfer the black bowl from the cookie box to the plate
Success: True
# episodes completed so far: 1111
# successes: 709 (63.8%)
Current task success rate: 1.0
Current total success rate: 0.6381638163816382

Task: lift the darkcolored circular container resting atop the container of baked treats and set it down on the flat dish designated for meals
Success: True
# episodes completed so far: 1112
# successes: 710 (63.8%)
Current task success rate: 1.0
Current total success rate: 0.6384892086330936

Task: could you move the black bowl from the cookie box to the plate
Success: True
# episodes completed so far: 1113
# successes: 711 (63.9%)
Current task success rate: 1.0
Current total success rate: 0.6388140161725068

Task: the recipe says we need the black bowl its on the cookie box could you move it to the plate
Success: True
# episodes completed so far: 1114
# successes: 712 (63.9%)
Current task success rate: 1.0
Current total success rate: 0.6391382405745063

Task: pick up the darkcolored rounded container resting on the container of baked sweet treats and place it on the flat dish for serving food
Success: True
# episodes completed so far: 1115
# successes: 713 (63.9%)
Current task success rate: 1.0
Current total success rate: 0.6394618834080718

Task: before we start cooking pick up that black bowl from the cookie box and set it down on the plate
Success: True
# episodes completed so far: 1116
# successes: 714 (64.0%)
Current task success rate: 1.0
Current total success rate: 0.6397849462365591

Task: grasp the dark bowl atop the biscuit container and set it onto the dish
Success: True
# episodes completed so far: 1117
# successes: 715 (64.0%)
Current task success rate: 1.0
Current total success rate: 0.640107430617726

Task: for our baking project pick up the black bowl resting on the cookie box and transfer it to the plate
Success: True
# episodes completed so far: 1118
# successes: 716 (64.0%)
Current task success rate: 1.0
Current total success rate: 0.6404293381037567

Task: lets prepare the workspace take the black bowl from the cookie box and place it on the plate
Success: True
# episodes completed so far: 1119
# successes: 717 (64.1%)
Current task success rate: 1.0
Current total success rate: 0.6407506702412868

Task: pick up the darkcolored rounded container on the container of baked treats and place it on the flat dish
Success: True
# episodes completed so far: 1120
# successes: 718 (64.1%)
Current task success rate: 1.0
Current total success rate: 0.6410714285714286

Task: grab the black dish from the biscuit box and set it on the platter
Success: True
# episodes completed so far: 1121
# successes: 719 (64.1%)
Current task success rate: 1.0
Current total success rate: 0.6413916146297948

Task: lift the dark bowl situated on the biscuit container and set it on the dish
Success: True
# episodes completed so far: 1122
# successes: 720 (64.2%)
Current task success rate: 1.0
Current total success rate: 0.6417112299465241

Task: lift the darkhued vessel resting atop the container of baked treats and set it down on the flat dish designed for serving food
Success: True
# episodes completed so far: 1123
# successes: 721 (64.2%)
Current task success rate: 1.0
Current total success rate: 0.6420302760463046

Task: id appreciate if you could grab the black bowl sitting on the cookie box and move it to the plate
Success: True
# episodes completed so far: 1124
# successes: 722 (64.2%)
Current task success rate: 1.0
Current total success rate: 0.6423487544483986

Task: lift the dark bowl atop the biscuit tin and set it on the dish
Success: True
# episodes completed so far: 1125
# successes: 723 (64.3%)
Current task success rate: 1.0
Current total success rate: 0.6426666666666667

Task: pick up the darkcolored rounded container on the package of baked sweet treats and place it on the flat dish
Success: True
# episodes completed so far: 1126
# successes: 724 (64.3%)
Current task success rate: 1.0
Current total success rate: 0.6429840142095915

Task: can you move the black bowl from the cookie box to the plate
Success: True
# episodes completed so far: 1127
# successes: 725 (64.3%)
Current task success rate: 1.0
Current total success rate: 0.6433007985803016

Task: can you place the black bowl from the cookie box onto the plate
Success: True
# episodes completed so far: 1128
# successes: 726 (64.4%)
Current task success rate: 1.0
Current total success rate: 0.6436170212765957

Task: pick up the darkcolored rounded container on the container of baked treats and place it on the flat dish for serving food
Success: True
# episodes completed so far: 1129
# successes: 727 (64.4%)
Current task success rate: 1.0
Current total success rate: 0.6439326837909655

Task: lift the dark bowl from the biscuit container and position it on the dish
Success: True
# episodes completed so far: 1130
# successes: 728 (64.4%)
Current task success rate: 1.0
Current total success rate: 0.6442477876106195

Task: pick up the darkcolored vessel on top of the container holding cookies and place it on the flat dish
Success: True
# episodes completed so far: 1131
# successes: 729 (64.5%)
Current task success rate: 1.0
Current total success rate: 0.6445623342175066

Task: pick up the darkhued vessel resting on the container of baked treats and place it on the flat dish
Success: True
# episodes completed so far: 1132
# successes: 730 (64.5%)
Current task success rate: 1.0
Current total success rate: 0.6448763250883393

Task: the black bowl in the top drawer of the wooden cabinet yes that one please pick it up and place it on the plate
Success: True
# episodes completed so far: 1133
# successes: 731 (64.5%)
Current task success rate: 1.0
Current total success rate: 0.6451897616946161

Task: as part of our kitchen organization please pick up the black bowl in the top drawer of the wooden cabinet and position it on the plate
Success: True
# episodes completed so far: 1134
# successes: 732 (64.6%)
Current task success rate: 1.0
Current total success rate: 0.6455026455026455

Task: carefully pick up the black bowl youll find in the top drawer of the wooden cabinet then place it on the plate without dropping it
Success: True
# episodes completed so far: 1135
# successes: 733 (64.6%)
Current task success rate: 1.0
Current total success rate: 0.6458149779735682

Task: before the guests arrive pick up the black bowl in the top drawer of the wooden cabinet and place it on the plate on the counter
Success: True
# episodes completed so far: 1136
# successes: 734 (64.6%)
Current task success rate: 1.0
Current total success rate: 0.6461267605633803

Task: grab the dark bowl from the upper drawer of the timber cupboard and set it on the dish
Success: True
# episodes completed so far: 1137
# successes: 735 (64.6%)
Current task success rate: 1.0
Current total success rate: 0.6464379947229552

Task: for our dinner setup pick up the black bowl in the top drawer of the wooden cabinet and place it carefully on the plate
Success: True
# episodes completed so far: 1138
# successes: 736 (64.7%)
Current task success rate: 1.0
Current total success rate: 0.6467486818980668

Task: retrieve the dark bowl from the upper drawer of the timber cabinet and set it on the dish
Success: True
# episodes completed so far: 1139
# successes: 737 (64.7%)
Current task success rate: 1.0
Current total success rate: 0.6470588235294118

Task: as the first step in our cooking process pick up the black bowl from the top drawer of the wooden cabinet and place it on the plate
Success: True
# episodes completed so far: 1140
# successes: 738 (64.7%)
Current task success rate: 1.0
Current total success rate: 0.6473684210526316

Task: retrieve the black bowl from the upper drawer of the timber cupboard and set it on the plate
Success: True
# episodes completed so far: 1141
# successes: 739 (64.8%)
Current task success rate: 1.0
Current total success rate: 0.6476774758983348

Task: for our baking project first pick up the black bowl in the top drawer of the wooden cabinet and place it on the plate
Success: True
# episodes completed so far: 1142
# successes: 740 (64.8%)
Current task success rate: 1.0
Current total success rate: 0.647985989492119

Task: ensure the black bowl from the top drawer of the wooden cabinet is on the plate
Success: True
# episodes completed so far: 1143
# successes: 741 (64.8%)
Current task success rate: 1.0
Current total success rate: 0.6482939632545932

Task: i need that black one pick up the black bowl from the top drawer of the wooden cabinet and place it on the plate immediately
Success: True
# episodes completed so far: 1144
# successes: 742 (64.9%)
Current task success rate: 1.0
Current total success rate: 0.6486013986013986

Task: pick up the darkhued rounded container located in the upper storage area of the timber storage unit and place it on the flat dish
Success: True
# episodes completed so far: 1145
# successes: 743 (64.9%)
Current task success rate: 1.0
Current total success rate: 0.6489082969432315

Task: collect the darkhued circular container stored in the uppermost sliding compartment of the timber storage unit and position it on the flat typically round dish
Success: True
# episodes completed so far: 1146
# successes: 744 (64.9%)
Current task success rate: 1.0
Current total success rate: 0.6492146596858639

Task: retrieve the darkhued concaved vessel located within the uppermost storage compartment of the timber construct and position it on the dish
Success: True
# episodes completed so far: 1147
# successes: 745 (65.0%)
Current task success rate: 1.0
Current total success rate: 0.6495204882301656

Task: pick up the darkcolored rounded container in the uppermost storage compartment of the timber storage unit and place it on the ceramic dish
Success: True
# episodes completed so far: 1148
# successes: 746 (65.0%)
Current task success rate: 1.0
Current total success rate: 0.6498257839721254

Task: remember that black bowl we used yesterday please pick it up from the top drawer of the wooden cabinet and place it on the plate
Success: True
# episodes completed so far: 1149
# successes: 747 (65.0%)
Current task success rate: 1.0
Current total success rate: 0.6501305483028721

Task: before we start cooking pick up the black bowl in the top drawer of the wooden cabinet and place it on the clean plate
Success: True
# episodes completed so far: 1150
# successes: 748 (65.0%)
Current task success rate: 1.0
Current total success rate: 0.6504347826086957

Task: could you place the black bowl from the top drawer of the wooden cabinet onto the plate
Success: True
# episodes completed so far: 1151
# successes: 749 (65.1%)
Current task success rate: 1.0
Current total success rate: 0.6507384882710686

Task: pick up the darkhued curved vessel located in the uppermost sliding storage compartment of the timber storage unit and place it on the flat ceramic dish
Success: True
# episodes completed so far: 1152
# successes: 750 (65.1%)
Current task success rate: 1.0
Current total success rate: 0.6510416666666666

Task: retrieve the darkhued mixing container located in the upper storage compartment of the timber storage unit and position it onto the flat dish
Success: True
# episodes completed so far: 1153
# successes: 751 (65.1%)
Current task success rate: 1.0
Current total success rate: 0.6513443191673894

Task: could you do me a favor pick up the black bowl in the top drawer of the wooden cabinet and place it on the plate near the sink
Success: True
# episodes completed so far: 1154
# successes: 752 (65.2%)
Current task success rate: 1.0
Current total success rate: 0.6516464471403813

Task: can you put the black bowl from the top drawer of the wooden cabinet on the plate
Success: True
# episodes completed so far: 1155
# successes: 753 (65.2%)
Current task success rate: 1.0
Current total success rate: 0.6519480519480519

Task: retrieve the dark bowl from the upper drawer of the wooden cupboard and set it on the plate
Success: True
# episodes completed so far: 1156
# successes: 754 (65.2%)
Current task success rate: 1.0
Current total success rate: 0.6522491349480969

Task: its time to set the table pick up the black bowl in the top drawer of the wooden cabinet and place it on the plate
Success: True
# episodes completed so far: 1157
# successes: 755 (65.3%)
Current task success rate: 1.0
Current total success rate: 0.6525496974935178

Task: lift the black bowl from the upper drawer of the wooden cupboard and set it on the plate
Success: True
# episodes completed so far: 1158
# successes: 756 (65.3%)
Current task success rate: 1.0
Current total success rate: 0.6528497409326425

Task: retrieve the dark bowl from the upper drawer of the timber cupboard and set it upon the dish
Success: True
# episodes completed so far: 1159
# successes: 757 (65.3%)
Current task success rate: 1.0
Current total success rate: 0.6531492666091459

Task: retrieve the darkhued vessel located in the uppermost storage compartment of the timber storage structure and position it on the flat dish
Success: True
# episodes completed so far: 1160
# successes: 758 (65.3%)
Current task success rate: 1.0
Current total success rate: 0.653448275862069

Task: grasp the darkhued dish stored in the upper storage compartment of the timber storage unit and set it upon the dish used for eating
Success: True
# episodes completed so far: 1161
# successes: 759 (65.4%)
Current task success rate: 1.0
Current total success rate: 0.6537467700258398

Task: lift the dark bowl from the upper drawer of the timber cupboard and set it on the dish
Success: True
# episodes completed so far: 1162
# successes: 760 (65.4%)
Current task success rate: 1.0
Current total success rate: 0.6540447504302926

Task: lift the black dish from the upper drawer of the wood cupboard and set it on the plate
Success: True
# episodes completed so far: 1163
# successes: 761 (65.4%)
Current task success rate: 1.0
Current total success rate: 0.6543422184006878

Task: on this lovely morning could you please pick up the black bowl from the top drawer of the wooden cabinet and place it gently on the plate
Success: True
# episodes completed so far: 1164
# successes: 762 (65.5%)
Current task success rate: 1.0
Current total success rate: 0.654639175257732

Task: pick up the darkcolored circular container in the uppermost storage compartment of the timber storage unit and place it on the flat dish
Success: True
# episodes completed so far: 1165
# successes: 763 (65.5%)
Current task success rate: 1.0
Current total success rate: 0.6549356223175966

Task: retrieve the darkcolored receptacle situated within the uppermost storage compartment of the timber storage unit and position it onto the dish
Success: True
# episodes completed so far: 1166
# successes: 764 (65.5%)
Current task success rate: 1.0
Current total success rate: 0.6552315608919382

Task: pick up the darkhued rounded kitchen container from the uppermost sliding compartment in the timber storage unit and place it on the flat dish
Success: True
# episodes completed so far: 1167
# successes: 765 (65.6%)
Current task success rate: 1.0
Current total success rate: 0.6555269922879178

Task: could you move the black bowl from the top drawer of the wooden cabinet to the plate please
Success: True
# episodes completed so far: 1168
# successes: 766 (65.6%)
Current task success rate: 1.0
Current total success rate: 0.6558219178082192

Task: retrieve the darkhued vessel stored within the uppermost compartment of the timber storage unit and position it on the dish
Success: True
# episodes completed so far: 1169
# successes: 767 (65.6%)
Current task success rate: 1.0
Current total success rate: 0.6561163387510693

Task: grasp the dark bowl atop the small dish and set it on the plate
Success: True
# episodes completed so far: 1170
# successes: 768 (65.6%)
Current task success rate: 1.0
Current total success rate: 0.6564102564102564

Task: grasp the black dish atop the small ceramic and set it on the platter
Success: True
# episodes completed so far: 1171
# successes: 769 (65.7%)
Current task success rate: 1.0
Current total success rate: 0.6567036720751495

Task: on this lovely afternoon would you mind picking up the black bowl from the ramekin and transferring it to the plate
Success: True
# episodes completed so far: 1172
# successes: 770 (65.7%)
Current task success rate: 1.0
Current total success rate: 0.6569965870307167

Task: the black bowl needs to be moved please pick it up from the ramekin and place it gently on the plate
Success: True
# episodes completed so far: 1173
# successes: 771 (65.7%)
Current task success rate: 1.0
Current total success rate: 0.6572890025575447

Task: pick up the darkcolored concave dish on the small ceramic dish and place it on the broad flat dish serving as a base for meals
Success: True
# episodes completed so far: 1174
# successes: 772 (65.8%)
Current task success rate: 1.0
Current total success rate: 0.6575809199318569

Task: grasp the darkcolored dish resting on the small glazed ceramic dish and relocate it to the flat dish used for serving meals
Success: True
# episodes completed so far: 1175
# successes: 773 (65.8%)
Current task success rate: 1.0
Current total success rate: 0.6578723404255319

Task: pick up the darkhued circular container on the small glazed ceramic dish and place it on the flat dishware for serving food
Success: True
# episodes completed so far: 1176
# successes: 774 (65.8%)
Current task success rate: 1.0
Current total success rate: 0.6581632653061225

Task: could you ensure that the black bowl from the ramekin is now on the plate
Success: True
# episodes completed so far: 1177
# successes: 775 (65.8%)
Current task success rate: 1.0
Current total success rate: 0.6584536958368734

Task: id appreciate if you could handle the black bowl pick it up from the ramekin and set it on the plate
Success: True
# episodes completed so far: 1178
# successes: 776 (65.9%)
Current task success rate: 1.0
Current total success rate: 0.6587436332767402

Task: grasp the dark bowl positioned on the ramekin and set it onto the dish
Success: True
# episodes completed so far: 1179
# successes: 777 (65.9%)
Current task success rate: 1.0
Current total success rate: 0.6590330788804071

Task: the black ceramic bowl needs relocating lift it from the ramekin and place it on the clean plate
Success: True
# episodes completed so far: 1180
# successes: 778 (65.9%)
Current task success rate: 1.0
Current total success rate: 0.6593220338983051

Task: could you arrange the black bowl from the ramekin onto the plate
Success: True
# episodes completed so far: 1181
# successes: 779 (66.0%)
Current task success rate: 1.0
Current total success rate: 0.65961049957663

Task: lift the black dish from the small ceramic holder and position it on the platter
Success: True
# episodes completed so far: 1182
# successes: 780 (66.0%)
Current task success rate: 1.0
Current total success rate: 0.6598984771573604

Task: ensure the black bowl thats on the ramekin is placed on the plate
Success: True
# episodes completed so far: 1183
# successes: 781 (66.0%)
Current task success rate: 1.0
Current total success rate: 0.6601859678782755

Task: lift the black dish from the ramekin and set it on the plate
Success: True
# episodes completed so far: 1184
# successes: 782 (66.0%)
Current task success rate: 1.0
Current total success rate: 0.660472972972973

Task: grasp the darkhued container resting on the small glazed ceramic dish and set it atop the flat dish used for serving meals
Success: True
# episodes completed so far: 1185
# successes: 783 (66.1%)
Current task success rate: 1.0
Current total success rate: 0.660759493670886

Task: pick up the darkhued circular container resting on the small glazed baking dish and place it on the flat dish for serving food
Success: True
# episodes completed so far: 1186
# successes: 784 (66.1%)
Current task success rate: 1.0
Current total success rate: 0.6610455311973018

Task: lift the darkcolored round vessel located atop the small glazed ceramic dish and set it down on the flat dish used for serving meals
Success: True
# episodes completed so far: 1187
# successes: 785 (66.1%)
Current task success rate: 1.0
Current total success rate: 0.6613310867733783

Task: our guests are arriving soon quickly transfer the black bowl from the ramekin to the serving plate
Success: True
# episodes completed so far: 1188
# successes: 786 (66.2%)
Current task success rate: 1.0
Current total success rate: 0.6616161616161617

Task: in preparation for dinner would you move the black bowl from the ramekin to the large plate
Success: True
# episodes completed so far: 1189
# successes: 787 (66.2%)
Current task success rate: 1.0
Current total success rate: 0.6619007569386038

Task: lift the darkhued rounded container resting on the small glazed ceramic dish and set it down on the flat dish used for serving food
Success: True
# episodes completed so far: 1190
# successes: 788 (66.2%)
Current task success rate: 1.0
Current total success rate: 0.6621848739495798

Task: could you put the black bowl from the ramekin onto the plate
Success: True
# episodes completed so far: 1191
# successes: 789 (66.2%)
Current task success rate: 1.0
Current total success rate: 0.6624685138539043

Task: remember we need to serve this soon go ahead and transfer the black bowl from the ramekin to the plate
Success: True
# episodes completed so far: 1192
# successes: 790 (66.3%)
Current task success rate: 1.0
Current total success rate: 0.662751677852349

Task: the recipe calls for this step take the black bowl from the ramekin and position it on the plate
Success: True
# episodes completed so far: 1193
# successes: 791 (66.3%)
Current task success rate: 1.0
Current total success rate: 0.6630343671416596

Task: using both hands for safety lift the black bowl off the ramekin and place it carefully on the plate
Success: True
# episodes completed so far: 1194
# successes: 792 (66.3%)
Current task success rate: 1.0
Current total success rate: 0.6633165829145728

Task: to complete this cooking step youll need to pick up the black bowl on the ramekin and transfer it to the plate
Success: True
# episodes completed so far: 1195
# successes: 793 (66.4%)
Current task success rate: 1.0
Current total success rate: 0.6635983263598326

Task: carefully now pick up the black bowl thats on the ramekin and place it on the plate without spilling
Success: True
# episodes completed so far: 1196
# successes: 794 (66.4%)
Current task success rate: 1.0
Current total success rate: 0.6638795986622074

Task: pick up the darkcolored concave container on the small cylindrical dish and place it on the flat dish for serving food
Success: True
# episodes completed so far: 1197
# successes: 795 (66.4%)
Current task success rate: 1.0
Current total success rate: 0.6641604010025063

Task: could you please pick up the black bowl thats sitting on the ramekin and carefully place it onto the plate
Success: True
# episodes completed so far: 1198
# successes: 796 (66.4%)
Current task success rate: 1.0
Current total success rate: 0.664440734557596

Task: lift the black dish from the ramekin and set it on the platter
Success: True
# episodes completed so far: 1199
# successes: 797 (66.5%)
Current task success rate: 1.0
Current total success rate: 0.664720600500417

Task: lift the darkhued concave container situated atop the small glazed ceramic dish and set it upon the flat dish commonly used for serving food
Success: True
# episodes completed so far: 1200
# successes: 798 (66.5%)
Current task success rate: 1.0
Current total success rate: 0.665

Task: for proper presentation transfer the black bowl thats on the ramekin to the center of the plate
Success: True
# episodes completed so far: 1201
# successes: 799 (66.5%)
Current task success rate: 1.0
Current total success rate: 0.6652789342214821

Task: for our baking project kindly pick up the black bowl next to the cookie box and move it onto the plate
Success: True
# episodes completed so far: 1202
# successes: 800 (66.6%)
Current task success rate: 1.0
Current total success rate: 0.6655574043261231

Task: the black bowl near the cookie box should be on the plate would you handle that task now
Success: True
# episodes completed so far: 1203
# successes: 801 (66.6%)
Current task success rate: 1.0
Current total success rate: 0.6658354114713217

Task: could you place the black bowl located next the cookie box onto the plate
Success: True
# episodes completed so far: 1204
# successes: 802 (66.6%)
Current task success rate: 1.0
Current total success rate: 0.6661129568106312

Task: grasp the darkcolored rounded container positioned beside the container housing baked sweet treats and set it on the flat dish designed for single servings of food
Success: True
# episodes completed so far: 1205
# successes: 803 (66.6%)
Current task success rate: 1.0
Current total success rate: 0.6663900414937759

Task: lift the darkhued dish positioned adjacent to the container of baked treats and set it atop the dish designed for individual servings
Success: True
# episodes completed so far: 1206
# successes: 804 (66.7%)
Current task success rate: 1.0
Current total success rate: 0.6666666666666666

Task: pick up the darkcolored rounded container adjacent to the package containing baked sweets and place it on the flat dish designed for serving food
Success: True
# episodes completed so far: 1207
# successes: 805 (66.7%)
Current task success rate: 1.0
Current total success rate: 0.6669428334714167

Task: grasp the darkcolored vessel adjacent to the container holding baked sweet treats and relocate it atop the dish designed for serving food
Success: True
# episodes completed so far: 1208
# successes: 806 (66.7%)
Current task success rate: 1.0
Current total success rate: 0.6672185430463576

Task: can you put the black bowl next to the cookie box onto the plate for me
Success: True
# episodes completed so far: 1209
# successes: 807 (66.7%)
Current task success rate: 1.0
Current total success rate: 0.6674937965260546

Task: for proper organization please pick up the black bowl located next to the cookie box and set it on the plate
Success: True
# episodes completed so far: 1210
# successes: 808 (66.8%)
Current task success rate: 1.0
Current total success rate: 0.6677685950413224

Task: would you mind picking up that black bowl near the cookie box and transferring it to the plate dinner is almost ready
Success: True
# episodes completed so far: 1211
# successes: 809 (66.8%)
Current task success rate: 1.0
Current total success rate: 0.6680429397192403

Task: after washing your hands pick up the black bowl beside the cookie box and put it on the clean plate
Success: True
# episodes completed so far: 1212
# successes: 810 (66.8%)
Current task success rate: 1.0
Current total success rate: 0.6683168316831684

Task: find the black bowl adjacent to the cookie box pick it up and position it onto the plate dont touch the glass cups nearby
Success: True
# episodes completed so far: 1213
# successes: 811 (66.9%)
Current task success rate: 1.0
Current total success rate: 0.6685902720527618

Task: pick up the darkhued vessel located adjacent to the container holding baked treats and place it on the dish for serving food
Success: True
# episodes completed so far: 1214
# successes: 812 (66.9%)
Current task success rate: 1.0
Current total success rate: 0.6688632619439868

Task: before the cookies cool pick up the black bowl next to their box and transfer it to the plate
Success: True
# episodes completed so far: 1215
# successes: 813 (66.9%)
Current task success rate: 1.0
Current total success rate: 0.6691358024691358

Task: the black bowl by the cookie box needs to be on the plate please make that happen now
Success: True
# episodes completed so far: 1216
# successes: 814 (66.9%)
Current task success rate: 1.0
Current total success rate: 0.6694078947368421

Task: on this lovely afternoon could you pick up the black bowl beside the cookie box and set it on the plate
Success: True
# episodes completed so far: 1217
# successes: 815 (67.0%)
Current task success rate: 1.0
Current total success rate: 0.6696795398520953

Task: pick up the darkcolored rounded container adjacent to the container filled with baked treats and place it on the dish used for serving food
Success: True
# episodes completed so far: 1218
# successes: 816 (67.0%)
Current task success rate: 1.0
Current total success rate: 0.6699507389162561

Task: for our next cooking step please retrieve the black bowl next to the cookie box and place it on the plate
Success: True
# episodes completed so far: 1219
# successes: 817 (67.0%)
Current task success rate: 1.0
Current total success rate: 0.6702214930270713

Task: grasp the dark bowl adjacent to the biscuit container and set it on the dish
Success: True
# episodes completed so far: 1220
# successes: 818 (67.0%)
Current task success rate: 1.0
Current total success rate: 0.6704918032786885

Task: id appreciate if you could pick up the black bowl next to the cookie box and place it on the plate for me
Success: True
# episodes completed so far: 1221
# successes: 819 (67.1%)
Current task success rate: 1.0
Current total success rate: 0.6707616707616708

Task: pick up the darkcolored round container adjacent to the rectangular receptacle for baked treats and position it on the flat dish
Success: True
# episodes completed so far: 1222
# successes: 820 (67.1%)
Current task success rate: 1.0
Current total success rate: 0.6710310965630114

Task: could you place the black bowl which is near the cookie box onto the plate for me
Success: True
# episodes completed so far: 1223
# successes: 821 (67.1%)
Current task success rate: 1.0
Current total success rate: 0.6713000817661489

Task: could you do me a favor pick up that black bowl next to the cookie box and move it to the plate
Success: True
# episodes completed so far: 1224
# successes: 822 (67.2%)
Current task success rate: 1.0
Current total success rate: 0.6715686274509803

Task: lift the black dish adjacent to the biscuit container and set it on the platter
Success: True
# episodes completed so far: 1225
# successes: 823 (67.2%)
Current task success rate: 1.0
Current total success rate: 0.6718367346938775

Task: pick up the black bowl adjacent to the cookie box yes that one and place it securely on the plate
Success: True
# episodes completed so far: 1226
# successes: 824 (67.2%)
Current task success rate: 1.0
Current total success rate: 0.6721044045676998

Task: grab the dark bowl near the biscuit container and position it on the dish
Success: True
# episodes completed so far: 1227
# successes: 825 (67.2%)
Current task success rate: 1.0
Current total success rate: 0.6723716381418093

Task: grasp the dark bowl beside the biscuit container and set it on the dish
Success: True
# episodes completed so far: 1228
# successes: 826 (67.3%)
Current task success rate: 1.0
Current total success rate: 0.6726384364820847

Task: could you put the black bowl thats next to the cookie box on the plate
Success: True
# episodes completed so far: 1229
# successes: 827 (67.3%)
Current task success rate: 1.0
Current total success rate: 0.6729048006509357

Task: please pick up the black bowl next to the cookie box and place it carefully on the plate were preparing for guests
Success: True
# episodes completed so far: 1230
# successes: 828 (67.3%)
Current task success rate: 1.0
Current total success rate: 0.6731707317073171

Task: pick up the darkhued vessel located adjacent to the container holding baked sweets and place it on the dish
Success: True
# episodes completed so far: 1231
# successes: 829 (67.3%)
Current task success rate: 1.0
Current total success rate: 0.6734362307067425

Task: pick up the darkcolored rounded container adjacent to the cardboard container of baked treats and place it on the flat dish
Success: True
# episodes completed so far: 1232
# successes: 830 (67.4%)
Current task success rate: 1.0
Current total success rate: 0.6737012987012987

Task: the recipe says pick up the black bowl next to the cookie box and place it onto the plate for mixing
Success: True
# episodes completed so far: 1233
# successes: 831 (67.4%)
Current task success rate: 1.0
Current total success rate: 0.6739659367396593

Task: lift the dark vessel near the biscuit container and set it on the dish
Success: True
# episodes completed so far: 1234
# successes: 832 (67.4%)
Current task success rate: 1.0
Current total success rate: 0.6742301458670988

Task: could you place the black bowl next to the cookie box on the plate for me
Success: True
# episodes completed so far: 1235
# successes: 833 (67.4%)
Current task success rate: 1.0
Current total success rate: 0.674493927125506

Task: lift the darkcolored vessel located adjacent to the container with baked sweet treats and position it on the flat dish for serving food
Success: True
# episodes completed so far: 1236
# successes: 834 (67.5%)
Current task success rate: 1.0
Current total success rate: 0.6747572815533981

Task: lift the black dish beside the cookie container and set it on the platter
Success: True
# episodes completed so far: 1237
# successes: 835 (67.5%)
Current task success rate: 1.0
Current total success rate: 0.6750202101859337

Task: could you put the black bowl thats by the cookie box onto the plate
Success: True
# episodes completed so far: 1238
# successes: 836 (67.5%)
Current task success rate: 1.0
Current total success rate: 0.6752827140549273

Task: grab the dark bowl adjacent to the biscuit container and set it on the dish
Success: True
# episodes completed so far: 1239
# successes: 837 (67.6%)
Current task success rate: 1.0
Current total success rate: 0.6755447941888619

Task: could you put the black bowl next to the cookie box on the plate
Success: True
# episodes completed so far: 1240
# successes: 838 (67.6%)
Current task success rate: 1.0
Current total success rate: 0.6758064516129032

Task: retrieve the black dish adjacent to the biscuit container and set it on the platter
Success: True
# episodes completed so far: 1241
# successes: 839 (67.6%)
Current task success rate: 1.0
Current total success rate: 0.6760676873489122

Task: pick up the black bowl you see next to the cookie box and place it gently on the plate avoid spilling anything
Success: True
# episodes completed so far: 1242
# successes: 840 (67.6%)
Current task success rate: 1.0
Current total success rate: 0.6763285024154589

Task: pick up the darkcolored vessel next to the container holding sweet baked treats and place it on the flat dish for serving food
Success: True
# episodes completed so far: 1243
# successes: 841 (67.7%)
Current task success rate: 1.0
Current total success rate: 0.6765888978278359

Task: lift the darkcolored rounded container situated beside the container holding baked sweet treats and set it down upon the flat circular dish
Success: True
# episodes completed so far: 1244
# successes: 842 (67.7%)
Current task success rate: 1.0
Current total success rate: 0.6768488745980707

Task: pick up the darkcolored rounded container next to the container of baked sweet treats and place it on the flat dish
Success: True
# episodes completed so far: 1245
# successes: 843 (67.7%)
Current task success rate: 1.0
Current total success rate: 0.6771084337349398

Task: lift the dark bowl adjacent to the biscuit container and set it on the dish
Success: True
# episodes completed so far: 1246
# successes: 844 (67.7%)
Current task success rate: 1.0
Current total success rate: 0.6773675762439807

Task: grab the darkhued rounded container situated adjacent to the rectangular container of baked sweets and set it down on the flat circular dish
Success: True
# episodes completed so far: 1247
# successes: 845 (67.8%)
Current task success rate: 1.0
Current total success rate: 0.677626303127506

Task: grasp the darkcolored vessel situated on the cooking appliance and relocate it to rest upon the flat dish
Success: True
# episodes completed so far: 1248
# successes: 846 (67.8%)
Current task success rate: 1.0
Current total success rate: 0.6778846153846154

Task: after washing your hands please pick up the black bowl from the stove and place it on the plate
Success: True
# episodes completed so far: 1249
# successes: 847 (67.8%)
Current task success rate: 1.0
Current total success rate: 0.678142514011209

Task: the black ceramic bowl needs relocating please move it from the stove surface to the plate
Success: True
# episodes completed so far: 1250
# successes: 848 (67.8%)
Current task success rate: 1.0
Current total success rate: 0.6784

Task: lift the darkcolored container located on the cooking appliance and set it on the dish
Success: False
# episodes completed so far: 1251
# successes: 848 (67.8%)
Current task success rate: 0.0
Current total success rate: 0.6778577138289369

Task: grasp the black bowl on the stove and set it on the plate
Success: False
# episodes completed so far: 1252
# successes: 848 (67.7%)
Current task success rate: 0.0
Current total success rate: 0.6773162939297125

Task: for our dinner setup pick up the black bowl on the stove and place it gently on the plate nearby
Success: True
# episodes completed so far: 1253
# successes: 849 (67.8%)
Current task success rate: 1.0
Current total success rate: 0.6775738228252195

Task: lift the dark cooking vessel positioned on the cooking appliance and set it onto the dish
Success: True
# episodes completed so far: 1254
# successes: 850 (67.8%)
Current task success rate: 1.0
Current total success rate: 0.6778309409888357

Task: as the next step in our meal prep transfer the black bowl from the stove to the waiting plate
Success: True
# episodes completed so far: 1255
# successes: 851 (67.8%)
Current task success rate: 1.0
Current total success rate: 0.6780876494023904

Task: please put the black bowl from the stove onto the plate
Success: True
# episodes completed so far: 1256
# successes: 852 (67.8%)
Current task success rate: 1.0
Current total success rate: 0.678343949044586

Task: the recipe calls for the black bowl to be moved please take it from the stove to the plate
Success: True
# episodes completed so far: 1257
# successes: 853 (67.9%)
Current task success rate: 1.0
Current total success rate: 0.6785998408910103

Task: the cooking show host suggests you now move the black bowl from the stove to the plate
Success: True
# episodes completed so far: 1258
# successes: 854 (67.9%)
Current task success rate: 1.0
Current total success rate: 0.6788553259141494

Task: lift the darkhued circular container positioned on the cooking appliance and set it down onto the flat dish
Success: True
# episodes completed so far: 1259
# successes: 855 (67.9%)
Current task success rate: 1.0
Current total success rate: 0.6791104050833995

Task: lift the darkcolored rounded container situated on the cooking appliance and set it onto the flat dish
Success: True
# episodes completed so far: 1260
# successes: 856 (67.9%)
Current task success rate: 1.0
Current total success rate: 0.6793650793650794

Task: grasp the darkcolored round container for mixing ingredients found on the cooking range and put it on the flat dish for serving food
Success: True
# episodes completed so far: 1261
# successes: 857 (68.0%)
Current task success rate: 1.0
Current total success rate: 0.6796193497224425

Task: the black bowl is in the wrong place please correct this by moving it from stove to plate
Success: True
# episodes completed so far: 1262
# successes: 858 (68.0%)
Current task success rate: 1.0
Current total success rate: 0.6798732171156894

Task: for proper table setting please move the black bowl from the stove to its place on the plate
Success: True
# episodes completed so far: 1263
# successes: 859 (68.0%)
Current task success rate: 1.0
Current total success rate: 0.6801266825019794

Task: lift the black dish from the cooktop and set it on the plate
Success: True
# episodes completed so far: 1264
# successes: 860 (68.0%)
Current task success rate: 1.0
Current total success rate: 0.680379746835443

Task: lift the black dish from the stove and set it on the platter
Success: True
# episodes completed so far: 1265
# successes: 861 (68.1%)
Current task success rate: 1.0
Current total success rate: 0.6806324110671936

Task: grasp the darkhued vessel resting on the cooking appliance and set it down on the flat dish
Success: True
# episodes completed so far: 1266
# successes: 862 (68.1%)
Current task success rate: 1.0
Current total success rate: 0.6808846761453397

Task: pick up the darkhued cooking container on the cooking appliance and place it on the flat dish
Success: True
# episodes completed so far: 1267
# successes: 863 (68.1%)
Current task success rate: 1.0
Current total success rate: 0.681136543014996

Task: in preparation for serving relocate the black bowl from its current position on the stove to the plate
Success: True
# episodes completed so far: 1268
# successes: 864 (68.1%)
Current task success rate: 1.0
Current total success rate: 0.6813880126182965

Task: could you please pick up the black bowl thats on the stove and carefully place it onto the plate
Success: True
# episodes completed so far: 1269
# successes: 865 (68.2%)
Current task success rate: 1.0
Current total success rate: 0.681639085894405

Task: grasp hold of the darkhued vessel located on the appliance used for cooking and set it atop the dish used for serving food
Success: True
# episodes completed so far: 1270
# successes: 866 (68.2%)
Current task success rate: 1.0
Current total success rate: 0.6818897637795276

Task: lift the dark bowl from the stove and set it onto the plate
Success: True
# episodes completed so far: 1271
# successes: 867 (68.2%)
Current task success rate: 1.0
Current total success rate: 0.6821400472069237

Task: lift the darkcolored rounded container situated on the cooking appliance and set it upon the flat dish
Success: True
# episodes completed so far: 1272
# successes: 868 (68.2%)
Current task success rate: 1.0
Current total success rate: 0.6823899371069182

Task: as part of todays kitchen tasks please transfer the black bowl from the stove to the plate
Success: True
# episodes completed so far: 1273
# successes: 869 (68.3%)
Current task success rate: 1.0
Current total success rate: 0.6826394344069128

Task: before we start cooking could you grab the black bowl from the stove and put it on the plate
Success: True
# episodes completed so far: 1274
# successes: 870 (68.3%)
Current task success rate: 1.0
Current total success rate: 0.6828885400313972

Task: lift the dark bowl from the stove and set it on the plate
Success: True
# episodes completed so far: 1275
# successes: 871 (68.3%)
Current task success rate: 1.0
Current total success rate: 0.6831372549019608

Task: grab the dark bowl from the stove and set it on the dish
Success: True
# episodes completed so far: 1276
# successes: 872 (68.3%)
Current task success rate: 1.0
Current total success rate: 0.6833855799373041

Task: ensure the black bowl from the stove is now sitting on the plate
Success: True
# episodes completed so far: 1277
# successes: 873 (68.4%)
Current task success rate: 1.0
Current total success rate: 0.6836335160532498

Task: lift the dark bowl from the cooker and set it on the dish
Success: True
# episodes completed so far: 1278
# successes: 874 (68.4%)
Current task success rate: 1.0
Current total success rate: 0.6838810641627543

Task: can you make sure the black bowl from the stove is on the plate
Success: True
# episodes completed so far: 1279
# successes: 875 (68.4%)
Current task success rate: 1.0
Current total success rate: 0.6841282251759186

Task: lift the dark bowl from the stove and set it on the dish
Success: False
# episodes completed so far: 1280
# successes: 875 (68.4%)
Current task success rate: 0.0
Current total success rate: 0.68359375

Task: can you move the black bowl from the stove to the plate
Success: True
# episodes completed so far: 1281
# successes: 876 (68.4%)
Current task success rate: 1.0
Current total success rate: 0.6838407494145199

Task: could you move the black bowl from the stove to the plate
Success: True
# episodes completed so far: 1282
# successes: 877 (68.4%)
Current task success rate: 1.0
Current total success rate: 0.6840873634945398

Task: on this lovely afternoon could you pick up the black bowl next to the plate and carefully place it on top of the plate
Success: True
# episodes completed so far: 1283
# successes: 878 (68.4%)
Current task success rate: 1.0
Current total success rate: 0.6843335931410756

Task: could you do me a favor pick up that black bowl sitting next to the plate and put it on the plate itself
Success: True
# episodes completed so far: 1284
# successes: 879 (68.5%)
Current task success rate: 1.0
Current total success rate: 0.6845794392523364

Task: lift the dark bowl beside the dish and set it on the plate
Success: True
# episodes completed so far: 1285
# successes: 880 (68.5%)
Current task success rate: 1.0
Current total success rate: 0.6848249027237354

Task: can you put the black bowl on the plate for me
Success: True
# episodes completed so far: 1286
# successes: 881 (68.5%)
Current task success rate: 1.0
Current total success rate: 0.6850699844479005

Task: our new dining protocol requires bowls on plates please implement this with the black bowl next to the plate
Success: True
# episodes completed so far: 1287
# successes: 882 (68.5%)
Current task success rate: 1.0
Current total success rate: 0.6853146853146853

Task: lift the darkhued rounded container located beside the flat dish and set it onto the flat dish
Success: True
# episodes completed so far: 1288
# successes: 883 (68.6%)
Current task success rate: 1.0
Current total success rate: 0.6855590062111802

Task: safety first pick up the black bowl next to the plate using both hands and then place it securely on the plate
Success: True
# episodes completed so far: 1289
# successes: 884 (68.6%)
Current task success rate: 1.0
Current total success rate: 0.6858029480217223

Task: lift the darkcolored rounded container adjacent to the dish and set it upon the dish
Success: True
# episodes completed so far: 1290
# successes: 885 (68.6%)
Current task success rate: 1.0
Current total success rate: 0.686046511627907

Task: lift the dark bowl adjacent to the plate and set it upon the plate
Success: True
# episodes completed so far: 1291
# successes: 886 (68.6%)
Current task success rate: 1.0
Current total success rate: 0.686289697908598

Task: lift the darkhued rounded container adjacent to the dish and set it upon the dish
Success: True
# episodes completed so far: 1292
# successes: 887 (68.7%)
Current task success rate: 1.0
Current total success rate: 0.6865325077399381

Task: lift the darkhued receptacle located adjacent to the dish and position it atop the dish
Success: True
# episodes completed so far: 1293
# successes: 888 (68.7%)
Current task success rate: 1.0
Current total success rate: 0.6867749419953596

Task: lift the black dish beside the plate and set it on the plate
Success: True
# episodes completed so far: 1294
# successes: 889 (68.7%)
Current task success rate: 1.0
Current total success rate: 0.6870170015455951

Task: lift the darkhued vessel resting beside the flat dish and position it atop the flat dish
Success: True
# episodes completed so far: 1295
# successes: 890 (68.7%)
Current task success rate: 1.0
Current total success rate: 0.6872586872586872

Task: for aesthetic balance the black bowl should be centered on the plate please make that adjustment now
Success: True
# episodes completed so far: 1296
# successes: 891 (68.8%)
Current task success rate: 1.0
Current total success rate: 0.6875

Task: for todays dinner setup i need you to pick up the black bowl next to the plate and position it on the plate
Success: True
# episodes completed so far: 1297
# successes: 892 (68.8%)
Current task success rate: 1.0
Current total success rate: 0.6877409406322282

Task: could you put the black bowl on the plate next to it
Success: True
# episodes completed so far: 1298
# successes: 893 (68.8%)
Current task success rate: 1.0
Current total success rate: 0.6879815100154083

Task: could you put the black bowl thats beside the plate onto the plate itself
Success: True
# episodes completed so far: 1299
# successes: 894 (68.8%)
Current task success rate: 1.0
Current total success rate: 0.6882217090069284

Task: the cooking show host recommends bowls on plates for presentation lets do that with the black bowl nearby
Success: True
# episodes completed so far: 1300
# successes: 895 (68.8%)
Current task success rate: 1.0
Current total success rate: 0.6884615384615385

Task: for proper table arrangement the black bowl should be on the plate please make that adjustment now
Success: True
# episodes completed so far: 1301
# successes: 896 (68.9%)
Current task success rate: 1.0
Current total success rate: 0.6887009992313605

Task: grasp the darkhued vessel positioned adjacent to the flat dish designed for individual portions of food and relocate it atop the said flat dish
Success: True
# episodes completed so far: 1302
# successes: 897 (68.9%)
Current task success rate: 1.0
Current total success rate: 0.6889400921658986

Task: to prevent spills were putting bowls on plates today please move the black bowl accordingly
Success: True
# episodes completed so far: 1303
# successes: 898 (68.9%)
Current task success rate: 1.0
Current total success rate: 0.6891788181120491

Task: would you mind picking up the black bowl beside the plate just place it right on the plate when you do
Success: True
# episodes completed so far: 1304
# successes: 899 (68.9%)
Current task success rate: 1.0
Current total success rate: 0.6894171779141104

Task: i noticed the black bowl is beside the plate instead of on it could you correct that by moving it
Success: True
# episodes completed so far: 1305
# successes: 900 (69.0%)
Current task success rate: 1.0
Current total success rate: 0.6896551724137931

Task: please pick up the black bowl thats next to the plate and transfer it onto the plate its part of our table setting routine
Success: True
# episodes completed so far: 1306
# successes: 901 (69.0%)
Current task success rate: 1.0
Current total success rate: 0.6898928024502297

Task: pick up the darkcolored vessel for containing food items located adjacent to the flat dish for serving and place it on the flat dish for serving
Success: True
# episodes completed so far: 1307
# successes: 902 (69.0%)
Current task success rate: 1.0
Current total success rate: 0.6901300688599847

Task: could you put the black bowl on the plate for me
Success: True
# episodes completed so far: 1308
# successes: 903 (69.0%)
Current task success rate: 1.0
Current total success rate: 0.6903669724770642

Task: pick up the darkhued rounded vessel beside the flat circular dish and position it atop the flat circular dish
Success: True
# episodes completed so far: 1309
# successes: 904 (69.1%)
Current task success rate: 1.0
Current total success rate: 0.6906035141329259

Task: please put the black bowl on the plate next to it
Success: False
# episodes completed so far: 1310
# successes: 904 (69.0%)
Current task success rate: 0.0
Current total success rate: 0.6900763358778625

Task: in our kitchen organization system we place bowls on plates so please pick up the black bowl next to the plate and move it there
Success: True
# episodes completed so far: 1311
# successes: 905 (69.0%)
Current task success rate: 1.0
Current total success rate: 0.6903127383676583

Task: in japanese table setting style we place bowls on plates please do this with the black bowl you see nearby
Success: True
# episodes completed so far: 1312
# successes: 906 (69.1%)
Current task success rate: 1.0
Current total success rate: 0.6905487804878049

Task: lift the darkcolored dish located beside the flat dish used for serving food and set it upon the flat dish
Success: True
# episodes completed so far: 1313
# successes: 907 (69.1%)
Current task success rate: 1.0
Current total success rate: 0.6907844630616908

Task: lift the black dish adjacent to the plate and set it upon the plate
Success: True
# episodes completed so far: 1314
# successes: 908 (69.1%)
Current task success rate: 1.0
Current total success rate: 0.6910197869101978

Task: lift the darkcolored rounded vessel situated adjacent to the flat dish and position it atop the flat dish
Success: True
# episodes completed so far: 1315
# successes: 909 (69.1%)
Current task success rate: 1.0
Current total success rate: 0.691254752851711

Task: pick up the darkhued rounded container adjacent to the flat dish and position it on top of the flat dish
Success: True
# episodes completed so far: 1316
# successes: 910 (69.1%)
Current task success rate: 1.0
Current total success rate: 0.6914893617021277

Task: could you put the black bowl on the plate
Success: True
# episodes completed so far: 1317
# successes: 911 (69.2%)
Current task success rate: 1.0
Current total success rate: 0.6917236142748672

Task: lift the dark bowl adjacent to the plate and set it atop the plate
Success: True
# episodes completed so far: 1318
# successes: 912 (69.2%)
Current task success rate: 1.0
Current total success rate: 0.6919575113808801

Task: pick up the darkcolored rounded dish next to the flat dish for eating meals and place it on the flat dish for eating meals
Success: True
# episodes completed so far: 1319
# successes: 913 (69.2%)
Current task success rate: 1.0
Current total success rate: 0.6921910538286581

Task: lift the darkcolored dish positioned adjacent to the flat dish used for eating and set it atop the flat dish used for eating
Success: True
# episodes completed so far: 1320
# successes: 914 (69.2%)
Current task success rate: 1.0
Current total success rate: 0.6924242424242424

Task: pick up the darkcolored vessel situated adjacent to the dish and set it atop the dish
Success: True
# episodes completed so far: 1321
# successes: 915 (69.3%)
Current task success rate: 1.0
Current total success rate: 0.6926570779712339

Task: grasp the dark bowl adjacent to the plate and set it upon the plate
Success: True
# episodes completed so far: 1322
# successes: 916 (69.3%)
Current task success rate: 1.0
Current total success rate: 0.6928895612708018

Task: pick up the darkhued vessel adjacent to the flat dish and place it on the flat dish
Success: True
# episodes completed so far: 1323
# successes: 917 (69.3%)
Current task success rate: 1.0
Current total success rate: 0.6931216931216931

Task: lift the darkcolored container located adjacent to the flat dish and position it on top of the flat dish
Success: True
# episodes completed so far: 1324
# successes: 918 (69.3%)
Current task success rate: 1.0
Current total success rate: 0.6933534743202417

Task: attention to detail is important pick up the black bowl adjacent to the plate and carefully position it on the plate
Success: True
# episodes completed so far: 1325
# successes: 919 (69.4%)
Current task success rate: 1.0
Current total success rate: 0.6935849056603773

Task: could you ensure the black bowl thats beside the plate is positioned on the plate itself
Success: True
# episodes completed so far: 1326
# successes: 920 (69.4%)
Current task success rate: 1.0
Current total success rate: 0.693815987933635

Task: could you place the black bowl onto the plate next to it
Success: True
# episodes completed so far: 1327
# successes: 921 (69.4%)
Current task success rate: 1.0
Current total success rate: 0.6940467219291635

Task: pick up the darkhued receptacle on the timber storage unit and place it on the dish
Success: True
# episodes completed so far: 1328
# successes: 922 (69.4%)
Current task success rate: 1.0
Current total success rate: 0.6942771084337349

Task: in preparation for lunch i need you to pick up the black bowl from the wooden cabinet and place it on the plate
Success: True
# episodes completed so far: 1329
# successes: 923 (69.5%)
Current task success rate: 1.0
Current total success rate: 0.6945071482317532

Task: put the black bowl from the wooden cabinet onto the plate
Success: True
# episodes completed so far: 1330
# successes: 924 (69.5%)
Current task success rate: 1.0
Current total success rate: 0.6947368421052632

Task: to continue with our kitchen organization pick up the black bowl from the wooden cabinet and transfer it to the plate
Success: True
# episodes completed so far: 1331
# successes: 925 (69.5%)
Current task success rate: 1.0
Current total success rate: 0.6949661908339594

Task: grab the darkhued rounded container resting atop the surface made from timber and transfer it onto the dish
Success: True
# episodes completed so far: 1332
# successes: 926 (69.5%)
Current task success rate: 1.0
Current total success rate: 0.6951951951951952

Task: grasp the dark bowl sitting on the wooden cupboard and set it onto the dish
Success: True
# episodes completed so far: 1333
# successes: 927 (69.5%)
Current task success rate: 1.0
Current total success rate: 0.695423855963991

Task: heres what we need to do first pick up the black bowl from the wooden cabinet then place it on the plate
Success: True
# episodes completed so far: 1334
# successes: 928 (69.6%)
Current task success rate: 1.0
Current total success rate: 0.6956521739130435

Task: grasp the dark bowl atop the wooden cupboard and set it down on the plate
Success: True
# episodes completed so far: 1335
# successes: 929 (69.6%)
Current task success rate: 1.0
Current total success rate: 0.695880149812734

Task: pick up the darkcolored rounded container on the structure made of processed tree material and place it on the flat dish
Success: True
# episodes completed so far: 1336
# successes: 930 (69.6%)
Current task success rate: 1.0
Current total success rate: 0.6961077844311377

Task: grasp the dark bowl on the wooden cupboard and set it on the dish
Success: True
# episodes completed so far: 1337
# successes: 931 (69.6%)
Current task success rate: 1.0
Current total success rate: 0.6963350785340314

Task: lets prepare the table first pick up the black bowl from the wooden cabinet then place it on the plate
Success: True
# episodes completed so far: 1338
# successes: 932 (69.7%)
Current task success rate: 1.0
Current total success rate: 0.6965620328849028

Task: on this lovely morning could you pick up the black bowl from the wooden cabinet and place it gently on the plate
Success: True
# episodes completed so far: 1339
# successes: 933 (69.7%)
Current task success rate: 1.0
Current total success rate: 0.6967886482449589

Task: for todays task i need you to pick up the black bowl from the wooden cabinet and position it on the plate
Success: True
# episodes completed so far: 1340
# successes: 934 (69.7%)
Current task success rate: 1.0
Current total success rate: 0.6970149253731344

Task: id appreciate if you could pick up the black bowl from the wooden cabinet right now and place it on the plate
Success: True
# episodes completed so far: 1341
# successes: 935 (69.7%)
Current task success rate: 1.0
Current total success rate: 0.6972408650260999

Task: lift the darkhued container resting atop the timber storage unit and set it onto the flat dish for dining
Success: True
# episodes completed so far: 1342
# successes: 936 (69.7%)
Current task success rate: 1.0
Current total success rate: 0.6974664679582713

Task: please pick up the black bowl thats sitting on the wooden cabinet and transfer it to the plate nearby
Success: True
# episodes completed so far: 1343
# successes: 937 (69.8%)
Current task success rate: 1.0
Current total success rate: 0.6976917349218168

Task: in the kitchen youll find a black bowl on the wooden cabinet please transfer it to the plate on the counter
Success: True
# episodes completed so far: 1344
# successes: 938 (69.8%)
Current task success rate: 1.0
Current total success rate: 0.6979166666666666

Task: as part of todays chores please pick up the black bowl from the wooden cabinet and carefully place it on the plate
Success: True
# episodes completed so far: 1345
# successes: 939 (69.8%)
Current task success rate: 1.0
Current total success rate: 0.6981412639405205

Task: lift the black dish from the oak cabinet and set it on the plate
Success: True
# episodes completed so far: 1346
# successes: 940 (69.8%)
Current task success rate: 1.0
Current total success rate: 0.6983655274888558

Task: ensure the black bowl from the wooden cabinet is on the plate
Success: True
# episodes completed so far: 1347
# successes: 941 (69.9%)
Current task success rate: 1.0
Current total success rate: 0.6985894580549369

Task: pick up the darkhued dish resting on the surface constructed of tree material and put it down atop the dish designed for main course servings
Success: True
# episodes completed so far: 1348
# successes: 942 (69.9%)
Current task success rate: 1.0
Current total success rate: 0.6988130563798219

Task: for our dinner setup kindly pick up the black bowl resting on the wooden cabinet and place it on the plate
Success: True
# episodes completed so far: 1349
# successes: 943 (69.9%)
Current task success rate: 1.0
Current total success rate: 0.6990363232023721

Task: pick up the darkcolored vessel used for holding food which is located on the surface made for storing objects and place it on the flat dish used for serving food
Success: False
# episodes completed so far: 1350
# successes: 943 (69.9%)
Current task success rate: 0.0
Current total success rate: 0.6985185185185185

Task: lift the dark bowl from the wooden cabinet and set it on the plate
Success: True
# episodes completed so far: 1351
# successes: 944 (69.9%)
Current task success rate: 1.0
Current total success rate: 0.698741672834937

Task: can you move the black bowl from the wooden cabinet to the plate
Success: True
# episodes completed so far: 1352
# successes: 945 (69.9%)
Current task success rate: 1.0
Current total success rate: 0.6989644970414202

Task: lift the darkcolored vessel resting on the surface constructed from timber and position it on the ceramic dish
Success: True
# episodes completed so far: 1353
# successes: 946 (69.9%)
Current task success rate: 1.0
Current total success rate: 0.6991869918699187

Task: can you move the black bowl from the cabinet to the plate
Success: True
# episodes completed so far: 1354
# successes: 947 (69.9%)
Current task success rate: 1.0
Current total success rate: 0.6994091580502215

Task: can you put the black bowl from the wooden cabinet onto the plate
Success: True
# episodes completed so far: 1355
# successes: 948 (70.0%)
Current task success rate: 1.0
Current total success rate: 0.6996309963099631

Task: ensure the black bowl from the wooden cabinet ends up on the plate
Success: True
# episodes completed so far: 1356
# successes: 949 (70.0%)
Current task success rate: 1.0
Current total success rate: 0.6998525073746312

Task: pick up the darkcolored circular container on the surface meant for storing kitchenware and place it on the flat dish designed for serving food
Success: False
# episodes completed so far: 1357
# successes: 949 (69.9%)
Current task success rate: 0.0
Current total success rate: 0.6993367722918202

Task: pick up the darkhued vessel resting atop the timber storage unit and set it down upon the flat dish
Success: True
# episodes completed so far: 1358
# successes: 950 (70.0%)
Current task success rate: 1.0
Current total success rate: 0.6995581737849779

Task: can you please put the black bowl thats on the wooden cabinet onto the plate
Success: True
# episodes completed so far: 1359
# successes: 951 (70.0%)
Current task success rate: 1.0
Current total success rate: 0.6997792494481236

Task: as part of setting the table please retrieve the black bowl from the wooden cabinet and position it on the plate
Success: True
# episodes completed so far: 1360
# successes: 952 (70.0%)
Current task success rate: 1.0
Current total success rate: 0.7

Task: attention please pick up the black bowl located on the wooden cabinet and carefully place it on the plate
Success: True
# episodes completed so far: 1361
# successes: 953 (70.0%)
Current task success rate: 1.0
Current total success rate: 0.7002204261572373

Task: grasp the dark bowl from the timber cabinet and set it on the plate
Success: True
# episodes completed so far: 1362
# successes: 954 (70.0%)
Current task success rate: 1.0
Current total success rate: 0.7004405286343612

Task: can you place the black bowl from the wooden cabinet onto the plate
Success: True
# episodes completed so far: 1363
# successes: 955 (70.1%)
Current task success rate: 1.0
Current total success rate: 0.7006603081438004

Task: lift the darkcolored vessel made for food resting on the wooden furniture that often stores kitchen utensils and transfer it to lie atop the dish designed for serving meals
Success: True
# episodes completed so far: 1364
# successes: 956 (70.1%)
Current task success rate: 1.0
Current total success rate: 0.7008797653958945

Task: lift the black dish from the wooden cupboard and set it on the plate
Success: True
# episodes completed so far: 1365
# successes: 957 (70.1%)
Current task success rate: 1.0
Current total success rate: 0.701098901098901

Task: could you make sure the black bowl from the wooden cabinet ends up on the plate
Success: True
# episodes completed so far: 1366
# successes: 958 (70.1%)
Current task success rate: 1.0
Current total success rate: 0.7013177159590044

Task: lift the dark bowl positioned on the wooden cupboard and set it on the plate
Success: True
# episodes completed so far: 1367
# successes: 959 (70.2%)
Current task success rate: 1.0
Current total success rate: 0.7015362106803219

Task: lift the darkcolored rounded container resting on the surface meant for storage and support and set it down onto the flat dish used for serving food
Success: False
# episodes completed so far: 1368
# successes: 959 (70.1%)
Current task success rate: 0.0
Current total success rate: 0.7010233918128655

Task: grasp the darkcolored round container situated on the surface made of processed forest material and put it onto the flat dish
Success: False
# episodes completed so far: 1369
# successes: 959 (70.1%)
Current task success rate: 0.0
Current total success rate: 0.7005113221329438

Task: before we start cooking please pick up the black bowl from the wooden cabinet and set it down on the plate
Success: True
# episodes completed so far: 1370
# successes: 960 (70.1%)
Current task success rate: 1.0
Current total success rate: 0.7007299270072993

Task: grasp the darkhued mixing vessel residing on the structure made of timber and deposit it atop the flat dish
Success: True
# episodes completed so far: 1371
# successes: 961 (70.1%)
Current task success rate: 1.0
Current total success rate: 0.700948212983224

Task: grasp the darkhued container positioned atop the timbered storage unit and set it upon the dish
Success: False
# episodes completed so far: 1372
# successes: 961 (70.0%)
Current task success rate: 0.0
Current total success rate: 0.7004373177842566

Task: grab the darkcolored dish located on the timber storage unit and set it atop the dish for dining
Success: True
# episodes completed so far: 1373
# successes: 962 (70.1%)
Current task success rate: 1.0
Current total success rate: 0.7006554989075018

Task: pick up the darkhued dish located on the surface made of tree material and place it on the dish meant for serving food
Success: True
# episodes completed so far: 1374
# successes: 963 (70.1%)
Current task success rate: 1.0
Current total success rate: 0.7008733624454149

Task: pick up the black bowl between the plate and the ramekin and place it on the plate view 0 0 100 0 0 initstate 0 noise 3
Success: True
# episodes completed so far: 1375
# successes: 964 (70.1%)
Current task success rate: 1.0
Current total success rate: 0.7010909090909091

Task: pick up the black bowl between the plate and the ramekin and place it on the plate view 0 0 100 0 0 initstate 0 noise 4
Success: True
# episodes completed so far: 1376
# successes: 965 (70.1%)
Current task success rate: 1.0
Current total success rate: 0.7013081395348837

Task: pick up the black bowl between the plate and the ramekin and place it on the plate view 0 0 100 0 0 initstate 0 noise 5
Success: True
# episodes completed so far: 1377
# successes: 966 (70.2%)
Current task success rate: 1.0
Current total success rate: 0.7015250544662309

Task: pick up the black bowl between the plate and the ramekin and place it on the plate view 0 0 100 0 0 initstate 0 noise 6
Success: True
# episodes completed so far: 1378
# successes: 967 (70.2%)
Current task success rate: 1.0
Current total success rate: 0.7017416545718432

Task: pick up the black bowl between the plate and the ramekin and place it on the plate view 0 0 100 0 0 initstate 0 noise 7
Success: True
# episodes completed so far: 1379
# successes: 968 (70.2%)
Current task success rate: 1.0
Current total success rate: 0.7019579405366208

Task: pick up the black bowl between the plate and the ramekin and place it on the plate view 0 0 100 0 0 initstate 0 noise 8
Success: True
# episodes completed so far: 1380
# successes: 969 (70.2%)
Current task success rate: 1.0
Current total success rate: 0.7021739130434783

Task: pick up the black bowl between the plate and the ramekin and place it on the plate view 0 0 100 0 0 initstate 0 noise 9
Success: True
# episodes completed so far: 1381
# successes: 970 (70.2%)
Current task success rate: 1.0
Current total success rate: 0.7023895727733527

Task: pick up the black bowl between the plate and the ramekin and place it on the plate view 0 0 100 0 0 initstate 0 noise 10
Success: True
# episodes completed so far: 1382
# successes: 971 (70.3%)
Current task success rate: 1.0
Current total success rate: 0.7026049204052098

Task: pick up the black bowl between the plate and the ramekin and place it on the plate view 0 0 100 0 0 initstate 0 noise 12
Success: True
# episodes completed so far: 1383
# successes: 972 (70.3%)
Current task success rate: 1.0
Current total success rate: 0.702819956616052

Task: pick up the black bowl between the plate and the ramekin and place it on the plate view 0 0 100 0 0 initstate 0 noise 13
Success: True
# episodes completed so far: 1384
# successes: 973 (70.3%)
Current task success rate: 1.0
Current total success rate: 0.7030346820809249

Task: pick up the black bowl between the plate and the ramekin and place it on the plate view 0 0 100 0 0 initstate 0 noise 14
Success: True
# episodes completed so far: 1385
# successes: 974 (70.3%)
Current task success rate: 1.0
Current total success rate: 0.7032490974729242

Task: pick up the black bowl between the plate and the ramekin and place it on the plate view 0 0 100 0 0 initstate 0 noise 15
Success: True
# episodes completed so far: 1386
# successes: 975 (70.3%)
Current task success rate: 1.0
Current total success rate: 0.7034632034632035

Task: pick up the black bowl between the plate and the ramekin and place it on the plate view 0 0 100 0 0 initstate 0 noise 16
Success: True
# episodes completed so far: 1387
# successes: 976 (70.4%)
Current task success rate: 1.0
Current total success rate: 0.7036770007209805

Task: pick up the black bowl between the plate and the ramekin and place it on the plate view 0 0 100 0 0 initstate 0 noise 17
Success: True
# episodes completed so far: 1388
# successes: 977 (70.4%)
Current task success rate: 1.0
Current total success rate: 0.7038904899135446

Task: pick up the black bowl between the plate and the ramekin and place it on the plate view 0 0 100 0 0 initstate 0 noise 19
Success: False
# episodes completed so far: 1389
# successes: 977 (70.3%)
Current task success rate: 0.0
Current total success rate: 0.7033837293016558

Task: pick up the black bowl between the plate and the ramekin and place it on the plate view 0 0 100 0 0 initstate 0 noise 20
Success: False
# episodes completed so far: 1390
# successes: 977 (70.3%)
Current task success rate: 0.0
Current total success rate: 0.7028776978417266

Task: pick up the black bowl between the plate and the ramekin and place it on the plate view 0 0 100 0 0 initstate 0 noise 27
Success: True
# episodes completed so far: 1391
# successes: 978 (70.3%)
Current task success rate: 1.0
Current total success rate: 0.7030913012221424

Task: pick up the black bowl between the plate and the ramekin and place it on the plate view 0 0 100 0 0 initstate 0 noise 28
Success: True
# episodes completed so far: 1392
# successes: 979 (70.3%)
Current task success rate: 1.0
Current total success rate: 0.7033045977011494

Task: pick up the black bowl between the plate and the ramekin and place it on the plate view 0 0 100 0 0 initstate 0 noise 29
Success: True
# episodes completed so far: 1393
# successes: 980 (70.4%)
Current task success rate: 1.0
Current total success rate: 0.7035175879396985

Task: pick up the black bowl between the plate and the ramekin and place it on the plate view 0 0 100 0 0 initstate 0 noise 30
Success: True
# episodes completed so far: 1394
# successes: 981 (70.4%)
Current task success rate: 1.0
Current total success rate: 0.7037302725968436

Task: pick up the black bowl between the plate and the ramekin and place it on the plate view 0 0 100 0 0 initstate 0 noise 37
Success: True
# episodes completed so far: 1395
# successes: 982 (70.4%)
Current task success rate: 1.0
Current total success rate: 0.7039426523297491

Task: pick up the black bowl between the plate and the ramekin and place it on the plate view 0 0 100 0 0 initstate 0 noise 38
Success: True
# episodes completed so far: 1396
# successes: 983 (70.4%)
Current task success rate: 1.0
Current total success rate: 0.7041547277936963

Task: pick up the black bowl between the plate and the ramekin and place it on the plate view 0 0 100 0 0 initstate 0 noise 39
Success: True
# episodes completed so far: 1397
# successes: 984 (70.4%)
Current task success rate: 1.0
Current total success rate: 0.7043664996420902

Task: pick up the black bowl between the plate and the ramekin and place it on the plate view 0 0 100 0 0 initstate 0 noise 40
Success: False
# episodes completed so far: 1398
# successes: 984 (70.4%)
Current task success rate: 0.0
Current total success rate: 0.703862660944206

Task: pick up the black bowl between the plate and the ramekin and place it on the plate view 0 0 100 0 0 initstate 0 noise 43
Success: True
# episodes completed so far: 1399
# successes: 985 (70.4%)
Current task success rate: 1.0
Current total success rate: 0.7040743388134382

Task: pick up the black bowl between the plate and the ramekin and place it on the plate view 0 0 100 0 0 initstate 0 noise 44
Success: True
# episodes completed so far: 1400
# successes: 986 (70.4%)
Current task success rate: 1.0
Current total success rate: 0.7042857142857143

Task: pick up the black bowl between the plate and the ramekin and place it on the plate view 0 0 100 0 0 initstate 0 noise 45
Success: True
# episodes completed so far: 1401
# successes: 987 (70.4%)
Current task success rate: 1.0
Current total success rate: 0.7044967880085653

Task: pick up the black bowl between the plate and the ramekin and place it on the plate view 0 0 100 0 0 initstate 0 noise 46
Success: True
# episodes completed so far: 1402
# successes: 988 (70.5%)
Current task success rate: 1.0
Current total success rate: 0.7047075606276747

Task: pick up the black bowl between the plate and the ramekin and place it on the plate view 0 0 100 0 0 initstate 0 noise 47
Success: True
# episodes completed so far: 1403
# successes: 989 (70.5%)
Current task success rate: 1.0
Current total success rate: 0.7049180327868853

Task: pick up the black bowl between the plate and the ramekin and place it on the plate view 0 0 100 0 0 initstate 0 noise 48
Success: True
# episodes completed so far: 1404
# successes: 990 (70.5%)
Current task success rate: 1.0
Current total success rate: 0.7051282051282052

Task: pick up the black bowl between the plate and the ramekin and place it on the plate view 0 0 100 0 0 initstate 0 noise 49
Success: True
# episodes completed so far: 1405
# successes: 991 (70.5%)
Current task success rate: 1.0
Current total success rate: 0.7053380782918149

Task: pick up the black bowl between the plate and the ramekin and place it on the plate view 0 0 100 0 0 initstate 0 noise 50
Success: True
# episodes completed so far: 1406
# successes: 992 (70.6%)
Current task success rate: 1.0
Current total success rate: 0.705547652916074

Task: pick up the black bowl next to the ramekin and place it on the plate view 0 0 100 0 0 initstate 0 noise 2
Success: True
# episodes completed so far: 1407
# successes: 993 (70.6%)
Current task success rate: 1.0
Current total success rate: 0.7057569296375267

Task: pick up the black bowl next to the ramekin and place it on the plate view 0 0 100 0 0 initstate 0 noise 3
Success: True
# episodes completed so far: 1408
# successes: 994 (70.6%)
Current task success rate: 1.0
Current total success rate: 0.7059659090909091

Task: pick up the black bowl next to the ramekin and place it on the plate view 0 0 100 0 0 initstate 0 noise 4
Success: True
# episodes completed so far: 1409
# successes: 995 (70.6%)
Current task success rate: 1.0
Current total success rate: 0.7061745919091554

Task: pick up the black bowl next to the ramekin and place it on the plate view 0 0 100 0 0 initstate 0 noise 5
Success: True
# episodes completed so far: 1410
# successes: 996 (70.6%)
Current task success rate: 1.0
Current total success rate: 0.7063829787234043

Task: pick up the black bowl next to the ramekin and place it on the plate view 0 0 100 0 0 initstate 0 noise 7
Success: False
# episodes completed so far: 1411
# successes: 996 (70.6%)
Current task success rate: 0.0
Current total success rate: 0.7058823529411765

Task: pick up the black bowl next to the ramekin and place it on the plate view 0 0 100 0 0 initstate 0 noise 8
Success: True
# episodes completed so far: 1412
# successes: 997 (70.6%)
Current task success rate: 1.0
Current total success rate: 0.7060906515580736

Task: pick up the black bowl next to the ramekin and place it on the plate view 0 0 100 0 0 initstate 0 noise 9
Success: True
# episodes completed so far: 1413
# successes: 998 (70.6%)
Current task success rate: 1.0
Current total success rate: 0.7062986553432413

Task: pick up the black bowl next to the ramekin and place it on the plate view 0 0 100 0 0 initstate 0 noise 10
Success: True
# episodes completed so far: 1414
# successes: 999 (70.7%)
Current task success rate: 1.0
Current total success rate: 0.7065063649222065

Task: pick up the black bowl next to the ramekin and place it on the plate view 0 0 100 0 0 initstate 0 noise 12
Success: True
# episodes completed so far: 1415
# successes: 1000 (70.7%)
Current task success rate: 1.0
Current total success rate: 0.7067137809187279

Task: pick up the black bowl next to the ramekin and place it on the plate view 0 0 100 0 0 initstate 0 noise 13
Success: True
# episodes completed so far: 1416
# successes: 1001 (70.7%)
Current task success rate: 1.0
Current total success rate: 0.7069209039548022

Task: pick up the black bowl next to the ramekin and place it on the plate view 0 0 100 0 0 initstate 0 noise 14
Success: True
# episodes completed so far: 1417
# successes: 1002 (70.7%)
Current task success rate: 1.0
Current total success rate: 0.7071277346506705

Task: pick up the black bowl next to the ramekin and place it on the plate view 0 0 100 0 0 initstate 0 noise 15
Success: True
# episodes completed so far: 1418
# successes: 1003 (70.7%)
Current task success rate: 1.0
Current total success rate: 0.7073342736248237

Task: pick up the black bowl next to the ramekin and place it on the plate view 0 0 100 0 0 initstate 0 noise 17
Success: False
# episodes completed so far: 1419
# successes: 1003 (70.7%)
Current task success rate: 0.0
Current total success rate: 0.7068357998590556

Task: pick up the black bowl next to the ramekin and place it on the plate view 0 0 100 0 0 initstate 0 noise 18
Success: False
# episodes completed so far: 1420
# successes: 1003 (70.6%)
Current task success rate: 0.0
Current total success rate: 0.706338028169014

Task: pick up the black bowl next to the ramekin and place it on the plate view 0 0 100 0 0 initstate 0 noise 19
Success: False
# episodes completed so far: 1421
# successes: 1003 (70.6%)
Current task success rate: 0.0
Current total success rate: 0.7058409570724842

Task: pick up the black bowl next to the ramekin and place it on the plate view 0 0 100 0 0 initstate 0 noise 24
Success: False
# episodes completed so far: 1422
# successes: 1003 (70.5%)
Current task success rate: 0.0
Current total success rate: 0.7053445850914205

Task: pick up the black bowl next to the ramekin and place it on the plate view 0 0 100 0 0 initstate 0 noise 26
Success: True
# episodes completed so far: 1423
# successes: 1004 (70.6%)
Current task success rate: 1.0
Current total success rate: 0.7055516514406184

Task: pick up the black bowl next to the ramekin and place it on the plate view 0 0 100 0 0 initstate 0 noise 27
Success: False
# episodes completed so far: 1424
# successes: 1004 (70.5%)
Current task success rate: 0.0
Current total success rate: 0.7050561797752809

Task: pick up the black bowl next to the ramekin and place it on the plate view 0 0 100 0 0 initstate 0 noise 28
Success: False
# episodes completed so far: 1425
# successes: 1004 (70.5%)
Current task success rate: 0.0
Current total success rate: 0.7045614035087719

Task: pick up the black bowl next to the ramekin and place it on the plate view 0 0 100 0 0 initstate 0 noise 29
Success: True
# episodes completed so far: 1426
# successes: 1005 (70.5%)
Current task success rate: 1.0
Current total success rate: 0.7047685834502104

Task: pick up the black bowl next to the ramekin and place it on the plate view 0 0 100 0 0 initstate 0 noise 30
Success: True
# episodes completed so far: 1427
# successes: 1006 (70.5%)
Current task success rate: 1.0
Current total success rate: 0.7049754730203224

Task: pick up the black bowl next to the ramekin and place it on the plate view 0 0 100 0 0 initstate 0 noise 33
Success: True
# episodes completed so far: 1428
# successes: 1007 (70.5%)
Current task success rate: 1.0
Current total success rate: 0.7051820728291317

Task: pick up the black bowl next to the ramekin and place it on the plate view 0 0 100 0 0 initstate 0 noise 36
Success: False
# episodes completed so far: 1429
# successes: 1007 (70.5%)
Current task success rate: 0.0
Current total success rate: 0.7046885934219734

Task: pick up the black bowl next to the ramekin and place it on the plate view 0 0 100 0 0 initstate 0 noise 37
Success: True
# episodes completed so far: 1430
# successes: 1008 (70.5%)
Current task success rate: 1.0
Current total success rate: 0.7048951048951049

Task: pick up the black bowl next to the ramekin and place it on the plate view 0 0 100 0 0 initstate 0 noise 38
Success: True
# episodes completed so far: 1431
# successes: 1009 (70.5%)
Current task success rate: 1.0
Current total success rate: 0.7051013277428372

Task: pick up the black bowl next to the ramekin and place it on the plate view 0 0 100 0 0 initstate 0 noise 40
Success: False
# episodes completed so far: 1432
# successes: 1009 (70.5%)
Current task success rate: 0.0
Current total success rate: 0.7046089385474861

Task: pick up the black bowl next to the ramekin and place it on the plate view 0 0 100 0 0 initstate 0 noise 43
Success: True
# episodes completed so far: 1433
# successes: 1010 (70.5%)
Current task success rate: 1.0
Current total success rate: 0.7048150732728542

Task: pick up the black bowl next to the ramekin and place it on the plate view 0 0 100 0 0 initstate 0 noise 44
Success: True
# episodes completed so far: 1434
# successes: 1011 (70.5%)
Current task success rate: 1.0
Current total success rate: 0.7050209205020921

Task: pick up the black bowl next to the ramekin and place it on the plate view 0 0 100 0 0 initstate 0 noise 45
Success: False
# episodes completed so far: 1435
# successes: 1011 (70.5%)
Current task success rate: 0.0
Current total success rate: 0.7045296167247387

Task: pick up the black bowl next to the ramekin and place it on the plate view 0 0 100 0 0 initstate 0 noise 46
Success: True
# episodes completed so far: 1436
# successes: 1012 (70.5%)
Current task success rate: 1.0
Current total success rate: 0.7047353760445683

Task: pick up the black bowl next to the ramekin and place it on the plate view 0 0 100 0 0 initstate 0 noise 47
Success: True
# episodes completed so far: 1437
# successes: 1013 (70.5%)
Current task success rate: 1.0
Current total success rate: 0.7049408489909533

Task: pick up the black bowl next to the ramekin and place it on the plate view 0 0 100 0 0 initstate 0 noise 48
Success: True
# episodes completed so far: 1438
# successes: 1014 (70.5%)
Current task success rate: 1.0
Current total success rate: 0.7051460361613352

Task: pick up the black bowl next to the ramekin and place it on the plate view 0 0 100 0 0 initstate 0 noise 49
Success: False
# episodes completed so far: 1439
# successes: 1014 (70.5%)
Current task success rate: 0.0
Current total success rate: 0.7046560111188325

Task: pick up the black bowl next to the ramekin and place it on the plate view 0 0 100 0 0 initstate 0 noise 50
Success: True
# episodes completed so far: 1440
# successes: 1015 (70.5%)
Current task success rate: 1.0
Current total success rate: 0.7048611111111112

Task: pick up the black bowl from table center and place it on the plate view 0 0 100 0 0 initstate 0 noise 3
Success: True
# episodes completed so far: 1441
# successes: 1016 (70.5%)
Current task success rate: 1.0
Current total success rate: 0.7050659264399722

Task: pick up the black bowl from table center and place it on the plate view 0 0 100 0 0 initstate 0 noise 4
Success: True
# episodes completed so far: 1442
# successes: 1017 (70.5%)
Current task success rate: 1.0
Current total success rate: 0.7052704576976422

Task: pick up the black bowl from table center and place it on the plate view 0 0 100 0 0 initstate 0 noise 5
Success: True
# episodes completed so far: 1443
# successes: 1018 (70.5%)
Current task success rate: 1.0
Current total success rate: 0.7054747054747055

Task: pick up the black bowl from table center and place it on the plate view 0 0 100 0 0 initstate 0 noise 6
Success: True
# episodes completed so far: 1444
# successes: 1019 (70.6%)
Current task success rate: 1.0
Current total success rate: 0.7056786703601108

Task: pick up the black bowl from table center and place it on the plate view 0 0 100 0 0 initstate 0 noise 7
Success: True
# episodes completed so far: 1445
# successes: 1020 (70.6%)
Current task success rate: 1.0
Current total success rate: 0.7058823529411765

Task: pick up the black bowl from table center and place it on the plate view 0 0 100 0 0 initstate 0 noise 8
Success: True
# episodes completed so far: 1446
# successes: 1021 (70.6%)
Current task success rate: 1.0
Current total success rate: 0.7060857538035962

Task: pick up the black bowl from table center and place it on the plate view 0 0 100 0 0 initstate 0 noise 9
Success: True
# episodes completed so far: 1447
# successes: 1022 (70.6%)
Current task success rate: 1.0
Current total success rate: 0.7062888735314443

Task: pick up the black bowl from table center and place it on the plate view 0 0 100 0 0 initstate 0 noise 10
Success: False
# episodes completed so far: 1448
# successes: 1022 (70.6%)
Current task success rate: 0.0
Current total success rate: 0.7058011049723757

Task: pick up the black bowl from table center and place it on the plate view 0 0 100 0 0 initstate 0 noise 12
Success: True
# episodes completed so far: 1449
# successes: 1023 (70.6%)
Current task success rate: 1.0
Current total success rate: 0.7060041407867494

Task: pick up the black bowl from table center and place it on the plate view 0 0 100 0 0 initstate 0 noise 13
Success: True
# episodes completed so far: 1450
# successes: 1024 (70.6%)
Current task success rate: 1.0
Current total success rate: 0.7062068965517241

Task: pick up the black bowl from table center and place it on the plate view 0 0 100 0 0 initstate 0 noise 14
Success: True
# episodes completed so far: 1451
# successes: 1025 (70.6%)
Current task success rate: 1.0
Current total success rate: 0.7064093728463129

Task: pick up the black bowl from table center and place it on the plate view 0 0 100 0 0 initstate 0 noise 15
Success: True
# episodes completed so far: 1452
# successes: 1026 (70.7%)
Current task success rate: 1.0
Current total success rate: 0.7066115702479339

Task: pick up the black bowl from table center and place it on the plate view 0 0 100 0 0 initstate 0 noise 16
Success: True
# episodes completed so far: 1453
# successes: 1027 (70.7%)
Current task success rate: 1.0
Current total success rate: 0.7068134893324157

Task: pick up the black bowl from table center and place it on the plate view 0 0 100 0 0 initstate 0 noise 17
Success: True
# episodes completed so far: 1454
# successes: 1028 (70.7%)
Current task success rate: 1.0
Current total success rate: 0.7070151306740028

Task: pick up the black bowl from table center and place it on the plate view 0 0 100 0 0 initstate 0 noise 18
Success: True
# episodes completed so far: 1455
# successes: 1029 (70.7%)
Current task success rate: 1.0
Current total success rate: 0.7072164948453609

Task: pick up the black bowl from table center and place it on the plate view 0 0 100 0 0 initstate 0 noise 19
Success: True
# episodes completed so far: 1456
# successes: 1030 (70.7%)
Current task success rate: 1.0
Current total success rate: 0.7074175824175825

Task: pick up the black bowl from table center and place it on the plate view 0 0 100 0 0 initstate 0 noise 20
Success: True
# episodes completed so far: 1457
# successes: 1031 (70.8%)
Current task success rate: 1.0
Current total success rate: 0.7076183939601922

Task: pick up the black bowl from table center and place it on the plate view 0 0 100 0 0 initstate 0 noise 24
Success: True
# episodes completed so far: 1458
# successes: 1032 (70.8%)
Current task success rate: 1.0
Current total success rate: 0.7078189300411523

Task: pick up the black bowl from table center and place it on the plate view 0 0 100 0 0 initstate 0 noise 27
Success: True
# episodes completed so far: 1459
# successes: 1033 (70.8%)
Current task success rate: 1.0
Current total success rate: 0.7080191912268677

Task: pick up the black bowl from table center and place it on the plate view 0 0 100 0 0 initstate 0 noise 28
Success: True
# episodes completed so far: 1460
# successes: 1034 (70.8%)
Current task success rate: 1.0
Current total success rate: 0.7082191780821918

Task: pick up the black bowl from table center and place it on the plate view 0 0 100 0 0 initstate 0 noise 29
Success: True
# episodes completed so far: 1461
# successes: 1035 (70.8%)
Current task success rate: 1.0
Current total success rate: 0.7084188911704312

Task: pick up the black bowl from table center and place it on the plate view 0 0 100 0 0 initstate 0 noise 30
Success: True
# episodes completed so far: 1462
# successes: 1036 (70.9%)
Current task success rate: 1.0
Current total success rate: 0.7086183310533516

Task: pick up the black bowl from table center and place it on the plate view 0 0 100 0 0 initstate 0 noise 36
Success: True
# episodes completed so far: 1463
# successes: 1037 (70.9%)
Current task success rate: 1.0
Current total success rate: 0.7088174982911825

Task: pick up the black bowl from table center and place it on the plate view 0 0 100 0 0 initstate 0 noise 37
Success: True
# episodes completed so far: 1464
# successes: 1038 (70.9%)
Current task success rate: 1.0
Current total success rate: 0.7090163934426229

Task: pick up the black bowl from table center and place it on the plate view 0 0 100 0 0 initstate 0 noise 38
Success: True
# episodes completed so far: 1465
# successes: 1039 (70.9%)
Current task success rate: 1.0
Current total success rate: 0.7092150170648465

Task: pick up the black bowl from table center and place it on the plate view 0 0 100 0 0 initstate 0 noise 39
Success: True
# episodes completed so far: 1466
# successes: 1040 (70.9%)
Current task success rate: 1.0
Current total success rate: 0.7094133697135061

Task: pick up the black bowl from table center and place it on the plate view 0 0 100 0 0 initstate 0 noise 40
Success: True
# episodes completed so far: 1467
# successes: 1041 (71.0%)
Current task success rate: 1.0
Current total success rate: 0.7096114519427403

Task: pick up the black bowl from table center and place it on the plate view 0 0 100 0 0 initstate 0 noise 43
Success: True
# episodes completed so far: 1468
# successes: 1042 (71.0%)
Current task success rate: 1.0
Current total success rate: 0.7098092643051771

Task: pick up the black bowl from table center and place it on the plate view 0 0 100 0 0 initstate 0 noise 44
Success: True
# episodes completed so far: 1469
# successes: 1043 (71.0%)
Current task success rate: 1.0
Current total success rate: 0.7100068073519401

Task: pick up the black bowl from table center and place it on the plate view 0 0 100 0 0 initstate 0 noise 45
Success: True
# episodes completed so far: 1470
# successes: 1044 (71.0%)
Current task success rate: 1.0
Current total success rate: 0.710204081632653

Task: pick up the black bowl from table center and place it on the plate view 0 0 100 0 0 initstate 0 noise 46
Success: True
# episodes completed so far: 1471
# successes: 1045 (71.0%)
Current task success rate: 1.0
Current total success rate: 0.7104010876954453

Task: pick up the black bowl from table center and place it on the plate view 0 0 100 0 0 initstate 0 noise 47
Success: True
# episodes completed so far: 1472
# successes: 1046 (71.1%)
Current task success rate: 1.0
Current total success rate: 0.7105978260869565

Task: pick up the black bowl from table center and place it on the plate view 0 0 100 0 0 initstate 0 noise 48
Success: True
# episodes completed so far: 1473
# successes: 1047 (71.1%)
Current task success rate: 1.0
Current total success rate: 0.7107942973523421

Task: pick up the black bowl from table center and place it on the plate view 0 0 100 0 0 initstate 0 noise 49
Success: True
# episodes completed so far: 1474
# successes: 1048 (71.1%)
Current task success rate: 1.0
Current total success rate: 0.7109905020352781

Task: pick up the black bowl from table center and place it on the plate view 0 0 100 0 0 initstate 0 noise 50
Success: True
# episodes completed so far: 1475
# successes: 1049 (71.1%)
Current task success rate: 1.0
Current total success rate: 0.7111864406779661

Task: pick up the black bowl on the cookie box and place it on the plate view 0 0 100 0 0 initstate 0 noise 5
Success: True
# episodes completed so far: 1476
# successes: 1050 (71.1%)
Current task success rate: 1.0
Current total success rate: 0.7113821138211383

Task: pick up the black bowl on the cookie box and place it on the plate view 0 0 100 0 0 initstate 0 noise 6
Success: True
# episodes completed so far: 1477
# successes: 1051 (71.2%)
Current task success rate: 1.0
Current total success rate: 0.7115775220040623

Task: pick up the black bowl on the cookie box and place it on the plate view 0 0 100 0 0 initstate 0 noise 7
Success: True
# episodes completed so far: 1478
# successes: 1052 (71.2%)
Current task success rate: 1.0
Current total success rate: 0.7117726657645467

Task: pick up the black bowl on the cookie box and place it on the plate view 0 0 100 0 0 initstate 0 noise 8
Success: True
# episodes completed so far: 1479
# successes: 1053 (71.2%)
Current task success rate: 1.0
Current total success rate: 0.7119675456389453

Task: pick up the black bowl on the cookie box and place it on the plate view 0 0 100 0 0 initstate 0 noise 9
Success: True
# episodes completed so far: 1480
# successes: 1054 (71.2%)
Current task success rate: 1.0
Current total success rate: 0.7121621621621622

Task: pick up the black bowl on the cookie box and place it on the plate view 0 0 100 0 0 initstate 0 noise 10
Success: True
# episodes completed so far: 1481
# successes: 1055 (71.2%)
Current task success rate: 1.0
Current total success rate: 0.712356515867657

Task: pick up the black bowl on the cookie box and place it on the plate view 0 0 100 0 0 initstate 0 noise 13
Success: True
# episodes completed so far: 1482
# successes: 1056 (71.3%)
Current task success rate: 1.0
Current total success rate: 0.7125506072874493

Task: pick up the black bowl on the cookie box and place it on the plate view 0 0 100 0 0 initstate 0 noise 14
Success: True
# episodes completed so far: 1483
# successes: 1057 (71.3%)
Current task success rate: 1.0
Current total success rate: 0.7127444369521241

Task: pick up the black bowl on the cookie box and place it on the plate view 0 0 100 0 0 initstate 0 noise 15
Success: True
# episodes completed so far: 1484
# successes: 1058 (71.3%)
Current task success rate: 1.0
Current total success rate: 0.7129380053908356

Task: pick up the black bowl on the cookie box and place it on the plate view 0 0 100 0 0 initstate 0 noise 16
Success: True
# episodes completed so far: 1485
# successes: 1059 (71.3%)
Current task success rate: 1.0
Current total success rate: 0.7131313131313132

Task: pick up the black bowl on the cookie box and place it on the plate view 0 0 100 0 0 initstate 0 noise 17
Success: True
# episodes completed so far: 1486
# successes: 1060 (71.3%)
Current task success rate: 1.0
Current total success rate: 0.7133243606998654

Task: pick up the black bowl on the cookie box and place it on the plate view 0 0 100 0 0 initstate 0 noise 18
Success: True
# episodes completed so far: 1487
# successes: 1061 (71.4%)
Current task success rate: 1.0
Current total success rate: 0.7135171486213854

Task: pick up the black bowl on the cookie box and place it on the plate view 0 0 100 0 0 initstate 0 noise 19
Success: True
# episodes completed so far: 1488
# successes: 1062 (71.4%)
Current task success rate: 1.0
Current total success rate: 0.7137096774193549

Task: pick up the black bowl on the cookie box and place it on the plate view 0 0 100 0 0 initstate 0 noise 20
Success: True
# episodes completed so far: 1489
# successes: 1063 (71.4%)
Current task success rate: 1.0
Current total success rate: 0.7139019476158496

Task: pick up the black bowl on the cookie box and place it on the plate view 0 0 100 0 0 initstate 0 noise 27
Success: True
# episodes completed so far: 1490
# successes: 1064 (71.4%)
Current task success rate: 1.0
Current total success rate: 0.7140939597315437

Task: pick up the black bowl on the cookie box and place it on the plate view 0 0 100 0 0 initstate 0 noise 28
Success: True
# episodes completed so far: 1491
# successes: 1065 (71.4%)
Current task success rate: 1.0
Current total success rate: 0.7142857142857143

Task: pick up the black bowl on the cookie box and place it on the plate view 0 0 100 0 0 initstate 0 noise 29
Success: True
# episodes completed so far: 1492
# successes: 1066 (71.4%)
Current task success rate: 1.0
Current total success rate: 0.7144772117962467

Task: pick up the black bowl on the cookie box and place it on the plate view 0 0 100 0 0 initstate 0 noise 30
Success: True
# episodes completed so far: 1493
# successes: 1067 (71.5%)
Current task success rate: 1.0
Current total success rate: 0.7146684527796383

Task: pick up the black bowl on the cookie box and place it on the plate view 0 0 100 0 0 initstate 0 noise 35
Success: True
# episodes completed so far: 1494
# successes: 1068 (71.5%)
Current task success rate: 1.0
Current total success rate: 0.714859437751004

Task: pick up the black bowl on the cookie box and place it on the plate view 0 0 100 0 0 initstate 0 noise 37
Success: True
# episodes completed so far: 1495
# successes: 1069 (71.5%)
Current task success rate: 1.0
Current total success rate: 0.7150501672240802

Task: pick up the black bowl on the cookie box and place it on the plate view 0 0 100 0 0 initstate 0 noise 38
Success: True
# episodes completed so far: 1496
# successes: 1070 (71.5%)
Current task success rate: 1.0
Current total success rate: 0.7152406417112299

Task: pick up the black bowl on the cookie box and place it on the plate view 0 0 100 0 0 initstate 0 noise 39
Success: True
# episodes completed so far: 1497
# successes: 1071 (71.5%)
Current task success rate: 1.0
Current total success rate: 0.7154308617234469

Task: pick up the black bowl on the cookie box and place it on the plate view 0 0 100 0 0 initstate 0 noise 40
Success: True
# episodes completed so far: 1498
# successes: 1072 (71.6%)
Current task success rate: 1.0
Current total success rate: 0.7156208277703605

Task: pick up the black bowl on the cookie box and place it on the plate view 0 0 100 0 0 initstate 0 noise 43
Success: True
# episodes completed so far: 1499
# successes: 1073 (71.6%)
Current task success rate: 1.0
Current total success rate: 0.7158105403602402

Task: pick up the black bowl on the cookie box and place it on the plate view 0 0 100 0 0 initstate 0 noise 44
Success: True
# episodes completed so far: 1500
# successes: 1074 (71.6%)
Current task success rate: 1.0
Current total success rate: 0.716

Task: pick up the black bowl on the cookie box and place it on the plate view 0 0 100 0 0 initstate 0 noise 45
Success: True
# episodes completed so far: 1501
# successes: 1075 (71.6%)
Current task success rate: 1.0
Current total success rate: 0.7161892071952032

Task: pick up the black bowl on the cookie box and place it on the plate view 0 0 100 0 0 initstate 0 noise 46
Success: True
# episodes completed so far: 1502
# successes: 1076 (71.6%)
Current task success rate: 1.0
Current total success rate: 0.7163781624500666

Task: pick up the black bowl on the cookie box and place it on the plate view 0 0 100 0 0 initstate 0 noise 47
Success: True
# episodes completed so far: 1503
# successes: 1077 (71.7%)
Current task success rate: 1.0
Current total success rate: 0.716566866267465

Task: pick up the black bowl on the cookie box and place it on the plate view 0 0 100 0 0 initstate 0 noise 48
Success: True
# episodes completed so far: 1504
# successes: 1078 (71.7%)
Current task success rate: 1.0
Current total success rate: 0.7167553191489362

Task: pick up the black bowl on the cookie box and place it on the plate view 0 0 100 0 0 initstate 0 noise 49
Success: True
# episodes completed so far: 1505
# successes: 1079 (71.7%)
Current task success rate: 1.0
Current total success rate: 0.7169435215946844

Task: pick up the black bowl on the cookie box and place it on the plate view 0 0 100 0 0 initstate 0 noise 50
Success: True
# episodes completed so far: 1506
# successes: 1080 (71.7%)
Current task success rate: 1.0
Current total success rate: 0.7171314741035857

Task: pick up the black bowl in the top drawer of the wooden cabinet and place it on the plate view 0 0 100 0 0 initstate 0 noise 4
Success: False
# episodes completed so far: 1507
# successes: 1080 (71.7%)
Current task success rate: 0.0
Current total success rate: 0.7166556071665561

Task: pick up the black bowl in the top drawer of the wooden cabinet and place it on the plate view 0 0 100 0 0 initstate 0 noise 5
Success: True
# episodes completed so far: 1508
# successes: 1081 (71.7%)
Current task success rate: 1.0
Current total success rate: 0.71684350132626

Task: pick up the black bowl in the top drawer of the wooden cabinet and place it on the plate view 0 0 100 0 0 initstate 0 noise 6
Success: False
# episodes completed so far: 1509
# successes: 1081 (71.6%)
Current task success rate: 0.0
Current total success rate: 0.7163684559310802

Task: pick up the black bowl in the top drawer of the wooden cabinet and place it on the plate view 0 0 100 0 0 initstate 0 noise 7
Success: True
# episodes completed so far: 1510
# successes: 1082 (71.7%)
Current task success rate: 1.0
Current total success rate: 0.7165562913907285

Task: pick up the black bowl in the top drawer of the wooden cabinet and place it on the plate view 0 0 100 0 0 initstate 0 noise 8
Success: True
# episodes completed so far: 1511
# successes: 1083 (71.7%)
Current task success rate: 1.0
Current total success rate: 0.7167438782263402

Task: pick up the black bowl in the top drawer of the wooden cabinet and place it on the plate view 0 0 100 0 0 initstate 0 noise 9
Success: False
# episodes completed so far: 1512
# successes: 1083 (71.6%)
Current task success rate: 0.0
Current total success rate: 0.7162698412698413

Task: pick up the black bowl in the top drawer of the wooden cabinet and place it on the plate view 0 0 100 0 0 initstate 0 noise 10
Success: False
# episodes completed so far: 1513
# successes: 1083 (71.6%)
Current task success rate: 0.0
Current total success rate: 0.7157964309319234

Task: pick up the black bowl in the top drawer of the wooden cabinet and place it on the plate view 0 0 100 0 0 initstate 0 noise 11
Success: True
# episodes completed so far: 1514
# successes: 1084 (71.6%)
Current task success rate: 1.0
Current total success rate: 0.7159841479524438

Task: pick up the black bowl in the top drawer of the wooden cabinet and place it on the plate view 0 0 100 0 0 initstate 0 noise 12
Success: False
# episodes completed so far: 1515
# successes: 1084 (71.6%)
Current task success rate: 0.0
Current total success rate: 0.7155115511551156

Task: pick up the black bowl in the top drawer of the wooden cabinet and place it on the plate view 0 0 100 0 0 initstate 0 noise 13
Success: False
# episodes completed so far: 1516
# successes: 1084 (71.5%)
Current task success rate: 0.0
Current total success rate: 0.7150395778364116

Task: pick up the black bowl in the top drawer of the wooden cabinet and place it on the plate view 0 0 100 0 0 initstate 0 noise 14
Success: True
# episodes completed so far: 1517
# successes: 1085 (71.5%)
Current task success rate: 1.0
Current total success rate: 0.7152274225444957

Task: pick up the black bowl in the top drawer of the wooden cabinet and place it on the plate view 0 0 100 0 0 initstate 0 noise 15
Success: False
# episodes completed so far: 1518
# successes: 1085 (71.5%)
Current task success rate: 0.0
Current total success rate: 0.7147562582345192

Task: pick up the black bowl in the top drawer of the wooden cabinet and place it on the plate view 0 0 100 0 0 initstate 0 noise 16
Success: False
# episodes completed so far: 1519
# successes: 1085 (71.4%)
Current task success rate: 0.0
Current total success rate: 0.7142857142857143

Task: pick up the black bowl in the top drawer of the wooden cabinet and place it on the plate view 0 0 100 0 0 initstate 0 noise 17
Success: False
# episodes completed so far: 1520
# successes: 1085 (71.4%)
Current task success rate: 0.0
Current total success rate: 0.7138157894736842

Task: pick up the black bowl in the top drawer of the wooden cabinet and place it on the plate view 0 0 100 0 0 initstate 0 noise 18
Success: False
# episodes completed so far: 1521
# successes: 1085 (71.3%)
Current task success rate: 0.0
Current total success rate: 0.7133464825772519

Task: pick up the black bowl in the top drawer of the wooden cabinet and place it on the plate view 0 0 100 0 0 initstate 0 noise 19
Success: False
# episodes completed so far: 1522
# successes: 1085 (71.3%)
Current task success rate: 0.0
Current total success rate: 0.7128777923784494

Task: pick up the black bowl in the top drawer of the wooden cabinet and place it on the plate view 0 0 100 0 0 initstate 0 noise 20
Success: False
# episodes completed so far: 1523
# successes: 1085 (71.2%)
Current task success rate: 0.0
Current total success rate: 0.7124097176625082

Task: pick up the black bowl in the top drawer of the wooden cabinet and place it on the plate view 0 0 100 0 0 initstate 0 noise 22
Success: True
# episodes completed so far: 1524
# successes: 1086 (71.3%)
Current task success rate: 1.0
Current total success rate: 0.7125984251968503

Task: pick up the black bowl in the top drawer of the wooden cabinet and place it on the plate view 0 0 100 0 0 initstate 0 noise 23
Success: False
# episodes completed so far: 1525
# successes: 1086 (71.2%)
Current task success rate: 0.0
Current total success rate: 0.7121311475409836

Task: pick up the black bowl in the top drawer of the wooden cabinet and place it on the plate view 0 0 100 0 0 initstate 0 noise 24
Success: False
# episodes completed so far: 1526
# successes: 1086 (71.2%)
Current task success rate: 0.0
Current total success rate: 0.7116644823066841

Task: pick up the black bowl in the top drawer of the wooden cabinet and place it on the plate view 0 0 100 0 0 initstate 0 noise 25
Success: False
# episodes completed so far: 1527
# successes: 1086 (71.1%)
Current task success rate: 0.0
Current total success rate: 0.7111984282907662

Task: pick up the black bowl in the top drawer of the wooden cabinet and place it on the plate view 0 0 100 0 0 initstate 0 noise 26
Success: False
# episodes completed so far: 1528
# successes: 1086 (71.1%)
Current task success rate: 0.0
Current total success rate: 0.7107329842931938

Task: pick up the black bowl in the top drawer of the wooden cabinet and place it on the plate view 0 0 100 0 0 initstate 0 noise 27
Success: False
# episodes completed so far: 1529
# successes: 1086 (71.0%)
Current task success rate: 0.0
Current total success rate: 0.71026814911707

Task: pick up the black bowl in the top drawer of the wooden cabinet and place it on the plate view 0 0 100 0 0 initstate 0 noise 28
Success: False
# episodes completed so far: 1530
# successes: 1086 (71.0%)
Current task success rate: 0.0
Current total success rate: 0.7098039215686275

Task: pick up the black bowl in the top drawer of the wooden cabinet and place it on the plate view 0 0 100 0 0 initstate 0 noise 29
Success: False
# episodes completed so far: 1531
# successes: 1086 (70.9%)
Current task success rate: 0.0
Current total success rate: 0.7093403004572175

Task: pick up the black bowl in the top drawer of the wooden cabinet and place it on the plate view 0 0 100 0 0 initstate 0 noise 30
Success: False
# episodes completed so far: 1532
# successes: 1086 (70.9%)
Current task success rate: 0.0
Current total success rate: 0.7088772845953003

Task: pick up the black bowl in the top drawer of the wooden cabinet and place it on the plate view 0 0 100 0 0 initstate 0 noise 36
Success: True
# episodes completed so far: 1533
# successes: 1087 (70.9%)
Current task success rate: 1.0
Current total success rate: 0.7090671885192433

Task: pick up the black bowl in the top drawer of the wooden cabinet and place it on the plate view 0 0 100 0 0 initstate 0 noise 37
Success: True
# episodes completed so far: 1534
# successes: 1088 (70.9%)
Current task success rate: 1.0
Current total success rate: 0.7092568448500652

Task: pick up the black bowl in the top drawer of the wooden cabinet and place it on the plate view 0 0 100 0 0 initstate 0 noise 38
Success: True
# episodes completed so far: 1535
# successes: 1089 (70.9%)
Current task success rate: 1.0
Current total success rate: 0.7094462540716613

Task: pick up the black bowl in the top drawer of the wooden cabinet and place it on the plate view 0 0 100 0 0 initstate 0 noise 39
Success: False
# episodes completed so far: 1536
# successes: 1089 (70.9%)
Current task success rate: 0.0
Current total success rate: 0.708984375

Task: pick up the black bowl in the top drawer of the wooden cabinet and place it on the plate view 0 0 100 0 0 initstate 0 noise 40
Success: False
# episodes completed so far: 1537
# successes: 1089 (70.9%)
Current task success rate: 0.0
Current total success rate: 0.708523096942095

Task: pick up the black bowl in the top drawer of the wooden cabinet and place it on the plate view 0 0 100 0 0 initstate 0 noise 41
Success: True
# episodes completed so far: 1538
# successes: 1090 (70.9%)
Current task success rate: 1.0
Current total success rate: 0.7087126137841352

Task: pick up the black bowl in the top drawer of the wooden cabinet and place it on the plate view 0 0 100 0 0 initstate 0 noise 43
Success: False
# episodes completed so far: 1539
# successes: 1090 (70.8%)
Current task success rate: 0.0
Current total success rate: 0.7082521117608837

Task: pick up the black bowl in the top drawer of the wooden cabinet and place it on the plate view 0 0 100 0 0 initstate 0 noise 44
Success: False
# episodes completed so far: 1540
# successes: 1090 (70.8%)
Current task success rate: 0.0
Current total success rate: 0.7077922077922078

Task: pick up the black bowl in the top drawer of the wooden cabinet and place it on the plate view 0 0 100 0 0 initstate 0 noise 45
Success: False
# episodes completed so far: 1541
# successes: 1090 (70.7%)
Current task success rate: 0.0
Current total success rate: 0.7073329007138222

Task: pick up the black bowl in the top drawer of the wooden cabinet and place it on the plate view 0 0 100 0 0 initstate 0 noise 46
Success: False
# episodes completed so far: 1542
# successes: 1090 (70.7%)
Current task success rate: 0.0
Current total success rate: 0.7068741893644618

Task: pick up the black bowl in the top drawer of the wooden cabinet and place it on the plate view 0 0 100 0 0 initstate 0 noise 47
Success: False
# episodes completed so far: 1543
# successes: 1090 (70.6%)
Current task success rate: 0.0
Current total success rate: 0.7064160725858717

Task: pick up the black bowl in the top drawer of the wooden cabinet and place it on the plate view 0 0 100 0 0 initstate 0 noise 48
Success: False
# episodes completed so far: 1544
# successes: 1090 (70.6%)
Current task success rate: 0.0
Current total success rate: 0.7059585492227979

Task: pick up the black bowl in the top drawer of the wooden cabinet and place it on the plate view 0 0 100 0 0 initstate 0 noise 49
Success: False
# episodes completed so far: 1545
# successes: 1090 (70.6%)
Current task success rate: 0.0
Current total success rate: 0.7055016181229773

Task: pick up the black bowl in the top drawer of the wooden cabinet and place it on the plate view 0 0 100 0 0 initstate 0 noise 50
Success: False
# episodes completed so far: 1546
# successes: 1090 (70.5%)
Current task success rate: 0.0
Current total success rate: 0.705045278137128

Task: pick up the black bowl on the ramekin and place it on the plate view 0 0 100 0 0 initstate 0 noise 2
Success: True
# episodes completed so far: 1547
# successes: 1091 (70.5%)
Current task success rate: 1.0
Current total success rate: 0.7052359405300582

Task: pick up the black bowl on the ramekin and place it on the plate view 0 0 100 0 0 initstate 0 noise 3
Success: True
# episodes completed so far: 1548
# successes: 1092 (70.5%)
Current task success rate: 1.0
Current total success rate: 0.7054263565891473

Task: pick up the black bowl on the ramekin and place it on the plate view 0 0 100 0 0 initstate 0 noise 4
Success: True
# episodes completed so far: 1549
# successes: 1093 (70.6%)
Current task success rate: 1.0
Current total success rate: 0.7056165267914783

Task: pick up the black bowl on the ramekin and place it on the plate view 0 0 100 0 0 initstate 0 noise 5
Success: False
# episodes completed so far: 1550
# successes: 1093 (70.5%)
Current task success rate: 0.0
Current total success rate: 0.7051612903225807

Task: pick up the black bowl on the ramekin and place it on the plate view 0 0 100 0 0 initstate 0 noise 6
Success: True
# episodes completed so far: 1551
# successes: 1094 (70.5%)
Current task success rate: 1.0
Current total success rate: 0.7053513862024501

Task: pick up the black bowl on the ramekin and place it on the plate view 0 0 100 0 0 initstate 0 noise 7
Success: True
# episodes completed so far: 1552
# successes: 1095 (70.6%)
Current task success rate: 1.0
Current total success rate: 0.7055412371134021

Task: pick up the black bowl on the ramekin and place it on the plate view 0 0 100 0 0 initstate 0 noise 8
Success: True
# episodes completed so far: 1553
# successes: 1096 (70.6%)
Current task success rate: 1.0
Current total success rate: 0.7057308435286542

Task: pick up the black bowl on the ramekin and place it on the plate view 0 0 100 0 0 initstate 0 noise 10
Success: True
# episodes completed so far: 1554
# successes: 1097 (70.6%)
Current task success rate: 1.0
Current total success rate: 0.7059202059202059

Task: pick up the black bowl on the ramekin and place it on the plate view 0 0 100 0 0 initstate 0 noise 12
Success: True
# episodes completed so far: 1555
# successes: 1098 (70.6%)
Current task success rate: 1.0
Current total success rate: 0.7061093247588425

Task: pick up the black bowl on the ramekin and place it on the plate view 0 0 100 0 0 initstate 0 noise 13
Success: True
# episodes completed so far: 1556
# successes: 1099 (70.6%)
Current task success rate: 1.0
Current total success rate: 0.7062982005141388

Task: pick up the black bowl on the ramekin and place it on the plate view 0 0 100 0 0 initstate 0 noise 14
Success: True
# episodes completed so far: 1557
# successes: 1100 (70.6%)
Current task success rate: 1.0
Current total success rate: 0.7064868336544637

Task: pick up the black bowl on the ramekin and place it on the plate view 0 0 100 0 0 initstate 0 noise 15
Success: True
# episodes completed so far: 1558
# successes: 1101 (70.7%)
Current task success rate: 1.0
Current total success rate: 0.7066752246469833

Task: pick up the black bowl on the ramekin and place it on the plate view 0 0 100 0 0 initstate 0 noise 16
Success: True
# episodes completed so far: 1559
# successes: 1102 (70.7%)
Current task success rate: 1.0
Current total success rate: 0.7068633739576652

Task: pick up the black bowl on the ramekin and place it on the plate view 0 0 100 0 0 initstate 0 noise 17
Success: False
# episodes completed so far: 1560
# successes: 1102 (70.6%)
Current task success rate: 0.0
Current total success rate: 0.7064102564102565

Task: pick up the black bowl on the ramekin and place it on the plate view 0 0 100 0 0 initstate 0 noise 18
Success: False
# episodes completed so far: 1561
# successes: 1102 (70.6%)
Current task success rate: 0.0
Current total success rate: 0.7059577194106342

Task: pick up the black bowl on the ramekin and place it on the plate view 0 0 100 0 0 initstate 0 noise 19
Success: False
# episodes completed so far: 1562
# successes: 1102 (70.6%)
Current task success rate: 0.0
Current total success rate: 0.70550576184379

Task: pick up the black bowl on the ramekin and place it on the plate view 0 0 100 0 0 initstate 0 noise 20
Success: False
# episodes completed so far: 1563
# successes: 1102 (70.5%)
Current task success rate: 0.0
Current total success rate: 0.7050543825975688

Task: pick up the black bowl on the ramekin and place it on the plate view 0 0 100 0 0 initstate 0 noise 26
Success: False
# episodes completed so far: 1564
# successes: 1102 (70.5%)
Current task success rate: 0.0
Current total success rate: 0.7046035805626598

Task: pick up the black bowl on the ramekin and place it on the plate view 0 0 100 0 0 initstate 0 noise 27
Success: False
# episodes completed so far: 1565
# successes: 1102 (70.4%)
Current task success rate: 0.0
Current total success rate: 0.7041533546325879

Task: pick up the black bowl on the ramekin and place it on the plate view 0 0 100 0 0 initstate 0 noise 28
Success: False
# episodes completed so far: 1566
# successes: 1102 (70.4%)
Current task success rate: 0.0
Current total success rate: 0.7037037037037037

Task: pick up the black bowl on the ramekin and place it on the plate view 0 0 100 0 0 initstate 0 noise 29
Success: False
# episodes completed so far: 1567
# successes: 1102 (70.3%)
Current task success rate: 0.0
Current total success rate: 0.7032546266751755

Task: pick up the black bowl on the ramekin and place it on the plate view 0 0 100 0 0 initstate 0 noise 30
Success: False
# episodes completed so far: 1568
# successes: 1102 (70.3%)
Current task success rate: 0.0
Current total success rate: 0.7028061224489796

Task: pick up the black bowl on the ramekin and place it on the plate view 0 0 100 0 0 initstate 0 noise 35
Success: True
# episodes completed so far: 1569
# successes: 1103 (70.3%)
Current task success rate: 1.0
Current total success rate: 0.7029955385595921

Task: pick up the black bowl on the ramekin and place it on the plate view 0 0 100 0 0 initstate 0 noise 37
Success: True
# episodes completed so far: 1570
# successes: 1104 (70.3%)
Current task success rate: 1.0
Current total success rate: 0.7031847133757961

Task: pick up the black bowl on the ramekin and place it on the plate view 0 0 100 0 0 initstate 0 noise 38
Success: True
# episodes completed so far: 1571
# successes: 1105 (70.3%)
Current task success rate: 1.0
Current total success rate: 0.7033736473583705

Task: pick up the black bowl on the ramekin and place it on the plate view 0 0 100 0 0 initstate 0 noise 39
Success: True
# episodes completed so far: 1572
# successes: 1106 (70.4%)
Current task success rate: 1.0
Current total success rate: 0.7035623409669212

Task: pick up the black bowl on the ramekin and place it on the plate view 0 0 100 0 0 initstate 0 noise 40
Success: True
# episodes completed so far: 1573
# successes: 1107 (70.4%)
Current task success rate: 1.0
Current total success rate: 0.7037507946598855

Task: pick up the black bowl on the ramekin and place it on the plate view 0 0 100 0 0 initstate 0 noise 41
Success: True
# episodes completed so far: 1574
# successes: 1108 (70.4%)
Current task success rate: 1.0
Current total success rate: 0.7039390088945362

Task: pick up the black bowl on the ramekin and place it on the plate view 0 0 100 0 0 initstate 0 noise 42
Success: True
# episodes completed so far: 1575
# successes: 1109 (70.4%)
Current task success rate: 1.0
Current total success rate: 0.7041269841269842

Task: pick up the black bowl on the ramekin and place it on the plate view 0 0 100 0 0 initstate 0 noise 43
Success: True
# episodes completed so far: 1576
# successes: 1110 (70.4%)
Current task success rate: 1.0
Current total success rate: 0.7043147208121827

Task: pick up the black bowl on the ramekin and place it on the plate view 0 0 100 0 0 initstate 0 noise 44
Success: True
# episodes completed so far: 1577
# successes: 1111 (70.5%)
Current task success rate: 1.0
Current total success rate: 0.7045022194039315

Task: pick up the black bowl on the ramekin and place it on the plate view 0 0 100 0 0 initstate 0 noise 45
Success: True
# episodes completed so far: 1578
# successes: 1112 (70.5%)
Current task success rate: 1.0
Current total success rate: 0.7046894803548795

Task: pick up the black bowl on the ramekin and place it on the plate view 0 0 100 0 0 initstate 0 noise 46
Success: True
# episodes completed so far: 1579
# successes: 1113 (70.5%)
Current task success rate: 1.0
Current total success rate: 0.7048765041165295

Task: pick up the black bowl on the ramekin and place it on the plate view 0 0 100 0 0 initstate 0 noise 47
Success: True
# episodes completed so far: 1580
# successes: 1114 (70.5%)
Current task success rate: 1.0
Current total success rate: 0.7050632911392405

Task: pick up the black bowl on the ramekin and place it on the plate view 0 0 100 0 0 initstate 0 noise 48
Success: False
# episodes completed so far: 1581
# successes: 1114 (70.5%)
Current task success rate: 0.0
Current total success rate: 0.704617330803289

Task: pick up the black bowl on the ramekin and place it on the plate view 0 0 100 0 0 initstate 0 noise 49
Success: True
# episodes completed so far: 1582
# successes: 1115 (70.5%)
Current task success rate: 1.0
Current total success rate: 0.7048040455120101

Task: pick up the black bowl on the ramekin and place it on the plate view 0 0 100 0 0 initstate 0 noise 50
Success: True
# episodes completed so far: 1583
# successes: 1116 (70.5%)
Current task success rate: 1.0
Current total success rate: 0.7049905243209097

Task: pick up the black bowl next to the cookie box and place it on the plate view 0 0 100 0 0 initstate 0 noise 1
Success: True
# episodes completed so far: 1584
# successes: 1117 (70.5%)
Current task success rate: 1.0
Current total success rate: 0.7051767676767676

Task: pick up the black bowl next to the cookie box and place it on the plate view 0 0 100 0 0 initstate 0 noise 3
Success: True
# episodes completed so far: 1585
# successes: 1118 (70.5%)
Current task success rate: 1.0
Current total success rate: 0.7053627760252366

Task: pick up the black bowl next to the cookie box and place it on the plate view 0 0 100 0 0 initstate 0 noise 4
Success: True
# episodes completed so far: 1586
# successes: 1119 (70.6%)
Current task success rate: 1.0
Current total success rate: 0.7055485498108449

Task: pick up the black bowl next to the cookie box and place it on the plate view 0 0 100 0 0 initstate 0 noise 5
Success: True
# episodes completed so far: 1587
# successes: 1120 (70.6%)
Current task success rate: 1.0
Current total success rate: 0.7057340894770007

Task: pick up the black bowl next to the cookie box and place it on the plate view 0 0 100 0 0 initstate 0 noise 6
Success: True
# episodes completed so far: 1588
# successes: 1121 (70.6%)
Current task success rate: 1.0
Current total success rate: 0.7059193954659949

Task: pick up the black bowl next to the cookie box and place it on the plate view 0 0 100 0 0 initstate 0 noise 7
Success: True
# episodes completed so far: 1589
# successes: 1122 (70.6%)
Current task success rate: 1.0
Current total success rate: 0.7061044682190056

Task: pick up the black bowl next to the cookie box and place it on the plate view 0 0 100 0 0 initstate 0 noise 8
Success: True
# episodes completed so far: 1590
# successes: 1123 (70.6%)
Current task success rate: 1.0
Current total success rate: 0.7062893081761006

Task: pick up the black bowl next to the cookie box and place it on the plate view 0 0 100 0 0 initstate 0 noise 9
Success: True
# episodes completed so far: 1591
# successes: 1124 (70.6%)
Current task success rate: 1.0
Current total success rate: 0.7064739157762414

Task: pick up the black bowl next to the cookie box and place it on the plate view 0 0 100 0 0 initstate 0 noise 10
Success: False
# episodes completed so far: 1592
# successes: 1124 (70.6%)
Current task success rate: 0.0
Current total success rate: 0.7060301507537688

Task: pick up the black bowl next to the cookie box and place it on the plate view 0 0 100 0 0 initstate 0 noise 14
Success: True
# episodes completed so far: 1593
# successes: 1125 (70.6%)
Current task success rate: 1.0
Current total success rate: 0.7062146892655368

Task: pick up the black bowl next to the cookie box and place it on the plate view 0 0 100 0 0 initstate 0 noise 15
Success: True
# episodes completed so far: 1594
# successes: 1126 (70.6%)
Current task success rate: 1.0
Current total success rate: 0.7063989962358845

Task: pick up the black bowl next to the cookie box and place it on the plate view 0 0 100 0 0 initstate 0 noise 16
Success: True
# episodes completed so far: 1595
# successes: 1127 (70.7%)
Current task success rate: 1.0
Current total success rate: 0.7065830721003135

Task: pick up the black bowl next to the cookie box and place it on the plate view 0 0 100 0 0 initstate 0 noise 17
Success: True
# episodes completed so far: 1596
# successes: 1128 (70.7%)
Current task success rate: 1.0
Current total success rate: 0.706766917293233

Task: pick up the black bowl next to the cookie box and place it on the plate view 0 0 100 0 0 initstate 0 noise 19
Success: True
# episodes completed so far: 1597
# successes: 1129 (70.7%)
Current task success rate: 1.0
Current total success rate: 0.7069505322479649

Task: pick up the black bowl next to the cookie box and place it on the plate view 0 0 100 0 0 initstate 0 noise 20
Success: False
# episodes completed so far: 1598
# successes: 1129 (70.7%)
Current task success rate: 0.0
Current total success rate: 0.7065081351689612

Task: pick up the black bowl next to the cookie box and place it on the plate view 0 0 100 0 0 initstate 0 noise 27
Success: False
# episodes completed so far: 1599
# successes: 1129 (70.6%)
Current task success rate: 0.0
Current total success rate: 0.706066291432145

Task: pick up the black bowl next to the cookie box and place it on the plate view 0 0 100 0 0 initstate 0 noise 28
Success: True
# episodes completed so far: 1600
# successes: 1130 (70.6%)
Current task success rate: 1.0
Current total success rate: 0.70625

Task: pick up the black bowl next to the cookie box and place it on the plate view 0 0 100 0 0 initstate 0 noise 29
Success: True
# episodes completed so far: 1601
# successes: 1131 (70.6%)
Current task success rate: 1.0
Current total success rate: 0.7064334790755777

Task: pick up the black bowl next to the cookie box and place it on the plate view 0 0 100 0 0 initstate 0 noise 30
Success: True
# episodes completed so far: 1602
# successes: 1132 (70.7%)
Current task success rate: 1.0
Current total success rate: 0.7066167290886392

Task: pick up the black bowl next to the cookie box and place it on the plate view 0 0 100 0 0 initstate 0 noise 35
Success: True
# episodes completed so far: 1603
# successes: 1133 (70.7%)
Current task success rate: 1.0
Current total success rate: 0.7067997504678727

Task: pick up the black bowl next to the cookie box and place it on the plate view 0 0 100 0 0 initstate 0 noise 36
Success: True
# episodes completed so far: 1604
# successes: 1134 (70.7%)
Current task success rate: 1.0
Current total success rate: 0.7069825436408977

Task: pick up the black bowl next to the cookie box and place it on the plate view 0 0 100 0 0 initstate 0 noise 37
Success: True
# episodes completed so far: 1605
# successes: 1135 (70.7%)
Current task success rate: 1.0
Current total success rate: 0.7071651090342679

Task: pick up the black bowl next to the cookie box and place it on the plate view 0 0 100 0 0 initstate 0 noise 38
Success: True
# episodes completed so far: 1606
# successes: 1136 (70.7%)
Current task success rate: 1.0
Current total success rate: 0.7073474470734745

Task: pick up the black bowl next to the cookie box and place it on the plate view 0 0 100 0 0 initstate 0 noise 39
Success: True
# episodes completed so far: 1607
# successes: 1137 (70.8%)
Current task success rate: 1.0
Current total success rate: 0.7075295581829496

Task: pick up the black bowl next to the cookie box and place it on the plate view 0 0 100 0 0 initstate 0 noise 40
Success: False
# episodes completed so far: 1608
# successes: 1137 (70.7%)
Current task success rate: 0.0
Current total success rate: 0.707089552238806

Task: pick up the black bowl next to the cookie box and place it on the plate view 0 0 100 0 0 initstate 0 noise 41
Success: True
# episodes completed so far: 1609
# successes: 1138 (70.7%)
Current task success rate: 1.0
Current total success rate: 0.7072715972653822

Task: pick up the black bowl next to the cookie box and place it on the plate view 0 0 100 0 0 initstate 0 noise 43
Success: True
# episodes completed so far: 1610
# successes: 1139 (70.7%)
Current task success rate: 1.0
Current total success rate: 0.7074534161490683

Task: pick up the black bowl next to the cookie box and place it on the plate view 0 0 100 0 0 initstate 0 noise 44
Success: True
# episodes completed so far: 1611
# successes: 1140 (70.8%)
Current task success rate: 1.0
Current total success rate: 0.707635009310987

Task: pick up the black bowl next to the cookie box and place it on the plate view 0 0 100 0 0 initstate 0 noise 45
Success: True
# episodes completed so far: 1612
# successes: 1141 (70.8%)
Current task success rate: 1.0
Current total success rate: 0.7078163771712159

Task: pick up the black bowl next to the cookie box and place it on the plate view 0 0 100 0 0 initstate 0 noise 46
Success: True
# episodes completed so far: 1613
# successes: 1142 (70.8%)
Current task success rate: 1.0
Current total success rate: 0.707997520148791

Task: pick up the black bowl next to the cookie box and place it on the plate view 0 0 100 0 0 initstate 0 noise 47
Success: True
# episodes completed so far: 1614
# successes: 1143 (70.8%)
Current task success rate: 1.0
Current total success rate: 0.70817843866171

Task: pick up the black bowl next to the cookie box and place it on the plate view 0 0 100 0 0 initstate 0 noise 48
Success: True
# episodes completed so far: 1615
# successes: 1144 (70.8%)
Current task success rate: 1.0
Current total success rate: 0.708359133126935

Task: pick up the black bowl next to the cookie box and place it on the plate view 0 0 100 0 0 initstate 0 noise 49
Success: True
# episodes completed so far: 1616
# successes: 1145 (70.9%)
Current task success rate: 1.0
Current total success rate: 0.7085396039603961

Task: pick up the black bowl next to the cookie box and place it on the plate view 0 0 100 0 0 initstate 0 noise 50
Success: True
# episodes completed so far: 1617
# successes: 1146 (70.9%)
Current task success rate: 1.0
Current total success rate: 0.7087198515769945

Task: pick up the black bowl on the stove and place it on the plate view 0 0 100 0 0 initstate 0 noise 2
Success: True
# episodes completed so far: 1618
# successes: 1147 (70.9%)
Current task success rate: 1.0
Current total success rate: 0.7088998763906057

Task: pick up the black bowl on the stove and place it on the plate view 0 0 100 0 0 initstate 0 noise 3
Success: True
# episodes completed so far: 1619
# successes: 1148 (70.9%)
Current task success rate: 1.0
Current total success rate: 0.7090796788140827

Task: pick up the black bowl on the stove and place it on the plate view 0 0 100 0 0 initstate 0 noise 4
Success: True
# episodes completed so far: 1620
# successes: 1149 (70.9%)
Current task success rate: 1.0
Current total success rate: 0.7092592592592593

Task: pick up the black bowl on the stove and place it on the plate view 0 0 100 0 0 initstate 0 noise 5
Success: True
# episodes completed so far: 1621
# successes: 1150 (70.9%)
Current task success rate: 1.0
Current total success rate: 0.7094386181369525

Task: pick up the black bowl on the stove and place it on the plate view 0 0 100 0 0 initstate 0 noise 6
Success: True
# episodes completed so far: 1622
# successes: 1151 (71.0%)
Current task success rate: 1.0
Current total success rate: 0.7096177558569667

Task: pick up the black bowl on the stove and place it on the plate view 0 0 100 0 0 initstate 0 noise 7
Success: True
# episodes completed so far: 1623
# successes: 1152 (71.0%)
Current task success rate: 1.0
Current total success rate: 0.7097966728280961

Task: pick up the black bowl on the stove and place it on the plate view 0 0 100 0 0 initstate 0 noise 8
Success: True
# episodes completed so far: 1624
# successes: 1153 (71.0%)
Current task success rate: 1.0
Current total success rate: 0.7099753694581281

Task: pick up the black bowl on the stove and place it on the plate view 0 0 100 0 0 initstate 0 noise 9
Success: False
# episodes completed so far: 1625
# successes: 1153 (71.0%)
Current task success rate: 0.0
Current total success rate: 0.7095384615384616

Task: pick up the black bowl on the stove and place it on the plate view 0 0 100 0 0 initstate 0 noise 10
Success: False
# episodes completed so far: 1626
# successes: 1153 (70.9%)
Current task success rate: 0.0
Current total success rate: 0.7091020910209103

Task: pick up the black bowl on the stove and place it on the plate view 0 0 100 0 0 initstate 0 noise 12
Success: True
# episodes completed so far: 1627
# successes: 1154 (70.9%)
Current task success rate: 1.0
Current total success rate: 0.7092808850645359

Task: pick up the black bowl on the stove and place it on the plate view 0 0 100 0 0 initstate 0 noise 13
Success: True
# episodes completed so far: 1628
# successes: 1155 (70.9%)
Current task success rate: 1.0
Current total success rate: 0.7094594594594594

Task: pick up the black bowl on the stove and place it on the plate view 0 0 100 0 0 initstate 0 noise 14
Success: False
# episodes completed so far: 1629
# successes: 1155 (70.9%)
Current task success rate: 0.0
Current total success rate: 0.7090239410681399

Task: pick up the black bowl on the stove and place it on the plate view 0 0 100 0 0 initstate 0 noise 15
Success: True
# episodes completed so far: 1630
# successes: 1156 (70.9%)
Current task success rate: 1.0
Current total success rate: 0.7092024539877301

Task: pick up the black bowl on the stove and place it on the plate view 0 0 100 0 0 initstate 0 noise 16
Success: True
# episodes completed so far: 1631
# successes: 1157 (70.9%)
Current task success rate: 1.0
Current total success rate: 0.7093807480073574

Task: pick up the black bowl on the stove and place it on the plate view 0 0 100 0 0 initstate 0 noise 17
Success: False
# episodes completed so far: 1632
# successes: 1157 (70.9%)
Current task success rate: 0.0
Current total success rate: 0.7089460784313726

Task: pick up the black bowl on the stove and place it on the plate view 0 0 100 0 0 initstate 0 noise 18
Success: False
# episodes completed so far: 1633
# successes: 1157 (70.9%)
Current task success rate: 0.0
Current total success rate: 0.7085119412124924

Task: pick up the black bowl on the stove and place it on the plate view 0 0 100 0 0 initstate 0 noise 19
Success: False
# episodes completed so far: 1634
# successes: 1157 (70.8%)
Current task success rate: 0.0
Current total success rate: 0.708078335373317

Task: pick up the black bowl on the stove and place it on the plate view 0 0 100 0 0 initstate 0 noise 20
Success: False
# episodes completed so far: 1635
# successes: 1157 (70.8%)
Current task success rate: 0.0
Current total success rate: 0.7076452599388379

Task: pick up the black bowl on the stove and place it on the plate view 0 0 100 0 0 initstate 0 noise 22
Success: True
# episodes completed so far: 1636
# successes: 1158 (70.8%)
Current task success rate: 1.0
Current total success rate: 0.7078239608801956

Task: pick up the black bowl on the stove and place it on the plate view 0 0 100 0 0 initstate 0 noise 23
Success: True
# episodes completed so far: 1637
# successes: 1159 (70.8%)
Current task success rate: 1.0
Current total success rate: 0.7080024434941967

Task: pick up the black bowl on the stove and place it on the plate view 0 0 100 0 0 initstate 0 noise 24
Success: False
# episodes completed so far: 1638
# successes: 1159 (70.8%)
Current task success rate: 0.0
Current total success rate: 0.7075702075702076

Task: pick up the black bowl on the stove and place it on the plate view 0 0 100 0 0 initstate 0 noise 25
Success: True
# episodes completed so far: 1639
# successes: 1160 (70.8%)
Current task success rate: 1.0
Current total success rate: 0.7077486272117145

Task: pick up the black bowl on the stove and place it on the plate view 0 0 100 0 0 initstate 0 noise 26
Success: False
# episodes completed so far: 1640
# successes: 1160 (70.7%)
Current task success rate: 0.0
Current total success rate: 0.7073170731707317

Task: pick up the black bowl on the stove and place it on the plate view 0 0 100 0 0 initstate 0 noise 27
Success: True
# episodes completed so far: 1641
# successes: 1161 (70.7%)
Current task success rate: 1.0
Current total success rate: 0.7074954296160878

Task: pick up the black bowl on the stove and place it on the plate view 0 0 100 0 0 initstate 0 noise 28
Success: True
# episodes completed so far: 1642
# successes: 1162 (70.8%)
Current task success rate: 1.0
Current total success rate: 0.707673568818514

Task: pick up the black bowl on the stove and place it on the plate view 0 0 100 0 0 initstate 0 noise 29
Success: False
# episodes completed so far: 1643
# successes: 1162 (70.7%)
Current task success rate: 0.0
Current total success rate: 0.707242848447961

Task: pick up the black bowl on the stove and place it on the plate view 0 0 100 0 0 initstate 0 noise 32
Success: True
# episodes completed so far: 1644
# successes: 1163 (70.7%)
Current task success rate: 1.0
Current total success rate: 0.7074209245742092

Task: pick up the black bowl on the stove and place it on the plate view 0 0 100 0 0 initstate 0 noise 36
Success: True
# episodes completed so far: 1645
# successes: 1164 (70.8%)
Current task success rate: 1.0
Current total success rate: 0.7075987841945289

Task: pick up the black bowl on the stove and place it on the plate view 0 0 100 0 0 initstate 0 noise 37
Success: True
# episodes completed so far: 1646
# successes: 1165 (70.8%)
Current task success rate: 1.0
Current total success rate: 0.7077764277035237

Task: pick up the black bowl on the stove and place it on the plate view 0 0 100 0 0 initstate 0 noise 38
Success: True
# episodes completed so far: 1647
# successes: 1166 (70.8%)
Current task success rate: 1.0
Current total success rate: 0.7079538554948391

Task: pick up the black bowl on the stove and place it on the plate view 0 0 100 0 0 initstate 0 noise 39
Success: False
# episodes completed so far: 1648
# successes: 1166 (70.8%)
Current task success rate: 0.0
Current total success rate: 0.7075242718446602

Task: pick up the black bowl on the stove and place it on the plate view 0 0 100 0 0 initstate 0 noise 40
Success: False
# episodes completed so far: 1649
# successes: 1166 (70.7%)
Current task success rate: 0.0
Current total success rate: 0.7070952092177077

Task: pick up the black bowl on the stove and place it on the plate view 0 0 100 0 0 initstate 0 noise 41
Success: True
# episodes completed so far: 1650
# successes: 1167 (70.7%)
Current task success rate: 1.0
Current total success rate: 0.7072727272727273

Task: pick up the black bowl on the stove and place it on the plate view 0 0 100 0 0 initstate 0 noise 43
Success: True
# episodes completed so far: 1651
# successes: 1168 (70.7%)
Current task success rate: 1.0
Current total success rate: 0.7074500302846759

Task: pick up the black bowl on the stove and place it on the plate view 0 0 100 0 0 initstate 0 noise 44
Success: True
# episodes completed so far: 1652
# successes: 1169 (70.8%)
Current task success rate: 1.0
Current total success rate: 0.7076271186440678

Task: pick up the black bowl on the stove and place it on the plate view 0 0 100 0 0 initstate 0 noise 45
Success: True
# episodes completed so far: 1653
# successes: 1170 (70.8%)
Current task success rate: 1.0
Current total success rate: 0.7078039927404719

Task: pick up the black bowl on the stove and place it on the plate view 0 0 100 0 0 initstate 0 noise 46
Success: True
# episodes completed so far: 1654
# successes: 1171 (70.8%)
Current task success rate: 1.0
Current total success rate: 0.7079806529625151

Task: pick up the black bowl on the stove and place it on the plate view 0 0 100 0 0 initstate 0 noise 47
Success: True
# episodes completed so far: 1655
# successes: 1172 (70.8%)
Current task success rate: 1.0
Current total success rate: 0.7081570996978852

Task: pick up the black bowl on the stove and place it on the plate view 0 0 100 0 0 initstate 0 noise 48
Success: True
# episodes completed so far: 1656
# successes: 1173 (70.8%)
Current task success rate: 1.0
Current total success rate: 0.7083333333333334

Task: pick up the black bowl on the stove and place it on the plate view 0 0 100 0 0 initstate 0 noise 49
Success: True
# episodes completed so far: 1657
# successes: 1174 (70.9%)
Current task success rate: 1.0
Current total success rate: 0.7085093542546771

Task: pick up the black bowl on the stove and place it on the plate view 0 0 100 0 0 initstate 0 noise 50
Success: False
# episodes completed so far: 1658
# successes: 1174 (70.8%)
Current task success rate: 0.0
Current total success rate: 0.7080820265379976

Task: pick up the black bowl next to the plate and place it on the plate view 0 0 100 0 0 initstate 0 noise 3
Success: True
# episodes completed so far: 1659
# successes: 1175 (70.8%)
Current task success rate: 1.0
Current total success rate: 0.7082579867389994

Task: pick up the black bowl next to the plate and place it on the plate view 0 0 100 0 0 initstate 0 noise 5
Success: True
# episodes completed so far: 1660
# successes: 1176 (70.8%)
Current task success rate: 1.0
Current total success rate: 0.708433734939759

Task: pick up the black bowl next to the plate and place it on the plate view 0 0 100 0 0 initstate 0 noise 6
Success: True
# episodes completed so far: 1661
# successes: 1177 (70.9%)
Current task success rate: 1.0
Current total success rate: 0.7086092715231788

Task: pick up the black bowl next to the plate and place it on the plate view 0 0 100 0 0 initstate 0 noise 7
Success: True
# episodes completed so far: 1662
# successes: 1178 (70.9%)
Current task success rate: 1.0
Current total success rate: 0.7087845968712395

Task: pick up the black bowl next to the plate and place it on the plate view 0 0 100 0 0 initstate 0 noise 9
Success: True
# episodes completed so far: 1663
# successes: 1179 (70.9%)
Current task success rate: 1.0
Current total success rate: 0.708959711365003

Task: pick up the black bowl next to the plate and place it on the plate view 0 0 100 0 0 initstate 0 noise 10
Success: True
# episodes completed so far: 1664
# successes: 1180 (70.9%)
Current task success rate: 1.0
Current total success rate: 0.7091346153846154

Task: pick up the black bowl next to the plate and place it on the plate view 0 0 100 0 0 initstate 0 noise 13
Success: True
# episodes completed so far: 1665
# successes: 1181 (70.9%)
Current task success rate: 1.0
Current total success rate: 0.7093093093093094

Task: pick up the black bowl next to the plate and place it on the plate view 0 0 100 0 0 initstate 0 noise 14
Success: True
# episodes completed so far: 1666
# successes: 1182 (70.9%)
Current task success rate: 1.0
Current total success rate: 0.709483793517407

Task: pick up the black bowl next to the plate and place it on the plate view 0 0 100 0 0 initstate 0 noise 15
Success: False
# episodes completed so far: 1667
# successes: 1182 (70.9%)
Current task success rate: 0.0
Current total success rate: 0.7090581883623275

Task: pick up the black bowl next to the plate and place it on the plate view 0 0 100 0 0 initstate 0 noise 16
Success: False
# episodes completed so far: 1668
# successes: 1182 (70.9%)
Current task success rate: 0.0
Current total success rate: 0.7086330935251799

Task: pick up the black bowl next to the plate and place it on the plate view 0 0 100 0 0 initstate 0 noise 17
Success: True
# episodes completed so far: 1669
# successes: 1183 (70.9%)
Current task success rate: 1.0
Current total success rate: 0.7088076692630317

Task: pick up the black bowl next to the plate and place it on the plate view 0 0 100 0 0 initstate 0 noise 19
Success: False
# episodes completed so far: 1670
# successes: 1183 (70.8%)
Current task success rate: 0.0
Current total success rate: 0.7083832335329341

Task: pick up the black bowl next to the plate and place it on the plate view 0 0 100 0 0 initstate 0 noise 20
Success: False
# episodes completed so far: 1671
# successes: 1183 (70.8%)
Current task success rate: 0.0
Current total success rate: 0.7079593058049073

Task: pick up the black bowl next to the plate and place it on the plate view 0 0 100 0 0 initstate 0 noise 27
Success: False
# episodes completed so far: 1672
# successes: 1183 (70.8%)
Current task success rate: 0.0
Current total success rate: 0.7075358851674641

Task: pick up the black bowl next to the plate and place it on the plate view 0 0 100 0 0 initstate 0 noise 28
Success: True
# episodes completed so far: 1673
# successes: 1184 (70.8%)
Current task success rate: 1.0
Current total success rate: 0.7077106993424985

Task: pick up the black bowl next to the plate and place it on the plate view 0 0 100 0 0 initstate 0 noise 29
Success: True
# episodes completed so far: 1674
# successes: 1185 (70.8%)
Current task success rate: 1.0
Current total success rate: 0.7078853046594982

Task: pick up the black bowl next to the plate and place it on the plate view 0 0 100 0 0 initstate 0 noise 30
Success: False
# episodes completed so far: 1675
# successes: 1185 (70.7%)
Current task success rate: 0.0
Current total success rate: 0.7074626865671642

Task: pick up the black bowl next to the plate and place it on the plate view 0 0 100 0 0 initstate 0 noise 35
Success: True
# episodes completed so far: 1676
# successes: 1186 (70.8%)
Current task success rate: 1.0
Current total success rate: 0.7076372315035799

Task: pick up the black bowl next to the plate and place it on the plate view 0 0 100 0 0 initstate 0 noise 38
Success: True
# episodes completed so far: 1677
# successes: 1187 (70.8%)
Current task success rate: 1.0
Current total success rate: 0.7078115682766846

Task: pick up the black bowl next to the plate and place it on the plate view 0 0 100 0 0 initstate 0 noise 39
Success: True
# episodes completed so far: 1678
# successes: 1188 (70.8%)
Current task success rate: 1.0
Current total success rate: 0.7079856972586412

Task: pick up the black bowl next to the plate and place it on the plate view 0 0 100 0 0 initstate 0 noise 40
Success: False
# episodes completed so far: 1679
# successes: 1188 (70.8%)
Current task success rate: 0.0
Current total success rate: 0.7075640262060751

Task: pick up the black bowl next to the plate and place it on the plate view 0 0 100 0 0 initstate 0 noise 43
Success: True
# episodes completed so far: 1680
# successes: 1189 (70.8%)
Current task success rate: 1.0
Current total success rate: 0.7077380952380953

Task: pick up the black bowl next to the plate and place it on the plate view 0 0 100 0 0 initstate 0 noise 45
Success: True
# episodes completed so far: 1681
# successes: 1190 (70.8%)
Current task success rate: 1.0
Current total success rate: 0.7079119571683522

Task: pick up the black bowl next to the plate and place it on the plate view 0 0 100 0 0 initstate 0 noise 46
Success: True
# episodes completed so far: 1682
# successes: 1191 (70.8%)
Current task success rate: 1.0
Current total success rate: 0.7080856123662307

Task: pick up the black bowl next to the plate and place it on the plate view 0 0 100 0 0 initstate 0 noise 47
Success: True
# episodes completed so far: 1683
# successes: 1192 (70.8%)
Current task success rate: 1.0
Current total success rate: 0.7082590612002376

Task: pick up the black bowl next to the plate and place it on the plate view 0 0 100 0 0 initstate 0 noise 48
Success: True
# episodes completed so far: 1684
# successes: 1193 (70.8%)
Current task success rate: 1.0
Current total success rate: 0.7084323040380047

Task: pick up the black bowl next to the plate and place it on the plate view 0 0 100 0 0 initstate 0 noise 49
Success: True
# episodes completed so far: 1685
# successes: 1194 (70.9%)
Current task success rate: 1.0
Current total success rate: 0.7086053412462908

Task: pick up the black bowl next to the plate and place it on the plate view 0 0 100 0 0 initstate 0 noise 50
Success: True
# episodes completed so far: 1686
# successes: 1195 (70.9%)
Current task success rate: 1.0
Current total success rate: 0.7087781731909846

Task: pick up the black bowl on the wooden cabinet and place it on the plate view 0 0 100 0 0 initstate 0 noise 4
Success: True
# episodes completed so far: 1687
# successes: 1196 (70.9%)
Current task success rate: 1.0
Current total success rate: 0.7089508002371073

Task: pick up the black bowl on the wooden cabinet and place it on the plate view 0 0 100 0 0 initstate 0 noise 5
Success: True
# episodes completed so far: 1688
# successes: 1197 (70.9%)
Current task success rate: 1.0
Current total success rate: 0.7091232227488151

Task: pick up the black bowl on the wooden cabinet and place it on the plate view 0 0 100 0 0 initstate 0 noise 6
Success: True
# episodes completed so far: 1689
# successes: 1198 (70.9%)
Current task success rate: 1.0
Current total success rate: 0.709295441089402

Task: pick up the black bowl on the wooden cabinet and place it on the plate view 0 0 100 0 0 initstate 0 noise 7
Success: True
# episodes completed so far: 1690
# successes: 1199 (70.9%)
Current task success rate: 1.0
Current total success rate: 0.7094674556213018

Task: pick up the black bowl on the wooden cabinet and place it on the plate view 0 0 100 0 0 initstate 0 noise 8
Success: False
# episodes completed so far: 1691
# successes: 1199 (70.9%)
Current task success rate: 0.0
Current total success rate: 0.7090479006505027

Task: pick up the black bowl on the wooden cabinet and place it on the plate view 0 0 100 0 0 initstate 0 noise 9
Success: False
# episodes completed so far: 1692
# successes: 1199 (70.9%)
Current task success rate: 0.0
Current total success rate: 0.708628841607565

Task: pick up the black bowl on the wooden cabinet and place it on the plate view 0 0 100 0 0 initstate 0 noise 10
Success: False
# episodes completed so far: 1693
# successes: 1199 (70.8%)
Current task success rate: 0.0
Current total success rate: 0.7082102776137035

Task: pick up the black bowl on the wooden cabinet and place it on the plate view 0 0 100 0 0 initstate 0 noise 12
Success: True
# episodes completed so far: 1694
# successes: 1200 (70.8%)
Current task success rate: 1.0
Current total success rate: 0.7083825265643447

Task: pick up the black bowl on the wooden cabinet and place it on the plate view 0 0 100 0 0 initstate 0 noise 13
Success: True
# episodes completed so far: 1695
# successes: 1201 (70.9%)
Current task success rate: 1.0
Current total success rate: 0.7085545722713864

Task: pick up the black bowl on the wooden cabinet and place it on the plate view 0 0 100 0 0 initstate 0 noise 14
Success: True
# episodes completed so far: 1696
# successes: 1202 (70.9%)
Current task success rate: 1.0
Current total success rate: 0.7087264150943396

Task: pick up the black bowl on the wooden cabinet and place it on the plate view 0 0 100 0 0 initstate 0 noise 15
Success: True
# episodes completed so far: 1697
# successes: 1203 (70.9%)
Current task success rate: 1.0
Current total success rate: 0.708898055391868

Task: pick up the black bowl on the wooden cabinet and place it on the plate view 0 0 100 0 0 initstate 0 noise 16
Success: True
# episodes completed so far: 1698
# successes: 1204 (70.9%)
Current task success rate: 1.0
Current total success rate: 0.7090694935217904

Task: pick up the black bowl on the wooden cabinet and place it on the plate view 0 0 100 0 0 initstate 0 noise 17
Success: True
# episodes completed so far: 1699
# successes: 1205 (70.9%)
Current task success rate: 1.0
Current total success rate: 0.709240729841083

Task: pick up the black bowl on the wooden cabinet and place it on the plate view 0 0 100 0 0 initstate 0 noise 18
Success: True
# episodes completed so far: 1700
# successes: 1206 (70.9%)
Current task success rate: 1.0
Current total success rate: 0.7094117647058824

Task: pick up the black bowl on the wooden cabinet and place it on the plate view 0 0 100 0 0 initstate 0 noise 19
Success: True
# episodes completed so far: 1701
# successes: 1207 (71.0%)
Current task success rate: 1.0
Current total success rate: 0.7095825984714874

Task: pick up the black bowl on the wooden cabinet and place it on the plate view 0 0 100 0 0 initstate 0 noise 20
Success: False
# episodes completed so far: 1702
# successes: 1207 (70.9%)
Current task success rate: 0.0
Current total success rate: 0.709165687426557

Task: pick up the black bowl on the wooden cabinet and place it on the plate view 0 0 100 0 0 initstate 0 noise 22
Success: True
# episodes completed so far: 1703
# successes: 1208 (70.9%)
Current task success rate: 1.0
Current total success rate: 0.7093364650616559

Task: pick up the black bowl on the wooden cabinet and place it on the plate view 0 0 100 0 0 initstate 0 noise 25
Success: True
# episodes completed so far: 1704
# successes: 1209 (71.0%)
Current task success rate: 1.0
Current total success rate: 0.7095070422535211

Task: pick up the black bowl on the wooden cabinet and place it on the plate view 0 0 100 0 0 initstate 0 noise 26
Success: True
# episodes completed so far: 1705
# successes: 1210 (71.0%)
Current task success rate: 1.0
Current total success rate: 0.7096774193548387

Task: pick up the black bowl on the wooden cabinet and place it on the plate view 0 0 100 0 0 initstate 0 noise 27
Success: True
# episodes completed so far: 1706
# successes: 1211 (71.0%)
Current task success rate: 1.0
Current total success rate: 0.7098475967174678

Task: pick up the black bowl on the wooden cabinet and place it on the plate view 0 0 100 0 0 initstate 0 noise 28
Success: False
# episodes completed so far: 1707
# successes: 1211 (70.9%)
Current task success rate: 0.0
Current total success rate: 0.7094317516110135

Task: pick up the black bowl on the wooden cabinet and place it on the plate view 0 0 100 0 0 initstate 0 noise 29
Success: False
# episodes completed so far: 1708
# successes: 1211 (70.9%)
Current task success rate: 0.0
Current total success rate: 0.7090163934426229

Task: pick up the black bowl on the wooden cabinet and place it on the plate view 0 0 100 0 0 initstate 0 noise 30
Success: False
# episodes completed so far: 1709
# successes: 1211 (70.9%)
Current task success rate: 0.0
Current total success rate: 0.708601521357519

Task: pick up the black bowl on the wooden cabinet and place it on the plate view 0 0 100 0 0 initstate 0 noise 32
Success: True
# episodes completed so far: 1710
# successes: 1212 (70.9%)
Current task success rate: 1.0
Current total success rate: 0.7087719298245614

Task: pick up the black bowl on the wooden cabinet and place it on the plate view 0 0 100 0 0 initstate 0 noise 35
Success: True
# episodes completed so far: 1711
# successes: 1213 (70.9%)
Current task success rate: 1.0
Current total success rate: 0.7089421390999415

Task: pick up the black bowl on the wooden cabinet and place it on the plate view 0 0 100 0 0 initstate 0 noise 36
Success: True
# episodes completed so far: 1712
# successes: 1214 (70.9%)
Current task success rate: 1.0
Current total success rate: 0.7091121495327103

Task: pick up the black bowl on the wooden cabinet and place it on the plate view 0 0 100 0 0 initstate 0 noise 37
Success: True
# episodes completed so far: 1713
# successes: 1215 (70.9%)
Current task success rate: 1.0
Current total success rate: 0.7092819614711033

Task: pick up the black bowl on the wooden cabinet and place it on the plate view 0 0 100 0 0 initstate 0 noise 38
Success: True
# episodes completed so far: 1714
# successes: 1216 (70.9%)
Current task success rate: 1.0
Current total success rate: 0.7094515752625438

Task: pick up the black bowl on the wooden cabinet and place it on the plate view 0 0 100 0 0 initstate 0 noise 39
Success: True
# episodes completed so far: 1715
# successes: 1217 (71.0%)
Current task success rate: 1.0
Current total success rate: 0.7096209912536443

Task: pick up the black bowl on the wooden cabinet and place it on the plate view 0 0 100 0 0 initstate 0 noise 40
Success: False
# episodes completed so far: 1716
# successes: 1217 (70.9%)
Current task success rate: 0.0
Current total success rate: 0.7092074592074592

Task: pick up the black bowl on the wooden cabinet and place it on the plate view 0 0 100 0 0 initstate 0 noise 41
Success: True
# episodes completed so far: 1717
# successes: 1218 (70.9%)
Current task success rate: 1.0
Current total success rate: 0.7093768200349446

Task: pick up the black bowl on the wooden cabinet and place it on the plate view 0 0 100 0 0 initstate 0 noise 43
Success: True
# episodes completed so far: 1718
# successes: 1219 (71.0%)
Current task success rate: 1.0
Current total success rate: 0.7095459837019791

Task: pick up the black bowl on the wooden cabinet and place it on the plate view 0 0 100 0 0 initstate 0 noise 44
Success: True
# episodes completed so far: 1719
# successes: 1220 (71.0%)
Current task success rate: 1.0
Current total success rate: 0.7097149505526469

Task: pick up the black bowl on the wooden cabinet and place it on the plate view 0 0 100 0 0 initstate 0 noise 45
Success: True
# episodes completed so far: 1720
# successes: 1221 (71.0%)
Current task success rate: 1.0
Current total success rate: 0.7098837209302326

Task: pick up the black bowl on the wooden cabinet and place it on the plate view 0 0 100 0 0 initstate 0 noise 46
Success: True
# episodes completed so far: 1721
# successes: 1222 (71.0%)
Current task success rate: 1.0
Current total success rate: 0.7100522951772226

Task: pick up the black bowl on the wooden cabinet and place it on the plate view 0 0 100 0 0 initstate 0 noise 47
Success: True
# episodes completed so far: 1722
# successes: 1223 (71.0%)
Current task success rate: 1.0
Current total success rate: 0.7102206736353078

Task: pick up the black bowl on the wooden cabinet and place it on the plate view 0 0 100 0 0 initstate 0 noise 48
Success: True
# episodes completed so far: 1723
# successes: 1224 (71.0%)
Current task success rate: 1.0
Current total success rate: 0.710388856645386

Task: pick up the black bowl on the wooden cabinet and place it on the plate view 0 0 100 0 0 initstate 0 noise 49
Success: True
# episodes completed so far: 1724
# successes: 1225 (71.1%)
Current task success rate: 1.0
Current total success rate: 0.7105568445475638

Task: pick up the black bowl on the wooden cabinet and place it on the plate view 0 0 100 0 0 initstate 0 noise 50
Success: True
# episodes completed so far: 1725
# successes: 1226 (71.1%)
Current task success rate: 1.0
Current total success rate: 0.7107246376811595

Task: pick up the black bowl between the plate and the ramekin and place it on the plate add 10
Success: True
# episodes completed so far: 1726
# successes: 1227 (71.1%)
Current task success rate: 1.0
Current total success rate: 0.7108922363847046

Task: pick up the black bowl between the plate and the ramekin and place it on the plate add 11
Success: True
# episodes completed so far: 1727
# successes: 1228 (71.1%)
Current task success rate: 1.0
Current total success rate: 0.7110596409959468

Task: pick up the black bowl between the plate and the ramekin and place it on the plate add 12
Success: True
# episodes completed so far: 1728
# successes: 1229 (71.1%)
Current task success rate: 1.0
Current total success rate: 0.7112268518518519

Task: pick up the black bowl between the plate and the ramekin and place it on the plate add 13
Success: True
# episodes completed so far: 1729
# successes: 1230 (71.1%)
Current task success rate: 1.0
Current total success rate: 0.7113938692886062

Task: pick up the black bowl between the plate and the ramekin and place it on the plate add 14
Success: True
# episodes completed so far: 1730
# successes: 1231 (71.2%)
Current task success rate: 1.0
Current total success rate: 0.7115606936416184

Task: pick up the black bowl between the plate and the ramekin and place it on the plate add 15
Success: True
# episodes completed so far: 1731
# successes: 1232 (71.2%)
Current task success rate: 1.0
Current total success rate: 0.7117273252455228

Task: pick up the black bowl between the plate and the ramekin and place it on the plate add 16
Success: True
# episodes completed so far: 1732
# successes: 1233 (71.2%)
Current task success rate: 1.0
Current total success rate: 0.7118937644341802

Task: pick up the black bowl between the plate and the ramekin and place it on the plate add 18
Success: True
# episodes completed so far: 1733
# successes: 1234 (71.2%)
Current task success rate: 1.0
Current total success rate: 0.7120600115406809

Task: pick up the black bowl between the plate and the ramekin and place it on the plate add 19
Success: True
# episodes completed so far: 1734
# successes: 1235 (71.2%)
Current task success rate: 1.0
Current total success rate: 0.7122260668973471

Task: pick up the black bowl between the plate and the ramekin and place it on the plate add 2
Success: True
# episodes completed so far: 1735
# successes: 1236 (71.2%)
Current task success rate: 1.0
Current total success rate: 0.7123919308357348

Task: pick up the black bowl between the plate and the ramekin and place it on the plate add 20
Success: True
# episodes completed so far: 1736
# successes: 1237 (71.3%)
Current task success rate: 1.0
Current total success rate: 0.7125576036866359

Task: pick up the black bowl between the plate and the ramekin and place it on the plate add 22
Success: True
# episodes completed so far: 1737
# successes: 1238 (71.3%)
Current task success rate: 1.0
Current total success rate: 0.7127230857800806

Task: pick up the black bowl between the plate and the ramekin and place it on the plate add 23
Success: True
# episodes completed so far: 1738
# successes: 1239 (71.3%)
Current task success rate: 1.0
Current total success rate: 0.7128883774453395

Task: pick up the black bowl between the plate and the ramekin and place it on the plate add 24
Success: True
# episodes completed so far: 1739
# successes: 1240 (71.3%)
Current task success rate: 1.0
Current total success rate: 0.7130534790109259

Task: pick up the black bowl between the plate and the ramekin and place it on the plate add 25
Success: True
# episodes completed so far: 1740
# successes: 1241 (71.3%)
Current task success rate: 1.0
Current total success rate: 0.7132183908045977

Task: pick up the black bowl between the plate and the ramekin and place it on the plate add 26
Success: True
# episodes completed so far: 1741
# successes: 1242 (71.3%)
Current task success rate: 1.0
Current total success rate: 0.7133831131533601

Task: pick up the black bowl between the plate and the ramekin and place it on the plate add 27
Success: True
# episodes completed so far: 1742
# successes: 1243 (71.4%)
Current task success rate: 1.0
Current total success rate: 0.7135476463834672

Task: pick up the black bowl between the plate and the ramekin and place it on the plate add 28
Success: True
# episodes completed so far: 1743
# successes: 1244 (71.4%)
Current task success rate: 1.0
Current total success rate: 0.7137119908204246

Task: pick up the black bowl between the plate and the ramekin and place it on the plate add 29
Success: True
# episodes completed so far: 1744
# successes: 1245 (71.4%)
Current task success rate: 1.0
Current total success rate: 0.7138761467889908

Task: pick up the black bowl between the plate and the ramekin and place it on the plate add 30
Success: True
# episodes completed so far: 1745
# successes: 1246 (71.4%)
Current task success rate: 1.0
Current total success rate: 0.7140401146131805

Task: pick up the black bowl between the plate and the ramekin and place it on the plate add 5
Success: True
# episodes completed so far: 1746
# successes: 1247 (71.4%)
Current task success rate: 1.0
Current total success rate: 0.7142038946162658

Task: pick up the black bowl between the plate and the ramekin and place it on the plate add 7
Success: True
# episodes completed so far: 1747
# successes: 1248 (71.4%)
Current task success rate: 1.0
Current total success rate: 0.7143674871207785

Task: pick up the black bowl between the plate and the ramekin and place it on the plate add 8
Success: True
# episodes completed so far: 1748
# successes: 1249 (71.5%)
Current task success rate: 1.0
Current total success rate: 0.7145308924485125

Task: pick up the black bowl between the plate and the ramekin and place it on the plate add 9
Success: True
# episodes completed so far: 1749
# successes: 1250 (71.5%)
Current task success rate: 1.0
Current total success rate: 0.714694110920526

Task: pick up the black bowl between the plate and the ramekin and place it on the plate level1 sample1
Success: True
# episodes completed so far: 1750
# successes: 1251 (71.5%)
Current task success rate: 1.0
Current total success rate: 0.7148571428571429

Task: pick up the black bowl between the plate and the ramekin and place it on the plate level1 sample2
Success: True
# episodes completed so far: 1751
# successes: 1252 (71.5%)
Current task success rate: 1.0
Current total success rate: 0.7150199885779555

Task: pick up the black bowl between the plate and the ramekin and place it on the plate level1 sample3
Success: True
# episodes completed so far: 1752
# successes: 1253 (71.5%)
Current task success rate: 1.0
Current total success rate: 0.7151826484018264

Task: pick up the black bowl between the plate and the ramekin and place it on the plate level1 sample4
Success: True
# episodes completed so far: 1753
# successes: 1254 (71.5%)
Current task success rate: 1.0
Current total success rate: 0.7153451226468911

Task: pick up the black bowl between the plate and the ramekin and place it on the plate level2 sample1
Success: True
# episodes completed so far: 1754
# successes: 1255 (71.6%)
Current task success rate: 1.0
Current total success rate: 0.7155074116305588

Task: pick up the black bowl between the plate and the ramekin and place it on the plate level2 sample2
Success: True
# episodes completed so far: 1755
# successes: 1256 (71.6%)
Current task success rate: 1.0
Current total success rate: 0.7156695156695156

Task: pick up the black bowl between the plate and the ramekin and place it on the plate level2 sample3
Success: True
# episodes completed so far: 1756
# successes: 1257 (71.6%)
Current task success rate: 1.0
Current total success rate: 0.7158314350797267

Task: pick up the black bowl between the plate and the ramekin and place it on the plate level2 sample4
Success: True
# episodes completed so far: 1757
# successes: 1258 (71.6%)
Current task success rate: 1.0
Current total success rate: 0.7159931701764372

Task: pick up the black bowl between the plate and the ramekin and place it on the plate level3 sample1
Success: True
# episodes completed so far: 1758
# successes: 1259 (71.6%)
Current task success rate: 1.0
Current total success rate: 0.7161547212741752

Task: pick up the black bowl between the plate and the ramekin and place it on the plate level3 sample2
Success: True
# episodes completed so far: 1759
# successes: 1260 (71.6%)
Current task success rate: 1.0
Current total success rate: 0.7163160886867538

Task: pick up the black bowl between the plate and the ramekin and place it on the plate level3 sample3
Success: True
# episodes completed so far: 1760
# successes: 1261 (71.6%)
Current task success rate: 1.0
Current total success rate: 0.7164772727272727

Task: pick up the black bowl between the plate and the ramekin and place it on the plate level3 sample4
Success: True
# episodes completed so far: 1761
# successes: 1262 (71.7%)
Current task success rate: 1.0
Current total success rate: 0.7166382737081204

Task: pick up the black bowl between the plate and the ramekin and place it on the plate level4 sample1
Success: True
# episodes completed so far: 1762
# successes: 1263 (71.7%)
Current task success rate: 1.0
Current total success rate: 0.7167990919409761

Task: pick up the black bowl between the plate and the ramekin and place it on the plate level4 sample2
Success: False
# episodes completed so far: 1763
# successes: 1263 (71.6%)
Current task success rate: 0.0
Current total success rate: 0.716392512762337

Task: pick up the black bowl between the plate and the ramekin and place it on the plate level4 sample3
Success: True
# episodes completed so far: 1764
# successes: 1264 (71.7%)
Current task success rate: 1.0
Current total success rate: 0.7165532879818595

Task: pick up the black bowl between the plate and the ramekin and place it on the plate level4 sample4
Success: True
# episodes completed so far: 1765
# successes: 1265 (71.7%)
Current task success rate: 1.0
Current total success rate: 0.71671388101983

Task: pick up the black bowl between the plate and the ramekin and place it on the plate level5 sample1
Success: True
# episodes completed so far: 1766
# successes: 1266 (71.7%)
Current task success rate: 1.0
Current total success rate: 0.7168742921857305

Task: pick up the black bowl between the plate and the ramekin and place it on the plate level5 sample2
Success: False
# episodes completed so far: 1767
# successes: 1266 (71.6%)
Current task success rate: 0.0
Current total success rate: 0.7164685908319185

Task: pick up the black bowl between the plate and the ramekin and place it on the plate level5 sample3
Success: False
# episodes completed so far: 1768
# successes: 1266 (71.6%)
Current task success rate: 0.0
Current total success rate: 0.7160633484162896

Task: pick up the black bowl between the plate and the ramekin and place it on the plate level5 sample4
Success: True
# episodes completed so far: 1769
# successes: 1267 (71.6%)
Current task success rate: 1.0
Current total success rate: 0.716223855285472

Task: pick up the black bowl from table center and place it on the plate add 10
Success: True
# episodes completed so far: 1770
# successes: 1268 (71.6%)
Current task success rate: 1.0
Current total success rate: 0.7163841807909604

Task: pick up the black bowl from table center and place it on the plate add 11
Success: True
# episodes completed so far: 1771
# successes: 1269 (71.7%)
Current task success rate: 1.0
Current total success rate: 0.7165443252399775

Task: pick up the black bowl from table center and place it on the plate add 14
Success: True
# episodes completed so far: 1772
# successes: 1270 (71.7%)
Current task success rate: 1.0
Current total success rate: 0.7167042889390519

Task: pick up the black bowl from table center and place it on the plate add 15
Success: True
# episodes completed so far: 1773
# successes: 1271 (71.7%)
Current task success rate: 1.0
Current total success rate: 0.7168640721940215

Task: pick up the black bowl from table center and place it on the plate add 16
Success: True
# episodes completed so far: 1774
# successes: 1272 (71.7%)
Current task success rate: 1.0
Current total success rate: 0.7170236753100339

Task: pick up the black bowl from table center and place it on the plate add 17
Success: True
# episodes completed so far: 1775
# successes: 1273 (71.7%)
Current task success rate: 1.0
Current total success rate: 0.7171830985915493

Task: pick up the black bowl from table center and place it on the plate add 20
Success: True
# episodes completed so far: 1776
# successes: 1274 (71.7%)
Current task success rate: 1.0
Current total success rate: 0.7173423423423423

Task: pick up the black bowl from table center and place it on the plate add 21
Success: True
# episodes completed so far: 1777
# successes: 1275 (71.8%)
Current task success rate: 1.0
Current total success rate: 0.7175014068655037

Task: pick up the black bowl from table center and place it on the plate add 22
Success: True
# episodes completed so far: 1778
# successes: 1276 (71.8%)
Current task success rate: 1.0
Current total success rate: 0.7176602924634421

Task: pick up the black bowl from table center and place it on the plate add 24
Success: True
# episodes completed so far: 1779
# successes: 1277 (71.8%)
Current task success rate: 1.0
Current total success rate: 0.7178189994378864

Task: pick up the black bowl from table center and place it on the plate add 25
Success: True
# episodes completed so far: 1780
# successes: 1278 (71.8%)
Current task success rate: 1.0
Current total success rate: 0.7179775280898877

Task: pick up the black bowl from table center and place it on the plate add 26
Success: True
# episodes completed so far: 1781
# successes: 1279 (71.8%)
Current task success rate: 1.0
Current total success rate: 0.7181358787198203

Task: pick up the black bowl from table center and place it on the plate add 27
Success: True
# episodes completed so far: 1782
# successes: 1280 (71.8%)
Current task success rate: 1.0
Current total success rate: 0.7182940516273849

Task: pick up the black bowl from table center and place it on the plate add 28
Success: True
# episodes completed so far: 1783
# successes: 1281 (71.8%)
Current task success rate: 1.0
Current total success rate: 0.7184520471116096

Task: pick up the black bowl from table center and place it on the plate add 29
Success: True
# episodes completed so far: 1784
# successes: 1282 (71.9%)
Current task success rate: 1.0
Current total success rate: 0.718609865470852

Task: pick up the black bowl from table center and place it on the plate add 3
Success: True
# episodes completed so far: 1785
# successes: 1283 (71.9%)
Current task success rate: 1.0
Current total success rate: 0.7187675070028011

Task: pick up the black bowl from table center and place it on the plate add 30
Success: True
# episodes completed so far: 1786
# successes: 1284 (71.9%)
Current task success rate: 1.0
Current total success rate: 0.7189249720044792

Task: pick up the black bowl from table center and place it on the plate add 4
Success: True
# episodes completed so far: 1787
# successes: 1285 (71.9%)
Current task success rate: 1.0
Current total success rate: 0.719082260772244

Task: pick up the black bowl from table center and place it on the plate add 5
Success: True
# episodes completed so far: 1788
# successes: 1286 (71.9%)
Current task success rate: 1.0
Current total success rate: 0.7192393736017897

Task: pick up the black bowl from table center and place it on the plate add 7
Success: True
# episodes completed so far: 1789
# successes: 1287 (71.9%)
Current task success rate: 1.0
Current total success rate: 0.7193963107881498

Task: pick up the black bowl from table center and place it on the plate add 9
Success: True
# episodes completed so far: 1790
# successes: 1288 (72.0%)
Current task success rate: 1.0
Current total success rate: 0.7195530726256983

Task: pick up the black bowl from table center and place it on the plate level1 sample1
Success: True
# episodes completed so far: 1791
# successes: 1289 (72.0%)
Current task success rate: 1.0
Current total success rate: 0.7197096594081519

Task: pick up the black bowl from table center and place it on the plate level1 sample2
Success: True
# episodes completed so far: 1792
# successes: 1290 (72.0%)
Current task success rate: 1.0
Current total success rate: 0.7198660714285714

Task: pick up the black bowl from table center and place it on the plate level1 sample3
Success: True
# episodes completed so far: 1793
# successes: 1291 (72.0%)
Current task success rate: 1.0
Current total success rate: 0.7200223089793641

Task: pick up the black bowl from table center and place it on the plate level1 sample4
Success: True
# episodes completed so far: 1794
# successes: 1292 (72.0%)
Current task success rate: 1.0
Current total success rate: 0.7201783723522854

Task: pick up the black bowl from table center and place it on the plate level2 sample1
Success: True
# episodes completed so far: 1795
# successes: 1293 (72.0%)
Current task success rate: 1.0
Current total success rate: 0.7203342618384401

Task: pick up the black bowl from table center and place it on the plate level2 sample2
Success: True
# episodes completed so far: 1796
# successes: 1294 (72.0%)
Current task success rate: 1.0
Current total success rate: 0.720489977728285

Task: pick up the black bowl from table center and place it on the plate level2 sample3
Success: True
# episodes completed so far: 1797
# successes: 1295 (72.1%)
Current task success rate: 1.0
Current total success rate: 0.7206455203116305

Task: pick up the black bowl from table center and place it on the plate level3 sample1
Success: True
# episodes completed so far: 1798
# successes: 1296 (72.1%)
Current task success rate: 1.0
Current total success rate: 0.7208008898776418

Task: pick up the black bowl from table center and place it on the plate level3 sample2
Success: True
# episodes completed so far: 1799
# successes: 1297 (72.1%)
Current task success rate: 1.0
Current total success rate: 0.7209560867148416

Task: pick up the black bowl from table center and place it on the plate level3 sample3
Success: True
# episodes completed so far: 1800
# successes: 1298 (72.1%)
Current task success rate: 1.0
Current total success rate: 0.7211111111111111

Task: pick up the black bowl from table center and place it on the plate level3 sample4
Success: True
# episodes completed so far: 1801
# successes: 1299 (72.1%)
Current task success rate: 1.0
Current total success rate: 0.7212659633536924

Task: pick up the black bowl from table center and place it on the plate level4 sample1
Success: True
# episodes completed so far: 1802
# successes: 1300 (72.1%)
Current task success rate: 1.0
Current total success rate: 0.7214206437291898

Task: pick up the black bowl from table center and place it on the plate level4 sample2
Success: True
# episodes completed so far: 1803
# successes: 1301 (72.2%)
Current task success rate: 1.0
Current total success rate: 0.7215751525235718

Task: pick up the black bowl from table center and place it on the plate level4 sample3
Success: True
# episodes completed so far: 1804
# successes: 1302 (72.2%)
Current task success rate: 1.0
Current total success rate: 0.7217294900221729

Task: pick up the black bowl from table center and place it on the plate level5 sample1
Success: True
# episodes completed so far: 1805
# successes: 1303 (72.2%)
Current task success rate: 1.0
Current total success rate: 0.7218836565096953

Task: pick up the black bowl from table center and place it on the plate level5 sample2
Success: True
# episodes completed so far: 1806
# successes: 1304 (72.2%)
Current task success rate: 1.0
Current total success rate: 0.7220376522702104

Task: pick up the black bowl from table center and place it on the plate level5 sample4
Success: True
# episodes completed so far: 1807
# successes: 1305 (72.2%)
Current task success rate: 1.0
Current total success rate: 0.7221914775871611

Task: pick up the black bowl in the top drawer of the wooden cabinet and place it on the plate add 1
Success: True
# episodes completed so far: 1808
# successes: 1306 (72.2%)
Current task success rate: 1.0
Current total success rate: 0.7223451327433629

Task: pick up the black bowl in the top drawer of the wooden cabinet and place it on the plate add 10
Success: True
# episodes completed so far: 1809
# successes: 1307 (72.2%)
Current task success rate: 1.0
Current total success rate: 0.7224986180210061

Task: pick up the black bowl in the top drawer of the wooden cabinet and place it on the plate add 11
Success: True
# episodes completed so far: 1810
# successes: 1308 (72.3%)
Current task success rate: 1.0
Current total success rate: 0.7226519337016575

Task: pick up the black bowl in the top drawer of the wooden cabinet and place it on the plate add 12
Success: True
# episodes completed so far: 1811
# successes: 1309 (72.3%)
Current task success rate: 1.0
Current total success rate: 0.7228050800662618

Task: pick up the black bowl in the top drawer of the wooden cabinet and place it on the plate add 13
Success: True
# episodes completed so far: 1812
# successes: 1310 (72.3%)
Current task success rate: 1.0
Current total success rate: 0.7229580573951435

Task: pick up the black bowl in the top drawer of the wooden cabinet and place it on the plate add 15
Success: True
# episodes completed so far: 1813
# successes: 1311 (72.3%)
Current task success rate: 1.0
Current total success rate: 0.7231108659680088

Task: pick up the black bowl in the top drawer of the wooden cabinet and place it on the plate add 16
Success: True
# episodes completed so far: 1814
# successes: 1312 (72.3%)
Current task success rate: 1.0
Current total success rate: 0.7232635060639471

Task: pick up the black bowl in the top drawer of the wooden cabinet and place it on the plate add 17
Success: True
# episodes completed so far: 1815
# successes: 1313 (72.3%)
Current task success rate: 1.0
Current total success rate: 0.7234159779614325

Task: pick up the black bowl in the top drawer of the wooden cabinet and place it on the plate add 18
Success: True
# episodes completed so far: 1816
# successes: 1314 (72.4%)
Current task success rate: 1.0
Current total success rate: 0.723568281938326

Task: pick up the black bowl in the top drawer of the wooden cabinet and place it on the plate add 19
Success: True
# episodes completed so far: 1817
# successes: 1315 (72.4%)
Current task success rate: 1.0
Current total success rate: 0.7237204182718767

Task: pick up the black bowl in the top drawer of the wooden cabinet and place it on the plate add 20
Success: True
# episodes completed so far: 1818
# successes: 1316 (72.4%)
Current task success rate: 1.0
Current total success rate: 0.7238723872387238

Task: pick up the black bowl in the top drawer of the wooden cabinet and place it on the plate add 21
Success: True
# episodes completed so far: 1819
# successes: 1317 (72.4%)
Current task success rate: 1.0
Current total success rate: 0.7240241891148983

Task: pick up the black bowl in the top drawer of the wooden cabinet and place it on the plate add 22
Success: True
# episodes completed so far: 1820
# successes: 1318 (72.4%)
Current task success rate: 1.0
Current total success rate: 0.7241758241758242

Task: pick up the black bowl in the top drawer of the wooden cabinet and place it on the plate add 23
Success: True
# episodes completed so far: 1821
# successes: 1319 (72.4%)
Current task success rate: 1.0
Current total success rate: 0.7243272926963207

Task: pick up the black bowl in the top drawer of the wooden cabinet and place it on the plate add 24
Success: True
# episodes completed so far: 1822
# successes: 1320 (72.4%)
Current task success rate: 1.0
Current total success rate: 0.7244785949506037

Task: pick up the black bowl in the top drawer of the wooden cabinet and place it on the plate add 25
Success: True
# episodes completed so far: 1823
# successes: 1321 (72.5%)
Current task success rate: 1.0
Current total success rate: 0.7246297312122875

Task: pick up the black bowl in the top drawer of the wooden cabinet and place it on the plate add 26
Success: False
# episodes completed so far: 1824
# successes: 1321 (72.4%)
Current task success rate: 0.0
Current total success rate: 0.7242324561403509

Task: pick up the black bowl in the top drawer of the wooden cabinet and place it on the plate add 27
Success: True
# episodes completed so far: 1825
# successes: 1322 (72.4%)
Current task success rate: 1.0
Current total success rate: 0.7243835616438357

Task: pick up the black bowl in the top drawer of the wooden cabinet and place it on the plate add 28
Success: True
# episodes completed so far: 1826
# successes: 1323 (72.5%)
Current task success rate: 1.0
Current total success rate: 0.7245345016429354

Task: pick up the black bowl in the top drawer of the wooden cabinet and place it on the plate add 29
Success: True
# episodes completed so far: 1827
# successes: 1324 (72.5%)
Current task success rate: 1.0
Current total success rate: 0.7246852764094144

Task: pick up the black bowl in the top drawer of the wooden cabinet and place it on the plate add 3
Success: True
# episodes completed so far: 1828
# successes: 1325 (72.5%)
Current task success rate: 1.0
Current total success rate: 0.7248358862144421

Task: pick up the black bowl in the top drawer of the wooden cabinet and place it on the plate add 30
Success: True
# episodes completed so far: 1829
# successes: 1326 (72.5%)
Current task success rate: 1.0
Current total success rate: 0.7249863313285949

Task: pick up the black bowl in the top drawer of the wooden cabinet and place it on the plate add 5
Success: True
# episodes completed so far: 1830
# successes: 1327 (72.5%)
Current task success rate: 1.0
Current total success rate: 0.725136612021858

Task: pick up the black bowl in the top drawer of the wooden cabinet and place it on the plate add 7
Success: True
# episodes completed so far: 1831
# successes: 1328 (72.5%)
Current task success rate: 1.0
Current total success rate: 0.7252867285636264

Task: pick up the black bowl in the top drawer of the wooden cabinet and place it on the plate add 8
Success: True
# episodes completed so far: 1832
# successes: 1329 (72.5%)
Current task success rate: 1.0
Current total success rate: 0.7254366812227074

Task: pick up the black bowl in the top drawer of the wooden cabinet and place it on the plate add 9
Success: True
# episodes completed so far: 1833
# successes: 1330 (72.6%)
Current task success rate: 1.0
Current total success rate: 0.7255864702673214

Task: pick up the black bowl in the top drawer of the wooden cabinet and place it on the plate level1 sample1
Success: True
# episodes completed so far: 1834
# successes: 1331 (72.6%)
Current task success rate: 1.0
Current total success rate: 0.7257360959651036

Task: pick up the black bowl in the top drawer of the wooden cabinet and place it on the plate level1 sample2
Success: True
# episodes completed so far: 1835
# successes: 1332 (72.6%)
Current task success rate: 1.0
Current total success rate: 0.7258855585831062

Task: pick up the black bowl in the top drawer of the wooden cabinet and place it on the plate level1 sample3
Success: True
# episodes completed so far: 1836
# successes: 1333 (72.6%)
Current task success rate: 1.0
Current total success rate: 0.7260348583877996

Task: pick up the black bowl in the top drawer of the wooden cabinet and place it on the plate level1 sample4
Success: True
# episodes completed so far: 1837
# successes: 1334 (72.6%)
Current task success rate: 1.0
Current total success rate: 0.7261839956450735

Task: pick up the black bowl in the top drawer of the wooden cabinet and place it on the plate level2 sample1
Success: True
# episodes completed so far: 1838
# successes: 1335 (72.6%)
Current task success rate: 1.0
Current total success rate: 0.7263329706202394

Task: pick up the black bowl in the top drawer of the wooden cabinet and place it on the plate level2 sample2
Success: True
# episodes completed so far: 1839
# successes: 1336 (72.6%)
Current task success rate: 1.0
Current total success rate: 0.7264817835780315

Task: pick up the black bowl in the top drawer of the wooden cabinet and place it on the plate level2 sample3
Success: True
# episodes completed so far: 1840
# successes: 1337 (72.7%)
Current task success rate: 1.0
Current total success rate: 0.7266304347826087

Task: pick up the black bowl in the top drawer of the wooden cabinet and place it on the plate level2 sample4
Success: True
# episodes completed so far: 1841
# successes: 1338 (72.7%)
Current task success rate: 1.0
Current total success rate: 0.7267789244975557

Task: pick up the black bowl in the top drawer of the wooden cabinet and place it on the plate level3 sample1
Success: False
# episodes completed so far: 1842
# successes: 1338 (72.6%)
Current task success rate: 0.0
Current total success rate: 0.7263843648208469

Task: pick up the black bowl in the top drawer of the wooden cabinet and place it on the plate level3 sample2
Success: False
# episodes completed so far: 1843
# successes: 1338 (72.6%)
Current task success rate: 0.0
Current total success rate: 0.7259902333152469

Task: pick up the black bowl in the top drawer of the wooden cabinet and place it on the plate level3 sample3
Success: False
# episodes completed so far: 1844
# successes: 1338 (72.6%)
Current task success rate: 0.0
Current total success rate: 0.7255965292841648

Task: pick up the black bowl in the top drawer of the wooden cabinet and place it on the plate level3 sample4
Success: True
# episodes completed so far: 1845
# successes: 1339 (72.6%)
Current task success rate: 1.0
Current total success rate: 0.7257452574525746

Task: pick up the black bowl in the top drawer of the wooden cabinet and place it on the plate level4 sample1
Success: False
# episodes completed so far: 1846
# successes: 1339 (72.5%)
Current task success rate: 0.0
Current total success rate: 0.7253521126760564

Task: pick up the black bowl in the top drawer of the wooden cabinet and place it on the plate level4 sample2
Success: True
# episodes completed so far: 1847
# successes: 1340 (72.6%)
Current task success rate: 1.0
Current total success rate: 0.7255008121277747

Task: pick up the black bowl in the top drawer of the wooden cabinet and place it on the plate level4 sample3
Success: True
# episodes completed so far: 1848
# successes: 1341 (72.6%)
Current task success rate: 1.0
Current total success rate: 0.7256493506493507

Task: pick up the black bowl in the top drawer of the wooden cabinet and place it on the plate level4 sample4
Success: True
# episodes completed so far: 1849
# successes: 1342 (72.6%)
Current task success rate: 1.0
Current total success rate: 0.725797728501893

Task: pick up the black bowl in the top drawer of the wooden cabinet and place it on the plate level5 sample1
Success: True
# episodes completed so far: 1850
# successes: 1343 (72.6%)
Current task success rate: 1.0
Current total success rate: 0.725945945945946

Task: pick up the black bowl in the top drawer of the wooden cabinet and place it on the plate level5 sample3
Success: True
# episodes completed so far: 1851
# successes: 1344 (72.6%)
Current task success rate: 1.0
Current total success rate: 0.7260940032414911

Task: pick up the black bowl in the top drawer of the wooden cabinet and place it on the plate level5 sample4
Success: False
# episodes completed so far: 1852
# successes: 1344 (72.6%)
Current task success rate: 0.0
Current total success rate: 0.7257019438444925

Task: pick up the black bowl next to the cookie box and place it on the plate add 1
Success: True
# episodes completed so far: 1853
# successes: 1345 (72.6%)
Current task success rate: 1.0
Current total success rate: 0.7258499730167296

Task: pick up the black bowl next to the cookie box and place it on the plate add 13
Success: True
# episodes completed so far: 1854
# successes: 1346 (72.6%)
Current task success rate: 1.0
Current total success rate: 0.7259978425026968

Task: pick up the black bowl next to the cookie box and place it on the plate add 14
Success: True
# episodes completed so far: 1855
# successes: 1347 (72.6%)
Current task success rate: 1.0
Current total success rate: 0.726145552560647

Task: pick up the black bowl next to the cookie box and place it on the plate add 16
Success: True
# episodes completed so far: 1856
# successes: 1348 (72.6%)
Current task success rate: 1.0
Current total success rate: 0.7262931034482759

Task: pick up the black bowl next to the cookie box and place it on the plate add 18
Success: True
# episodes completed so far: 1857
# successes: 1349 (72.6%)
Current task success rate: 1.0
Current total success rate: 0.7264404954227248

Task: pick up the black bowl next to the cookie box and place it on the plate add 19
Success: True
# episodes completed so far: 1858
# successes: 1350 (72.7%)
Current task success rate: 1.0
Current total success rate: 0.7265877287405813

Task: pick up the black bowl next to the cookie box and place it on the plate add 20
Success: True
# episodes completed so far: 1859
# successes: 1351 (72.7%)
Current task success rate: 1.0
Current total success rate: 0.7267348036578806

Task: pick up the black bowl next to the cookie box and place it on the plate add 21
Success: True
# episodes completed so far: 1860
# successes: 1352 (72.7%)
Current task success rate: 1.0
Current total success rate: 0.7268817204301076

Task: pick up the black bowl next to the cookie box and place it on the plate add 22
Success: True
# episodes completed so far: 1861
# successes: 1353 (72.7%)
Current task success rate: 1.0
Current total success rate: 0.7270284793121977

Task: pick up the black bowl next to the cookie box and place it on the plate add 23
Success: True
# episodes completed so far: 1862
# successes: 1354 (72.7%)
Current task success rate: 1.0
Current total success rate: 0.7271750805585392

Task: pick up the black bowl next to the cookie box and place it on the plate add 24
Success: True
# episodes completed so far: 1863
# successes: 1355 (72.7%)
Current task success rate: 1.0
Current total success rate: 0.7273215244229737

Task: pick up the black bowl next to the cookie box and place it on the plate add 25
Success: True
# episodes completed so far: 1864
# successes: 1356 (72.7%)
Current task success rate: 1.0
Current total success rate: 0.7274678111587983

Task: pick up the black bowl next to the cookie box and place it on the plate add 26
Success: True
# episodes completed so far: 1865
# successes: 1357 (72.8%)
Current task success rate: 1.0
Current total success rate: 0.7276139410187668

Task: pick up the black bowl next to the cookie box and place it on the plate add 27
Success: True
# episodes completed so far: 1866
# successes: 1358 (72.8%)
Current task success rate: 1.0
Current total success rate: 0.7277599142550911

Task: pick up the black bowl next to the cookie box and place it on the plate add 28
Success: True
# episodes completed so far: 1867
# successes: 1359 (72.8%)
Current task success rate: 1.0
Current total success rate: 0.727905731119443

Task: pick up the black bowl next to the cookie box and place it on the plate add 29
Success: True
# episodes completed so far: 1868
# successes: 1360 (72.8%)
Current task success rate: 1.0
Current total success rate: 0.728051391862955

Task: pick up the black bowl next to the cookie box and place it on the plate add 30
Success: True
# episodes completed so far: 1869
# successes: 1361 (72.8%)
Current task success rate: 1.0
Current total success rate: 0.7281968967362226

Task: pick up the black bowl next to the cookie box and place it on the plate add 7
Success: True
# episodes completed so far: 1870
# successes: 1362 (72.8%)
Current task success rate: 1.0
Current total success rate: 0.7283422459893049

Task: pick up the black bowl next to the cookie box and place it on the plate add 9
Success: True
# episodes completed so far: 1871
# successes: 1363 (72.8%)
Current task success rate: 1.0
Current total success rate: 0.7284874398717264

Task: pick up the black bowl next to the cookie box and place it on the plate level2 sample1
Success: True
# episodes completed so far: 1872
# successes: 1364 (72.9%)
Current task success rate: 1.0
Current total success rate: 0.7286324786324786

Task: pick up the black bowl next to the cookie box and place it on the plate level2 sample2
Success: True
# episodes completed so far: 1873
# successes: 1365 (72.9%)
Current task success rate: 1.0
Current total success rate: 0.7287773625200213

Task: pick up the black bowl next to the cookie box and place it on the plate level2 sample3
Success: True
# episodes completed so far: 1874
# successes: 1366 (72.9%)
Current task success rate: 1.0
Current total success rate: 0.7289220917822838

Task: pick up the black bowl next to the cookie box and place it on the plate level2 sample4
Success: True
# episodes completed so far: 1875
# successes: 1367 (72.9%)
Current task success rate: 1.0
Current total success rate: 0.7290666666666666

Task: pick up the black bowl next to the cookie box and place it on the plate level3 sample2
Success: True
# episodes completed so far: 1876
# successes: 1368 (72.9%)
Current task success rate: 1.0
Current total success rate: 0.7292110874200426

Task: pick up the black bowl next to the cookie box and place it on the plate level3 sample3
Success: True
# episodes completed so far: 1877
# successes: 1369 (72.9%)
Current task success rate: 1.0
Current total success rate: 0.7293553542887586

Task: pick up the black bowl next to the cookie box and place it on the plate level3 sample4
Success: True
# episodes completed so far: 1878
# successes: 1370 (72.9%)
Current task success rate: 1.0
Current total success rate: 0.7294994675186368

Task: pick up the black bowl next to the cookie box and place it on the plate level4 sample1
Success: True
# episodes completed so far: 1879
# successes: 1371 (73.0%)
Current task success rate: 1.0
Current total success rate: 0.729643427354976

Task: pick up the black bowl next to the cookie box and place it on the plate level4 sample3
Success: True
# episodes completed so far: 1880
# successes: 1372 (73.0%)
Current task success rate: 1.0
Current total success rate: 0.7297872340425532

Task: pick up the black bowl next to the cookie box and place it on the plate level4 sample4
Success: True
# episodes completed so far: 1881
# successes: 1373 (73.0%)
Current task success rate: 1.0
Current total success rate: 0.7299308878256247

Task: pick up the black bowl next to the cookie box and place it on the plate level5 sample1
Success: True
# episodes completed so far: 1882
# successes: 1374 (73.0%)
Current task success rate: 1.0
Current total success rate: 0.7300743889479278

Task: pick up the black bowl next to the cookie box and place it on the plate level5 sample2
Success: True
# episodes completed so far: 1883
# successes: 1375 (73.0%)
Current task success rate: 1.0
Current total success rate: 0.7302177376526819

Task: pick up the black bowl next to the cookie box and place it on the plate level5 sample4
Success: True
# episodes completed so far: 1884
# successes: 1376 (73.0%)
Current task success rate: 1.0
Current total success rate: 0.7303609341825902

Task: pick up the black bowl next to the plate and place it on the plate add 14
Success: True
# episodes completed so far: 1885
# successes: 1377 (73.1%)
Current task success rate: 1.0
Current total success rate: 0.7305039787798409

Task: pick up the black bowl next to the plate and place it on the plate add 18
Success: True
# episodes completed so far: 1886
# successes: 1378 (73.1%)
Current task success rate: 1.0
Current total success rate: 0.7306468716861082

Task: pick up the black bowl next to the plate and place it on the plate add 22
Success: True
# episodes completed so far: 1887
# successes: 1379 (73.1%)
Current task success rate: 1.0
Current total success rate: 0.7307896131425543

Task: pick up the black bowl next to the plate and place it on the plate add 24
Success: True
# episodes completed so far: 1888
# successes: 1380 (73.1%)
Current task success rate: 1.0
Current total success rate: 0.7309322033898306

Task: pick up the black bowl next to the plate and place it on the plate add 25
Success: True
# episodes completed so far: 1889
# successes: 1381 (73.1%)
Current task success rate: 1.0
Current total success rate: 0.7310746426680783

Task: pick up the black bowl next to the plate and place it on the plate add 26
Success: True
# episodes completed so far: 1890
# successes: 1382 (73.1%)
Current task success rate: 1.0
Current total success rate: 0.7312169312169312

Task: pick up the black bowl next to the plate and place it on the plate add 27
Success: True
# episodes completed so far: 1891
# successes: 1383 (73.1%)
Current task success rate: 1.0
Current total success rate: 0.7313590692755156

Task: pick up the black bowl next to the plate and place it on the plate add 28
Success: True
# episodes completed so far: 1892
# successes: 1384 (73.2%)
Current task success rate: 1.0
Current total success rate: 0.7315010570824524

Task: pick up the black bowl next to the plate and place it on the plate add 30
Success: True
# episodes completed so far: 1893
# successes: 1385 (73.2%)
Current task success rate: 1.0
Current total success rate: 0.7316428948758584

Task: pick up the black bowl next to the plate and place it on the plate level1 sample1
Success: True
# episodes completed so far: 1894
# successes: 1386 (73.2%)
Current task success rate: 1.0
Current total success rate: 0.7317845828933475

Task: pick up the black bowl next to the plate and place it on the plate level1 sample2
Success: True
# episodes completed so far: 1895
# successes: 1387 (73.2%)
Current task success rate: 1.0
Current total success rate: 0.7319261213720316

Task: pick up the black bowl next to the plate and place it on the plate level1 sample3
Success: True
# episodes completed so far: 1896
# successes: 1388 (73.2%)
Current task success rate: 1.0
Current total success rate: 0.7320675105485233

Task: pick up the black bowl next to the plate and place it on the plate level1 sample4
Success: True
# episodes completed so far: 1897
# successes: 1389 (73.2%)
Current task success rate: 1.0
Current total success rate: 0.7322087506589352

Task: pick up the black bowl next to the plate and place it on the plate level2 sample1
Success: True
# episodes completed so far: 1898
# successes: 1390 (73.2%)
Current task success rate: 1.0
Current total success rate: 0.7323498419388831

Task: pick up the black bowl next to the plate and place it on the plate level2 sample2
Success: True
# episodes completed so far: 1899
# successes: 1391 (73.2%)
Current task success rate: 1.0
Current total success rate: 0.732490784623486

Task: pick up the black bowl next to the plate and place it on the plate level2 sample4
Success: True
# episodes completed so far: 1900
# successes: 1392 (73.3%)
Current task success rate: 1.0
Current total success rate: 0.7326315789473684

Task: pick up the black bowl next to the plate and place it on the plate level3 sample1
Success: False
# episodes completed so far: 1901
# successes: 1392 (73.2%)
Current task success rate: 0.0
Current total success rate: 0.7322461862177801

Task: pick up the black bowl next to the plate and place it on the plate level3 sample2
Success: True
# episodes completed so far: 1902
# successes: 1393 (73.2%)
Current task success rate: 1.0
Current total success rate: 0.7323869610935857

Task: pick up the black bowl next to the plate and place it on the plate level3 sample3
Success: True
# episodes completed so far: 1903
# successes: 1394 (73.3%)
Current task success rate: 1.0
Current total success rate: 0.7325275880189175

Task: pick up the black bowl next to the plate and place it on the plate level3 sample4
Success: True
# episodes completed so far: 1904
# successes: 1395 (73.3%)
Current task success rate: 1.0
Current total success rate: 0.7326680672268907

Task: pick up the black bowl next to the plate and place it on the plate level4 sample1
Success: False
# episodes completed so far: 1905
# successes: 1395 (73.2%)
Current task success rate: 0.0
Current total success rate: 0.7322834645669292

Task: pick up the black bowl next to the plate and place it on the plate level4 sample2
Success: True
# episodes completed so far: 1906
# successes: 1396 (73.2%)
Current task success rate: 1.0
Current total success rate: 0.7324239244491081

Task: pick up the black bowl next to the plate and place it on the plate level4 sample3
Success: True
# episodes completed so far: 1907
# successes: 1397 (73.3%)
Current task success rate: 1.0
Current total success rate: 0.7325642370214998

Task: pick up the black bowl next to the plate and place it on the plate level4 sample4
Success: True
# episodes completed so far: 1908
# successes: 1398 (73.3%)
Current task success rate: 1.0
Current total success rate: 0.7327044025157232

Task: pick up the black bowl next to the plate and place it on the plate level5 sample1
Success: True
# episodes completed so far: 1909
# successes: 1399 (73.3%)
Current task success rate: 1.0
Current total success rate: 0.7328444211629125

Task: pick up the black bowl next to the plate and place it on the plate level5 sample2
Success: False
# episodes completed so far: 1910
# successes: 1399 (73.2%)
Current task success rate: 0.0
Current total success rate: 0.7324607329842932

Task: pick up the black bowl next to the plate and place it on the plate level5 sample3
Success: False
# episodes completed so far: 1911
# successes: 1399 (73.2%)
Current task success rate: 0.0
Current total success rate: 0.7320774463631606

Task: pick up the black bowl next to the ramekin and place it on the plate add 1
Success: True
# episodes completed so far: 1912
# successes: 1400 (73.2%)
Current task success rate: 1.0
Current total success rate: 0.7322175732217573

Task: pick up the black bowl next to the ramekin and place it on the plate add 10
Success: True
# episodes completed so far: 1913
# successes: 1401 (73.2%)
Current task success rate: 1.0
Current total success rate: 0.7323575535807632

Task: pick up the black bowl next to the ramekin and place it on the plate add 11
Success: True
# episodes completed so far: 1914
# successes: 1402 (73.2%)
Current task success rate: 1.0
Current total success rate: 0.7324973876698014

Task: pick up the black bowl next to the ramekin and place it on the plate add 13
Success: True
# episodes completed so far: 1915
# successes: 1403 (73.3%)
Current task success rate: 1.0
Current total success rate: 0.7326370757180156

Task: pick up the black bowl next to the ramekin and place it on the plate add 15
Success: True
# episodes completed so far: 1916
# successes: 1404 (73.3%)
Current task success rate: 1.0
Current total success rate: 0.732776617954071

Task: pick up the black bowl next to the ramekin and place it on the plate add 16
Success: True
# episodes completed so far: 1917
# successes: 1405 (73.3%)
Current task success rate: 1.0
Current total success rate: 0.7329160146061554

Task: pick up the black bowl next to the ramekin and place it on the plate add 17
Success: True
# episodes completed so far: 1918
# successes: 1406 (73.3%)
Current task success rate: 1.0
Current total success rate: 0.7330552659019812

Task: pick up the black bowl next to the ramekin and place it on the plate add 18
Success: True
# episodes completed so far: 1919
# successes: 1407 (73.3%)
Current task success rate: 1.0
Current total success rate: 0.7331943720687858

Task: pick up the black bowl next to the ramekin and place it on the plate add 19
Success: True
# episodes completed so far: 1920
# successes: 1408 (73.3%)
Current task success rate: 1.0
Current total success rate: 0.7333333333333333

Task: pick up the black bowl next to the ramekin and place it on the plate add 20
Success: True
# episodes completed so far: 1921
# successes: 1409 (73.3%)
Current task success rate: 1.0
Current total success rate: 0.7334721499219157

Task: pick up the black bowl next to the ramekin and place it on the plate add 22
Success: True
# episodes completed so far: 1922
# successes: 1410 (73.4%)
Current task success rate: 1.0
Current total success rate: 0.7336108220603538

Task: pick up the black bowl next to the ramekin and place it on the plate add 23
Success: True
# episodes completed so far: 1923
# successes: 1411 (73.4%)
Current task success rate: 1.0
Current total success rate: 0.733749349973999

Task: pick up the black bowl next to the ramekin and place it on the plate add 24
Success: True
# episodes completed so far: 1924
# successes: 1412 (73.4%)
Current task success rate: 1.0
Current total success rate: 0.7338877338877339

Task: pick up the black bowl next to the ramekin and place it on the plate add 25
Success: True
# episodes completed so far: 1925
# successes: 1413 (73.4%)
Current task success rate: 1.0
Current total success rate: 0.734025974025974

Task: pick up the black bowl next to the ramekin and place it on the plate add 27
Success: True
# episodes completed so far: 1926
# successes: 1414 (73.4%)
Current task success rate: 1.0
Current total success rate: 0.7341640706126688

Task: pick up the black bowl next to the ramekin and place it on the plate add 28
Success: True
# episodes completed so far: 1927
# successes: 1415 (73.4%)
Current task success rate: 1.0
Current total success rate: 0.7343020238713025

Task: pick up the black bowl next to the ramekin and place it on the plate add 29
Success: False
# episodes completed so far: 1928
# successes: 1415 (73.4%)
Current task success rate: 0.0
Current total success rate: 0.7339211618257261

Task: pick up the black bowl next to the ramekin and place it on the plate add 30
Success: True
# episodes completed so far: 1929
# successes: 1416 (73.4%)
Current task success rate: 1.0
Current total success rate: 0.7340590979782271

Task: pick up the black bowl next to the ramekin and place it on the plate level1 sample2
Success: True
# episodes completed so far: 1930
# successes: 1417 (73.4%)
Current task success rate: 1.0
Current total success rate: 0.7341968911917098

Task: pick up the black bowl next to the ramekin and place it on the plate level1 sample3
Success: True
# episodes completed so far: 1931
# successes: 1418 (73.4%)
Current task success rate: 1.0
Current total success rate: 0.7343345416882444

Task: pick up the black bowl next to the ramekin and place it on the plate level1 sample4
Success: True
# episodes completed so far: 1932
# successes: 1419 (73.4%)
Current task success rate: 1.0
Current total success rate: 0.734472049689441

Task: pick up the black bowl next to the ramekin and place it on the plate level2 sample1
Success: True
# episodes completed so far: 1933
# successes: 1420 (73.5%)
Current task success rate: 1.0
Current total success rate: 0.7346094154164511

Task: pick up the black bowl next to the ramekin and place it on the plate level2 sample2
Success: True
# episodes completed so far: 1934
# successes: 1421 (73.5%)
Current task success rate: 1.0
Current total success rate: 0.734746639089969

Task: pick up the black bowl next to the ramekin and place it on the plate level2 sample3
Success: True
# episodes completed so far: 1935
# successes: 1422 (73.5%)
Current task success rate: 1.0
Current total success rate: 0.7348837209302326

Task: pick up the black bowl next to the ramekin and place it on the plate level2 sample4
Success: True
# episodes completed so far: 1936
# successes: 1423 (73.5%)
Current task success rate: 1.0
Current total success rate: 0.7350206611570248

Task: pick up the black bowl next to the ramekin and place it on the plate level3 sample1
Success: True
# episodes completed so far: 1937
# successes: 1424 (73.5%)
Current task success rate: 1.0
Current total success rate: 0.7351574599896747

Task: pick up the black bowl next to the ramekin and place it on the plate level3 sample2
Success: True
# episodes completed so far: 1938
# successes: 1425 (73.5%)
Current task success rate: 1.0
Current total success rate: 0.7352941176470589

Task: pick up the black bowl next to the ramekin and place it on the plate level3 sample3
Success: True
# episodes completed so far: 1939
# successes: 1426 (73.5%)
Current task success rate: 1.0
Current total success rate: 0.7354306343476018

Task: pick up the black bowl next to the ramekin and place it on the plate level3 sample4
Success: True
# episodes completed so far: 1940
# successes: 1427 (73.6%)
Current task success rate: 1.0
Current total success rate: 0.7355670103092784

Task: pick up the black bowl next to the ramekin and place it on the plate level4 sample1
Success: True
# episodes completed so far: 1941
# successes: 1428 (73.6%)
Current task success rate: 1.0
Current total success rate: 0.7357032457496137

Task: pick up the black bowl next to the ramekin and place it on the plate level4 sample2
Success: True
# episodes completed so far: 1942
# successes: 1429 (73.6%)
Current task success rate: 1.0
Current total success rate: 0.7358393408856848

Task: pick up the black bowl next to the ramekin and place it on the plate level4 sample3
Success: True
# episodes completed so far: 1943
# successes: 1430 (73.6%)
Current task success rate: 1.0
Current total success rate: 0.7359752959341225

Task: pick up the black bowl next to the ramekin and place it on the plate level4 sample4
Success: True
# episodes completed so far: 1944
# successes: 1431 (73.6%)
Current task success rate: 1.0
Current total success rate: 0.7361111111111112

Task: pick up the black bowl next to the ramekin and place it on the plate level5 sample1
Success: True
# episodes completed so far: 1945
# successes: 1432 (73.6%)
Current task success rate: 1.0
Current total success rate: 0.7362467866323907

Task: pick up the black bowl next to the ramekin and place it on the plate level5 sample2
Success: True
# episodes completed so far: 1946
# successes: 1433 (73.6%)
Current task success rate: 1.0
Current total success rate: 0.736382322713258

Task: pick up the black bowl next to the ramekin and place it on the plate level5 sample3
Success: True
# episodes completed so far: 1947
# successes: 1434 (73.7%)
Current task success rate: 1.0
Current total success rate: 0.736517719568567

Task: pick up the black bowl next to the ramekin and place it on the plate level5 sample4
Success: True
# episodes completed so far: 1948
# successes: 1435 (73.7%)
Current task success rate: 1.0
Current total success rate: 0.7366529774127311

Task: pick up the black bowl on the cookie box and place it on the plate add 10
Success: True
# episodes completed so far: 1949
# successes: 1436 (73.7%)
Current task success rate: 1.0
Current total success rate: 0.736788096459723

Task: pick up the black bowl on the cookie box and place it on the plate add 11
Success: True
# episodes completed so far: 1950
# successes: 1437 (73.7%)
Current task success rate: 1.0
Current total success rate: 0.7369230769230769

Task: pick up the black bowl on the cookie box and place it on the plate add 12
Success: True
# episodes completed so far: 1951
# successes: 1438 (73.7%)
Current task success rate: 1.0
Current total success rate: 0.7370579190158892

Task: pick up the black bowl on the cookie box and place it on the plate add 13
Success: True
# episodes completed so far: 1952
# successes: 1439 (73.7%)
Current task success rate: 1.0
Current total success rate: 0.7371926229508197

Task: pick up the black bowl on the cookie box and place it on the plate add 14
Success: True
# episodes completed so far: 1953
# successes: 1440 (73.7%)
Current task success rate: 1.0
Current total success rate: 0.7373271889400922

Task: pick up the black bowl on the cookie box and place it on the plate add 16
Success: True
# episodes completed so far: 1954
# successes: 1441 (73.7%)
Current task success rate: 1.0
Current total success rate: 0.7374616171954964

Task: pick up the black bowl on the cookie box and place it on the plate add 17
Success: True
# episodes completed so far: 1955
# successes: 1442 (73.8%)
Current task success rate: 1.0
Current total success rate: 0.7375959079283887

Task: pick up the black bowl on the cookie box and place it on the plate add 18
Success: True
# episodes completed so far: 1956
# successes: 1443 (73.8%)
Current task success rate: 1.0
Current total success rate: 0.7377300613496932

Task: pick up the black bowl on the cookie box and place it on the plate add 19
Success: True
# episodes completed so far: 1957
# successes: 1444 (73.8%)
Current task success rate: 1.0
Current total success rate: 0.7378640776699029

Task: pick up the black bowl on the cookie box and place it on the plate add 20
Success: True
# episodes completed so far: 1958
# successes: 1445 (73.8%)
Current task success rate: 1.0
Current total success rate: 0.7379979570990807

Task: pick up the black bowl on the cookie box and place it on the plate add 21
Success: True
# episodes completed so far: 1959
# successes: 1446 (73.8%)
Current task success rate: 1.0
Current total success rate: 0.7381316998468607

Task: pick up the black bowl on the cookie box and place it on the plate add 22
Success: True
# episodes completed so far: 1960
# successes: 1447 (73.8%)
Current task success rate: 1.0
Current total success rate: 0.738265306122449

Task: pick up the black bowl on the cookie box and place it on the plate add 23
Success: True
# episodes completed so far: 1961
# successes: 1448 (73.8%)
Current task success rate: 1.0
Current total success rate: 0.7383987761346252

Task: pick up the black bowl on the cookie box and place it on the plate add 24
Success: True
# episodes completed so far: 1962
# successes: 1449 (73.9%)
Current task success rate: 1.0
Current total success rate: 0.7385321100917431

Task: pick up the black bowl on the cookie box and place it on the plate add 25
Success: True
# episodes completed so far: 1963
# successes: 1450 (73.9%)
Current task success rate: 1.0
Current total success rate: 0.738665308201732

Task: pick up the black bowl on the cookie box and place it on the plate add 26
Success: True
# episodes completed so far: 1964
# successes: 1451 (73.9%)
Current task success rate: 1.0
Current total success rate: 0.7387983706720977

Task: pick up the black bowl on the cookie box and place it on the plate add 27
Success: True
# episodes completed so far: 1965
# successes: 1452 (73.9%)
Current task success rate: 1.0
Current total success rate: 0.7389312977099237

Task: pick up the black bowl on the cookie box and place it on the plate add 28
Success: True
# episodes completed so far: 1966
# successes: 1453 (73.9%)
Current task success rate: 1.0
Current total success rate: 0.7390640895218719

Task: pick up the black bowl on the cookie box and place it on the plate add 29
Success: False
# episodes completed so far: 1967
# successes: 1453 (73.9%)
Current task success rate: 0.0
Current total success rate: 0.7386883579054397

Task: pick up the black bowl on the cookie box and place it on the plate add 3
Success: True
# episodes completed so far: 1968
# successes: 1454 (73.9%)
Current task success rate: 1.0
Current total success rate: 0.7388211382113821

Task: pick up the black bowl on the cookie box and place it on the plate add 30
Success: True
# episodes completed so far: 1969
# successes: 1455 (73.9%)
Current task success rate: 1.0
Current total success rate: 0.7389537836465211

Task: pick up the black bowl on the cookie box and place it on the plate add 4
Success: True
# episodes completed so far: 1970
# successes: 1456 (73.9%)
Current task success rate: 1.0
Current total success rate: 0.7390862944162436

Task: pick up the black bowl on the cookie box and place it on the plate add 5
Success: True
# episodes completed so far: 1971
# successes: 1457 (73.9%)
Current task success rate: 1.0
Current total success rate: 0.73921867072552

Task: pick up the black bowl on the cookie box and place it on the plate add 8
Success: True
# episodes completed so far: 1972
# successes: 1458 (73.9%)
Current task success rate: 1.0
Current total success rate: 0.7393509127789046

Task: pick up the black bowl on the cookie box and place it on the plate add 9
Success: True
# episodes completed so far: 1973
# successes: 1459 (73.9%)
Current task success rate: 1.0
Current total success rate: 0.7394830207805373

Task: pick up the black bowl on the cookie box and place it on the plate level1 sample1
Success: True
# episodes completed so far: 1974
# successes: 1460 (74.0%)
Current task success rate: 1.0
Current total success rate: 0.7396149949341438

Task: pick up the black bowl on the cookie box and place it on the plate level1 sample2
Success: True
# episodes completed so far: 1975
# successes: 1461 (74.0%)
Current task success rate: 1.0
Current total success rate: 0.739746835443038

Task: pick up the black bowl on the cookie box and place it on the plate level1 sample3
Success: True
# episodes completed so far: 1976
# successes: 1462 (74.0%)
Current task success rate: 1.0
Current total success rate: 0.7398785425101214

Task: pick up the black bowl on the cookie box and place it on the plate level1 sample4
Success: True
# episodes completed so far: 1977
# successes: 1463 (74.0%)
Current task success rate: 1.0
Current total success rate: 0.7400101163378857

Task: pick up the black bowl on the cookie box and place it on the plate level2 sample1
Success: True
# episodes completed so far: 1978
# successes: 1464 (74.0%)
Current task success rate: 1.0
Current total success rate: 0.7401415571284126

Task: pick up the black bowl on the cookie box and place it on the plate level2 sample2
Success: True
# episodes completed so far: 1979
# successes: 1465 (74.0%)
Current task success rate: 1.0
Current total success rate: 0.7402728650833754

Task: pick up the black bowl on the cookie box and place it on the plate level2 sample3
Success: True
# episodes completed so far: 1980
# successes: 1466 (74.0%)
Current task success rate: 1.0
Current total success rate: 0.7404040404040404

Task: pick up the black bowl on the cookie box and place it on the plate level2 sample4
Success: True
# episodes completed so far: 1981
# successes: 1467 (74.1%)
Current task success rate: 1.0
Current total success rate: 0.740535083291267

Task: pick up the black bowl on the cookie box and place it on the plate level3 sample1
Success: True
# episodes completed so far: 1982
# successes: 1468 (74.1%)
Current task success rate: 1.0
Current total success rate: 0.7406659939455096

Task: pick up the black bowl on the cookie box and place it on the plate level3 sample2
Success: True
# episodes completed so far: 1983
# successes: 1469 (74.1%)
Current task success rate: 1.0
Current total success rate: 0.740796772566818

Task: pick up the black bowl on the cookie box and place it on the plate level3 sample3
Success: True
# episodes completed so far: 1984
# successes: 1470 (74.1%)
Current task success rate: 1.0
Current total success rate: 0.7409274193548387

Task: pick up the black bowl on the cookie box and place it on the plate level3 sample4
Success: True
# episodes completed so far: 1985
# successes: 1471 (74.1%)
Current task success rate: 1.0
Current total success rate: 0.7410579345088161

Task: pick up the black bowl on the cookie box and place it on the plate level4 sample1
Success: True
# episodes completed so far: 1986
# successes: 1472 (74.1%)
Current task success rate: 1.0
Current total success rate: 0.7411883182275931

Task: pick up the black bowl on the cookie box and place it on the plate level4 sample2
Success: True
# episodes completed so far: 1987
# successes: 1473 (74.1%)
Current task success rate: 1.0
Current total success rate: 0.7413185707096125

Task: pick up the black bowl on the cookie box and place it on the plate level4 sample3
Success: True
# episodes completed so far: 1988
# successes: 1474 (74.1%)
Current task success rate: 1.0
Current total success rate: 0.7414486921529175

Task: pick up the black bowl on the cookie box and place it on the plate level4 sample4
Success: True
# episodes completed so far: 1989
# successes: 1475 (74.2%)
Current task success rate: 1.0
Current total success rate: 0.7415786827551534

Task: pick up the black bowl on the cookie box and place it on the plate level5 sample1
Success: True
# episodes completed so far: 1990
# successes: 1476 (74.2%)
Current task success rate: 1.0
Current total success rate: 0.7417085427135678

Task: pick up the black bowl on the cookie box and place it on the plate level5 sample2
Success: True
# episodes completed so far: 1991
# successes: 1477 (74.2%)
Current task success rate: 1.0
Current total success rate: 0.7418382722250125

Task: pick up the black bowl on the cookie box and place it on the plate level5 sample3
Success: True
# episodes completed so far: 1992
# successes: 1478 (74.2%)
Current task success rate: 1.0
Current total success rate: 0.7419678714859438

Task: pick up the black bowl on the cookie box and place it on the plate level5 sample4
Success: True
# episodes completed so far: 1993
# successes: 1479 (74.2%)
Current task success rate: 1.0
Current total success rate: 0.7420973406924235

Task: pick up the black bowl on the ramekin and place it on the plate add 1
Success: True
# episodes completed so far: 1994
# successes: 1480 (74.2%)
Current task success rate: 1.0
Current total success rate: 0.7422266800401204

Task: pick up the black bowl on the ramekin and place it on the plate add 10
Success: True
# episodes completed so far: 1995
# successes: 1481 (74.2%)
Current task success rate: 1.0
Current total success rate: 0.7423558897243108

Task: pick up the black bowl on the ramekin and place it on the plate add 11
Success: True
# episodes completed so far: 1996
# successes: 1482 (74.2%)
Current task success rate: 1.0
Current total success rate: 0.7424849699398798

Task: pick up the black bowl on the ramekin and place it on the plate add 12
Success: True
# episodes completed so far: 1997
# successes: 1483 (74.3%)
Current task success rate: 1.0
Current total success rate: 0.7426139208813219

Task: pick up the black bowl on the ramekin and place it on the plate add 13
Success: True
# episodes completed so far: 1998
# successes: 1484 (74.3%)
Current task success rate: 1.0
Current total success rate: 0.7427427427427428

Task: pick up the black bowl on the ramekin and place it on the plate add 14
Success: True
# episodes completed so far: 1999
# successes: 1485 (74.3%)
Current task success rate: 1.0
Current total success rate: 0.742871435717859

Task: pick up the black bowl on the ramekin and place it on the plate add 15
Success: True
# episodes completed so far: 2000
# successes: 1486 (74.3%)
Current task success rate: 1.0
Current total success rate: 0.743

Task: pick up the black bowl on the ramekin and place it on the plate add 16
Success: True
# episodes completed so far: 2001
# successes: 1487 (74.3%)
Current task success rate: 1.0
Current total success rate: 0.743128435782109

Task: pick up the black bowl on the ramekin and place it on the plate add 18
Success: True
# episodes completed so far: 2002
# successes: 1488 (74.3%)
Current task success rate: 1.0
Current total success rate: 0.7432567432567433

Task: pick up the black bowl on the ramekin and place it on the plate add 20
Success: True
# episodes completed so far: 2003
# successes: 1489 (74.3%)
Current task success rate: 1.0
Current total success rate: 0.7433849226160759

Task: pick up the black bowl on the ramekin and place it on the plate add 21
Success: True
# episodes completed so far: 2004
# successes: 1490 (74.4%)
Current task success rate: 1.0
Current total success rate: 0.7435129740518962

Task: pick up the black bowl on the ramekin and place it on the plate add 22
Success: True
# episodes completed so far: 2005
# successes: 1491 (74.4%)
Current task success rate: 1.0
Current total success rate: 0.7436408977556109

Task: pick up the black bowl on the ramekin and place it on the plate add 23
Success: True
# episodes completed so far: 2006
# successes: 1492 (74.4%)
Current task success rate: 1.0
Current total success rate: 0.7437686939182453

Task: pick up the black bowl on the ramekin and place it on the plate add 24
Success: True
# episodes completed so far: 2007
# successes: 1493 (74.4%)
Current task success rate: 1.0
Current total success rate: 0.7438963627304435

Task: pick up the black bowl on the ramekin and place it on the plate add 25
Success: True
# episodes completed so far: 2008
# successes: 1494 (74.4%)
Current task success rate: 1.0
Current total success rate: 0.7440239043824701

Task: pick up the black bowl on the ramekin and place it on the plate add 28
Success: True
# episodes completed so far: 2009
# successes: 1495 (74.4%)
Current task success rate: 1.0
Current total success rate: 0.7441513190642111

Task: pick up the black bowl on the ramekin and place it on the plate add 3
Success: True
# episodes completed so far: 2010
# successes: 1496 (74.4%)
Current task success rate: 1.0
Current total success rate: 0.7442786069651741

Task: pick up the black bowl on the ramekin and place it on the plate add 30
Success: True
# episodes completed so far: 2011
# successes: 1497 (74.4%)
Current task success rate: 1.0
Current total success rate: 0.7444057682744903

Task: pick up the black bowl on the ramekin and place it on the plate add 4
Success: True
# episodes completed so far: 2012
# successes: 1498 (74.5%)
Current task success rate: 1.0
Current total success rate: 0.7445328031809145

Task: pick up the black bowl on the ramekin and place it on the plate add 5
Success: True
# episodes completed so far: 2013
# successes: 1499 (74.5%)
Current task success rate: 1.0
Current total success rate: 0.7446597118728266

Task: pick up the black bowl on the ramekin and place it on the plate add 6
Success: True
# episodes completed so far: 2014
# successes: 1500 (74.5%)
Current task success rate: 1.0
Current total success rate: 0.7447864945382324

Task: pick up the black bowl on the ramekin and place it on the plate add 7
Success: True
# episodes completed so far: 2015
# successes: 1501 (74.5%)
Current task success rate: 1.0
Current total success rate: 0.7449131513647642

Task: pick up the black bowl on the ramekin and place it on the plate add 8
Success: True
# episodes completed so far: 2016
# successes: 1502 (74.5%)
Current task success rate: 1.0
Current total success rate: 0.7450396825396826

Task: pick up the black bowl on the ramekin and place it on the plate add 9
Success: True
# episodes completed so far: 2017
# successes: 1503 (74.5%)
Current task success rate: 1.0
Current total success rate: 0.7451660882498761

Task: pick up the black bowl on the ramekin and place it on the plate level1 sample2
Success: True
# episodes completed so far: 2018
# successes: 1504 (74.5%)
Current task success rate: 1.0
Current total success rate: 0.7452923686818632

Task: pick up the black bowl on the ramekin and place it on the plate level2 sample1
Success: True
# episodes completed so far: 2019
# successes: 1505 (74.5%)
Current task success rate: 1.0
Current total success rate: 0.745418524021793

Task: pick up the black bowl on the ramekin and place it on the plate level2 sample2
Success: True
# episodes completed so far: 2020
# successes: 1506 (74.6%)
Current task success rate: 1.0
Current total success rate: 0.7455445544554455

Task: pick up the black bowl on the ramekin and place it on the plate level2 sample3
Success: True
# episodes completed so far: 2021
# successes: 1507 (74.6%)
Current task success rate: 1.0
Current total success rate: 0.7456704601682336

Task: pick up the black bowl on the ramekin and place it on the plate level2 sample4
Success: True
# episodes completed so far: 2022
# successes: 1508 (74.6%)
Current task success rate: 1.0
Current total success rate: 0.7457962413452027

Task: pick up the black bowl on the ramekin and place it on the plate level3 sample1
Success: True
# episodes completed so far: 2023
# successes: 1509 (74.6%)
Current task success rate: 1.0
Current total success rate: 0.7459218981710332

Task: pick up the black bowl on the ramekin and place it on the plate level3 sample2
Success: True
# episodes completed so far: 2024
# successes: 1510 (74.6%)
Current task success rate: 1.0
Current total success rate: 0.7460474308300395

Task: pick up the black bowl on the ramekin and place it on the plate level3 sample3
Success: False
# episodes completed so far: 2025
# successes: 1510 (74.6%)
Current task success rate: 0.0
Current total success rate: 0.745679012345679

Task: pick up the black bowl on the ramekin and place it on the plate level3 sample4
Success: True
# episodes completed so far: 2026
# successes: 1511 (74.6%)
Current task success rate: 1.0
Current total success rate: 0.7458045409674235

Task: pick up the black bowl on the ramekin and place it on the plate level4 sample1
Success: True
# episodes completed so far: 2027
# successes: 1512 (74.6%)
Current task success rate: 1.0
Current total success rate: 0.7459299457326097

Task: pick up the black bowl on the ramekin and place it on the plate level4 sample2
Success: True
# episodes completed so far: 2028
# successes: 1513 (74.6%)
Current task success rate: 1.0
Current total success rate: 0.7460552268244576

Task: pick up the black bowl on the ramekin and place it on the plate level4 sample3
Success: True
# episodes completed so far: 2029
# successes: 1514 (74.6%)
Current task success rate: 1.0
Current total success rate: 0.7461803844258256

Task: pick up the black bowl on the ramekin and place it on the plate level5 sample1
Success: True
# episodes completed so far: 2030
# successes: 1515 (74.6%)
Current task success rate: 1.0
Current total success rate: 0.7463054187192119

Task: pick up the black bowl on the ramekin and place it on the plate level5 sample2
Success: False
# episodes completed so far: 2031
# successes: 1515 (74.6%)
Current task success rate: 0.0
Current total success rate: 0.7459379615952733

Task: pick up the black bowl on the ramekin and place it on the plate level5 sample3
Success: False
# episodes completed so far: 2032
# successes: 1515 (74.6%)
Current task success rate: 0.0
Current total success rate: 0.7455708661417323

Task: pick up the black bowl on the ramekin and place it on the plate level5 sample4
Success: True
# episodes completed so far: 2033
# successes: 1516 (74.6%)
Current task success rate: 1.0
Current total success rate: 0.7456960157402853

Task: pick up the black bowl on the stove and place it on the plate add 12
Success: True
# episodes completed so far: 2034
# successes: 1517 (74.6%)
Current task success rate: 1.0
Current total success rate: 0.7458210422812193

Task: pick up the black bowl on the stove and place it on the plate add 13
Success: True
# episodes completed so far: 2035
# successes: 1518 (74.6%)
Current task success rate: 1.0
Current total success rate: 0.745945945945946

Task: pick up the black bowl on the stove and place it on the plate add 14
Success: True
# episodes completed so far: 2036
# successes: 1519 (74.6%)
Current task success rate: 1.0
Current total success rate: 0.7460707269155207

Task: pick up the black bowl on the stove and place it on the plate add 16
Success: True
# episodes completed so far: 2037
# successes: 1520 (74.6%)
Current task success rate: 1.0
Current total success rate: 0.7461953853706431

Task: pick up the black bowl on the stove and place it on the plate add 17
Success: True
# episodes completed so far: 2038
# successes: 1521 (74.6%)
Current task success rate: 1.0
Current total success rate: 0.7463199214916585

Task: pick up the black bowl on the stove and place it on the plate add 18
Success: True
# episodes completed so far: 2039
# successes: 1522 (74.6%)
Current task success rate: 1.0
Current total success rate: 0.7464443354585582

Task: pick up the black bowl on the stove and place it on the plate add 19
Success: True
# episodes completed so far: 2040
# successes: 1523 (74.7%)
Current task success rate: 1.0
Current total success rate: 0.7465686274509804

Task: pick up the black bowl on the stove and place it on the plate add 20
Success: True
# episodes completed so far: 2041
# successes: 1524 (74.7%)
Current task success rate: 1.0
Current total success rate: 0.7466927976482116

Task: pick up the black bowl on the stove and place it on the plate add 21
Success: True
# episodes completed so far: 2042
# successes: 1525 (74.7%)
Current task success rate: 1.0
Current total success rate: 0.7468168462291871

Task: pick up the black bowl on the stove and place it on the plate add 22
Success: True
# episodes completed so far: 2043
# successes: 1526 (74.7%)
Current task success rate: 1.0
Current total success rate: 0.7469407733724914

Task: pick up the black bowl on the stove and place it on the plate add 24
Success: True
# episodes completed so far: 2044
# successes: 1527 (74.7%)
Current task success rate: 1.0
Current total success rate: 0.74706457925636

Task: pick up the black bowl on the stove and place it on the plate add 25
Success: True
# episodes completed so far: 2045
# successes: 1528 (74.7%)
Current task success rate: 1.0
Current total success rate: 0.7471882640586797

Task: pick up the black bowl on the stove and place it on the plate add 26
Success: True
# episodes completed so far: 2046
# successes: 1529 (74.7%)
Current task success rate: 1.0
Current total success rate: 0.7473118279569892

Task: pick up the black bowl on the stove and place it on the plate add 28
Success: True
# episodes completed so far: 2047
# successes: 1530 (74.7%)
Current task success rate: 1.0
Current total success rate: 0.7474352711284807

Task: pick up the black bowl on the stove and place it on the plate add 4
Success: True
# episodes completed so far: 2048
# successes: 1531 (74.8%)
Current task success rate: 1.0
Current total success rate: 0.74755859375

Task: pick up the black bowl on the stove and place it on the plate add 5
Success: True
# episodes completed so far: 2049
# successes: 1532 (74.8%)
Current task success rate: 1.0
Current total success rate: 0.7476817959980478

Task: pick up the black bowl on the stove and place it on the plate add 7
Success: True
# episodes completed so far: 2050
# successes: 1533 (74.8%)
Current task success rate: 1.0
Current total success rate: 0.7478048780487805

Task: pick up the black bowl on the stove and place it on the plate add 8
Success: True
# episodes completed so far: 2051
# successes: 1534 (74.8%)
Current task success rate: 1.0
Current total success rate: 0.7479278400780107

Task: pick up the black bowl on the stove and place it on the plate level1 sample1
Success: True
# episodes completed so far: 2052
# successes: 1535 (74.8%)
Current task success rate: 1.0
Current total success rate: 0.7480506822612085

Task: pick up the black bowl on the stove and place it on the plate level1 sample2
Success: True
# episodes completed so far: 2053
# successes: 1536 (74.8%)
Current task success rate: 1.0
Current total success rate: 0.7481734047735021

Task: pick up the black bowl on the stove and place it on the plate level1 sample3
Success: True
# episodes completed so far: 2054
# successes: 1537 (74.8%)
Current task success rate: 1.0
Current total success rate: 0.7482960077896786

Task: pick up the black bowl on the stove and place it on the plate level1 sample4
Success: True
# episodes completed so far: 2055
# successes: 1538 (74.8%)
Current task success rate: 1.0
Current total success rate: 0.7484184914841849

Task: pick up the black bowl on the stove and place it on the plate level2 sample1
Success: True
# episodes completed so far: 2056
# successes: 1539 (74.9%)
Current task success rate: 1.0
Current total success rate: 0.7485408560311284

Task: pick up the black bowl on the stove and place it on the plate level2 sample2
Success: True
# episodes completed so far: 2057
# successes: 1540 (74.9%)
Current task success rate: 1.0
Current total success rate: 0.7486631016042781

Task: pick up the black bowl on the stove and place it on the plate level2 sample3
Success: True
# episodes completed so far: 2058
# successes: 1541 (74.9%)
Current task success rate: 1.0
Current total success rate: 0.7487852283770651

Task: pick up the black bowl on the stove and place it on the plate level2 sample4
Success: True
# episodes completed so far: 2059
# successes: 1542 (74.9%)
Current task success rate: 1.0
Current total success rate: 0.7489072365225837

Task: pick up the black bowl on the stove and place it on the plate level3 sample2
Success: True
# episodes completed so far: 2060
# successes: 1543 (74.9%)
Current task success rate: 1.0
Current total success rate: 0.7490291262135922

Task: pick up the black bowl on the stove and place it on the plate level3 sample3
Success: True
# episodes completed so far: 2061
# successes: 1544 (74.9%)
Current task success rate: 1.0
Current total success rate: 0.7491508976225133

Task: pick up the black bowl on the stove and place it on the plate level3 sample4
Success: True
# episodes completed so far: 2062
# successes: 1545 (74.9%)
Current task success rate: 1.0
Current total success rate: 0.7492725509214355

Task: pick up the black bowl on the stove and place it on the plate level4 sample2
Success: True
# episodes completed so far: 2063
# successes: 1546 (74.9%)
Current task success rate: 1.0
Current total success rate: 0.7493940862821135

Task: pick up the black bowl on the stove and place it on the plate level4 sample3
Success: True
# episodes completed so far: 2064
# successes: 1547 (75.0%)
Current task success rate: 1.0
Current total success rate: 0.749515503875969

Task: pick up the black bowl on the stove and place it on the plate level4 sample4
Success: True
# episodes completed so far: 2065
# successes: 1548 (75.0%)
Current task success rate: 1.0
Current total success rate: 0.749636803874092

Task: pick up the black bowl on the stove and place it on the plate level5 sample1
Success: True
# episodes completed so far: 2066
# successes: 1549 (75.0%)
Current task success rate: 1.0
Current total success rate: 0.749757986447241

Task: pick up the black bowl on the stove and place it on the plate level5 sample4
Success: True
# episodes completed so far: 2067
# successes: 1550 (75.0%)
Current task success rate: 1.0
Current total success rate: 0.7498790517658442

Task: pick up the black bowl on the wooden cabinet and place it on the plate add 1
Success: True
# episodes completed so far: 2068
# successes: 1551 (75.0%)
Current task success rate: 1.0
Current total success rate: 0.75

Task: pick up the black bowl on the wooden cabinet and place it on the plate add 11
Success: True
# episodes completed so far: 2069
# successes: 1552 (75.0%)
Current task success rate: 1.0
Current total success rate: 0.750120831319478

Task: pick up the black bowl on the wooden cabinet and place it on the plate add 12
Success: True
# episodes completed so far: 2070
# successes: 1553 (75.0%)
Current task success rate: 1.0
Current total success rate: 0.7502415458937198

Task: pick up the black bowl on the wooden cabinet and place it on the plate add 14
Success: True
# episodes completed so far: 2071
# successes: 1554 (75.0%)
Current task success rate: 1.0
Current total success rate: 0.7503621438918396

Task: pick up the black bowl on the wooden cabinet and place it on the plate add 15
Success: True
# episodes completed so far: 2072
# successes: 1555 (75.0%)
Current task success rate: 1.0
Current total success rate: 0.7504826254826255

Task: pick up the black bowl on the wooden cabinet and place it on the plate add 16
Success: True
# episodes completed so far: 2073
# successes: 1556 (75.1%)
Current task success rate: 1.0
Current total success rate: 0.7506029908345393

Task: pick up the black bowl on the wooden cabinet and place it on the plate add 18
Success: True
# episodes completed so far: 2074
# successes: 1557 (75.1%)
Current task success rate: 1.0
Current total success rate: 0.7507232401157184

Task: pick up the black bowl on the wooden cabinet and place it on the plate add 19
Success: True
# episodes completed so far: 2075
# successes: 1558 (75.1%)
Current task success rate: 1.0
Current total success rate: 0.7508433734939759

Task: pick up the black bowl on the wooden cabinet and place it on the plate add 2
Success: True
# episodes completed so far: 2076
# successes: 1559 (75.1%)
Current task success rate: 1.0
Current total success rate: 0.7509633911368016

Task: pick up the black bowl on the wooden cabinet and place it on the plate add 20
Success: True
# episodes completed so far: 2077
# successes: 1560 (75.1%)
Current task success rate: 1.0
Current total success rate: 0.7510832932113626

Task: pick up the black bowl on the wooden cabinet and place it on the plate add 21
Success: True
# episodes completed so far: 2078
# successes: 1561 (75.1%)
Current task success rate: 1.0
Current total success rate: 0.7512030798845043

Task: pick up the black bowl on the wooden cabinet and place it on the plate add 22
Success: True
# episodes completed so far: 2079
# successes: 1562 (75.1%)
Current task success rate: 1.0
Current total success rate: 0.7513227513227513

Task: pick up the black bowl on the wooden cabinet and place it on the plate add 24
Success: True
# episodes completed so far: 2080
# successes: 1563 (75.1%)
Current task success rate: 1.0
Current total success rate: 0.7514423076923077

Task: pick up the black bowl on the wooden cabinet and place it on the plate add 25
Success: True
# episodes completed so far: 2081
# successes: 1564 (75.2%)
Current task success rate: 1.0
Current total success rate: 0.7515617491590582

Task: pick up the black bowl on the wooden cabinet and place it on the plate add 26
Success: True
# episodes completed so far: 2082
# successes: 1565 (75.2%)
Current task success rate: 1.0
Current total success rate: 0.7516810758885687

Task: pick up the black bowl on the wooden cabinet and place it on the plate add 28
Success: True
# episodes completed so far: 2083
# successes: 1566 (75.2%)
Current task success rate: 1.0
Current total success rate: 0.7518002880460873

Task: pick up the black bowl on the wooden cabinet and place it on the plate add 3
Success: True
# episodes completed so far: 2084
# successes: 1567 (75.2%)
Current task success rate: 1.0
Current total success rate: 0.7519193857965452

Task: pick up the black bowl on the wooden cabinet and place it on the plate add 30
Success: True
# episodes completed so far: 2085
# successes: 1568 (75.2%)
Current task success rate: 1.0
Current total success rate: 0.7520383693045564

Task: pick up the black bowl on the wooden cabinet and place it on the plate add 4
Success: True
# episodes completed so far: 2086
# successes: 1569 (75.2%)
Current task success rate: 1.0
Current total success rate: 0.75215723873442

Task: pick up the black bowl on the wooden cabinet and place it on the plate add 5
Success: True
# episodes completed so far: 2087
# successes: 1570 (75.2%)
Current task success rate: 1.0
Current total success rate: 0.7522759942501198

Task: pick up the black bowl on the wooden cabinet and place it on the plate add 6
Success: True
# episodes completed so far: 2088
# successes: 1571 (75.2%)
Current task success rate: 1.0
Current total success rate: 0.7523946360153256

Task: pick up the black bowl on the wooden cabinet and place it on the plate add 7
Success: True
# episodes completed so far: 2089
# successes: 1572 (75.3%)
Current task success rate: 1.0
Current total success rate: 0.752513164193394

Task: pick up the black bowl on the wooden cabinet and place it on the plate add 8
Success: True
# episodes completed so far: 2090
# successes: 1573 (75.3%)
Current task success rate: 1.0
Current total success rate: 0.7526315789473684

Task: pick up the black bowl on the wooden cabinet and place it on the plate add 9
Success: True
# episodes completed so far: 2091
# successes: 1574 (75.3%)
Current task success rate: 1.0
Current total success rate: 0.7527498804399809

Task: pick up the black bowl on the wooden cabinet and place it on the plate level1 sample1
Success: True
# episodes completed so far: 2092
# successes: 1575 (75.3%)
Current task success rate: 1.0
Current total success rate: 0.752868068833652

Task: pick up the black bowl on the wooden cabinet and place it on the plate level1 sample2
Success: True
# episodes completed so far: 2093
# successes: 1576 (75.3%)
Current task success rate: 1.0
Current total success rate: 0.7529861442904922

Task: pick up the black bowl on the wooden cabinet and place it on the plate level1 sample4
Success: True
# episodes completed so far: 2094
# successes: 1577 (75.3%)
Current task success rate: 1.0
Current total success rate: 0.7531041069723018

Task: pick up the black bowl on the wooden cabinet and place it on the plate level2 sample1
Success: True
# episodes completed so far: 2095
# successes: 1578 (75.3%)
Current task success rate: 1.0
Current total success rate: 0.7532219570405728

Task: pick up the black bowl on the wooden cabinet and place it on the plate level2 sample2
Success: True
# episodes completed so far: 2096
# successes: 1579 (75.3%)
Current task success rate: 1.0
Current total success rate: 0.7533396946564885

Task: pick up the black bowl on the wooden cabinet and place it on the plate level2 sample3
Success: True
# episodes completed so far: 2097
# successes: 1580 (75.3%)
Current task success rate: 1.0
Current total success rate: 0.7534573199809251

Task: pick up the black bowl on the wooden cabinet and place it on the plate level2 sample4
Success: True
# episodes completed so far: 2098
# successes: 1581 (75.4%)
Current task success rate: 1.0
Current total success rate: 0.7535748331744518

Task: pick up the black bowl on the wooden cabinet and place it on the plate level3 sample1
Success: True
# episodes completed so far: 2099
# successes: 1582 (75.4%)
Current task success rate: 1.0
Current total success rate: 0.753692234397332

Task: pick up the black bowl on the wooden cabinet and place it on the plate level3 sample2
Success: True
# episodes completed so far: 2100
# successes: 1583 (75.4%)
Current task success rate: 1.0
Current total success rate: 0.7538095238095238

Task: pick up the black bowl on the wooden cabinet and place it on the plate level3 sample3
Success: True
# episodes completed so far: 2101
# successes: 1584 (75.4%)
Current task success rate: 1.0
Current total success rate: 0.7539267015706806

Task: pick up the black bowl on the wooden cabinet and place it on the plate level3 sample4
Success: True
# episodes completed so far: 2102
# successes: 1585 (75.4%)
Current task success rate: 1.0
Current total success rate: 0.7540437678401523

Task: pick up the black bowl on the wooden cabinet and place it on the plate level4 sample1
Success: True
# episodes completed so far: 2103
# successes: 1586 (75.4%)
Current task success rate: 1.0
Current total success rate: 0.7541607227769852

Task: pick up the black bowl on the wooden cabinet and place it on the plate level4 sample2
Success: True
# episodes completed so far: 2104
# successes: 1587 (75.4%)
Current task success rate: 1.0
Current total success rate: 0.754277566539924

Task: pick up the black bowl on the wooden cabinet and place it on the plate level4 sample3
Success: True
# episodes completed so far: 2105
# successes: 1588 (75.4%)
Current task success rate: 1.0
Current total success rate: 0.754394299287411

Task: pick up the black bowl on the wooden cabinet and place it on the plate level4 sample4
Success: True
# episodes completed so far: 2106
# successes: 1589 (75.5%)
Current task success rate: 1.0
Current total success rate: 0.7545109211775879

Task: pick up the black bowl on the wooden cabinet and place it on the plate level5 sample1
Success: True
# episodes completed so far: 2107
# successes: 1590 (75.5%)
Current task success rate: 1.0
Current total success rate: 0.7546274323682961

Task: pick up the black bowl on the wooden cabinet and place it on the plate level5 sample2
Success: True
# episodes completed so far: 2108
# successes: 1591 (75.5%)
Current task success rate: 1.0
Current total success rate: 0.7547438330170778

Task: pick up the black bowl on the wooden cabinet and place it on the plate level5 sample3
Success: False
# episodes completed so far: 2109
# successes: 1591 (75.4%)
Current task success rate: 0.0
Current total success rate: 0.7543859649122807

Task: pick up the black bowl on the wooden cabinet and place it on the plate level5 sample4
Success: True
# episodes completed so far: 2110
# successes: 1592 (75.5%)
Current task success rate: 1.0
Current total success rate: 0.7545023696682465

Task: pick up the black bowl between the plate and the ramekin and place it on the plate light 1
Success: True
# episodes completed so far: 2111
# successes: 1593 (75.5%)
Current task success rate: 1.0
Current total success rate: 0.7546186641402179

Task: pick up the black bowl between the plate and the ramekin and place it on the plate light 10
Success: True
# episodes completed so far: 2112
# successes: 1594 (75.5%)
Current task success rate: 1.0
Current total success rate: 0.7547348484848485

Task: pick up the black bowl between the plate and the ramekin and place it on the plate light 11
Success: True
# episodes completed so far: 2113
# successes: 1595 (75.5%)
Current task success rate: 1.0
Current total success rate: 0.754850922858495

Task: pick up the black bowl between the plate and the ramekin and place it on the plate light 12
Success: True
# episodes completed so far: 2114
# successes: 1596 (75.5%)
Current task success rate: 1.0
Current total success rate: 0.7549668874172185

Task: pick up the black bowl between the plate and the ramekin and place it on the plate light 13
Success: True
# episodes completed so far: 2115
# successes: 1597 (75.5%)
Current task success rate: 1.0
Current total success rate: 0.7550827423167848

Task: pick up the black bowl between the plate and the ramekin and place it on the plate light 14
Success: True
# episodes completed so far: 2116
# successes: 1598 (75.5%)
Current task success rate: 1.0
Current total success rate: 0.7551984877126654

Task: pick up the black bowl between the plate and the ramekin and place it on the plate light 15
Success: True
# episodes completed so far: 2117
# successes: 1599 (75.5%)
Current task success rate: 1.0
Current total success rate: 0.7553141237600378

Task: pick up the black bowl between the plate and the ramekin and place it on the plate light 16
Success: True
# episodes completed so far: 2118
# successes: 1600 (75.5%)
Current task success rate: 1.0
Current total success rate: 0.7554296506137866

Task: pick up the black bowl between the plate and the ramekin and place it on the plate light 17
Success: True
# episodes completed so far: 2119
# successes: 1601 (75.6%)
Current task success rate: 1.0
Current total success rate: 0.755545068428504

Task: pick up the black bowl between the plate and the ramekin and place it on the plate light 18
Success: True
# episodes completed so far: 2120
# successes: 1602 (75.6%)
Current task success rate: 1.0
Current total success rate: 0.7556603773584906

Task: pick up the black bowl between the plate and the ramekin and place it on the plate light 19
Success: True
# episodes completed so far: 2121
# successes: 1603 (75.6%)
Current task success rate: 1.0
Current total success rate: 0.7557755775577558

Task: pick up the black bowl between the plate and the ramekin and place it on the plate light 2
Success: True
# episodes completed so far: 2122
# successes: 1604 (75.6%)
Current task success rate: 1.0
Current total success rate: 0.7558906691800189

Task: pick up the black bowl between the plate and the ramekin and place it on the plate light 20
Success: True
# episodes completed so far: 2123
# successes: 1605 (75.6%)
Current task success rate: 1.0
Current total success rate: 0.7560056523787094

Task: pick up the black bowl between the plate and the ramekin and place it on the plate light 21
Success: True
# episodes completed so far: 2124
# successes: 1606 (75.6%)
Current task success rate: 1.0
Current total success rate: 0.756120527306968

Task: pick up the black bowl between the plate and the ramekin and place it on the plate light 24
Success: True
# episodes completed so far: 2125
# successes: 1607 (75.6%)
Current task success rate: 1.0
Current total success rate: 0.756235294117647

Task: pick up the black bowl between the plate and the ramekin and place it on the plate light 25
Success: True
# episodes completed so far: 2126
# successes: 1608 (75.6%)
Current task success rate: 1.0
Current total success rate: 0.7563499529633114

Task: pick up the black bowl between the plate and the ramekin and place it on the plate light 26
Success: True
# episodes completed so far: 2127
# successes: 1609 (75.6%)
Current task success rate: 1.0
Current total success rate: 0.7564645039962389

Task: pick up the black bowl between the plate and the ramekin and place it on the plate light 27
Success: True
# episodes completed so far: 2128
# successes: 1610 (75.7%)
Current task success rate: 1.0
Current total success rate: 0.756578947368421

Task: pick up the black bowl between the plate and the ramekin and place it on the plate light 28
Success: True
# episodes completed so far: 2129
# successes: 1611 (75.7%)
Current task success rate: 1.0
Current total success rate: 0.7566932832315642

Task: pick up the black bowl between the plate and the ramekin and place it on the plate light 29
Success: True
# episodes completed so far: 2130
# successes: 1612 (75.7%)
Current task success rate: 1.0
Current total success rate: 0.7568075117370892

Task: pick up the black bowl between the plate and the ramekin and place it on the plate light 3
Success: True
# episodes completed so far: 2131
# successes: 1613 (75.7%)
Current task success rate: 1.0
Current total success rate: 0.7569216330361332

Task: pick up the black bowl between the plate and the ramekin and place it on the plate light 30
Success: True
# episodes completed so far: 2132
# successes: 1614 (75.7%)
Current task success rate: 1.0
Current total success rate: 0.7570356472795498

Task: pick up the black bowl between the plate and the ramekin and place it on the plate light 31
Success: True
# episodes completed so far: 2133
# successes: 1615 (75.7%)
Current task success rate: 1.0
Current total success rate: 0.757149554617909

Task: pick up the black bowl between the plate and the ramekin and place it on the plate light 33
Success: True
# episodes completed so far: 2134
# successes: 1616 (75.7%)
Current task success rate: 1.0
Current total success rate: 0.7572633552014996

Task: pick up the black bowl between the plate and the ramekin and place it on the plate light 34
Success: True
# episodes completed so far: 2135
# successes: 1617 (75.7%)
Current task success rate: 1.0
Current total success rate: 0.7573770491803279

Task: pick up the black bowl between the plate and the ramekin and place it on the plate light 35
Success: True
# episodes completed so far: 2136
# successes: 1618 (75.7%)
Current task success rate: 1.0
Current total success rate: 0.7574906367041199

Task: pick up the black bowl between the plate and the ramekin and place it on the plate light 36
Success: True
# episodes completed so far: 2137
# successes: 1619 (75.8%)
Current task success rate: 1.0
Current total success rate: 0.757604117922321

Task: pick up the black bowl between the plate and the ramekin and place it on the plate light 38
Success: True
# episodes completed so far: 2138
# successes: 1620 (75.8%)
Current task success rate: 1.0
Current total success rate: 0.7577174929840973

Task: pick up the black bowl between the plate and the ramekin and place it on the plate light 4
Success: True
# episodes completed so far: 2139
# successes: 1621 (75.8%)
Current task success rate: 1.0
Current total success rate: 0.7578307620383357

Task: pick up the black bowl between the plate and the ramekin and place it on the plate light 41
Success: True
# episodes completed so far: 2140
# successes: 1622 (75.8%)
Current task success rate: 1.0
Current total success rate: 0.7579439252336448

Task: pick up the black bowl between the plate and the ramekin and place it on the plate light 42
Success: True
# episodes completed so far: 2141
# successes: 1623 (75.8%)
Current task success rate: 1.0
Current total success rate: 0.7580569827183559

Task: pick up the black bowl between the plate and the ramekin and place it on the plate light 43
Success: False
# episodes completed so far: 2142
# successes: 1623 (75.8%)
Current task success rate: 0.0
Current total success rate: 0.757703081232493

Task: pick up the black bowl between the plate and the ramekin and place it on the plate light 45
Success: True
# episodes completed so far: 2143
# successes: 1624 (75.8%)
Current task success rate: 1.0
Current total success rate: 0.757816145590294

Task: pick up the black bowl between the plate and the ramekin and place it on the plate light 46
Success: True
# episodes completed so far: 2144
# successes: 1625 (75.8%)
Current task success rate: 1.0
Current total success rate: 0.757929104477612

Task: pick up the black bowl between the plate and the ramekin and place it on the plate light 47
Success: True
# episodes completed so far: 2145
# successes: 1626 (75.8%)
Current task success rate: 1.0
Current total success rate: 0.7580419580419581

Task: pick up the black bowl between the plate and the ramekin and place it on the plate light 48
Success: True
# episodes completed so far: 2146
# successes: 1627 (75.8%)
Current task success rate: 1.0
Current total success rate: 0.7581547064305685

Task: pick up the black bowl between the plate and the ramekin and place it on the plate light 49
Success: True
# episodes completed so far: 2147
# successes: 1628 (75.8%)
Current task success rate: 1.0
Current total success rate: 0.7582673497904052

Task: pick up the black bowl between the plate and the ramekin and place it on the plate light 5
Success: True
# episodes completed so far: 2148
# successes: 1629 (75.8%)
Current task success rate: 1.0
Current total success rate: 0.7583798882681564

Task: pick up the black bowl between the plate and the ramekin and place it on the plate light 50
Success: True
# episodes completed so far: 2149
# successes: 1630 (75.8%)
Current task success rate: 1.0
Current total success rate: 0.7584923220102373

Task: pick up the black bowl between the plate and the ramekin and place it on the plate light 7
Success: True
# episodes completed so far: 2150
# successes: 1631 (75.9%)
Current task success rate: 1.0
Current total success rate: 0.7586046511627907

Task: pick up the black bowl between the plate and the ramekin and place it on the plate light 8
Success: True
# episodes completed so far: 2151
# successes: 1632 (75.9%)
Current task success rate: 1.0
Current total success rate: 0.7587168758716876

Task: pick up the black bowl between the plate and the ramekin and place it on the plate light 9
Success: True
# episodes completed so far: 2152
# successes: 1633 (75.9%)
Current task success rate: 1.0
Current total success rate: 0.7588289962825279

Task: pick up the black bowl from table center and place it on the plate light 1
Success: True
# episodes completed so far: 2153
# successes: 1634 (75.9%)
Current task success rate: 1.0
Current total success rate: 0.758941012540641

Task: pick up the black bowl from table center and place it on the plate light 10
Success: True
# episodes completed so far: 2154
# successes: 1635 (75.9%)
Current task success rate: 1.0
Current total success rate: 0.7590529247910863

Task: pick up the black bowl from table center and place it on the plate light 11
Success: True
# episodes completed so far: 2155
# successes: 1636 (75.9%)
Current task success rate: 1.0
Current total success rate: 0.7591647331786543

Task: pick up the black bowl from table center and place it on the plate light 12
Success: True
# episodes completed so far: 2156
# successes: 1637 (75.9%)
Current task success rate: 1.0
Current total success rate: 0.7592764378478665

Task: pick up the black bowl from table center and place it on the plate light 13
Success: True
# episodes completed so far: 2157
# successes: 1638 (75.9%)
Current task success rate: 1.0
Current total success rate: 0.7593880389429764

Task: pick up the black bowl from table center and place it on the plate light 14
Success: True
# episodes completed so far: 2158
# successes: 1639 (75.9%)
Current task success rate: 1.0
Current total success rate: 0.7594995366079703

Task: pick up the black bowl from table center and place it on the plate light 15
Success: True
# episodes completed so far: 2159
# successes: 1640 (76.0%)
Current task success rate: 1.0
Current total success rate: 0.7596109309865678

Task: pick up the black bowl from table center and place it on the plate light 16
Success: True
# episodes completed so far: 2160
# successes: 1641 (76.0%)
Current task success rate: 1.0
Current total success rate: 0.7597222222222222

Task: pick up the black bowl from table center and place it on the plate light 17
Success: True
# episodes completed so far: 2161
# successes: 1642 (76.0%)
Current task success rate: 1.0
Current total success rate: 0.7598334104581213

Task: pick up the black bowl from table center and place it on the plate light 18
Success: True
# episodes completed so far: 2162
# successes: 1643 (76.0%)
Current task success rate: 1.0
Current total success rate: 0.7599444958371878

Task: pick up the black bowl from table center and place it on the plate light 19
Success: True
# episodes completed so far: 2163
# successes: 1644 (76.0%)
Current task success rate: 1.0
Current total success rate: 0.7600554785020804

Task: pick up the black bowl from table center and place it on the plate light 2
Success: True
# episodes completed so far: 2164
# successes: 1645 (76.0%)
Current task success rate: 1.0
Current total success rate: 0.7601663585951941

Task: pick up the black bowl from table center and place it on the plate light 20
Success: True
# episodes completed so far: 2165
# successes: 1646 (76.0%)
Current task success rate: 1.0
Current total success rate: 0.7602771362586606

Task: pick up the black bowl from table center and place it on the plate light 21
Success: True
# episodes completed so far: 2166
# successes: 1647 (76.0%)
Current task success rate: 1.0
Current total success rate: 0.760387811634349

Task: pick up the black bowl from table center and place it on the plate light 22
Success: True
# episodes completed so far: 2167
# successes: 1648 (76.0%)
Current task success rate: 1.0
Current total success rate: 0.7604983848638671

Task: pick up the black bowl from table center and place it on the plate light 23
Success: True
# episodes completed so far: 2168
# successes: 1649 (76.1%)
Current task success rate: 1.0
Current total success rate: 0.7606088560885609

Task: pick up the black bowl from table center and place it on the plate light 24
Success: True
# episodes completed so far: 2169
# successes: 1650 (76.1%)
Current task success rate: 1.0
Current total success rate: 0.7607192254495159

Task: pick up the black bowl from table center and place it on the plate light 25
Success: True
# episodes completed so far: 2170
# successes: 1651 (76.1%)
Current task success rate: 1.0
Current total success rate: 0.7608294930875577

Task: pick up the black bowl from table center and place it on the plate light 26
Success: True
# episodes completed so far: 2171
# successes: 1652 (76.1%)
Current task success rate: 1.0
Current total success rate: 0.760939659143252

Task: pick up the black bowl from table center and place it on the plate light 27
Success: True
# episodes completed so far: 2172
# successes: 1653 (76.1%)
Current task success rate: 1.0
Current total success rate: 0.761049723756906

Task: pick up the black bowl from table center and place it on the plate light 28
Success: True
# episodes completed so far: 2173
# successes: 1654 (76.1%)
Current task success rate: 1.0
Current total success rate: 0.7611596870685688

Task: pick up the black bowl from table center and place it on the plate light 29
Success: True
# episodes completed so far: 2174
# successes: 1655 (76.1%)
Current task success rate: 1.0
Current total success rate: 0.7612695492180312

Task: pick up the black bowl from table center and place it on the plate light 3
Success: True
# episodes completed so far: 2175
# successes: 1656 (76.1%)
Current task success rate: 1.0
Current total success rate: 0.7613793103448275

Task: pick up the black bowl from table center and place it on the plate light 30
Success: True
# episodes completed so far: 2176
# successes: 1657 (76.1%)
Current task success rate: 1.0
Current total success rate: 0.7614889705882353

Task: pick up the black bowl from table center and place it on the plate light 31
Success: True
# episodes completed so far: 2177
# successes: 1658 (76.2%)
Current task success rate: 1.0
Current total success rate: 0.7615985300872761

Task: pick up the black bowl from table center and place it on the plate light 32
Success: True
# episodes completed so far: 2178
# successes: 1659 (76.2%)
Current task success rate: 1.0
Current total success rate: 0.7617079889807162

Task: pick up the black bowl from table center and place it on the plate light 33
Success: True
# episodes completed so far: 2179
# successes: 1660 (76.2%)
Current task success rate: 1.0
Current total success rate: 0.7618173474070674

Task: pick up the black bowl from table center and place it on the plate light 34
Success: True
# episodes completed so far: 2180
# successes: 1661 (76.2%)
Current task success rate: 1.0
Current total success rate: 0.7619266055045871

Task: pick up the black bowl from table center and place it on the plate light 35
Success: True
# episodes completed so far: 2181
# successes: 1662 (76.2%)
Current task success rate: 1.0
Current total success rate: 0.7620357634112792

Task: pick up the black bowl from table center and place it on the plate light 36
Success: True
# episodes completed so far: 2182
# successes: 1663 (76.2%)
Current task success rate: 1.0
Current total success rate: 0.7621448212648946

Task: pick up the black bowl from table center and place it on the plate light 37
Success: True
# episodes completed so far: 2183
# successes: 1664 (76.2%)
Current task success rate: 1.0
Current total success rate: 0.7622537792029317

Task: pick up the black bowl from table center and place it on the plate light 38
Success: True
# episodes completed so far: 2184
# successes: 1665 (76.2%)
Current task success rate: 1.0
Current total success rate: 0.7623626373626373

Task: pick up the black bowl from table center and place it on the plate light 39
Success: True
# episodes completed so far: 2185
# successes: 1666 (76.2%)
Current task success rate: 1.0
Current total success rate: 0.7624713958810069

Task: pick up the black bowl from table center and place it on the plate light 4
Success: True
# episodes completed so far: 2186
# successes: 1667 (76.3%)
Current task success rate: 1.0
Current total success rate: 0.762580054894785

Task: pick up the black bowl from table center and place it on the plate light 40
Success: True
# episodes completed so far: 2187
# successes: 1668 (76.3%)
Current task success rate: 1.0
Current total success rate: 0.7626886145404664

Task: pick up the black bowl from table center and place it on the plate light 41
Success: True
# episodes completed so far: 2188
# successes: 1669 (76.3%)
Current task success rate: 1.0
Current total success rate: 0.7627970749542962

Task: pick up the black bowl from table center and place it on the plate light 42
Success: True
# episodes completed so far: 2189
# successes: 1670 (76.3%)
Current task success rate: 1.0
Current total success rate: 0.7629054362722705

Task: pick up the black bowl from table center and place it on the plate light 43
Success: True
# episodes completed so far: 2190
# successes: 1671 (76.3%)
Current task success rate: 1.0
Current total success rate: 0.763013698630137

Task: pick up the black bowl from table center and place it on the plate light 44
Success: True
# episodes completed so far: 2191
# successes: 1672 (76.3%)
Current task success rate: 1.0
Current total success rate: 0.7631218621633957

Task: pick up the black bowl from table center and place it on the plate light 45
Success: True
# episodes completed so far: 2192
# successes: 1673 (76.3%)
Current task success rate: 1.0
Current total success rate: 0.7632299270072993

Task: pick up the black bowl from table center and place it on the plate light 46
Success: True
# episodes completed so far: 2193
# successes: 1674 (76.3%)
Current task success rate: 1.0
Current total success rate: 0.7633378932968536

Task: pick up the black bowl from table center and place it on the plate light 47
Success: True
# episodes completed so far: 2194
# successes: 1675 (76.3%)
Current task success rate: 1.0
Current total success rate: 0.7634457611668186

Task: pick up the black bowl from table center and place it on the plate light 48
Success: True
# episodes completed so far: 2195
# successes: 1676 (76.4%)
Current task success rate: 1.0
Current total success rate: 0.7635535307517084

Task: pick up the black bowl from table center and place it on the plate light 49
Success: True
# episodes completed so far: 2196
# successes: 1677 (76.4%)
Current task success rate: 1.0
Current total success rate: 0.7636612021857924

Task: pick up the black bowl from table center and place it on the plate light 5
Success: True
# episodes completed so far: 2197
# successes: 1678 (76.4%)
Current task success rate: 1.0
Current total success rate: 0.7637687756030951

Task: pick up the black bowl from table center and place it on the plate light 50
Success: True
# episodes completed so far: 2198
# successes: 1679 (76.4%)
Current task success rate: 1.0
Current total success rate: 0.7638762511373977

Task: pick up the black bowl from table center and place it on the plate light 6
Success: True
# episodes completed so far: 2199
# successes: 1680 (76.4%)
Current task success rate: 1.0
Current total success rate: 0.7639836289222374

Task: pick up the black bowl from table center and place it on the plate light 7
Success: True
# episodes completed so far: 2200
# successes: 1681 (76.4%)
Current task success rate: 1.0
Current total success rate: 0.764090909090909

Task: pick up the black bowl from table center and place it on the plate light 8
Success: True
# episodes completed so far: 2201
# successes: 1682 (76.4%)
Current task success rate: 1.0
Current total success rate: 0.7641980917764652

Task: pick up the black bowl from table center and place it on the plate light 9
Success: True
# episodes completed so far: 2202
# successes: 1683 (76.4%)
Current task success rate: 1.0
Current total success rate: 0.7643051771117166

Task: pick up the black bowl in the top drawer of the wooden cabinet and place it on the plate light 1
Success: True
# episodes completed so far: 2203
# successes: 1684 (76.4%)
Current task success rate: 1.0
Current total success rate: 0.7644121652292328

Task: pick up the black bowl in the top drawer of the wooden cabinet and place it on the plate light 10
Success: True
# episodes completed so far: 2204
# successes: 1685 (76.5%)
Current task success rate: 1.0
Current total success rate: 0.764519056261343

Task: pick up the black bowl in the top drawer of the wooden cabinet and place it on the plate light 11
Success: True
# episodes completed so far: 2205
# successes: 1686 (76.5%)
Current task success rate: 1.0
Current total success rate: 0.7646258503401361

Task: pick up the black bowl in the top drawer of the wooden cabinet and place it on the plate light 12
Success: True
# episodes completed so far: 2206
# successes: 1687 (76.5%)
Current task success rate: 1.0
Current total success rate: 0.7647325475974615

Task: pick up the black bowl in the top drawer of the wooden cabinet and place it on the plate light 13
Success: True
# episodes completed so far: 2207
# successes: 1688 (76.5%)
Current task success rate: 1.0
Current total success rate: 0.7648391481649298

Task: pick up the black bowl in the top drawer of the wooden cabinet and place it on the plate light 14
Success: True
# episodes completed so far: 2208
# successes: 1689 (76.5%)
Current task success rate: 1.0
Current total success rate: 0.7649456521739131

Task: pick up the black bowl in the top drawer of the wooden cabinet and place it on the plate light 15
Success: True
# episodes completed so far: 2209
# successes: 1690 (76.5%)
Current task success rate: 1.0
Current total success rate: 0.7650520597555455

Task: pick up the black bowl in the top drawer of the wooden cabinet and place it on the plate light 16
Success: True
# episodes completed so far: 2210
# successes: 1691 (76.5%)
Current task success rate: 1.0
Current total success rate: 0.7651583710407239

Task: pick up the black bowl in the top drawer of the wooden cabinet and place it on the plate light 17
Success: True
# episodes completed so far: 2211
# successes: 1692 (76.5%)
Current task success rate: 1.0
Current total success rate: 0.7652645861601085

Task: pick up the black bowl in the top drawer of the wooden cabinet and place it on the plate light 18
Success: True
# episodes completed so far: 2212
# successes: 1693 (76.5%)
Current task success rate: 1.0
Current total success rate: 0.765370705244123

Task: pick up the black bowl in the top drawer of the wooden cabinet and place it on the plate light 19
Success: True
# episodes completed so far: 2213
# successes: 1694 (76.5%)
Current task success rate: 1.0
Current total success rate: 0.7654767284229552

Task: pick up the black bowl in the top drawer of the wooden cabinet and place it on the plate light 2
Success: True
# episodes completed so far: 2214
# successes: 1695 (76.6%)
Current task success rate: 1.0
Current total success rate: 0.7655826558265583

Task: pick up the black bowl in the top drawer of the wooden cabinet and place it on the plate light 20
Success: True
# episodes completed so far: 2215
# successes: 1696 (76.6%)
Current task success rate: 1.0
Current total success rate: 0.7656884875846501

Task: pick up the black bowl in the top drawer of the wooden cabinet and place it on the plate light 21
Success: True
# episodes completed so far: 2216
# successes: 1697 (76.6%)
Current task success rate: 1.0
Current total success rate: 0.7657942238267148

Task: pick up the black bowl in the top drawer of the wooden cabinet and place it on the plate light 22
Success: True
# episodes completed so far: 2217
# successes: 1698 (76.6%)
Current task success rate: 1.0
Current total success rate: 0.7658998646820027

Task: pick up the black bowl in the top drawer of the wooden cabinet and place it on the plate light 23
Success: True
# episodes completed so far: 2218
# successes: 1699 (76.6%)
Current task success rate: 1.0
Current total success rate: 0.7660054102795311

Task: pick up the black bowl in the top drawer of the wooden cabinet and place it on the plate light 24
Success: True
# episodes completed so far: 2219
# successes: 1700 (76.6%)
Current task success rate: 1.0
Current total success rate: 0.7661108607480848

Task: pick up the black bowl in the top drawer of the wooden cabinet and place it on the plate light 25
Success: True
# episodes completed so far: 2220
# successes: 1701 (76.6%)
Current task success rate: 1.0
Current total success rate: 0.7662162162162162

Task: pick up the black bowl in the top drawer of the wooden cabinet and place it on the plate light 26
Success: True
# episodes completed so far: 2221
# successes: 1702 (76.6%)
Current task success rate: 1.0
Current total success rate: 0.7663214768122467

Task: pick up the black bowl in the top drawer of the wooden cabinet and place it on the plate light 27
Success: True
# episodes completed so far: 2222
# successes: 1703 (76.6%)
Current task success rate: 1.0
Current total success rate: 0.7664266426642664

Task: pick up the black bowl in the top drawer of the wooden cabinet and place it on the plate light 28
Success: True
# episodes completed so far: 2223
# successes: 1704 (76.7%)
Current task success rate: 1.0
Current total success rate: 0.766531713900135

Task: pick up the black bowl in the top drawer of the wooden cabinet and place it on the plate light 29
Success: True
# episodes completed so far: 2224
# successes: 1705 (76.7%)
Current task success rate: 1.0
Current total success rate: 0.766636690647482

Task: pick up the black bowl in the top drawer of the wooden cabinet and place it on the plate light 30
Success: True
# episodes completed so far: 2225
# successes: 1706 (76.7%)
Current task success rate: 1.0
Current total success rate: 0.7667415730337078

Task: pick up the black bowl in the top drawer of the wooden cabinet and place it on the plate light 31
Success: True
# episodes completed so far: 2226
# successes: 1707 (76.7%)
Current task success rate: 1.0
Current total success rate: 0.7668463611859838

Task: pick up the black bowl in the top drawer of the wooden cabinet and place it on the plate light 32
Success: True
# episodes completed so far: 2227
# successes: 1708 (76.7%)
Current task success rate: 1.0
Current total success rate: 0.7669510552312528

Task: pick up the black bowl in the top drawer of the wooden cabinet and place it on the plate light 33
Success: True
# episodes completed so far: 2228
# successes: 1709 (76.7%)
Current task success rate: 1.0
Current total success rate: 0.7670556552962298

Task: pick up the black bowl in the top drawer of the wooden cabinet and place it on the plate light 34
Success: True
# episodes completed so far: 2229
# successes: 1710 (76.7%)
Current task success rate: 1.0
Current total success rate: 0.7671601615074024

Task: pick up the black bowl in the top drawer of the wooden cabinet and place it on the plate light 35
Success: True
# episodes completed so far: 2230
# successes: 1711 (76.7%)
Current task success rate: 1.0
Current total success rate: 0.7672645739910314

Task: pick up the black bowl in the top drawer of the wooden cabinet and place it on the plate light 36
Success: True
# episodes completed so far: 2231
# successes: 1712 (76.7%)
Current task success rate: 1.0
Current total success rate: 0.767368892873151

Task: pick up the black bowl in the top drawer of the wooden cabinet and place it on the plate light 37
Success: True
# episodes completed so far: 2232
# successes: 1713 (76.7%)
Current task success rate: 1.0
Current total success rate: 0.7674731182795699

Task: pick up the black bowl in the top drawer of the wooden cabinet and place it on the plate light 38
Success: True
# episodes completed so far: 2233
# successes: 1714 (76.8%)
Current task success rate: 1.0
Current total success rate: 0.767577250335871

Task: pick up the black bowl in the top drawer of the wooden cabinet and place it on the plate light 39
Success: True
# episodes completed so far: 2234
# successes: 1715 (76.8%)
Current task success rate: 1.0
Current total success rate: 0.7676812891674127

Task: pick up the black bowl in the top drawer of the wooden cabinet and place it on the plate light 4
Success: True
# episodes completed so far: 2235
# successes: 1716 (76.8%)
Current task success rate: 1.0
Current total success rate: 0.7677852348993288

Task: pick up the black bowl in the top drawer of the wooden cabinet and place it on the plate light 41
Success: True
# episodes completed so far: 2236
# successes: 1717 (76.8%)
Current task success rate: 1.0
Current total success rate: 0.7678890876565295

Task: pick up the black bowl in the top drawer of the wooden cabinet and place it on the plate light 42
Success: True
# episodes completed so far: 2237
# successes: 1718 (76.8%)
Current task success rate: 1.0
Current total success rate: 0.7679928475637013

Task: pick up the black bowl in the top drawer of the wooden cabinet and place it on the plate light 43
Success: True
# episodes completed so far: 2238
# successes: 1719 (76.8%)
Current task success rate: 1.0
Current total success rate: 0.7680965147453083

Task: pick up the black bowl in the top drawer of the wooden cabinet and place it on the plate light 44
Success: True
# episodes completed so far: 2239
# successes: 1720 (76.8%)
Current task success rate: 1.0
Current total success rate: 0.7682000893255918

Task: pick up the black bowl in the top drawer of the wooden cabinet and place it on the plate light 46
Success: True
# episodes completed so far: 2240
# successes: 1721 (76.8%)
Current task success rate: 1.0
Current total success rate: 0.7683035714285714

Task: pick up the black bowl in the top drawer of the wooden cabinet and place it on the plate light 48
Success: True
# episodes completed so far: 2241
# successes: 1722 (76.8%)
Current task success rate: 1.0
Current total success rate: 0.7684069611780455

Task: pick up the black bowl in the top drawer of the wooden cabinet and place it on the plate light 49
Success: True
# episodes completed so far: 2242
# successes: 1723 (76.9%)
Current task success rate: 1.0
Current total success rate: 0.7685102586975915

Task: pick up the black bowl in the top drawer of the wooden cabinet and place it on the plate light 5
Success: True
# episodes completed so far: 2243
# successes: 1724 (76.9%)
Current task success rate: 1.0
Current total success rate: 0.7686134641105662

Task: pick up the black bowl in the top drawer of the wooden cabinet and place it on the plate light 50
Success: True
# episodes completed so far: 2244
# successes: 1725 (76.9%)
Current task success rate: 1.0
Current total success rate: 0.7687165775401069

Task: pick up the black bowl in the top drawer of the wooden cabinet and place it on the plate light 7
Success: True
# episodes completed so far: 2245
# successes: 1726 (76.9%)
Current task success rate: 1.0
Current total success rate: 0.7688195991091314

Task: pick up the black bowl in the top drawer of the wooden cabinet and place it on the plate light 9
Success: True
# episodes completed so far: 2246
# successes: 1727 (76.9%)
Current task success rate: 1.0
Current total success rate: 0.7689225289403384

Task: pick up the black bowl next to the cookie box and place it on the plate light 1
Success: True
# episodes completed so far: 2247
# successes: 1728 (76.9%)
Current task success rate: 1.0
Current total success rate: 0.7690253671562083

Task: pick up the black bowl next to the cookie box and place it on the plate light 11
Success: True
# episodes completed so far: 2248
# successes: 1729 (76.9%)
Current task success rate: 1.0
Current total success rate: 0.7691281138790036

Task: pick up the black bowl next to the cookie box and place it on the plate light 13
Success: True
# episodes completed so far: 2249
# successes: 1730 (76.9%)
Current task success rate: 1.0
Current total success rate: 0.7692307692307693

Task: pick up the black bowl next to the cookie box and place it on the plate light 15
Success: True
# episodes completed so far: 2250
# successes: 1731 (76.9%)
Current task success rate: 1.0
Current total success rate: 0.7693333333333333

Task: pick up the black bowl next to the cookie box and place it on the plate light 16
Success: True
# episodes completed so far: 2251
# successes: 1732 (76.9%)
Current task success rate: 1.0
Current total success rate: 0.7694358063083074

Task: pick up the black bowl next to the cookie box and place it on the plate light 18
Success: True
# episodes completed so far: 2252
# successes: 1733 (77.0%)
Current task success rate: 1.0
Current total success rate: 0.7695381882770871

Task: pick up the black bowl next to the cookie box and place it on the plate light 2
Success: True
# episodes completed so far: 2253
# successes: 1734 (77.0%)
Current task success rate: 1.0
Current total success rate: 0.7696404793608522

Task: pick up the black bowl next to the cookie box and place it on the plate light 20
Success: True
# episodes completed so far: 2254
# successes: 1735 (77.0%)
Current task success rate: 1.0
Current total success rate: 0.7697426796805679

Task: pick up the black bowl next to the cookie box and place it on the plate light 24
Success: True
# episodes completed so far: 2255
# successes: 1736 (77.0%)
Current task success rate: 1.0
Current total success rate: 0.7698447893569845

Task: pick up the black bowl next to the cookie box and place it on the plate light 26
Success: True
# episodes completed so far: 2256
# successes: 1737 (77.0%)
Current task success rate: 1.0
Current total success rate: 0.7699468085106383

Task: pick up the black bowl next to the cookie box and place it on the plate light 27
Success: True
# episodes completed so far: 2257
# successes: 1738 (77.0%)
Current task success rate: 1.0
Current total success rate: 0.770048737261852

Task: pick up the black bowl next to the cookie box and place it on the plate light 29
Success: True
# episodes completed so far: 2258
# successes: 1739 (77.0%)
Current task success rate: 1.0
Current total success rate: 0.7701505757307352

Task: pick up the black bowl next to the cookie box and place it on the plate light 30
Success: True
# episodes completed so far: 2259
# successes: 1740 (77.0%)
Current task success rate: 1.0
Current total success rate: 0.7702523240371846

Task: pick up the black bowl next to the cookie box and place it on the plate light 31
Success: True
# episodes completed so far: 2260
# successes: 1741 (77.0%)
Current task success rate: 1.0
Current total success rate: 0.7703539823008849

Task: pick up the black bowl next to the cookie box and place it on the plate light 33
Success: True
# episodes completed so far: 2261
# successes: 1742 (77.0%)
Current task success rate: 1.0
Current total success rate: 0.7704555506413091

Task: pick up the black bowl next to the cookie box and place it on the plate light 34
Success: True
# episodes completed so far: 2262
# successes: 1743 (77.1%)
Current task success rate: 1.0
Current total success rate: 0.7705570291777188

Task: pick up the black bowl next to the cookie box and place it on the plate light 35
Success: True
# episodes completed so far: 2263
# successes: 1744 (77.1%)
Current task success rate: 1.0
Current total success rate: 0.7706584180291648

Task: pick up the black bowl next to the cookie box and place it on the plate light 36
Success: True
# episodes completed so far: 2264
# successes: 1745 (77.1%)
Current task success rate: 1.0
Current total success rate: 0.7707597173144877

Task: pick up the black bowl next to the cookie box and place it on the plate light 37
Success: True
# episodes completed so far: 2265
# successes: 1746 (77.1%)
Current task success rate: 1.0
Current total success rate: 0.7708609271523179

Task: pick up the black bowl next to the cookie box and place it on the plate light 38
Success: True
# episodes completed so far: 2266
# successes: 1747 (77.1%)
Current task success rate: 1.0
Current total success rate: 0.7709620476610768

Task: pick up the black bowl next to the cookie box and place it on the plate light 39
Success: True
# episodes completed so far: 2267
# successes: 1748 (77.1%)
Current task success rate: 1.0
Current total success rate: 0.7710630789589766

Task: pick up the black bowl next to the cookie box and place it on the plate light 4
Success: True
# episodes completed so far: 2268
# successes: 1749 (77.1%)
Current task success rate: 1.0
Current total success rate: 0.7711640211640212

Task: pick up the black bowl next to the cookie box and place it on the plate light 40
Success: True
# episodes completed so far: 2269
# successes: 1750 (77.1%)
Current task success rate: 1.0
Current total success rate: 0.7712648743940062

Task: pick up the black bowl next to the cookie box and place it on the plate light 41
Success: True
# episodes completed so far: 2270
# successes: 1751 (77.1%)
Current task success rate: 1.0
Current total success rate: 0.7713656387665199

Task: pick up the black bowl next to the cookie box and place it on the plate light 42
Success: True
# episodes completed so far: 2271
# successes: 1752 (77.1%)
Current task success rate: 1.0
Current total success rate: 0.7714663143989432

Task: pick up the black bowl next to the cookie box and place it on the plate light 44
Success: True
# episodes completed so far: 2272
# successes: 1753 (77.2%)
Current task success rate: 1.0
Current total success rate: 0.7715669014084507

Task: pick up the black bowl next to the cookie box and place it on the plate light 46
Success: True
# episodes completed so far: 2273
# successes: 1754 (77.2%)
Current task success rate: 1.0
Current total success rate: 0.7716673999120106

Task: pick up the black bowl next to the cookie box and place it on the plate light 49
Success: True
# episodes completed so far: 2274
# successes: 1755 (77.2%)
Current task success rate: 1.0
Current total success rate: 0.7717678100263852

Task: pick up the black bowl next to the cookie box and place it on the plate light 5
Success: True
# episodes completed so far: 2275
# successes: 1756 (77.2%)
Current task success rate: 1.0
Current total success rate: 0.7718681318681319

Task: pick up the black bowl next to the cookie box and place it on the plate light 7
Success: True
# episodes completed so far: 2276
# successes: 1757 (77.2%)
Current task success rate: 1.0
Current total success rate: 0.7719683655536028

Task: pick up the black bowl next to the cookie box and place it on the plate light 9
Success: True
# episodes completed so far: 2277
# successes: 1758 (77.2%)
Current task success rate: 1.0
Current total success rate: 0.7720685111989459

Task: pick up the black bowl next to the plate and place it on the plate light 11
Success: True
# episodes completed so far: 2278
# successes: 1759 (77.2%)
Current task success rate: 1.0
Current total success rate: 0.7721685689201053

Task: pick up the black bowl next to the plate and place it on the plate light 15
Success: True
# episodes completed so far: 2279
# successes: 1760 (77.2%)
Current task success rate: 1.0
Current total success rate: 0.7722685388328214

Task: pick up the black bowl next to the plate and place it on the plate light 24
Success: True
# episodes completed so far: 2280
# successes: 1761 (77.2%)
Current task success rate: 1.0
Current total success rate: 0.7723684210526316

Task: pick up the black bowl next to the plate and place it on the plate light 37
Success: True
# episodes completed so far: 2281
# successes: 1762 (77.2%)
Current task success rate: 1.0
Current total success rate: 0.7724682156948707

Task: pick up the black bowl next to the ramekin and place it on the plate light 10
Success: True
# episodes completed so far: 2282
# successes: 1763 (77.3%)
Current task success rate: 1.0
Current total success rate: 0.7725679228746714

Task: pick up the black bowl next to the ramekin and place it on the plate light 2
Success: True
# episodes completed so far: 2283
# successes: 1764 (77.3%)
Current task success rate: 1.0
Current total success rate: 0.7726675427069645

Task: pick up the black bowl next to the ramekin and place it on the plate light 21
Success: True
# episodes completed so far: 2284
# successes: 1765 (77.3%)
Current task success rate: 1.0
Current total success rate: 0.7727670753064798

Task: pick up the black bowl next to the ramekin and place it on the plate light 38
Success: True
# episodes completed so far: 2285
# successes: 1766 (77.3%)
Current task success rate: 1.0
Current total success rate: 0.7728665207877462

Task: pick up the black bowl next to the ramekin and place it on the plate light 39
Success: True
# episodes completed so far: 2286
# successes: 1767 (77.3%)
Current task success rate: 1.0
Current total success rate: 0.7729658792650919

Task: pick up the black bowl next to the ramekin and place it on the plate light 40
Success: True
# episodes completed so far: 2287
# successes: 1768 (77.3%)
Current task success rate: 1.0
Current total success rate: 0.7730651508526454

Task: pick up the black bowl next to the ramekin and place it on the plate light 45
Success: True
# episodes completed so far: 2288
# successes: 1769 (77.3%)
Current task success rate: 1.0
Current total success rate: 0.7731643356643356

Task: pick up the black bowl next to the ramekin and place it on the plate light 50
Success: True
# episodes completed so far: 2289
# successes: 1770 (77.3%)
Current task success rate: 1.0
Current total success rate: 0.7732634338138925

Task: pick up the black bowl next to the ramekin and place it on the plate light 6
Success: True
# episodes completed so far: 2290
# successes: 1771 (77.3%)
Current task success rate: 1.0
Current total success rate: 0.7733624454148471

Task: pick up the black bowl next to the ramekin and place it on the plate light 8
Success: True
# episodes completed so far: 2291
# successes: 1772 (77.3%)
Current task success rate: 1.0
Current total success rate: 0.7734613705805325

Task: pick up the black bowl on the cookie box and place it on the plate light 1
Success: True
# episodes completed so far: 2292
# successes: 1773 (77.4%)
Current task success rate: 1.0
Current total success rate: 0.7735602094240838

Task: pick up the black bowl on the cookie box and place it on the plate light 10
Success: True
# episodes completed so far: 2293
# successes: 1774 (77.4%)
Current task success rate: 1.0
Current total success rate: 0.7736589620584388

Task: pick up the black bowl on the cookie box and place it on the plate light 14
Success: True
# episodes completed so far: 2294
# successes: 1775 (77.4%)
Current task success rate: 1.0
Current total success rate: 0.7737576285963382

Task: pick up the black bowl on the cookie box and place it on the plate light 15
Success: True
# episodes completed so far: 2295
# successes: 1776 (77.4%)
Current task success rate: 1.0
Current total success rate: 0.7738562091503268

Task: pick up the black bowl on the cookie box and place it on the plate light 18
Success: True
# episodes completed so far: 2296
# successes: 1777 (77.4%)
Current task success rate: 1.0
Current total success rate: 0.7739547038327527

Task: pick up the black bowl on the cookie box and place it on the plate light 21
Success: True
# episodes completed so far: 2297
# successes: 1778 (77.4%)
Current task success rate: 1.0
Current total success rate: 0.7740531127557684

Task: pick up the black bowl on the cookie box and place it on the plate light 22
Success: True
# episodes completed so far: 2298
# successes: 1779 (77.4%)
Current task success rate: 1.0
Current total success rate: 0.7741514360313316

Task: pick up the black bowl on the cookie box and place it on the plate light 25
Success: True
# episodes completed so far: 2299
# successes: 1780 (77.4%)
Current task success rate: 1.0
Current total success rate: 0.7742496737712049

Task: pick up the black bowl on the cookie box and place it on the plate light 26
Success: True
# episodes completed so far: 2300
# successes: 1781 (77.4%)
Current task success rate: 1.0
Current total success rate: 0.7743478260869565

Task: pick up the black bowl on the cookie box and place it on the plate light 27
Success: True
# episodes completed so far: 2301
# successes: 1782 (77.4%)
Current task success rate: 1.0
Current total success rate: 0.7744458930899609

Task: pick up the black bowl on the cookie box and place it on the plate light 32
Success: True
# episodes completed so far: 2302
# successes: 1783 (77.5%)
Current task success rate: 1.0
Current total success rate: 0.7745438748913988

Task: pick up the black bowl on the cookie box and place it on the plate light 37
Success: True
# episodes completed so far: 2303
# successes: 1784 (77.5%)
Current task success rate: 1.0
Current total success rate: 0.7746417716022579

Task: pick up the black bowl on the cookie box and place it on the plate light 38
Success: True
# episodes completed so far: 2304
# successes: 1785 (77.5%)
Current task success rate: 1.0
Current total success rate: 0.7747395833333334

Task: pick up the black bowl on the cookie box and place it on the plate light 39
Success: True
# episodes completed so far: 2305
# successes: 1786 (77.5%)
Current task success rate: 1.0
Current total success rate: 0.7748373101952277

Task: pick up the black bowl on the cookie box and place it on the plate light 41
Success: True
# episodes completed so far: 2306
# successes: 1787 (77.5%)
Current task success rate: 1.0
Current total success rate: 0.7749349522983521

Task: pick up the black bowl on the cookie box and place it on the plate light 42
Success: True
# episodes completed so far: 2307
# successes: 1788 (77.5%)
Current task success rate: 1.0
Current total success rate: 0.7750325097529259

Task: pick up the black bowl on the cookie box and place it on the plate light 44
Success: True
# episodes completed so far: 2308
# successes: 1789 (77.5%)
Current task success rate: 1.0
Current total success rate: 0.7751299826689775

Task: pick up the black bowl on the cookie box and place it on the plate light 46
Success: True
# episodes completed so far: 2309
# successes: 1790 (77.5%)
Current task success rate: 1.0
Current total success rate: 0.7752273711563448

Task: pick up the black bowl on the cookie box and place it on the plate light 47
Success: True
# episodes completed so far: 2310
# successes: 1791 (77.5%)
Current task success rate: 1.0
Current total success rate: 0.7753246753246753

Task: pick up the black bowl on the cookie box and place it on the plate light 48
Success: True
# episodes completed so far: 2311
# successes: 1792 (77.5%)
Current task success rate: 1.0
Current total success rate: 0.7754218952834271

Task: pick up the black bowl on the cookie box and place it on the plate light 50
Success: True
# episodes completed so far: 2312
# successes: 1793 (77.6%)
Current task success rate: 1.0
Current total success rate: 0.7755190311418685

Task: pick up the black bowl on the cookie box and place it on the plate light 6
Success: True
# episodes completed so far: 2313
# successes: 1794 (77.6%)
Current task success rate: 1.0
Current total success rate: 0.7756160830090791

Task: pick up the black bowl on the cookie box and place it on the plate light 7
Success: True
# episodes completed so far: 2314
# successes: 1795 (77.6%)
Current task success rate: 1.0
Current total success rate: 0.7757130509939498

Task: pick up the black bowl on the cookie box and place it on the plate light 8
Success: True
# episodes completed so far: 2315
# successes: 1796 (77.6%)
Current task success rate: 1.0
Current total success rate: 0.7758099352051836

Task: pick up the black bowl on the ramekin and place it on the plate light 10
Success: True
# episodes completed so far: 2316
# successes: 1797 (77.6%)
Current task success rate: 1.0
Current total success rate: 0.7759067357512953

Task: pick up the black bowl on the ramekin and place it on the plate light 11
Success: True
# episodes completed so far: 2317
# successes: 1798 (77.6%)
Current task success rate: 1.0
Current total success rate: 0.7760034527406129

Task: pick up the black bowl on the ramekin and place it on the plate light 12
Success: True
# episodes completed so far: 2318
# successes: 1799 (77.6%)
Current task success rate: 1.0
Current total success rate: 0.7761000862812769

Task: pick up the black bowl on the ramekin and place it on the plate light 13
Success: False
# episodes completed so far: 2319
# successes: 1799 (77.6%)
Current task success rate: 0.0
Current total success rate: 0.7757654161276413

Task: pick up the black bowl on the ramekin and place it on the plate light 15
Success: True
# episodes completed so far: 2320
# successes: 1800 (77.6%)
Current task success rate: 1.0
Current total success rate: 0.7758620689655172

Task: pick up the black bowl on the ramekin and place it on the plate light 16
Success: True
# episodes completed so far: 2321
# successes: 1801 (77.6%)
Current task success rate: 1.0
Current total success rate: 0.7759586385178803

Task: pick up the black bowl on the ramekin and place it on the plate light 17
Success: True
# episodes completed so far: 2322
# successes: 1802 (77.6%)
Current task success rate: 1.0
Current total success rate: 0.7760551248923342

Task: pick up the black bowl on the ramekin and place it on the plate light 18
Success: True
# episodes completed so far: 2323
# successes: 1803 (77.6%)
Current task success rate: 1.0
Current total success rate: 0.7761515281962978

Task: pick up the black bowl on the ramekin and place it on the plate light 19
Success: True
# episodes completed so far: 2324
# successes: 1804 (77.6%)
Current task success rate: 1.0
Current total success rate: 0.7762478485370051

Task: pick up the black bowl on the ramekin and place it on the plate light 2
Success: True
# episodes completed so far: 2325
# successes: 1805 (77.6%)
Current task success rate: 1.0
Current total success rate: 0.7763440860215054

Task: pick up the black bowl on the ramekin and place it on the plate light 20
Success: True
# episodes completed so far: 2326
# successes: 1806 (77.6%)
Current task success rate: 1.0
Current total success rate: 0.7764402407566638

Task: pick up the black bowl on the ramekin and place it on the plate light 21
Success: True
# episodes completed so far: 2327
# successes: 1807 (77.7%)
Current task success rate: 1.0
Current total success rate: 0.776536312849162

Task: pick up the black bowl on the ramekin and place it on the plate light 22
Success: True
# episodes completed so far: 2328
# successes: 1808 (77.7%)
Current task success rate: 1.0
Current total success rate: 0.7766323024054983

Task: pick up the black bowl on the ramekin and place it on the plate light 24
Success: False
# episodes completed so far: 2329
# successes: 1808 (77.6%)
Current task success rate: 0.0
Current total success rate: 0.7762988407041649

Task: pick up the black bowl on the ramekin and place it on the plate light 25
Success: True
# episodes completed so far: 2330
# successes: 1809 (77.6%)
Current task success rate: 1.0
Current total success rate: 0.7763948497854077

Task: pick up the black bowl on the ramekin and place it on the plate light 26
Success: True
# episodes completed so far: 2331
# successes: 1810 (77.6%)
Current task success rate: 1.0
Current total success rate: 0.7764907764907765

Task: pick up the black bowl on the ramekin and place it on the plate light 27
Success: True
# episodes completed so far: 2332
# successes: 1811 (77.7%)
Current task success rate: 1.0
Current total success rate: 0.7765866209262435

Task: pick up the black bowl on the ramekin and place it on the plate light 28
Success: True
# episodes completed so far: 2333
# successes: 1812 (77.7%)
Current task success rate: 1.0
Current total success rate: 0.7766823831975996

Task: pick up the black bowl on the ramekin and place it on the plate light 29
Success: True
# episodes completed so far: 2334
# successes: 1813 (77.7%)
Current task success rate: 1.0
Current total success rate: 0.7767780634104542

Task: pick up the black bowl on the ramekin and place it on the plate light 31
Success: True
# episodes completed so far: 2335
# successes: 1814 (77.7%)
Current task success rate: 1.0
Current total success rate: 0.7768736616702355

Task: pick up the black bowl on the ramekin and place it on the plate light 33
Success: True
# episodes completed so far: 2336
# successes: 1815 (77.7%)
Current task success rate: 1.0
Current total success rate: 0.7769691780821918

Task: pick up the black bowl on the ramekin and place it on the plate light 35
Success: True
# episodes completed so far: 2337
# successes: 1816 (77.7%)
Current task success rate: 1.0
Current total success rate: 0.7770646127513907

Task: pick up the black bowl on the ramekin and place it on the plate light 36
Success: True
# episodes completed so far: 2338
# successes: 1817 (77.7%)
Current task success rate: 1.0
Current total success rate: 0.7771599657827203

Task: pick up the black bowl on the ramekin and place it on the plate light 39
Success: True
# episodes completed so far: 2339
# successes: 1818 (77.7%)
Current task success rate: 1.0
Current total success rate: 0.7772552372808893

Task: pick up the black bowl on the ramekin and place it on the plate light 41
Success: True
# episodes completed so far: 2340
# successes: 1819 (77.7%)
Current task success rate: 1.0
Current total success rate: 0.7773504273504274

Task: pick up the black bowl on the ramekin and place it on the plate light 43
Success: True
# episodes completed so far: 2341
# successes: 1820 (77.7%)
Current task success rate: 1.0
Current total success rate: 0.7774455360956856

Task: pick up the black bowl on the ramekin and place it on the plate light 44
Success: True
# episodes completed so far: 2342
# successes: 1821 (77.8%)
Current task success rate: 1.0
Current total success rate: 0.7775405636208369

Task: pick up the black bowl on the ramekin and place it on the plate light 46
Success: True
# episodes completed so far: 2343
# successes: 1822 (77.8%)
Current task success rate: 1.0
Current total success rate: 0.7776355100298762

Task: pick up the black bowl on the ramekin and place it on the plate light 49
Success: True
# episodes completed so far: 2344
# successes: 1823 (77.8%)
Current task success rate: 1.0
Current total success rate: 0.7777303754266212

Task: pick up the black bowl on the ramekin and place it on the plate light 5
Success: True
# episodes completed so far: 2345
# successes: 1824 (77.8%)
Current task success rate: 1.0
Current total success rate: 0.7778251599147121

Task: pick up the black bowl on the ramekin and place it on the plate light 50
Success: True
# episodes completed so far: 2346
# successes: 1825 (77.8%)
Current task success rate: 1.0
Current total success rate: 0.777919863597613

Task: pick up the black bowl on the ramekin and place it on the plate light 6
Success: False
# episodes completed so far: 2347
# successes: 1825 (77.8%)
Current task success rate: 0.0
Current total success rate: 0.7775884107371112

Task: pick up the black bowl on the ramekin and place it on the plate light 7
Success: True
# episodes completed so far: 2348
# successes: 1826 (77.8%)
Current task success rate: 1.0
Current total success rate: 0.7776831345826235

Task: pick up the black bowl on the ramekin and place it on the plate light 8
Success: True
# episodes completed so far: 2349
# successes: 1827 (77.8%)
Current task success rate: 1.0
Current total success rate: 0.7777777777777778

Task: pick up the black bowl on the stove and place it on the plate light 10
Success: True
# episodes completed so far: 2350
# successes: 1828 (77.8%)
Current task success rate: 1.0
Current total success rate: 0.7778723404255319

Task: pick up the black bowl on the stove and place it on the plate light 11
Success: True
# episodes completed so far: 2351
# successes: 1829 (77.8%)
Current task success rate: 1.0
Current total success rate: 0.7779668226286687

Task: pick up the black bowl on the stove and place it on the plate light 13
Success: True
# episodes completed so far: 2352
# successes: 1830 (77.8%)
Current task success rate: 1.0
Current total success rate: 0.7780612244897959

Task: pick up the black bowl on the stove and place it on the plate light 14
Success: False
# episodes completed so far: 2353
# successes: 1830 (77.8%)
Current task success rate: 0.0
Current total success rate: 0.7777305567360816

Task: pick up the black bowl on the stove and place it on the plate light 15
Success: False
# episodes completed so far: 2354
# successes: 1830 (77.7%)
Current task success rate: 0.0
Current total success rate: 0.7774001699235344

Task: pick up the black bowl on the stove and place it on the plate light 16
Success: True
# episodes completed so far: 2355
# successes: 1831 (77.7%)
Current task success rate: 1.0
Current total success rate: 0.7774946921443737

Task: pick up the black bowl on the stove and place it on the plate light 18
Success: True
# episodes completed so far: 2356
# successes: 1832 (77.8%)
Current task success rate: 1.0
Current total success rate: 0.7775891341256367

Task: pick up the black bowl on the stove and place it on the plate light 19
Success: True
# episodes completed so far: 2357
# successes: 1833 (77.8%)
Current task success rate: 1.0
Current total success rate: 0.7776834959694527

Task: pick up the black bowl on the stove and place it on the plate light 2
Success: True
# episodes completed so far: 2358
# successes: 1834 (77.8%)
Current task success rate: 1.0
Current total success rate: 0.7777777777777778

Task: pick up the black bowl on the stove and place it on the plate light 21
Success: True
# episodes completed so far: 2359
# successes: 1835 (77.8%)
Current task success rate: 1.0
Current total success rate: 0.7778719796523951

Task: pick up the black bowl on the stove and place it on the plate light 22
Success: True
# episodes completed so far: 2360
# successes: 1836 (77.8%)
Current task success rate: 1.0
Current total success rate: 0.7779661016949152

Task: pick up the black bowl on the stove and place it on the plate light 23
Success: True
# episodes completed so far: 2361
# successes: 1837 (77.8%)
Current task success rate: 1.0
Current total success rate: 0.7780601440067768

Task: pick up the black bowl on the stove and place it on the plate light 3
Success: True
# episodes completed so far: 2362
# successes: 1838 (77.8%)
Current task success rate: 1.0
Current total success rate: 0.7781541066892464

Task: pick up the black bowl on the stove and place it on the plate light 30
Success: False
# episodes completed so far: 2363
# successes: 1838 (77.8%)
Current task success rate: 0.0
Current total success rate: 0.777824798984342

Task: pick up the black bowl on the stove and place it on the plate light 32
Success: True
# episodes completed so far: 2364
# successes: 1839 (77.8%)
Current task success rate: 1.0
Current total success rate: 0.7779187817258884

Task: pick up the black bowl on the stove and place it on the plate light 33
Success: True
# episodes completed so far: 2365
# successes: 1840 (77.8%)
Current task success rate: 1.0
Current total success rate: 0.7780126849894292

Task: pick up the black bowl on the stove and place it on the plate light 34
Success: False
# episodes completed so far: 2366
# successes: 1840 (77.8%)
Current task success rate: 0.0
Current total success rate: 0.7776838546069316

Task: pick up the black bowl on the stove and place it on the plate light 35
Success: True
# episodes completed so far: 2367
# successes: 1841 (77.8%)
Current task success rate: 1.0
Current total success rate: 0.7777777777777778

Task: pick up the black bowl on the stove and place it on the plate light 36
Success: False
# episodes completed so far: 2368
# successes: 1841 (77.7%)
Current task success rate: 0.0
Current total success rate: 0.7774493243243243

Task: pick up the black bowl on the stove and place it on the plate light 37
Success: True
# episodes completed so far: 2369
# successes: 1842 (77.8%)
Current task success rate: 1.0
Current total success rate: 0.7775432672013508

Task: pick up the black bowl on the stove and place it on the plate light 38
Success: True
# episodes completed so far: 2370
# successes: 1843 (77.8%)
Current task success rate: 1.0
Current total success rate: 0.7776371308016877

Task: pick up the black bowl on the stove and place it on the plate light 39
Success: False
# episodes completed so far: 2371
# successes: 1843 (77.7%)
Current task success rate: 0.0
Current total success rate: 0.7773091522564319

Task: pick up the black bowl on the stove and place it on the plate light 4
Success: True
# episodes completed so far: 2372
# successes: 1844 (77.7%)
Current task success rate: 1.0
Current total success rate: 0.7774030354131535

Task: pick up the black bowl on the stove and place it on the plate light 40
Success: True
# episodes completed so far: 2373
# successes: 1845 (77.7%)
Current task success rate: 1.0
Current total success rate: 0.7774968394437421

Task: pick up the black bowl on the stove and place it on the plate light 43
Success: True
# episodes completed so far: 2374
# successes: 1846 (77.8%)
Current task success rate: 1.0
Current total success rate: 0.7775905644481887

Task: pick up the black bowl on the stove and place it on the plate light 44
Success: False
# episodes completed so far: 2375
# successes: 1846 (77.7%)
Current task success rate: 0.0
Current total success rate: 0.7772631578947369

Task: pick up the black bowl on the stove and place it on the plate light 45
Success: True
# episodes completed so far: 2376
# successes: 1847 (77.7%)
Current task success rate: 1.0
Current total success rate: 0.7773569023569024

Task: pick up the black bowl on the stove and place it on the plate light 48
Success: False
# episodes completed so far: 2377
# successes: 1847 (77.7%)
Current task success rate: 0.0
Current total success rate: 0.7770298695835086

Task: pick up the black bowl on the stove and place it on the plate light 49
Success: True
# episodes completed so far: 2378
# successes: 1848 (77.7%)
Current task success rate: 1.0
Current total success rate: 0.7771236333052985

Task: pick up the black bowl on the stove and place it on the plate light 5
Success: True
# episodes completed so far: 2379
# successes: 1849 (77.7%)
Current task success rate: 1.0
Current total success rate: 0.7772173182009248

Task: pick up the black bowl on the stove and place it on the plate light 50
Success: True
# episodes completed so far: 2380
# successes: 1850 (77.7%)
Current task success rate: 1.0
Current total success rate: 0.7773109243697479

Task: pick up the black bowl on the stove and place it on the plate light 8
Success: False
# episodes completed so far: 2381
# successes: 1850 (77.7%)
Current task success rate: 0.0
Current total success rate: 0.7769844603107938

Task: pick up the black bowl on the wooden cabinet and place it on the plate light 1
Success: True
# episodes completed so far: 2382
# successes: 1851 (77.7%)
Current task success rate: 1.0
Current total success rate: 0.7770780856423174

Task: pick up the black bowl on the wooden cabinet and place it on the plate light 11
Success: True
# episodes completed so far: 2383
# successes: 1852 (77.7%)
Current task success rate: 1.0
Current total success rate: 0.7771716323961393

Task: pick up the black bowl on the wooden cabinet and place it on the plate light 12
Success: True
# episodes completed so far: 2384
# successes: 1853 (77.7%)
Current task success rate: 1.0
Current total success rate: 0.777265100671141

Task: pick up the black bowl on the wooden cabinet and place it on the plate light 13
Success: True
# episodes completed so far: 2385
# successes: 1854 (77.7%)
Current task success rate: 1.0
Current total success rate: 0.7773584905660378

Task: pick up the black bowl on the wooden cabinet and place it on the plate light 14
Success: True
# episodes completed so far: 2386
# successes: 1855 (77.7%)
Current task success rate: 1.0
Current total success rate: 0.7774518021793797

Task: pick up the black bowl on the wooden cabinet and place it on the plate light 19
Success: True
# episodes completed so far: 2387
# successes: 1856 (77.8%)
Current task success rate: 1.0
Current total success rate: 0.7775450356095518

Task: pick up the black bowl on the wooden cabinet and place it on the plate light 2
Success: True
# episodes completed so far: 2388
# successes: 1857 (77.8%)
Current task success rate: 1.0
Current total success rate: 0.7776381909547738

Task: pick up the black bowl on the wooden cabinet and place it on the plate light 20
Success: True
# episodes completed so far: 2389
# successes: 1858 (77.8%)
Current task success rate: 1.0
Current total success rate: 0.7777312683131017

Task: pick up the black bowl on the wooden cabinet and place it on the plate light 22
Success: True
# episodes completed so far: 2390
# successes: 1859 (77.8%)
Current task success rate: 1.0
Current total success rate: 0.7778242677824267

Task: pick up the black bowl on the wooden cabinet and place it on the plate light 23
Success: True
# episodes completed so far: 2391
# successes: 1860 (77.8%)
Current task success rate: 1.0
Current total success rate: 0.7779171894604768

Task: pick up the black bowl on the wooden cabinet and place it on the plate light 24
Success: True
# episodes completed so far: 2392
# successes: 1861 (77.8%)
Current task success rate: 1.0
Current total success rate: 0.778010033444816

Task: pick up the black bowl on the wooden cabinet and place it on the plate light 25
Success: True
# episodes completed so far: 2393
# successes: 1862 (77.8%)
Current task success rate: 1.0
Current total success rate: 0.7781027998328458

Task: pick up the black bowl on the wooden cabinet and place it on the plate light 28
Success: True
# episodes completed so far: 2394
# successes: 1863 (77.8%)
Current task success rate: 1.0
Current total success rate: 0.7781954887218046

Task: pick up the black bowl on the wooden cabinet and place it on the plate light 29
Success: True
# episodes completed so far: 2395
# successes: 1864 (77.8%)
Current task success rate: 1.0
Current total success rate: 0.7782881002087683

Task: pick up the black bowl on the wooden cabinet and place it on the plate light 30
Success: True
# episodes completed so far: 2396
# successes: 1865 (77.8%)
Current task success rate: 1.0
Current total success rate: 0.7783806343906511

Task: pick up the black bowl on the wooden cabinet and place it on the plate light 31
Success: True
# episodes completed so far: 2397
# successes: 1866 (77.8%)
Current task success rate: 1.0
Current total success rate: 0.7784730913642053

Task: pick up the black bowl on the wooden cabinet and place it on the plate light 32
Success: True
# episodes completed so far: 2398
# successes: 1867 (77.9%)
Current task success rate: 1.0
Current total success rate: 0.7785654712260217

Task: pick up the black bowl on the wooden cabinet and place it on the plate light 38
Success: True
# episodes completed so far: 2399
# successes: 1868 (77.9%)
Current task success rate: 1.0
Current total success rate: 0.7786577740725302

Task: pick up the black bowl on the wooden cabinet and place it on the plate light 39
Success: True
# episodes completed so far: 2400
# successes: 1869 (77.9%)
Current task success rate: 1.0
Current total success rate: 0.77875

Task: pick up the black bowl on the wooden cabinet and place it on the plate light 41
Success: True
# episodes completed so far: 2401
# successes: 1870 (77.9%)
Current task success rate: 1.0
Current total success rate: 0.7788421491045397

Task: pick up the black bowl on the wooden cabinet and place it on the plate light 5
Success: True
# episodes completed so far: 2402
# successes: 1871 (77.9%)
Current task success rate: 1.0
Current total success rate: 0.7789342214820982
