Task suite: libero_goal
num_tasks: 2591

Task: open the middle drawer of the cabinet table 1
Success: True
# episodes completed so far: 1
# successes: 1 (100.0%)
Current task success rate: 1.0
Current total success rate: 1.0

Task: open the middle drawer of the cabinet table 10
Success: True
# episodes completed so far: 2
# successes: 2 (100.0%)
Current task success rate: 1.0
Current total success rate: 1.0

Task: open the middle drawer of the cabinet table 12
Success: True
# episodes completed so far: 3
# successes: 3 (100.0%)
Current task success rate: 1.0
Current total success rate: 1.0

Task: open the middle drawer of the cabinet table 13
Success: True
# episodes completed so far: 4
# successes: 4 (100.0%)
Current task success rate: 1.0
Current total success rate: 1.0

Task: open the middle drawer of the cabinet table 15
Success: True
# episodes completed so far: 5
# successes: 5 (100.0%)
Current task success rate: 1.0
Current total success rate: 1.0

Task: open the middle drawer of the cabinet table 16
Success: True
# episodes completed so far: 6
# successes: 6 (100.0%)
Current task success rate: 1.0
Current total success rate: 1.0

Task: open the middle drawer of the cabinet table 17
Success: True
# episodes completed so far: 7
# successes: 7 (100.0%)
Current task success rate: 1.0
Current total success rate: 1.0

Task: open the middle drawer of the cabinet table 18
Success: True
# episodes completed so far: 8
# successes: 8 (100.0%)
Current task success rate: 1.0
Current total success rate: 1.0

Task: open the middle drawer of the cabinet table 19
Success: True
# episodes completed so far: 9
# successes: 9 (100.0%)
Current task success rate: 1.0
Current total success rate: 1.0

Task: open the middle drawer of the cabinet table 2
Success: True
# episodes completed so far: 10
# successes: 10 (100.0%)
Current task success rate: 1.0
Current total success rate: 1.0

Task: open the middle drawer of the cabinet table 21
Success: True
# episodes completed so far: 11
# successes: 11 (100.0%)
Current task success rate: 1.0
Current total success rate: 1.0

Task: open the middle drawer of the cabinet table 22
Success: True
# episodes completed so far: 12
# successes: 12 (100.0%)
Current task success rate: 1.0
Current total success rate: 1.0

Task: open the middle drawer of the cabinet table 24
Success: True
# episodes completed so far: 13
# successes: 13 (100.0%)
Current task success rate: 1.0
Current total success rate: 1.0

Task: open the middle drawer of the cabinet table 27
Success: True
# episodes completed so far: 14
# successes: 14 (100.0%)
Current task success rate: 1.0
Current total success rate: 1.0

Task: open the middle drawer of the cabinet table 28
Success: True
# episodes completed so far: 15
# successes: 15 (100.0%)
Current task success rate: 1.0
Current total success rate: 1.0

Task: open the middle drawer of the cabinet table 4
Success: True
# episodes completed so far: 16
# successes: 16 (100.0%)
Current task success rate: 1.0
Current total success rate: 1.0

Task: open the middle drawer of the cabinet table 5
Success: True
# episodes completed so far: 17
# successes: 17 (100.0%)
Current task success rate: 1.0
Current total success rate: 1.0

Task: open the middle drawer of the cabinet table 8
Success: True
# episodes completed so far: 18
# successes: 18 (100.0%)
Current task success rate: 1.0
Current total success rate: 1.0

Task: open the middle drawer of the cabinet tb 10
Success: True
# episodes completed so far: 19
# successes: 19 (100.0%)
Current task success rate: 1.0
Current total success rate: 1.0

Task: open the middle drawer of the cabinet tb 12
Success: True
# episodes completed so far: 20
# successes: 20 (100.0%)
Current task success rate: 1.0
Current total success rate: 1.0

Task: open the middle drawer of the cabinet tb 18
Success: True
# episodes completed so far: 21
# successes: 21 (100.0%)
Current task success rate: 1.0
Current total success rate: 1.0

Task: open the middle drawer of the cabinet tb 2
Success: True
# episodes completed so far: 22
# successes: 22 (100.0%)
Current task success rate: 1.0
Current total success rate: 1.0

Task: open the middle drawer of the cabinet tb 20
Success: True
# episodes completed so far: 23
# successes: 23 (100.0%)
Current task success rate: 1.0
Current total success rate: 1.0

Task: open the middle drawer of the cabinet tb 21
Success: True
# episodes completed so far: 24
# successes: 24 (100.0%)
Current task success rate: 1.0
Current total success rate: 1.0

Task: open the middle drawer of the cabinet tb 22
Success: True
# episodes completed so far: 25
# successes: 25 (100.0%)
Current task success rate: 1.0
Current total success rate: 1.0

Task: open the middle drawer of the cabinet tb 5
Success: True
# episodes completed so far: 26
# successes: 26 (100.0%)
Current task success rate: 1.0
Current total success rate: 1.0

Task: open the middle drawer of the cabinet tb 6
Success: True
# episodes completed so far: 27
# successes: 27 (100.0%)
Current task success rate: 1.0
Current total success rate: 1.0

Task: open the middle drawer of the cabinet tb 7
Success: True
# episodes completed so far: 28
# successes: 28 (100.0%)
Current task success rate: 1.0
Current total success rate: 1.0

Task: open the middle drawer of the cabinet tb 8
Success: True
# episodes completed so far: 29
# successes: 29 (100.0%)
Current task success rate: 1.0
Current total success rate: 1.0

Task: open the middle drawer of the cabinet tb 9
Success: True
# episodes completed so far: 30
# successes: 30 (100.0%)
Current task success rate: 1.0
Current total success rate: 1.0

Task: open the top drawer and put the bowl inside table 1
Success: True
# episodes completed so far: 31
# successes: 31 (100.0%)
Current task success rate: 1.0
Current total success rate: 1.0

Task: open the top drawer and put the bowl inside table 11
Success: True
# episodes completed so far: 32
# successes: 32 (100.0%)
Current task success rate: 1.0
Current total success rate: 1.0

Task: open the top drawer and put the bowl inside table 12
Success: True
# episodes completed so far: 33
# successes: 33 (100.0%)
Current task success rate: 1.0
Current total success rate: 1.0

Task: open the top drawer and put the bowl inside table 13
Success: False
# episodes completed so far: 34
# successes: 33 (97.1%)
Current task success rate: 0.0
Current total success rate: 0.9705882352941176

Task: open the top drawer and put the bowl inside table 14
Success: True
# episodes completed so far: 35
# successes: 34 (97.1%)
Current task success rate: 1.0
Current total success rate: 0.9714285714285714

Task: open the top drawer and put the bowl inside table 15
Success: True
# episodes completed so far: 36
# successes: 35 (97.2%)
Current task success rate: 1.0
Current total success rate: 0.9722222222222222

Task: open the top drawer and put the bowl inside table 16
Success: False
# episodes completed so far: 37
# successes: 35 (94.6%)
Current task success rate: 0.0
Current total success rate: 0.9459459459459459

Task: open the top drawer and put the bowl inside table 17
Success: True
# episodes completed so far: 38
# successes: 36 (94.7%)
Current task success rate: 1.0
Current total success rate: 0.9473684210526315

Task: open the top drawer and put the bowl inside table 18
Success: False
# episodes completed so far: 39
# successes: 36 (92.3%)
Current task success rate: 0.0
Current total success rate: 0.9230769230769231

Task: open the top drawer and put the bowl inside table 19
Success: True
# episodes completed so far: 40
# successes: 37 (92.5%)
Current task success rate: 1.0
Current total success rate: 0.925

Task: open the top drawer and put the bowl inside table 2
Success: True
# episodes completed so far: 41
# successes: 38 (92.7%)
Current task success rate: 1.0
Current total success rate: 0.926829268292683

Task: open the top drawer and put the bowl inside table 20
Success: True
# episodes completed so far: 42
# successes: 39 (92.9%)
Current task success rate: 1.0
Current total success rate: 0.9285714285714286

Task: open the top drawer and put the bowl inside table 21
Success: True
# episodes completed so far: 43
# successes: 40 (93.0%)
Current task success rate: 1.0
Current total success rate: 0.9302325581395349

Task: open the top drawer and put the bowl inside table 22
Success: False
# episodes completed so far: 44
# successes: 40 (90.9%)
Current task success rate: 0.0
Current total success rate: 0.9090909090909091

Task: open the top drawer and put the bowl inside table 23
Success: True
# episodes completed so far: 45
# successes: 41 (91.1%)
Current task success rate: 1.0
Current total success rate: 0.9111111111111111

Task: open the top drawer and put the bowl inside table 24
Success: True
# episodes completed so far: 46
# successes: 42 (91.3%)
Current task success rate: 1.0
Current total success rate: 0.9130434782608695

Task: open the top drawer and put the bowl inside table 25
Success: False
# episodes completed so far: 47
# successes: 42 (89.4%)
Current task success rate: 0.0
Current total success rate: 0.8936170212765957

Task: open the top drawer and put the bowl inside table 27
Success: True
# episodes completed so far: 48
# successes: 43 (89.6%)
Current task success rate: 1.0
Current total success rate: 0.8958333333333334

Task: open the top drawer and put the bowl inside table 28
Success: False
# episodes completed so far: 49
# successes: 43 (87.8%)
Current task success rate: 0.0
Current total success rate: 0.8775510204081632

Task: open the top drawer and put the bowl inside table 3
Success: True
# episodes completed so far: 50
# successes: 44 (88.0%)
Current task success rate: 1.0
Current total success rate: 0.88

Task: open the top drawer and put the bowl inside table 4
Success: False
# episodes completed so far: 51
# successes: 44 (86.3%)
Current task success rate: 0.0
Current total success rate: 0.8627450980392157

Task: open the top drawer and put the bowl inside table 5
Success: True
# episodes completed so far: 52
# successes: 45 (86.5%)
Current task success rate: 1.0
Current total success rate: 0.8653846153846154

Task: open the top drawer and put the bowl inside table 6
Success: True
# episodes completed so far: 53
# successes: 46 (86.8%)
Current task success rate: 1.0
Current total success rate: 0.8679245283018868

Task: open the top drawer and put the bowl inside table 7
Success: False
# episodes completed so far: 54
# successes: 46 (85.2%)
Current task success rate: 0.0
Current total success rate: 0.8518518518518519

Task: open the top drawer and put the bowl inside table 9
Success: False
# episodes completed so far: 55
# successes: 46 (83.6%)
Current task success rate: 0.0
Current total success rate: 0.8363636363636363

Task: open the top drawer and put the bowl inside tb 1
Success: True
# episodes completed so far: 56
# successes: 47 (83.9%)
Current task success rate: 1.0
Current total success rate: 0.8392857142857143

Task: open the top drawer and put the bowl inside tb 10
Success: False
# episodes completed so far: 57
# successes: 47 (82.5%)
Current task success rate: 0.0
Current total success rate: 0.8245614035087719

Task: open the top drawer and put the bowl inside tb 11
Success: True
# episodes completed so far: 58
# successes: 48 (82.8%)
Current task success rate: 1.0
Current total success rate: 0.8275862068965517

Task: open the top drawer and put the bowl inside tb 13
Success: False
# episodes completed so far: 59
# successes: 48 (81.4%)
Current task success rate: 0.0
Current total success rate: 0.8135593220338984

Task: open the top drawer and put the bowl inside tb 15
Success: True
# episodes completed so far: 60
# successes: 49 (81.7%)
Current task success rate: 1.0
Current total success rate: 0.8166666666666667

Task: open the top drawer and put the bowl inside tb 16
Success: True
# episodes completed so far: 61
# successes: 50 (82.0%)
Current task success rate: 1.0
Current total success rate: 0.819672131147541

Task: open the top drawer and put the bowl inside tb 17
Success: True
# episodes completed so far: 62
# successes: 51 (82.3%)
Current task success rate: 1.0
Current total success rate: 0.8225806451612904

Task: open the top drawer and put the bowl inside tb 18
Success: False
# episodes completed so far: 63
# successes: 51 (81.0%)
Current task success rate: 0.0
Current total success rate: 0.8095238095238095

Task: open the top drawer and put the bowl inside tb 19
Success: False
# episodes completed so far: 64
# successes: 51 (79.7%)
Current task success rate: 0.0
Current total success rate: 0.796875

Task: open the top drawer and put the bowl inside tb 2
Success: True
# episodes completed so far: 65
# successes: 52 (80.0%)
Current task success rate: 1.0
Current total success rate: 0.8

Task: open the top drawer and put the bowl inside tb 20
Success: False
# episodes completed so far: 66
# successes: 52 (78.8%)
Current task success rate: 0.0
Current total success rate: 0.7878787878787878

Task: open the top drawer and put the bowl inside tb 21
Success: False
# episodes completed so far: 67
# successes: 52 (77.6%)
Current task success rate: 0.0
Current total success rate: 0.7761194029850746

Task: open the top drawer and put the bowl inside tb 22
Success: False
# episodes completed so far: 68
# successes: 52 (76.5%)
Current task success rate: 0.0
Current total success rate: 0.7647058823529411

Task: open the top drawer and put the bowl inside tb 3
Success: True
# episodes completed so far: 69
# successes: 53 (76.8%)
Current task success rate: 1.0
Current total success rate: 0.7681159420289855

Task: open the top drawer and put the bowl inside tb 4
Success: True
# episodes completed so far: 70
# successes: 54 (77.1%)
Current task success rate: 1.0
Current total success rate: 0.7714285714285715

Task: open the top drawer and put the bowl inside tb 5
Success: True
# episodes completed so far: 71
# successes: 55 (77.5%)
Current task success rate: 1.0
Current total success rate: 0.7746478873239436

Task: open the top drawer and put the bowl inside tb 6
Success: True
# episodes completed so far: 72
# successes: 56 (77.8%)
Current task success rate: 1.0
Current total success rate: 0.7777777777777778

Task: open the top drawer and put the bowl inside tb 7
Success: True
# episodes completed so far: 73
# successes: 57 (78.1%)
Current task success rate: 1.0
Current total success rate: 0.7808219178082192

Task: open the top drawer and put the bowl inside tb 8
Success: True
# episodes completed so far: 74
# successes: 58 (78.4%)
Current task success rate: 1.0
Current total success rate: 0.7837837837837838

Task: open the top drawer and put the bowl inside tb 9
Success: True
# episodes completed so far: 75
# successes: 59 (78.7%)
Current task success rate: 1.0
Current total success rate: 0.7866666666666666

Task: push the plate to the front of the stove table 12
Success: True
# episodes completed so far: 76
# successes: 60 (78.9%)
Current task success rate: 1.0
Current total success rate: 0.7894736842105263

Task: push the plate to the front of the stove table 14
Success: True
# episodes completed so far: 77
# successes: 61 (79.2%)
Current task success rate: 1.0
Current total success rate: 0.7922077922077922

Task: push the plate to the front of the stove table 15
Success: True
# episodes completed so far: 78
# successes: 62 (79.5%)
Current task success rate: 1.0
Current total success rate: 0.7948717948717948

Task: push the plate to the front of the stove table 17
Success: True
# episodes completed so far: 79
# successes: 63 (79.7%)
Current task success rate: 1.0
Current total success rate: 0.7974683544303798

Task: push the plate to the front of the stove table 19
Success: True
# episodes completed so far: 80
# successes: 64 (80.0%)
Current task success rate: 1.0
Current total success rate: 0.8

Task: push the plate to the front of the stove table 2
Success: True
# episodes completed so far: 81
# successes: 65 (80.2%)
Current task success rate: 1.0
Current total success rate: 0.8024691358024691

Task: push the plate to the front of the stove table 22
Success: True
# episodes completed so far: 82
# successes: 66 (80.5%)
Current task success rate: 1.0
Current total success rate: 0.8048780487804879

Task: push the plate to the front of the stove table 23
Success: True
# episodes completed so far: 83
# successes: 67 (80.7%)
Current task success rate: 1.0
Current total success rate: 0.8072289156626506

Task: push the plate to the front of the stove table 24
Success: True
# episodes completed so far: 84
# successes: 68 (81.0%)
Current task success rate: 1.0
Current total success rate: 0.8095238095238095

Task: push the plate to the front of the stove table 25
Success: True
# episodes completed so far: 85
# successes: 69 (81.2%)
Current task success rate: 1.0
Current total success rate: 0.8117647058823529

Task: push the plate to the front of the stove table 26
Success: True
# episodes completed so far: 86
# successes: 70 (81.4%)
Current task success rate: 1.0
Current total success rate: 0.813953488372093

Task: push the plate to the front of the stove table 27
Success: True
# episodes completed so far: 87
# successes: 71 (81.6%)
Current task success rate: 1.0
Current total success rate: 0.8160919540229885

Task: push the plate to the front of the stove table 3
Success: True
# episodes completed so far: 88
# successes: 72 (81.8%)
Current task success rate: 1.0
Current total success rate: 0.8181818181818182

Task: push the plate to the front of the stove table 4
Success: True
# episodes completed so far: 89
# successes: 73 (82.0%)
Current task success rate: 1.0
Current total success rate: 0.8202247191011236

Task: push the plate to the front of the stove table 6
Success: True
# episodes completed so far: 90
# successes: 74 (82.2%)
Current task success rate: 1.0
Current total success rate: 0.8222222222222222

Task: push the plate to the front of the stove table 7
Success: True
# episodes completed so far: 91
# successes: 75 (82.4%)
Current task success rate: 1.0
Current total success rate: 0.8241758241758241

Task: push the plate to the front of the stove table 8
Success: True
# episodes completed so far: 92
# successes: 76 (82.6%)
Current task success rate: 1.0
Current total success rate: 0.8260869565217391

Task: push the plate to the front of the stove table 9
Success: True
# episodes completed so far: 93
# successes: 77 (82.8%)
Current task success rate: 1.0
Current total success rate: 0.8279569892473119

Task: push the plate to the front of the stove tb 1
Success: True
# episodes completed so far: 94
# successes: 78 (83.0%)
Current task success rate: 1.0
Current total success rate: 0.8297872340425532

Task: push the plate to the front of the stove tb 12
Success: True
# episodes completed so far: 95
# successes: 79 (83.2%)
Current task success rate: 1.0
Current total success rate: 0.8315789473684211

Task: push the plate to the front of the stove tb 16
Success: True
# episodes completed so far: 96
# successes: 80 (83.3%)
Current task success rate: 1.0
Current total success rate: 0.8333333333333334

Task: push the plate to the front of the stove tb 17
Success: True
# episodes completed so far: 97
# successes: 81 (83.5%)
Current task success rate: 1.0
Current total success rate: 0.8350515463917526

Task: push the plate to the front of the stove tb 19
Success: True
# episodes completed so far: 98
# successes: 82 (83.7%)
Current task success rate: 1.0
Current total success rate: 0.8367346938775511

Task: push the plate to the front of the stove tb 21
Success: True
# episodes completed so far: 99
# successes: 83 (83.8%)
Current task success rate: 1.0
Current total success rate: 0.8383838383838383

Task: push the plate to the front of the stove tb 22
Success: True
# episodes completed so far: 100
# successes: 84 (84.0%)
Current task success rate: 1.0
Current total success rate: 0.84

Task: push the plate to the front of the stove tb 7
Success: True
# episodes completed so far: 101
# successes: 85 (84.2%)
Current task success rate: 1.0
Current total success rate: 0.8415841584158416

Task: push the plate to the front of the stove tb 9
Success: True
# episodes completed so far: 102
# successes: 86 (84.3%)
Current task success rate: 1.0
Current total success rate: 0.8431372549019608

Task: put the bowl on the plate table 1
Success: True
# episodes completed so far: 103
# successes: 87 (84.5%)
Current task success rate: 1.0
Current total success rate: 0.8446601941747572

Task: put the bowl on the plate table 10
Success: True
# episodes completed so far: 104
# successes: 88 (84.6%)
Current task success rate: 1.0
Current total success rate: 0.8461538461538461

Task: put the bowl on the plate table 12
Success: True
# episodes completed so far: 105
# successes: 89 (84.8%)
Current task success rate: 1.0
Current total success rate: 0.8476190476190476

Task: put the bowl on the plate table 13
Success: True
# episodes completed so far: 106
# successes: 90 (84.9%)
Current task success rate: 1.0
Current total success rate: 0.8490566037735849

Task: put the bowl on the plate table 15
Success: True
# episodes completed so far: 107
# successes: 91 (85.0%)
Current task success rate: 1.0
Current total success rate: 0.8504672897196262

Task: put the bowl on the plate table 16
Success: True
# episodes completed so far: 108
# successes: 92 (85.2%)
Current task success rate: 1.0
Current total success rate: 0.8518518518518519

Task: put the bowl on the plate table 17
Success: True
# episodes completed so far: 109
# successes: 93 (85.3%)
Current task success rate: 1.0
Current total success rate: 0.8532110091743119

Task: put the bowl on the plate table 2
Success: True
# episodes completed so far: 110
# successes: 94 (85.5%)
Current task success rate: 1.0
Current total success rate: 0.8545454545454545

Task: put the bowl on the plate table 21
Success: True
# episodes completed so far: 111
# successes: 95 (85.6%)
Current task success rate: 1.0
Current total success rate: 0.8558558558558559

Task: put the bowl on the plate table 22
Success: True
# episodes completed so far: 112
# successes: 96 (85.7%)
Current task success rate: 1.0
Current total success rate: 0.8571428571428571

Task: put the bowl on the plate table 23
Success: True
# episodes completed so far: 113
# successes: 97 (85.8%)
Current task success rate: 1.0
Current total success rate: 0.8584070796460177

Task: put the bowl on the plate table 24
Success: True
# episodes completed so far: 114
# successes: 98 (86.0%)
Current task success rate: 1.0
Current total success rate: 0.8596491228070176

Task: put the bowl on the plate table 27
Success: True
# episodes completed so far: 115
# successes: 99 (86.1%)
Current task success rate: 1.0
Current total success rate: 0.8608695652173913

Task: put the bowl on the plate table 3
Success: True
# episodes completed so far: 116
# successes: 100 (86.2%)
Current task success rate: 1.0
Current total success rate: 0.8620689655172413

Task: put the bowl on the plate table 4
Success: True
# episodes completed so far: 117
# successes: 101 (86.3%)
Current task success rate: 1.0
Current total success rate: 0.8632478632478633

Task: put the bowl on the plate table 6
Success: True
# episodes completed so far: 118
# successes: 102 (86.4%)
Current task success rate: 1.0
Current total success rate: 0.864406779661017

Task: put the bowl on the plate table 8
Success: True
# episodes completed so far: 119
# successes: 103 (86.6%)
Current task success rate: 1.0
Current total success rate: 0.865546218487395

Task: put the bowl on the plate tb 1
Success: True
# episodes completed so far: 120
# successes: 104 (86.7%)
Current task success rate: 1.0
Current total success rate: 0.8666666666666667

Task: put the bowl on the plate tb 11
Success: True
# episodes completed so far: 121
# successes: 105 (86.8%)
Current task success rate: 1.0
Current total success rate: 0.8677685950413223

Task: put the bowl on the plate tb 13
Success: True
# episodes completed so far: 122
# successes: 106 (86.9%)
Current task success rate: 1.0
Current total success rate: 0.8688524590163934

Task: put the bowl on the plate tb 15
Success: True
# episodes completed so far: 123
# successes: 107 (87.0%)
Current task success rate: 1.0
Current total success rate: 0.8699186991869918

Task: put the bowl on the plate tb 16
Success: True
# episodes completed so far: 124
# successes: 108 (87.1%)
Current task success rate: 1.0
Current total success rate: 0.8709677419354839

Task: put the bowl on the plate tb 18
Success: True
# episodes completed so far: 125
# successes: 109 (87.2%)
Current task success rate: 1.0
Current total success rate: 0.872

Task: put the bowl on the plate tb 19
Success: True
# episodes completed so far: 126
# successes: 110 (87.3%)
Current task success rate: 1.0
Current total success rate: 0.873015873015873

Task: put the bowl on the plate tb 2
Success: True
# episodes completed so far: 127
# successes: 111 (87.4%)
Current task success rate: 1.0
Current total success rate: 0.8740157480314961

Task: put the bowl on the plate tb 20
Success: True
# episodes completed so far: 128
# successes: 112 (87.5%)
Current task success rate: 1.0
Current total success rate: 0.875

Task: put the bowl on the plate tb 21
Success: True
# episodes completed so far: 129
# successes: 113 (87.6%)
Current task success rate: 1.0
Current total success rate: 0.875968992248062

Task: put the bowl on the plate tb 22
Success: True
# episodes completed so far: 130
# successes: 114 (87.7%)
Current task success rate: 1.0
Current total success rate: 0.8769230769230769

Task: put the bowl on the plate tb 3
Success: True
# episodes completed so far: 131
# successes: 115 (87.8%)
Current task success rate: 1.0
Current total success rate: 0.8778625954198473

Task: put the bowl on the plate tb 9
Success: True
# episodes completed so far: 132
# successes: 116 (87.9%)
Current task success rate: 1.0
Current total success rate: 0.8787878787878788

Task: put the bowl on the stove table 1
Success: True
# episodes completed so far: 133
# successes: 117 (88.0%)
Current task success rate: 1.0
Current total success rate: 0.8796992481203008

Task: put the bowl on the stove table 24
Success: True
# episodes completed so far: 134
# successes: 118 (88.1%)
Current task success rate: 1.0
Current total success rate: 0.8805970149253731

Task: put the bowl on the stove table 3
Success: True
# episodes completed so far: 135
# successes: 119 (88.1%)
Current task success rate: 1.0
Current total success rate: 0.8814814814814815

Task: put the bowl on the stove table 4
Success: True
# episodes completed so far: 136
# successes: 120 (88.2%)
Current task success rate: 1.0
Current total success rate: 0.8823529411764706

Task: put the bowl on the stove table 5
Success: True
# episodes completed so far: 137
# successes: 121 (88.3%)
Current task success rate: 1.0
Current total success rate: 0.8832116788321168

Task: put the bowl on the stove table 7
Success: True
# episodes completed so far: 138
# successes: 122 (88.4%)
Current task success rate: 1.0
Current total success rate: 0.8840579710144928

Task: put the bowl on top of the cabinet table 1
Success: True
# episodes completed so far: 139
# successes: 123 (88.5%)
Current task success rate: 1.0
Current total success rate: 0.8848920863309353

Task: put the bowl on top of the cabinet table 10
Success: True
# episodes completed so far: 140
# successes: 124 (88.6%)
Current task success rate: 1.0
Current total success rate: 0.8857142857142857

Task: put the bowl on top of the cabinet table 12
Success: True
# episodes completed so far: 141
# successes: 125 (88.7%)
Current task success rate: 1.0
Current total success rate: 0.8865248226950354

Task: put the bowl on top of the cabinet table 13
Success: True
# episodes completed so far: 142
# successes: 126 (88.7%)
Current task success rate: 1.0
Current total success rate: 0.8873239436619719

Task: put the bowl on top of the cabinet table 19
Success: True
# episodes completed so far: 143
# successes: 127 (88.8%)
Current task success rate: 1.0
Current total success rate: 0.8881118881118881

Task: put the bowl on top of the cabinet table 3
Success: True
# episodes completed so far: 144
# successes: 128 (88.9%)
Current task success rate: 1.0
Current total success rate: 0.8888888888888888

Task: put the bowl on top of the cabinet table 9
Success: True
# episodes completed so far: 145
# successes: 129 (89.0%)
Current task success rate: 1.0
Current total success rate: 0.8896551724137931

Task: put the bowl on top of the cabinet tb 1
Success: True
# episodes completed so far: 146
# successes: 130 (89.0%)
Current task success rate: 1.0
Current total success rate: 0.8904109589041096

Task: put the bowl on top of the cabinet tb 19
Success: True
# episodes completed so far: 147
# successes: 131 (89.1%)
Current task success rate: 1.0
Current total success rate: 0.891156462585034

Task: put the bowl on top of the cabinet tb 2
Success: True
# episodes completed so far: 148
# successes: 132 (89.2%)
Current task success rate: 1.0
Current total success rate: 0.8918918918918919

Task: put the bowl on top of the cabinet tb 20
Success: True
# episodes completed so far: 149
# successes: 133 (89.3%)
Current task success rate: 1.0
Current total success rate: 0.8926174496644296

Task: put the bowl on top of the cabinet tb 21
Success: True
# episodes completed so far: 150
# successes: 134 (89.3%)
Current task success rate: 1.0
Current total success rate: 0.8933333333333333

Task: put the bowl on top of the cabinet tb 3
Success: True
# episodes completed so far: 151
# successes: 135 (89.4%)
Current task success rate: 1.0
Current total success rate: 0.8940397350993378

Task: put the cream cheese in the bowl table 1
Success: True
# episodes completed so far: 152
# successes: 136 (89.5%)
Current task success rate: 1.0
Current total success rate: 0.8947368421052632

Task: put the cream cheese in the bowl table 11
Success: True
# episodes completed so far: 153
# successes: 137 (89.5%)
Current task success rate: 1.0
Current total success rate: 0.8954248366013072

Task: put the cream cheese in the bowl table 12
Success: True
# episodes completed so far: 154
# successes: 138 (89.6%)
Current task success rate: 1.0
Current total success rate: 0.8961038961038961

Task: put the cream cheese in the bowl table 13
Success: True
# episodes completed so far: 155
# successes: 139 (89.7%)
Current task success rate: 1.0
Current total success rate: 0.896774193548387

Task: put the cream cheese in the bowl table 21
Success: False
# episodes completed so far: 156
# successes: 139 (89.1%)
Current task success rate: 0.0
Current total success rate: 0.8910256410256411

Task: put the cream cheese in the bowl table 22
Success: False
# episodes completed so far: 157
# successes: 139 (88.5%)
Current task success rate: 0.0
Current total success rate: 0.8853503184713376

Task: put the cream cheese in the bowl table 23
Success: True
# episodes completed so far: 158
# successes: 140 (88.6%)
Current task success rate: 1.0
Current total success rate: 0.8860759493670886

Task: put the cream cheese in the bowl table 26
Success: True
# episodes completed so far: 159
# successes: 141 (88.7%)
Current task success rate: 1.0
Current total success rate: 0.8867924528301887

Task: put the cream cheese in the bowl table 27
Success: True
# episodes completed so far: 160
# successes: 142 (88.8%)
Current task success rate: 1.0
Current total success rate: 0.8875

Task: put the cream cheese in the bowl table 3
Success: False
# episodes completed so far: 161
# successes: 142 (88.2%)
Current task success rate: 0.0
Current total success rate: 0.8819875776397516

Task: put the cream cheese in the bowl table 4
Success: False
# episodes completed so far: 162
# successes: 142 (87.7%)
Current task success rate: 0.0
Current total success rate: 0.8765432098765432

Task: put the cream cheese in the bowl table 5
Success: True
# episodes completed so far: 163
# successes: 143 (87.7%)
Current task success rate: 1.0
Current total success rate: 0.8773006134969326

Task: put the cream cheese in the bowl table 7
Success: True
# episodes completed so far: 164
# successes: 144 (87.8%)
Current task success rate: 1.0
Current total success rate: 0.8780487804878049

Task: put the cream cheese in the bowl table 8
Success: False
# episodes completed so far: 165
# successes: 144 (87.3%)
Current task success rate: 0.0
Current total success rate: 0.8727272727272727

Task: put the cream cheese in the bowl table 9
Success: True
# episodes completed so far: 166
# successes: 145 (87.3%)
Current task success rate: 1.0
Current total success rate: 0.8734939759036144

Task: put the cream cheese in the bowl tb 1
Success: True
# episodes completed so far: 167
# successes: 146 (87.4%)
Current task success rate: 1.0
Current total success rate: 0.874251497005988

Task: put the cream cheese in the bowl tb 10
Success: False
# episodes completed so far: 168
# successes: 146 (86.9%)
Current task success rate: 0.0
Current total success rate: 0.8690476190476191

Task: put the cream cheese in the bowl tb 11
Success: True
# episodes completed so far: 169
# successes: 147 (87.0%)
Current task success rate: 1.0
Current total success rate: 0.8698224852071006

Task: put the cream cheese in the bowl tb 12
Success: True
# episodes completed so far: 170
# successes: 148 (87.1%)
Current task success rate: 1.0
Current total success rate: 0.8705882352941177

Task: put the cream cheese in the bowl tb 13
Success: True
# episodes completed so far: 171
# successes: 149 (87.1%)
Current task success rate: 1.0
Current total success rate: 0.8713450292397661

Task: put the cream cheese in the bowl tb 14
Success: True
# episodes completed so far: 172
# successes: 150 (87.2%)
Current task success rate: 1.0
Current total success rate: 0.872093023255814

Task: put the cream cheese in the bowl tb 15
Success: True
# episodes completed so far: 173
# successes: 151 (87.3%)
Current task success rate: 1.0
Current total success rate: 0.8728323699421965

Task: put the cream cheese in the bowl tb 16
Success: True
# episodes completed so far: 174
# successes: 152 (87.4%)
Current task success rate: 1.0
Current total success rate: 0.8735632183908046

Task: put the cream cheese in the bowl tb 17
Success: False
# episodes completed so far: 175
# successes: 152 (86.9%)
Current task success rate: 0.0
Current total success rate: 0.8685714285714285

Task: put the cream cheese in the bowl tb 18
Success: True
# episodes completed so far: 176
# successes: 153 (86.9%)
Current task success rate: 1.0
Current total success rate: 0.8693181818181818

Task: put the cream cheese in the bowl tb 19
Success: True
# episodes completed so far: 177
# successes: 154 (87.0%)
Current task success rate: 1.0
Current total success rate: 0.8700564971751412

Task: put the cream cheese in the bowl tb 20
Success: True
# episodes completed so far: 178
# successes: 155 (87.1%)
Current task success rate: 1.0
Current total success rate: 0.8707865168539326

Task: put the cream cheese in the bowl tb 21
Success: True
# episodes completed so far: 179
# successes: 156 (87.2%)
Current task success rate: 1.0
Current total success rate: 0.8715083798882681

Task: put the cream cheese in the bowl tb 22
Success: True
# episodes completed so far: 180
# successes: 157 (87.2%)
Current task success rate: 1.0
Current total success rate: 0.8722222222222222

Task: put the cream cheese in the bowl tb 6
Success: True
# episodes completed so far: 181
# successes: 158 (87.3%)
Current task success rate: 1.0
Current total success rate: 0.8729281767955801

Task: put the cream cheese in the bowl tb 8
Success: True
# episodes completed so far: 182
# successes: 159 (87.4%)
Current task success rate: 1.0
Current total success rate: 0.8736263736263736

Task: put the cream cheese in the bowl tb 9
Success: True
# episodes completed so far: 183
# successes: 160 (87.4%)
Current task success rate: 1.0
Current total success rate: 0.8743169398907104

Task: put the wine bottle on the rack table 1
Success: True
# episodes completed so far: 184
# successes: 161 (87.5%)
Current task success rate: 1.0
Current total success rate: 0.875

Task: put the wine bottle on the rack table 10
Success: True
# episodes completed so far: 185
# successes: 162 (87.6%)
Current task success rate: 1.0
Current total success rate: 0.8756756756756757

Task: put the wine bottle on the rack table 11
Success: True
# episodes completed so far: 186
# successes: 163 (87.6%)
Current task success rate: 1.0
Current total success rate: 0.8763440860215054

Task: put the wine bottle on the rack table 12
Success: False
# episodes completed so far: 187
# successes: 163 (87.2%)
Current task success rate: 0.0
Current total success rate: 0.8716577540106952

Task: put the wine bottle on the rack table 13
Success: True
# episodes completed so far: 188
# successes: 164 (87.2%)
Current task success rate: 1.0
Current total success rate: 0.8723404255319149

Task: put the wine bottle on the rack table 14
Success: True
# episodes completed so far: 189
# successes: 165 (87.3%)
Current task success rate: 1.0
Current total success rate: 0.873015873015873

Task: put the wine bottle on the rack table 15
Success: True
# episodes completed so far: 190
# successes: 166 (87.4%)
Current task success rate: 1.0
Current total success rate: 0.8736842105263158

Task: put the wine bottle on the rack table 16
Success: False
# episodes completed so far: 191
# successes: 166 (86.9%)
Current task success rate: 0.0
Current total success rate: 0.8691099476439791

Task: put the wine bottle on the rack table 17
Success: True
# episodes completed so far: 192
# successes: 167 (87.0%)
Current task success rate: 1.0
Current total success rate: 0.8697916666666666

Task: put the wine bottle on the rack table 18
Success: True
# episodes completed so far: 193
# successes: 168 (87.0%)
Current task success rate: 1.0
Current total success rate: 0.8704663212435233

Task: put the wine bottle on the rack table 19
Success: True
# episodes completed so far: 194
# successes: 169 (87.1%)
Current task success rate: 1.0
Current total success rate: 0.8711340206185567

Task: put the wine bottle on the rack table 2
Success: True
# episodes completed so far: 195
# successes: 170 (87.2%)
Current task success rate: 1.0
Current total success rate: 0.8717948717948718

Task: put the wine bottle on the rack table 20
Success: True
# episodes completed so far: 196
# successes: 171 (87.2%)
Current task success rate: 1.0
Current total success rate: 0.8724489795918368

Task: put the wine bottle on the rack table 22
Success: True
# episodes completed so far: 197
# successes: 172 (87.3%)
Current task success rate: 1.0
Current total success rate: 0.8730964467005076

Task: put the wine bottle on the rack table 23
Success: True
# episodes completed so far: 198
# successes: 173 (87.4%)
Current task success rate: 1.0
Current total success rate: 0.8737373737373737

Task: put the wine bottle on the rack table 24
Success: True
# episodes completed so far: 199
# successes: 174 (87.4%)
Current task success rate: 1.0
Current total success rate: 0.8743718592964824

Task: put the wine bottle on the rack table 25
Success: True
# episodes completed so far: 200
# successes: 175 (87.5%)
Current task success rate: 1.0
Current total success rate: 0.875

Task: put the wine bottle on the rack table 26
Success: True
# episodes completed so far: 201
# successes: 176 (87.6%)
Current task success rate: 1.0
Current total success rate: 0.8756218905472637

Task: put the wine bottle on the rack table 27
Success: True
# episodes completed so far: 202
# successes: 177 (87.6%)
Current task success rate: 1.0
Current total success rate: 0.8762376237623762

Task: put the wine bottle on the rack table 28
Success: True
# episodes completed so far: 203
# successes: 178 (87.7%)
Current task success rate: 1.0
Current total success rate: 0.8768472906403941

Task: put the wine bottle on the rack table 3
Success: True
# episodes completed so far: 204
# successes: 179 (87.7%)
Current task success rate: 1.0
Current total success rate: 0.8774509803921569

Task: put the wine bottle on the rack table 5
Success: True
# episodes completed so far: 205
# successes: 180 (87.8%)
Current task success rate: 1.0
Current total success rate: 0.8780487804878049

Task: put the wine bottle on the rack table 6
Success: True
# episodes completed so far: 206
# successes: 181 (87.9%)
Current task success rate: 1.0
Current total success rate: 0.8786407766990292

Task: put the wine bottle on the rack table 7
Success: False
# episodes completed so far: 207
# successes: 181 (87.4%)
Current task success rate: 0.0
Current total success rate: 0.8743961352657005

Task: put the wine bottle on the rack table 8
Success: True
# episodes completed so far: 208
# successes: 182 (87.5%)
Current task success rate: 1.0
Current total success rate: 0.875

Task: put the wine bottle on the rack table 9
Success: True
# episodes completed so far: 209
# successes: 183 (87.6%)
Current task success rate: 1.0
Current total success rate: 0.8755980861244019

Task: put the wine bottle on the rack tb 1
Success: True
# episodes completed so far: 210
# successes: 184 (87.6%)
Current task success rate: 1.0
Current total success rate: 0.8761904761904762

Task: put the wine bottle on the rack tb 10
Success: True
# episodes completed so far: 211
# successes: 185 (87.7%)
Current task success rate: 1.0
Current total success rate: 0.8767772511848341

Task: put the wine bottle on the rack tb 11
Success: True
# episodes completed so far: 212
# successes: 186 (87.7%)
Current task success rate: 1.0
Current total success rate: 0.8773584905660378

Task: put the wine bottle on the rack tb 12
Success: True
# episodes completed so far: 213
# successes: 187 (87.8%)
Current task success rate: 1.0
Current total success rate: 0.8779342723004695

Task: put the wine bottle on the rack tb 13
Success: True
# episodes completed so far: 214
# successes: 188 (87.9%)
Current task success rate: 1.0
Current total success rate: 0.8785046728971962

Task: put the wine bottle on the rack tb 14
Success: True
# episodes completed so far: 215
# successes: 189 (87.9%)
Current task success rate: 1.0
Current total success rate: 0.8790697674418605

Task: put the wine bottle on the rack tb 15
Success: True
# episodes completed so far: 216
# successes: 190 (88.0%)
Current task success rate: 1.0
Current total success rate: 0.8796296296296297

Task: put the wine bottle on the rack tb 16
Success: True
# episodes completed so far: 217
# successes: 191 (88.0%)
Current task success rate: 1.0
Current total success rate: 0.880184331797235

Task: put the wine bottle on the rack tb 17
Success: True
# episodes completed so far: 218
# successes: 192 (88.1%)
Current task success rate: 1.0
Current total success rate: 0.8807339449541285

Task: put the wine bottle on the rack tb 18
Success: True
# episodes completed so far: 219
# successes: 193 (88.1%)
Current task success rate: 1.0
Current total success rate: 0.8812785388127854

Task: put the wine bottle on the rack tb 19
Success: True
# episodes completed so far: 220
# successes: 194 (88.2%)
Current task success rate: 1.0
Current total success rate: 0.8818181818181818

Task: put the wine bottle on the rack tb 20
Success: True
# episodes completed so far: 221
# successes: 195 (88.2%)
Current task success rate: 1.0
Current total success rate: 0.8823529411764706

Task: put the wine bottle on the rack tb 21
Success: True
# episodes completed so far: 222
# successes: 196 (88.3%)
Current task success rate: 1.0
Current total success rate: 0.8828828828828829

Task: put the wine bottle on the rack tb 22
Success: True
# episodes completed so far: 223
# successes: 197 (88.3%)
Current task success rate: 1.0
Current total success rate: 0.8834080717488789

Task: put the wine bottle on the rack tb 3
Success: True
# episodes completed so far: 224
# successes: 198 (88.4%)
Current task success rate: 1.0
Current total success rate: 0.8839285714285714

Task: put the wine bottle on the rack tb 4
Success: True
# episodes completed so far: 225
# successes: 199 (88.4%)
Current task success rate: 1.0
Current total success rate: 0.8844444444444445

Task: put the wine bottle on the rack tb 5
Success: True
# episodes completed so far: 226
# successes: 200 (88.5%)
Current task success rate: 1.0
Current total success rate: 0.8849557522123894

Task: put the wine bottle on the rack tb 6
Success: True
# episodes completed so far: 227
# successes: 201 (88.5%)
Current task success rate: 1.0
Current total success rate: 0.8854625550660793

Task: put the wine bottle on the rack tb 8
Success: True
# episodes completed so far: 228
# successes: 202 (88.6%)
Current task success rate: 1.0
Current total success rate: 0.8859649122807017

Task: put the wine bottle on the rack tb 9
Success: True
# episodes completed so far: 229
# successes: 203 (88.6%)
Current task success rate: 1.0
Current total success rate: 0.8864628820960698

Task: put the wine bottle on top of the cabinet table 1
Success: True
# episodes completed so far: 230
# successes: 204 (88.7%)
Current task success rate: 1.0
Current total success rate: 0.8869565217391304

Task: put the wine bottle on top of the cabinet table 11
Success: True
# episodes completed so far: 231
# successes: 205 (88.7%)
Current task success rate: 1.0
Current total success rate: 0.8874458874458875

Task: put the wine bottle on top of the cabinet table 12
Success: True
# episodes completed so far: 232
# successes: 206 (88.8%)
Current task success rate: 1.0
Current total success rate: 0.8879310344827587

Task: put the wine bottle on top of the cabinet table 14
Success: True
# episodes completed so far: 233
# successes: 207 (88.8%)
Current task success rate: 1.0
Current total success rate: 0.8884120171673819

Task: put the wine bottle on top of the cabinet table 15
Success: True
# episodes completed so far: 234
# successes: 208 (88.9%)
Current task success rate: 1.0
Current total success rate: 0.8888888888888888

Task: put the wine bottle on top of the cabinet table 18
Success: True
# episodes completed so far: 235
# successes: 209 (88.9%)
Current task success rate: 1.0
Current total success rate: 0.8893617021276595

Task: put the wine bottle on top of the cabinet table 19
Success: True
# episodes completed so far: 236
# successes: 210 (89.0%)
Current task success rate: 1.0
Current total success rate: 0.8898305084745762

Task: put the wine bottle on top of the cabinet table 2
Success: False
# episodes completed so far: 237
# successes: 210 (88.6%)
Current task success rate: 0.0
Current total success rate: 0.8860759493670886

Task: put the wine bottle on top of the cabinet table 20
Success: True
# episodes completed so far: 238
# successes: 211 (88.7%)
Current task success rate: 1.0
Current total success rate: 0.8865546218487395

Task: put the wine bottle on top of the cabinet table 21
Success: True
# episodes completed so far: 239
# successes: 212 (88.7%)
Current task success rate: 1.0
Current total success rate: 0.8870292887029289

Task: put the wine bottle on top of the cabinet table 22
Success: True
# episodes completed so far: 240
# successes: 213 (88.8%)
Current task success rate: 1.0
Current total success rate: 0.8875

Task: put the wine bottle on top of the cabinet table 23
Success: True
# episodes completed so far: 241
# successes: 214 (88.8%)
Current task success rate: 1.0
Current total success rate: 0.8879668049792531

Task: put the wine bottle on top of the cabinet table 25
Success: True
# episodes completed so far: 242
# successes: 215 (88.8%)
Current task success rate: 1.0
Current total success rate: 0.8884297520661157

Task: put the wine bottle on top of the cabinet table 26
Success: True
# episodes completed so far: 243
# successes: 216 (88.9%)
Current task success rate: 1.0
Current total success rate: 0.8888888888888888

Task: put the wine bottle on top of the cabinet table 3
Success: True
# episodes completed so far: 244
# successes: 217 (88.9%)
Current task success rate: 1.0
Current total success rate: 0.889344262295082

Task: put the wine bottle on top of the cabinet table 4
Success: True
# episodes completed so far: 245
# successes: 218 (89.0%)
Current task success rate: 1.0
Current total success rate: 0.889795918367347

Task: put the wine bottle on top of the cabinet table 6
Success: True
# episodes completed so far: 246
# successes: 219 (89.0%)
Current task success rate: 1.0
Current total success rate: 0.8902439024390244

Task: put the wine bottle on top of the cabinet table 7
Success: False
# episodes completed so far: 247
# successes: 219 (88.7%)
Current task success rate: 0.0
Current total success rate: 0.8866396761133604

Task: put the wine bottle on top of the cabinet table 9
Success: True
# episodes completed so far: 248
# successes: 220 (88.7%)
Current task success rate: 1.0
Current total success rate: 0.8870967741935484

Task: put the wine bottle on top of the cabinet tb 1
Success: True
# episodes completed so far: 249
# successes: 221 (88.8%)
Current task success rate: 1.0
Current total success rate: 0.8875502008032129

Task: put the wine bottle on top of the cabinet tb 10
Success: True
# episodes completed so far: 250
# successes: 222 (88.8%)
Current task success rate: 1.0
Current total success rate: 0.888

Task: put the wine bottle on top of the cabinet tb 11
Success: True
# episodes completed so far: 251
# successes: 223 (88.8%)
Current task success rate: 1.0
Current total success rate: 0.8884462151394422

Task: put the wine bottle on top of the cabinet tb 12
Success: True
# episodes completed so far: 252
# successes: 224 (88.9%)
Current task success rate: 1.0
Current total success rate: 0.8888888888888888

Task: put the wine bottle on top of the cabinet tb 13
Success: True
# episodes completed so far: 253
# successes: 225 (88.9%)
Current task success rate: 1.0
Current total success rate: 0.8893280632411067

Task: put the wine bottle on top of the cabinet tb 14
Success: True
# episodes completed so far: 254
# successes: 226 (89.0%)
Current task success rate: 1.0
Current total success rate: 0.889763779527559

Task: put the wine bottle on top of the cabinet tb 15
Success: True
# episodes completed so far: 255
# successes: 227 (89.0%)
Current task success rate: 1.0
Current total success rate: 0.8901960784313725

Task: put the wine bottle on top of the cabinet tb 16
Success: True
# episodes completed so far: 256
# successes: 228 (89.1%)
Current task success rate: 1.0
Current total success rate: 0.890625

Task: put the wine bottle on top of the cabinet tb 18
Success: True
# episodes completed so far: 257
# successes: 229 (89.1%)
Current task success rate: 1.0
Current total success rate: 0.8910505836575876

Task: put the wine bottle on top of the cabinet tb 19
Success: True
# episodes completed so far: 258
# successes: 230 (89.1%)
Current task success rate: 1.0
Current total success rate: 0.8914728682170543

Task: put the wine bottle on top of the cabinet tb 2
Success: True
# episodes completed so far: 259
# successes: 231 (89.2%)
Current task success rate: 1.0
Current total success rate: 0.8918918918918919

Task: put the wine bottle on top of the cabinet tb 20
Success: True
# episodes completed so far: 260
# successes: 232 (89.2%)
Current task success rate: 1.0
Current total success rate: 0.8923076923076924

Task: put the wine bottle on top of the cabinet tb 21
Success: True
# episodes completed so far: 261
# successes: 233 (89.3%)
Current task success rate: 1.0
Current total success rate: 0.89272030651341

Task: put the wine bottle on top of the cabinet tb 22
Success: True
# episodes completed so far: 262
# successes: 234 (89.3%)
Current task success rate: 1.0
Current total success rate: 0.8931297709923665

Task: put the wine bottle on top of the cabinet tb 23
Success: True
# episodes completed so far: 263
# successes: 235 (89.4%)
Current task success rate: 1.0
Current total success rate: 0.8935361216730038

Task: put the wine bottle on top of the cabinet tb 3
Success: True
# episodes completed so far: 264
# successes: 236 (89.4%)
Current task success rate: 1.0
Current total success rate: 0.8939393939393939

Task: put the wine bottle on top of the cabinet tb 4
Success: True
# episodes completed so far: 265
# successes: 237 (89.4%)
Current task success rate: 1.0
Current total success rate: 0.8943396226415095

Task: put the wine bottle on top of the cabinet tb 5
Success: True
# episodes completed so far: 266
# successes: 238 (89.5%)
Current task success rate: 1.0
Current total success rate: 0.8947368421052632

Task: put the wine bottle on top of the cabinet tb 6
Success: True
# episodes completed so far: 267
# successes: 239 (89.5%)
Current task success rate: 1.0
Current total success rate: 0.8951310861423221

Task: put the wine bottle on top of the cabinet tb 7
Success: True
# episodes completed so far: 268
# successes: 240 (89.6%)
Current task success rate: 1.0
Current total success rate: 0.8955223880597015

Task: put the wine bottle on top of the cabinet tb 8
Success: True
# episodes completed so far: 269
# successes: 241 (89.6%)
Current task success rate: 1.0
Current total success rate: 0.895910780669145

Task: put the wine bottle on top of the cabinet tb 9
Success: True
# episodes completed so far: 270
# successes: 242 (89.6%)
Current task success rate: 1.0
Current total success rate: 0.8962962962962963

Task: turn on the stove table 1
Success: True
# episodes completed so far: 271
# successes: 243 (89.7%)
Current task success rate: 1.0
Current total success rate: 0.8966789667896679

Task: turn on the stove table 17
Success: True
# episodes completed so far: 272
# successes: 244 (89.7%)
Current task success rate: 1.0
Current total success rate: 0.8970588235294118

Task: turn on the stove table 2
Success: True
# episodes completed so far: 273
# successes: 245 (89.7%)
Current task success rate: 1.0
Current total success rate: 0.8974358974358975

Task: turn on the stove table 23
Success: True
# episodes completed so far: 274
# successes: 246 (89.8%)
Current task success rate: 1.0
Current total success rate: 0.8978102189781022

Task: turn on the stove table 3
Success: True
# episodes completed so far: 275
# successes: 247 (89.8%)
Current task success rate: 1.0
Current total success rate: 0.8981818181818182

Task: turn on the stove table 4
Success: True
# episodes completed so far: 276
# successes: 248 (89.9%)
Current task success rate: 1.0
Current total success rate: 0.8985507246376812

Task: turn on the stove table 5
Success: True
# episodes completed so far: 277
# successes: 249 (89.9%)
Current task success rate: 1.0
Current total success rate: 0.8989169675090253

Task: turn on the stove tb 13
Success: True
# episodes completed so far: 278
# successes: 250 (89.9%)
Current task success rate: 1.0
Current total success rate: 0.8992805755395683

Task: turn on the stove tb 18
Success: True
# episodes completed so far: 279
# successes: 251 (90.0%)
Current task success rate: 1.0
Current total success rate: 0.899641577060932

Task: turn on the stove tb 20
Success: True
# episodes completed so far: 280
# successes: 252 (90.0%)
Current task success rate: 1.0
Current total success rate: 0.9

Task: turn on the stove tb 6
Success: True
# episodes completed so far: 281
# successes: 253 (90.0%)
Current task success rate: 1.0
Current total success rate: 0.900355871886121

Task: open the middle drawer of the cabinet view 0 0 100 0 0 initstate 1
Success: True
# episodes completed so far: 282
# successes: 254 (90.1%)
Current task success rate: 1.0
Current total success rate: 0.900709219858156

Task: open the middle drawer of the cabinet view 0 0 100 0 0 initstate 11
Success: True
# episodes completed so far: 283
# successes: 255 (90.1%)
Current task success rate: 1.0
Current total success rate: 0.901060070671378

Task: open the middle drawer of the cabinet view 0 0 100 0 0 initstate 51
Success: True
# episodes completed so far: 284
# successes: 256 (90.1%)
Current task success rate: 1.0
Current total success rate: 0.9014084507042254

Task: open the middle drawer of the cabinet view 0 0 100 0 0 initstate 71
Success: True
# episodes completed so far: 285
# successes: 257 (90.2%)
Current task success rate: 1.0
Current total success rate: 0.9017543859649123

Task: open the middle drawer of the cabinet view 0 0 100 0 0 initstate 81
Success: True
# episodes completed so far: 286
# successes: 258 (90.2%)
Current task success rate: 1.0
Current total success rate: 0.9020979020979021

Task: open the middle drawer of the cabinet view 0 0 100 0 0 initstate 101
Success: True
# episodes completed so far: 287
# successes: 259 (90.2%)
Current task success rate: 1.0
Current total success rate: 0.9024390243902439

Task: open the middle drawer of the cabinet view 0 0 100 0 0 initstate 121
Success: False
# episodes completed so far: 288
# successes: 259 (89.9%)
Current task success rate: 0.0
Current total success rate: 0.8993055555555556

Task: open the middle drawer of the cabinet view 0 0 100 0 0 initstate 131
Success: False
# episodes completed so far: 289
# successes: 259 (89.6%)
Current task success rate: 0.0
Current total success rate: 0.8961937716262975

Task: open the middle drawer of the cabinet view 0 0 100 0 0 initstate 141
Success: True
# episodes completed so far: 290
# successes: 260 (89.7%)
Current task success rate: 1.0
Current total success rate: 0.896551724137931

Task: open the middle drawer of the cabinet view 0 0 100 0 0 initstate 151
Success: True
# episodes completed so far: 291
# successes: 261 (89.7%)
Current task success rate: 1.0
Current total success rate: 0.8969072164948454

Task: open the middle drawer of the cabinet view 0 0 100 0 0 initstate 161
Success: False
# episodes completed so far: 292
# successes: 261 (89.4%)
Current task success rate: 0.0
Current total success rate: 0.8938356164383562

Task: open the middle drawer of the cabinet view 0 0 100 0 0 initstate 171
Success: False
# episodes completed so far: 293
# successes: 261 (89.1%)
Current task success rate: 0.0
Current total success rate: 0.8907849829351536

Task: open the middle drawer of the cabinet view 0 0 100 0 0 initstate 181
Success: True
# episodes completed so far: 294
# successes: 262 (89.1%)
Current task success rate: 1.0
Current total success rate: 0.891156462585034

Task: open the middle drawer of the cabinet view 0 0 100 0 0 initstate 191
Success: True
# episodes completed so far: 295
# successes: 263 (89.2%)
Current task success rate: 1.0
Current total success rate: 0.8915254237288136

Task: open the middle drawer of the cabinet view 0 0 100 0 0 initstate 211
Success: False
# episodes completed so far: 296
# successes: 263 (88.9%)
Current task success rate: 0.0
Current total success rate: 0.8885135135135135

Task: open the middle drawer of the cabinet view 0 0 100 0 0 initstate 221
Success: False
# episodes completed so far: 297
# successes: 263 (88.6%)
Current task success rate: 0.0
Current total success rate: 0.8855218855218855

Task: open the middle drawer of the cabinet view 0 0 100 0 0 initstate 231
Success: False
# episodes completed so far: 298
# successes: 263 (88.3%)
Current task success rate: 0.0
Current total success rate: 0.8825503355704698

Task: open the middle drawer of the cabinet view 0 0 100 0 0 initstate 241
Success: False
# episodes completed so far: 299
# successes: 263 (88.0%)
Current task success rate: 0.0
Current total success rate: 0.8795986622073578

Task: open the middle drawer of the cabinet view 0 0 100 0 0 initstate 251
Success: False
# episodes completed so far: 300
# successes: 263 (87.7%)
Current task success rate: 0.0
Current total success rate: 0.8766666666666667

Task: open the middle drawer of the cabinet view 0 0 100 0 0 initstate 261
Success: True
# episodes completed so far: 301
# successes: 264 (87.7%)
Current task success rate: 1.0
Current total success rate: 0.8770764119601329

Task: open the middle drawer of the cabinet view 0 0 100 0 0 initstate 271
Success: True
# episodes completed so far: 302
# successes: 265 (87.7%)
Current task success rate: 1.0
Current total success rate: 0.8774834437086093

Task: open the middle drawer of the cabinet view 0 0 100 0 0 initstate 281
Success: False
# episodes completed so far: 303
# successes: 265 (87.5%)
Current task success rate: 0.0
Current total success rate: 0.8745874587458746

Task: open the middle drawer of the cabinet view 0 0 100 0 0 initstate 291
Success: False
# episodes completed so far: 304
# successes: 265 (87.2%)
Current task success rate: 0.0
Current total success rate: 0.8717105263157895

Task: open the middle drawer of the cabinet view 0 0 100 0 0 initstate 301
Success: False
# episodes completed so far: 305
# successes: 265 (86.9%)
Current task success rate: 0.0
Current total success rate: 0.8688524590163934

Task: open the middle drawer of the cabinet view 0 0 100 0 0 initstate 311
Success: False
# episodes completed so far: 306
# successes: 265 (86.6%)
Current task success rate: 0.0
Current total success rate: 0.8660130718954249

Task: open the middle drawer of the cabinet view 0 0 100 0 0 initstate 321
Success: False
# episodes completed so far: 307
# successes: 265 (86.3%)
Current task success rate: 0.0
Current total success rate: 0.8631921824104235

Task: open the middle drawer of the cabinet view 0 0 100 0 0 initstate 331
Success: False
# episodes completed so far: 308
# successes: 265 (86.0%)
Current task success rate: 0.0
Current total success rate: 0.8603896103896104

Task: open the middle drawer of the cabinet view 0 0 100 0 0 initstate 341
Success: False
# episodes completed so far: 309
# successes: 265 (85.8%)
Current task success rate: 0.0
Current total success rate: 0.8576051779935275

Task: open the middle drawer of the cabinet view 0 0 100 0 0 initstate 351
Success: False
# episodes completed so far: 310
# successes: 265 (85.5%)
Current task success rate: 0.0
Current total success rate: 0.8548387096774194

Task: open the middle drawer of the cabinet view 0 0 100 0 0 initstate 361
Success: False
# episodes completed so far: 311
# successes: 265 (85.2%)
Current task success rate: 0.0
Current total success rate: 0.8520900321543409

Task: open the middle drawer of the cabinet view 0 0 100 0 0 initstate 371
Success: False
# episodes completed so far: 312
# successes: 265 (84.9%)
Current task success rate: 0.0
Current total success rate: 0.8493589743589743

Task: open the middle drawer of the cabinet view 0 0 100 0 0 initstate 381
Success: False
# episodes completed so far: 313
# successes: 265 (84.7%)
Current task success rate: 0.0
Current total success rate: 0.8466453674121406

Task: open the middle drawer of the cabinet view 0 0 100 0 0 initstate 391
Success: False
# episodes completed so far: 314
# successes: 265 (84.4%)
Current task success rate: 0.0
Current total success rate: 0.8439490445859873

Task: open the middle drawer of the cabinet view 0 0 100 0 0 initstate 401
Success: False
# episodes completed so far: 315
# successes: 265 (84.1%)
Current task success rate: 0.0
Current total success rate: 0.8412698412698413

Task: open the middle drawer of the cabinet view 0 0 100 0 0 initstate 411
Success: False
# episodes completed so far: 316
# successes: 265 (83.9%)
Current task success rate: 0.0
Current total success rate: 0.8386075949367089

Task: open the middle drawer of the cabinet view 0 0 100 0 0 initstate 421
Success: False
# episodes completed so far: 317
# successes: 265 (83.6%)
Current task success rate: 0.0
Current total success rate: 0.8359621451104101

Task: open the middle drawer of the cabinet view 0 0 100 0 0 initstate 431
Success: False
# episodes completed so far: 318
# successes: 265 (83.3%)
Current task success rate: 0.0
Current total success rate: 0.8333333333333334

Task: open the middle drawer of the cabinet view 0 0 100 0 0 initstate 441
Success: False
# episodes completed so far: 319
# successes: 265 (83.1%)
Current task success rate: 0.0
Current total success rate: 0.8307210031347962

Task: open the middle drawer of the cabinet view 0 0 100 0 0 initstate 451
Success: False
# episodes completed so far: 320
# successes: 265 (82.8%)
Current task success rate: 0.0
Current total success rate: 0.828125

Task: open the middle drawer of the cabinet view 0 0 100 0 0 initstate 461
Success: False
# episodes completed so far: 321
# successes: 265 (82.6%)
Current task success rate: 0.0
Current total success rate: 0.8255451713395638

Task: open the middle drawer of the cabinet view 0 0 100 0 0 initstate 471
Success: False
# episodes completed so far: 322
# successes: 265 (82.3%)
Current task success rate: 0.0
Current total success rate: 0.8229813664596274

Task: open the middle drawer of the cabinet view 0 0 100 0 0 initstate 481
Success: False
# episodes completed so far: 323
# successes: 265 (82.0%)
Current task success rate: 0.0
Current total success rate: 0.8204334365325078

Task: open the middle drawer of the cabinet view 0 0 100 0 0 initstate 491
Success: False
# episodes completed so far: 324
# successes: 265 (81.8%)
Current task success rate: 0.0
Current total success rate: 0.8179012345679012

Task: put the bowl on the stove view 0 0 100 0 0 initstate 2
Success: False
# episodes completed so far: 325
# successes: 265 (81.5%)
Current task success rate: 0.0
Current total success rate: 0.8153846153846154

Task: put the bowl on the stove view 0 0 100 0 0 initstate 42
Success: True
# episodes completed so far: 326
# successes: 266 (81.6%)
Current task success rate: 1.0
Current total success rate: 0.8159509202453987

Task: put the bowl on the stove view 0 0 100 0 0 initstate 62
Success: True
# episodes completed so far: 327
# successes: 267 (81.7%)
Current task success rate: 1.0
Current total success rate: 0.8165137614678899

Task: put the bowl on the stove view 0 0 100 0 0 initstate 102
Success: False
# episodes completed so far: 328
# successes: 267 (81.4%)
Current task success rate: 0.0
Current total success rate: 0.8140243902439024

Task: put the bowl on the stove view 0 0 100 0 0 initstate 112
Success: False
# episodes completed so far: 329
# successes: 267 (81.2%)
Current task success rate: 0.0
Current total success rate: 0.8115501519756839

Task: put the bowl on the stove view 0 0 100 0 0 initstate 132
Success: False
# episodes completed so far: 330
# successes: 267 (80.9%)
Current task success rate: 0.0
Current total success rate: 0.8090909090909091

Task: put the bowl on the stove view 0 0 100 0 0 initstate 142
Success: False
# episodes completed so far: 331
# successes: 267 (80.7%)
Current task success rate: 0.0
Current total success rate: 0.8066465256797583

Task: put the bowl on the stove view 0 0 100 0 0 initstate 152
Success: False
# episodes completed so far: 332
# successes: 267 (80.4%)
Current task success rate: 0.0
Current total success rate: 0.8042168674698795

Task: put the bowl on the stove view 0 0 100 0 0 initstate 172
Success: False
# episodes completed so far: 333
# successes: 267 (80.2%)
Current task success rate: 0.0
Current total success rate: 0.8018018018018018

Task: put the bowl on the stove view 0 0 100 0 0 initstate 212
Success: False
# episodes completed so far: 334
# successes: 267 (79.9%)
Current task success rate: 0.0
Current total success rate: 0.7994011976047904

Task: put the bowl on the stove view 0 0 100 0 0 initstate 222
Success: False
# episodes completed so far: 335
# successes: 267 (79.7%)
Current task success rate: 0.0
Current total success rate: 0.7970149253731343

Task: put the bowl on the stove view 0 0 100 0 0 initstate 232
Success: False
# episodes completed so far: 336
# successes: 267 (79.5%)
Current task success rate: 0.0
Current total success rate: 0.7946428571428571

Task: put the bowl on the stove view 0 0 100 0 0 initstate 242
Success: False
# episodes completed so far: 337
# successes: 267 (79.2%)
Current task success rate: 0.0
Current total success rate: 0.7922848664688428

Task: put the bowl on the stove view 0 0 100 0 0 initstate 252
Success: False
# episodes completed so far: 338
# successes: 267 (79.0%)
Current task success rate: 0.0
Current total success rate: 0.7899408284023669

Task: put the bowl on the stove view 0 0 100 0 0 initstate 262
Success: True
# episodes completed so far: 339
# successes: 268 (79.1%)
Current task success rate: 1.0
Current total success rate: 0.7905604719764012

Task: put the bowl on the stove view 0 0 100 0 0 initstate 272
Success: False
# episodes completed so far: 340
# successes: 268 (78.8%)
Current task success rate: 0.0
Current total success rate: 0.788235294117647

Task: put the bowl on the stove view 0 0 100 0 0 initstate 282
Success: False
# episodes completed so far: 341
# successes: 268 (78.6%)
Current task success rate: 0.0
Current total success rate: 0.7859237536656891

Task: put the bowl on the stove view 0 0 100 0 0 initstate 292
Success: True
# episodes completed so far: 342
# successes: 269 (78.7%)
Current task success rate: 1.0
Current total success rate: 0.7865497076023392

Task: put the bowl on the stove view 0 0 100 0 0 initstate 302
Success: False
# episodes completed so far: 343
# successes: 269 (78.4%)
Current task success rate: 0.0
Current total success rate: 0.7842565597667639

Task: put the bowl on the stove view 0 0 100 0 0 initstate 312
Success: False
# episodes completed so far: 344
# successes: 269 (78.2%)
Current task success rate: 0.0
Current total success rate: 0.7819767441860465

Task: put the bowl on the stove view 0 0 100 0 0 initstate 322
Success: True
# episodes completed so far: 345
# successes: 270 (78.3%)
Current task success rate: 1.0
Current total success rate: 0.782608695652174

Task: put the bowl on the stove view 0 0 100 0 0 initstate 332
Success: False
# episodes completed so far: 346
# successes: 270 (78.0%)
Current task success rate: 0.0
Current total success rate: 0.7803468208092486

Task: put the bowl on the stove view 0 0 100 0 0 initstate 342
Success: False
# episodes completed so far: 347
# successes: 270 (77.8%)
Current task success rate: 0.0
Current total success rate: 0.7780979827089337

Task: put the bowl on the stove view 0 0 100 0 0 initstate 352
Success: True
# episodes completed so far: 348
# successes: 271 (77.9%)
Current task success rate: 1.0
Current total success rate: 0.7787356321839081

Task: put the bowl on the stove view 0 0 100 0 0 initstate 362
Success: False
# episodes completed so far: 349
# successes: 271 (77.7%)
Current task success rate: 0.0
Current total success rate: 0.7765042979942693

Task: put the bowl on the stove view 0 0 100 0 0 initstate 372
Success: False
# episodes completed so far: 350
# successes: 271 (77.4%)
Current task success rate: 0.0
Current total success rate: 0.7742857142857142

Task: put the bowl on the stove view 0 0 100 0 0 initstate 382
Success: True
# episodes completed so far: 351
# successes: 272 (77.5%)
Current task success rate: 1.0
Current total success rate: 0.7749287749287749

Task: put the bowl on the stove view 0 0 100 0 0 initstate 392
Success: False
# episodes completed so far: 352
# successes: 272 (77.3%)
Current task success rate: 0.0
Current total success rate: 0.7727272727272727

Task: put the bowl on the stove view 0 0 100 0 0 initstate 402
Success: True
# episodes completed so far: 353
# successes: 273 (77.3%)
Current task success rate: 1.0
Current total success rate: 0.773371104815864

Task: put the bowl on the stove view 0 0 100 0 0 initstate 412
Success: False
# episodes completed so far: 354
# successes: 273 (77.1%)
Current task success rate: 0.0
Current total success rate: 0.7711864406779662

Task: put the bowl on the stove view 0 0 100 0 0 initstate 422
Success: True
# episodes completed so far: 355
# successes: 274 (77.2%)
Current task success rate: 1.0
Current total success rate: 0.7718309859154929

Task: put the bowl on the stove view 0 0 100 0 0 initstate 432
Success: True
# episodes completed so far: 356
# successes: 275 (77.2%)
Current task success rate: 1.0
Current total success rate: 0.7724719101123596

Task: put the bowl on the stove view 0 0 100 0 0 initstate 442
Success: False
# episodes completed so far: 357
# successes: 275 (77.0%)
Current task success rate: 0.0
Current total success rate: 0.7703081232492998

Task: put the bowl on the stove view 0 0 100 0 0 initstate 452
Success: False
# episodes completed so far: 358
# successes: 275 (76.8%)
Current task success rate: 0.0
Current total success rate: 0.7681564245810056

Task: put the bowl on the stove view 0 0 100 0 0 initstate 462
Success: False
# episodes completed so far: 359
# successes: 275 (76.6%)
Current task success rate: 0.0
Current total success rate: 0.766016713091922

Task: put the bowl on the stove view 0 0 100 0 0 initstate 472
Success: False
# episodes completed so far: 360
# successes: 275 (76.4%)
Current task success rate: 0.0
Current total success rate: 0.7638888888888888

Task: put the bowl on the stove view 0 0 100 0 0 initstate 482
Success: True
# episodes completed so far: 361
# successes: 276 (76.5%)
Current task success rate: 1.0
Current total success rate: 0.7645429362880887

Task: put the bowl on the stove view 0 0 100 0 0 initstate 492
Success: True
# episodes completed so far: 362
# successes: 277 (76.5%)
Current task success rate: 1.0
Current total success rate: 0.7651933701657458

Task: put the wine bottle on top of the cabinet view 0 0 100 0 0 initstate 3
Success: True
# episodes completed so far: 363
# successes: 278 (76.6%)
Current task success rate: 1.0
Current total success rate: 0.7658402203856749

Task: put the wine bottle on top of the cabinet view 0 0 100 0 0 initstate 13
Success: True
# episodes completed so far: 364
# successes: 279 (76.6%)
Current task success rate: 1.0
Current total success rate: 0.7664835164835165

Task: put the wine bottle on top of the cabinet view 0 0 100 0 0 initstate 23
Success: True
# episodes completed so far: 365
# successes: 280 (76.7%)
Current task success rate: 1.0
Current total success rate: 0.7671232876712328

Task: put the wine bottle on top of the cabinet view 0 0 100 0 0 initstate 43
Success: True
# episodes completed so far: 366
# successes: 281 (76.8%)
Current task success rate: 1.0
Current total success rate: 0.76775956284153

Task: put the wine bottle on top of the cabinet view 0 0 100 0 0 initstate 63
Success: True
# episodes completed so far: 367
# successes: 282 (76.8%)
Current task success rate: 1.0
Current total success rate: 0.7683923705722071

Task: put the wine bottle on top of the cabinet view 0 0 100 0 0 initstate 73
Success: True
# episodes completed so far: 368
# successes: 283 (76.9%)
Current task success rate: 1.0
Current total success rate: 0.7690217391304348

Task: put the wine bottle on top of the cabinet view 0 0 100 0 0 initstate 83
Success: False
# episodes completed so far: 369
# successes: 283 (76.7%)
Current task success rate: 0.0
Current total success rate: 0.7669376693766937

Task: put the wine bottle on top of the cabinet view 0 0 100 0 0 initstate 103
Success: True
# episodes completed so far: 370
# successes: 284 (76.8%)
Current task success rate: 1.0
Current total success rate: 0.7675675675675676

Task: put the wine bottle on top of the cabinet view 0 0 100 0 0 initstate 113
Success: True
# episodes completed so far: 371
# successes: 285 (76.8%)
Current task success rate: 1.0
Current total success rate: 0.7681940700808625

Task: put the wine bottle on top of the cabinet view 0 0 100 0 0 initstate 123
Success: False
# episodes completed so far: 372
# successes: 285 (76.6%)
Current task success rate: 0.0
Current total success rate: 0.7661290322580645

Task: put the wine bottle on top of the cabinet view 0 0 100 0 0 initstate 133
Success: False
# episodes completed so far: 373
# successes: 285 (76.4%)
Current task success rate: 0.0
Current total success rate: 0.7640750670241286

Task: put the wine bottle on top of the cabinet view 0 0 100 0 0 initstate 143
Success: False
# episodes completed so far: 374
# successes: 285 (76.2%)
Current task success rate: 0.0
Current total success rate: 0.7620320855614974

Task: put the wine bottle on top of the cabinet view 0 0 100 0 0 initstate 153
Success: False
# episodes completed so far: 375
# successes: 285 (76.0%)
Current task success rate: 0.0
Current total success rate: 0.76

Task: put the wine bottle on top of the cabinet view 0 0 100 0 0 initstate 163
Success: True
# episodes completed so far: 376
# successes: 286 (76.1%)
Current task success rate: 1.0
Current total success rate: 0.7606382978723404

Task: put the wine bottle on top of the cabinet view 0 0 100 0 0 initstate 173
Success: True
# episodes completed so far: 377
# successes: 287 (76.1%)
Current task success rate: 1.0
Current total success rate: 0.7612732095490716

Task: put the wine bottle on top of the cabinet view 0 0 100 0 0 initstate 183
Success: True
# episodes completed so far: 378
# successes: 288 (76.2%)
Current task success rate: 1.0
Current total success rate: 0.7619047619047619

Task: put the wine bottle on top of the cabinet view 0 0 100 0 0 initstate 193
Success: False
# episodes completed so far: 379
# successes: 288 (76.0%)
Current task success rate: 0.0
Current total success rate: 0.7598944591029023

Task: put the wine bottle on top of the cabinet view 0 0 100 0 0 initstate 203
Success: True
# episodes completed so far: 380
# successes: 289 (76.1%)
Current task success rate: 1.0
Current total success rate: 0.7605263157894737

Task: put the wine bottle on top of the cabinet view 0 0 100 0 0 initstate 213
Success: True
# episodes completed so far: 381
# successes: 290 (76.1%)
Current task success rate: 1.0
Current total success rate: 0.7611548556430446

Task: put the wine bottle on top of the cabinet view 0 0 100 0 0 initstate 223
Success: True
# episodes completed so far: 382
# successes: 291 (76.2%)
Current task success rate: 1.0
Current total success rate: 0.7617801047120419

Task: put the wine bottle on top of the cabinet view 0 0 100 0 0 initstate 233
Success: True
# episodes completed so far: 383
# successes: 292 (76.2%)
Current task success rate: 1.0
Current total success rate: 0.762402088772846

Task: put the wine bottle on top of the cabinet view 0 0 100 0 0 initstate 243
Success: True
# episodes completed so far: 384
# successes: 293 (76.3%)
Current task success rate: 1.0
Current total success rate: 0.7630208333333334

Task: put the wine bottle on top of the cabinet view 0 0 100 0 0 initstate 253
Success: True
# episodes completed so far: 385
# successes: 294 (76.4%)
Current task success rate: 1.0
Current total success rate: 0.7636363636363637

Task: put the wine bottle on top of the cabinet view 0 0 100 0 0 initstate 283
Success: False
# episodes completed so far: 386
# successes: 294 (76.2%)
Current task success rate: 0.0
Current total success rate: 0.7616580310880829

Task: put the wine bottle on top of the cabinet view 0 0 100 0 0 initstate 293
Success: True
# episodes completed so far: 387
# successes: 295 (76.2%)
Current task success rate: 1.0
Current total success rate: 0.7622739018087855

Task: put the wine bottle on top of the cabinet view 0 0 100 0 0 initstate 303
Success: True
# episodes completed so far: 388
# successes: 296 (76.3%)
Current task success rate: 1.0
Current total success rate: 0.7628865979381443

Task: put the wine bottle on top of the cabinet view 0 0 100 0 0 initstate 323
Success: True
# episodes completed so far: 389
# successes: 297 (76.3%)
Current task success rate: 1.0
Current total success rate: 0.7634961439588689

Task: put the wine bottle on top of the cabinet view 0 0 100 0 0 initstate 343
Success: True
# episodes completed so far: 390
# successes: 298 (76.4%)
Current task success rate: 1.0
Current total success rate: 0.764102564102564

Task: put the wine bottle on top of the cabinet view 0 0 100 0 0 initstate 353
Success: True
# episodes completed so far: 391
# successes: 299 (76.5%)
Current task success rate: 1.0
Current total success rate: 0.7647058823529411

Task: put the wine bottle on top of the cabinet view 0 0 100 0 0 initstate 363
Success: False
# episodes completed so far: 392
# successes: 299 (76.3%)
Current task success rate: 0.0
Current total success rate: 0.7627551020408163

Task: put the wine bottle on top of the cabinet view 0 0 100 0 0 initstate 373
Success: True
# episodes completed so far: 393
# successes: 300 (76.3%)
Current task success rate: 1.0
Current total success rate: 0.7633587786259542

Task: put the wine bottle on top of the cabinet view 0 0 100 0 0 initstate 403
Success: False
# episodes completed so far: 394
# successes: 300 (76.1%)
Current task success rate: 0.0
Current total success rate: 0.7614213197969543

Task: put the wine bottle on top of the cabinet view 0 0 100 0 0 initstate 413
Success: False
# episodes completed so far: 395
# successes: 300 (75.9%)
Current task success rate: 0.0
Current total success rate: 0.759493670886076

Task: put the wine bottle on top of the cabinet view 0 0 100 0 0 initstate 423
Success: False
# episodes completed so far: 396
# successes: 300 (75.8%)
Current task success rate: 0.0
Current total success rate: 0.7575757575757576

Task: put the wine bottle on top of the cabinet view 0 0 100 0 0 initstate 433
Success: False
# episodes completed so far: 397
# successes: 300 (75.6%)
Current task success rate: 0.0
Current total success rate: 0.7556675062972292

Task: put the wine bottle on top of the cabinet view 0 0 100 0 0 initstate 453
Success: False
# episodes completed so far: 398
# successes: 300 (75.4%)
Current task success rate: 0.0
Current total success rate: 0.7537688442211056

Task: put the wine bottle on top of the cabinet view 0 0 100 0 0 initstate 463
Success: True
# episodes completed so far: 399
# successes: 301 (75.4%)
Current task success rate: 1.0
Current total success rate: 0.7543859649122807

Task: put the wine bottle on top of the cabinet view 0 0 100 0 0 initstate 473
Success: False
# episodes completed so far: 400
# successes: 301 (75.2%)
Current task success rate: 0.0
Current total success rate: 0.7525

Task: put the wine bottle on top of the cabinet view 0 0 100 0 0 initstate 483
Success: False
# episodes completed so far: 401
# successes: 301 (75.1%)
Current task success rate: 0.0
Current total success rate: 0.7506234413965087

Task: put the wine bottle on top of the cabinet view 0 0 100 0 0 initstate 493
Success: True
# episodes completed so far: 402
# successes: 302 (75.1%)
Current task success rate: 1.0
Current total success rate: 0.7512437810945274

Task: open the top drawer and put the bowl inside view 0 0 100 0 0 initstate 4
Success: False
# episodes completed so far: 403
# successes: 302 (74.9%)
Current task success rate: 0.0
Current total success rate: 0.749379652605459

Task: open the top drawer and put the bowl inside view 0 0 100 0 0 initstate 14
Success: True
# episodes completed so far: 404
# successes: 303 (75.0%)
Current task success rate: 1.0
Current total success rate: 0.75

Task: open the top drawer and put the bowl inside view 0 0 100 0 0 initstate 24
Success: True
# episodes completed so far: 405
# successes: 304 (75.1%)
Current task success rate: 1.0
Current total success rate: 0.7506172839506173

Task: open the top drawer and put the bowl inside view 0 0 100 0 0 initstate 44
Success: True
# episodes completed so far: 406
# successes: 305 (75.1%)
Current task success rate: 1.0
Current total success rate: 0.7512315270935961

Task: open the top drawer and put the bowl inside view 0 0 100 0 0 initstate 54
Success: True
# episodes completed so far: 407
# successes: 306 (75.2%)
Current task success rate: 1.0
Current total success rate: 0.7518427518427518

Task: open the top drawer and put the bowl inside view 0 0 100 0 0 initstate 74
Success: False
# episodes completed so far: 408
# successes: 306 (75.0%)
Current task success rate: 0.0
Current total success rate: 0.75

Task: open the top drawer and put the bowl inside view 0 0 100 0 0 initstate 84
Success: False
# episodes completed so far: 409
# successes: 306 (74.8%)
Current task success rate: 0.0
Current total success rate: 0.7481662591687042

Task: open the top drawer and put the bowl inside view 0 0 100 0 0 initstate 94
Success: True
# episodes completed so far: 410
# successes: 307 (74.9%)
Current task success rate: 1.0
Current total success rate: 0.748780487804878

Task: open the top drawer and put the bowl inside view 0 0 100 0 0 initstate 114
Success: False
# episodes completed so far: 411
# successes: 307 (74.7%)
Current task success rate: 0.0
Current total success rate: 0.7469586374695864

Task: open the top drawer and put the bowl inside view 0 0 100 0 0 initstate 124
Success: False
# episodes completed so far: 412
# successes: 307 (74.5%)
Current task success rate: 0.0
Current total success rate: 0.7451456310679612

Task: open the top drawer and put the bowl inside view 0 0 100 0 0 initstate 144
Success: True
# episodes completed so far: 413
# successes: 308 (74.6%)
Current task success rate: 1.0
Current total success rate: 0.7457627118644068

Task: open the top drawer and put the bowl inside view 0 0 100 0 0 initstate 154
Success: True
# episodes completed so far: 414
# successes: 309 (74.6%)
Current task success rate: 1.0
Current total success rate: 0.7463768115942029

Task: open the top drawer and put the bowl inside view 0 0 100 0 0 initstate 164
Success: False
# episodes completed so far: 415
# successes: 309 (74.5%)
Current task success rate: 0.0
Current total success rate: 0.744578313253012

Task: open the top drawer and put the bowl inside view 0 0 100 0 0 initstate 174
Success: False
# episodes completed so far: 416
# successes: 309 (74.3%)
Current task success rate: 0.0
Current total success rate: 0.7427884615384616

Task: open the top drawer and put the bowl inside view 0 0 100 0 0 initstate 184
Success: False
# episodes completed so far: 417
# successes: 309 (74.1%)
Current task success rate: 0.0
Current total success rate: 0.7410071942446043

Task: open the top drawer and put the bowl inside view 0 0 100 0 0 initstate 194
Success: False
# episodes completed so far: 418
# successes: 309 (73.9%)
Current task success rate: 0.0
Current total success rate: 0.7392344497607656

Task: open the top drawer and put the bowl inside view 0 0 100 0 0 initstate 204
Success: False
# episodes completed so far: 419
# successes: 309 (73.7%)
Current task success rate: 0.0
Current total success rate: 0.7374701670644391

Task: open the top drawer and put the bowl inside view 0 0 100 0 0 initstate 214
Success: False
# episodes completed so far: 420
# successes: 309 (73.6%)
Current task success rate: 0.0
Current total success rate: 0.7357142857142858

Task: open the top drawer and put the bowl inside view 0 0 100 0 0 initstate 224
Success: True
# episodes completed so far: 421
# successes: 310 (73.6%)
Current task success rate: 1.0
Current total success rate: 0.7363420427553444

Task: open the top drawer and put the bowl inside view 0 0 100 0 0 initstate 234
Success: True
# episodes completed so far: 422
# successes: 311 (73.7%)
Current task success rate: 1.0
Current total success rate: 0.7369668246445498

Task: open the top drawer and put the bowl inside view 0 0 100 0 0 initstate 244
Success: True
# episodes completed so far: 423
# successes: 312 (73.8%)
Current task success rate: 1.0
Current total success rate: 0.7375886524822695

Task: open the top drawer and put the bowl inside view 0 0 100 0 0 initstate 254
Success: False
# episodes completed so far: 424
# successes: 312 (73.6%)
Current task success rate: 0.0
Current total success rate: 0.7358490566037735

Task: open the top drawer and put the bowl inside view 0 0 100 0 0 initstate 264
Success: True
# episodes completed so far: 425
# successes: 313 (73.6%)
Current task success rate: 1.0
Current total success rate: 0.7364705882352941

Task: open the top drawer and put the bowl inside view 0 0 100 0 0 initstate 274
Success: False
# episodes completed so far: 426
# successes: 313 (73.5%)
Current task success rate: 0.0
Current total success rate: 0.7347417840375586

Task: open the top drawer and put the bowl inside view 0 0 100 0 0 initstate 284
Success: True
# episodes completed so far: 427
# successes: 314 (73.5%)
Current task success rate: 1.0
Current total success rate: 0.7353629976580797

Task: open the top drawer and put the bowl inside view 0 0 100 0 0 initstate 294
Success: False
# episodes completed so far: 428
# successes: 314 (73.4%)
Current task success rate: 0.0
Current total success rate: 0.7336448598130841

Task: open the top drawer and put the bowl inside view 0 0 100 0 0 initstate 304
Success: False
# episodes completed so far: 429
# successes: 314 (73.2%)
Current task success rate: 0.0
Current total success rate: 0.7319347319347319

Task: open the top drawer and put the bowl inside view 0 0 100 0 0 initstate 314
Success: False
# episodes completed so far: 430
# successes: 314 (73.0%)
Current task success rate: 0.0
Current total success rate: 0.7302325581395349

Task: open the top drawer and put the bowl inside view 0 0 100 0 0 initstate 324
Success: False
# episodes completed so far: 431
# successes: 314 (72.9%)
Current task success rate: 0.0
Current total success rate: 0.728538283062645

Task: open the top drawer and put the bowl inside view 0 0 100 0 0 initstate 334
Success: False
# episodes completed so far: 432
# successes: 314 (72.7%)
Current task success rate: 0.0
Current total success rate: 0.7268518518518519

Task: open the top drawer and put the bowl inside view 0 0 100 0 0 initstate 344
Success: False
# episodes completed so far: 433
# successes: 314 (72.5%)
Current task success rate: 0.0
Current total success rate: 0.7251732101616628

Task: open the top drawer and put the bowl inside view 0 0 100 0 0 initstate 354
Success: False
# episodes completed so far: 434
# successes: 314 (72.4%)
Current task success rate: 0.0
Current total success rate: 0.7235023041474654

Task: open the top drawer and put the bowl inside view 0 0 100 0 0 initstate 374
Success: False
# episodes completed so far: 435
# successes: 314 (72.2%)
Current task success rate: 0.0
Current total success rate: 0.7218390804597701

Task: open the top drawer and put the bowl inside view 0 0 100 0 0 initstate 384
Success: False
# episodes completed so far: 436
# successes: 314 (72.0%)
Current task success rate: 0.0
Current total success rate: 0.7201834862385321

Task: open the top drawer and put the bowl inside view 0 0 100 0 0 initstate 394
Success: False
# episodes completed so far: 437
# successes: 314 (71.9%)
Current task success rate: 0.0
Current total success rate: 0.7185354691075515

Task: open the top drawer and put the bowl inside view 0 0 100 0 0 initstate 404
Success: False
# episodes completed so far: 438
# successes: 314 (71.7%)
Current task success rate: 0.0
Current total success rate: 0.7168949771689498

Task: open the top drawer and put the bowl inside view 0 0 100 0 0 initstate 414
Success: False
# episodes completed so far: 439
# successes: 314 (71.5%)
Current task success rate: 0.0
Current total success rate: 0.715261958997722

Task: open the top drawer and put the bowl inside view 0 0 100 0 0 initstate 424
Success: False
# episodes completed so far: 440
# successes: 314 (71.4%)
Current task success rate: 0.0
Current total success rate: 0.7136363636363636

Task: open the top drawer and put the bowl inside view 0 0 100 0 0 initstate 434
Success: False
# episodes completed so far: 441
# successes: 314 (71.2%)
Current task success rate: 0.0
Current total success rate: 0.7120181405895691

Task: open the top drawer and put the bowl inside view 0 0 100 0 0 initstate 444
Success: False
# episodes completed so far: 442
# successes: 314 (71.0%)
Current task success rate: 0.0
Current total success rate: 0.7104072398190046

Task: open the top drawer and put the bowl inside view 0 0 100 0 0 initstate 454
Success: False
# episodes completed so far: 443
# successes: 314 (70.9%)
Current task success rate: 0.0
Current total success rate: 0.708803611738149

Task: open the top drawer and put the bowl inside view 0 0 100 0 0 initstate 464
Success: False
# episodes completed so far: 444
# successes: 314 (70.7%)
Current task success rate: 0.0
Current total success rate: 0.7072072072072072

Task: open the top drawer and put the bowl inside view 0 0 100 0 0 initstate 474
Success: False
# episodes completed so far: 445
# successes: 314 (70.6%)
Current task success rate: 0.0
Current total success rate: 0.7056179775280899

Task: open the top drawer and put the bowl inside view 0 0 100 0 0 initstate 484
Success: False
# episodes completed so far: 446
# successes: 314 (70.4%)
Current task success rate: 0.0
Current total success rate: 0.7040358744394619

Task: open the top drawer and put the bowl inside view 0 0 100 0 0 initstate 494
Success: False
# episodes completed so far: 447
# successes: 314 (70.2%)
Current task success rate: 0.0
Current total success rate: 0.7024608501118568

Task: put the bowl on top of the cabinet view 0 0 100 0 0 initstate 15
Success: True
# episodes completed so far: 448
# successes: 315 (70.3%)
Current task success rate: 1.0
Current total success rate: 0.703125

Task: put the bowl on top of the cabinet view 0 0 100 0 0 initstate 55
Success: True
# episodes completed so far: 449
# successes: 316 (70.4%)
Current task success rate: 1.0
Current total success rate: 0.7037861915367484

Task: put the bowl on top of the cabinet view 0 0 100 0 0 initstate 65
Success: True
# episodes completed so far: 450
# successes: 317 (70.4%)
Current task success rate: 1.0
Current total success rate: 0.7044444444444444

Task: put the bowl on top of the cabinet view 0 0 100 0 0 initstate 95
Success: True
# episodes completed so far: 451
# successes: 318 (70.5%)
Current task success rate: 1.0
Current total success rate: 0.70509977827051

Task: put the bowl on top of the cabinet view 0 0 100 0 0 initstate 105
Success: False
# episodes completed so far: 452
# successes: 318 (70.4%)
Current task success rate: 0.0
Current total success rate: 0.7035398230088495

Task: put the bowl on top of the cabinet view 0 0 100 0 0 initstate 115
Success: True
# episodes completed so far: 453
# successes: 319 (70.4%)
Current task success rate: 1.0
Current total success rate: 0.7041942604856513

Task: put the bowl on top of the cabinet view 0 0 100 0 0 initstate 125
Success: False
# episodes completed so far: 454
# successes: 319 (70.3%)
Current task success rate: 0.0
Current total success rate: 0.7026431718061674

Task: put the bowl on top of the cabinet view 0 0 100 0 0 initstate 135
Success: False
# episodes completed so far: 455
# successes: 319 (70.1%)
Current task success rate: 0.0
Current total success rate: 0.701098901098901

Task: put the bowl on top of the cabinet view 0 0 100 0 0 initstate 145
Success: True
# episodes completed so far: 456
# successes: 320 (70.2%)
Current task success rate: 1.0
Current total success rate: 0.7017543859649122

Task: put the bowl on top of the cabinet view 0 0 100 0 0 initstate 165
Success: True
# episodes completed so far: 457
# successes: 321 (70.2%)
Current task success rate: 1.0
Current total success rate: 0.7024070021881839

Task: put the bowl on top of the cabinet view 0 0 100 0 0 initstate 175
Success: True
# episodes completed so far: 458
# successes: 322 (70.3%)
Current task success rate: 1.0
Current total success rate: 0.7030567685589519

Task: put the bowl on top of the cabinet view 0 0 100 0 0 initstate 185
Success: False
# episodes completed so far: 459
# successes: 322 (70.2%)
Current task success rate: 0.0
Current total success rate: 0.7015250544662309

Task: put the bowl on top of the cabinet view 0 0 100 0 0 initstate 195
Success: True
# episodes completed so far: 460
# successes: 323 (70.2%)
Current task success rate: 1.0
Current total success rate: 0.7021739130434783

Task: put the bowl on top of the cabinet view 0 0 100 0 0 initstate 205
Success: True
# episodes completed so far: 461
# successes: 324 (70.3%)
Current task success rate: 1.0
Current total success rate: 0.702819956616052

Task: put the bowl on top of the cabinet view 0 0 100 0 0 initstate 215
Success: False
# episodes completed so far: 462
# successes: 324 (70.1%)
Current task success rate: 0.0
Current total success rate: 0.7012987012987013

Task: put the bowl on top of the cabinet view 0 0 100 0 0 initstate 225
Success: True
# episodes completed so far: 463
# successes: 325 (70.2%)
Current task success rate: 1.0
Current total success rate: 0.7019438444924406

Task: put the bowl on top of the cabinet view 0 0 100 0 0 initstate 235
Success: True
# episodes completed so far: 464
# successes: 326 (70.3%)
Current task success rate: 1.0
Current total success rate: 0.7025862068965517

Task: put the bowl on top of the cabinet view 0 0 100 0 0 initstate 245
Success: True
# episodes completed so far: 465
# successes: 327 (70.3%)
Current task success rate: 1.0
Current total success rate: 0.7032258064516129

Task: put the bowl on top of the cabinet view 0 0 100 0 0 initstate 255
Success: False
# episodes completed so far: 466
# successes: 327 (70.2%)
Current task success rate: 0.0
Current total success rate: 0.7017167381974249

Task: put the bowl on top of the cabinet view 0 0 100 0 0 initstate 265
Success: True
# episodes completed so far: 467
# successes: 328 (70.2%)
Current task success rate: 1.0
Current total success rate: 0.702355460385439

Task: put the bowl on top of the cabinet view 0 0 100 0 0 initstate 275
Success: False
# episodes completed so far: 468
# successes: 328 (70.1%)
Current task success rate: 0.0
Current total success rate: 0.7008547008547008

Task: put the bowl on top of the cabinet view 0 0 100 0 0 initstate 285
Success: True
# episodes completed so far: 469
# successes: 329 (70.1%)
Current task success rate: 1.0
Current total success rate: 0.7014925373134329

Task: put the bowl on top of the cabinet view 0 0 100 0 0 initstate 295
Success: True
# episodes completed so far: 470
# successes: 330 (70.2%)
Current task success rate: 1.0
Current total success rate: 0.7021276595744681

Task: put the bowl on top of the cabinet view 0 0 100 0 0 initstate 305
Success: True
# episodes completed so far: 471
# successes: 331 (70.3%)
Current task success rate: 1.0
Current total success rate: 0.70276008492569

Task: put the bowl on top of the cabinet view 0 0 100 0 0 initstate 315
Success: False
# episodes completed so far: 472
# successes: 331 (70.1%)
Current task success rate: 0.0
Current total success rate: 0.701271186440678

Task: put the bowl on top of the cabinet view 0 0 100 0 0 initstate 325
Success: True
# episodes completed so far: 473
# successes: 332 (70.2%)
Current task success rate: 1.0
Current total success rate: 0.7019027484143763

Task: put the bowl on top of the cabinet view 0 0 100 0 0 initstate 335
Success: True
# episodes completed so far: 474
# successes: 333 (70.3%)
Current task success rate: 1.0
Current total success rate: 0.7025316455696202

Task: put the bowl on top of the cabinet view 0 0 100 0 0 initstate 345
Success: True
# episodes completed so far: 475
# successes: 334 (70.3%)
Current task success rate: 1.0
Current total success rate: 0.7031578947368421

Task: put the bowl on top of the cabinet view 0 0 100 0 0 initstate 355
Success: False
# episodes completed so far: 476
# successes: 334 (70.2%)
Current task success rate: 0.0
Current total success rate: 0.7016806722689075

Task: put the bowl on top of the cabinet view 0 0 100 0 0 initstate 365
Success: False
# episodes completed so far: 477
# successes: 334 (70.0%)
Current task success rate: 0.0
Current total success rate: 0.70020964360587

Task: put the bowl on top of the cabinet view 0 0 100 0 0 initstate 375
Success: True
# episodes completed so far: 478
# successes: 335 (70.1%)
Current task success rate: 1.0
Current total success rate: 0.700836820083682

Task: put the bowl on top of the cabinet view 0 0 100 0 0 initstate 385
Success: False
# episodes completed so far: 479
# successes: 335 (69.9%)
Current task success rate: 0.0
Current total success rate: 0.6993736951983298

Task: put the bowl on top of the cabinet view 0 0 100 0 0 initstate 395
Success: True
# episodes completed so far: 480
# successes: 336 (70.0%)
Current task success rate: 1.0
Current total success rate: 0.7

Task: put the bowl on top of the cabinet view 0 0 100 0 0 initstate 405
Success: True
# episodes completed so far: 481
# successes: 337 (70.1%)
Current task success rate: 1.0
Current total success rate: 0.7006237006237006

Task: put the bowl on top of the cabinet view 0 0 100 0 0 initstate 415
Success: False
# episodes completed so far: 482
# successes: 337 (69.9%)
Current task success rate: 0.0
Current total success rate: 0.6991701244813278

Task: put the bowl on top of the cabinet view 0 0 100 0 0 initstate 425
Success: False
# episodes completed so far: 483
# successes: 337 (69.8%)
Current task success rate: 0.0
Current total success rate: 0.6977225672877847

Task: put the bowl on top of the cabinet view 0 0 100 0 0 initstate 435
Success: False
# episodes completed so far: 484
# successes: 337 (69.6%)
Current task success rate: 0.0
Current total success rate: 0.6962809917355371

Task: put the bowl on top of the cabinet view 0 0 100 0 0 initstate 445
Success: False
# episodes completed so far: 485
# successes: 337 (69.5%)
Current task success rate: 0.0
Current total success rate: 0.6948453608247422

Task: put the bowl on top of the cabinet view 0 0 100 0 0 initstate 455
Success: True
# episodes completed so far: 486
# successes: 338 (69.5%)
Current task success rate: 1.0
Current total success rate: 0.6954732510288066

Task: put the bowl on top of the cabinet view 0 0 100 0 0 initstate 465
Success: False
# episodes completed so far: 487
# successes: 338 (69.4%)
Current task success rate: 0.0
Current total success rate: 0.6940451745379876

Task: put the bowl on top of the cabinet view 0 0 100 0 0 initstate 475
Success: False
# episodes completed so far: 488
# successes: 338 (69.3%)
Current task success rate: 0.0
Current total success rate: 0.6926229508196722

Task: put the bowl on top of the cabinet view 0 0 100 0 0 initstate 485
Success: True
# episodes completed so far: 489
# successes: 339 (69.3%)
Current task success rate: 1.0
Current total success rate: 0.6932515337423313

Task: put the bowl on top of the cabinet view 0 0 100 0 0 initstate 495
Success: True
# episodes completed so far: 490
# successes: 340 (69.4%)
Current task success rate: 1.0
Current total success rate: 0.6938775510204082

Task: push the plate to the front of the stove view 0 0 100 0 0 initstate 6
Success: True
# episodes completed so far: 491
# successes: 341 (69.5%)
Current task success rate: 1.0
Current total success rate: 0.6945010183299389

Task: push the plate to the front of the stove view 0 0 100 0 0 initstate 16
Success: False
# episodes completed so far: 492
# successes: 341 (69.3%)
Current task success rate: 0.0
Current total success rate: 0.693089430894309

Task: push the plate to the front of the stove view 0 0 100 0 0 initstate 106
Success: False
# episodes completed so far: 493
# successes: 341 (69.2%)
Current task success rate: 0.0
Current total success rate: 0.691683569979716

Task: push the plate to the front of the stove view 0 0 100 0 0 initstate 116
Success: False
# episodes completed so far: 494
# successes: 341 (69.0%)
Current task success rate: 0.0
Current total success rate: 0.6902834008097166

Task: push the plate to the front of the stove view 0 0 100 0 0 initstate 126
Success: True
# episodes completed so far: 495
# successes: 342 (69.1%)
Current task success rate: 1.0
Current total success rate: 0.6909090909090909

Task: push the plate to the front of the stove view 0 0 100 0 0 initstate 136
Success: False
# episodes completed so far: 496
# successes: 342 (69.0%)
Current task success rate: 0.0
Current total success rate: 0.6895161290322581

Task: push the plate to the front of the stove view 0 0 100 0 0 initstate 146
Success: True
# episodes completed so far: 497
# successes: 343 (69.0%)
Current task success rate: 1.0
Current total success rate: 0.6901408450704225

Task: push the plate to the front of the stove view 0 0 100 0 0 initstate 156
Success: False
# episodes completed so far: 498
# successes: 343 (68.9%)
Current task success rate: 0.0
Current total success rate: 0.6887550200803213

Task: push the plate to the front of the stove view 0 0 100 0 0 initstate 176
Success: True
# episodes completed so far: 499
# successes: 344 (68.9%)
Current task success rate: 1.0
Current total success rate: 0.6893787575150301

Task: push the plate to the front of the stove view 0 0 100 0 0 initstate 186
Success: False
# episodes completed so far: 500
# successes: 344 (68.8%)
Current task success rate: 0.0
Current total success rate: 0.688

Task: push the plate to the front of the stove view 0 0 100 0 0 initstate 196
Success: True
# episodes completed so far: 501
# successes: 345 (68.9%)
Current task success rate: 1.0
Current total success rate: 0.688622754491018

Task: push the plate to the front of the stove view 0 0 100 0 0 initstate 206
Success: True
# episodes completed so far: 502
# successes: 346 (68.9%)
Current task success rate: 1.0
Current total success rate: 0.6892430278884463

Task: push the plate to the front of the stove view 0 0 100 0 0 initstate 216
Success: False
# episodes completed so far: 503
# successes: 346 (68.8%)
Current task success rate: 0.0
Current total success rate: 0.6878727634194831

Task: push the plate to the front of the stove view 0 0 100 0 0 initstate 226
Success: False
# episodes completed so far: 504
# successes: 346 (68.7%)
Current task success rate: 0.0
Current total success rate: 0.6865079365079365

Task: push the plate to the front of the stove view 0 0 100 0 0 initstate 236
Success: False
# episodes completed so far: 505
# successes: 346 (68.5%)
Current task success rate: 0.0
Current total success rate: 0.6851485148514852

Task: push the plate to the front of the stove view 0 0 100 0 0 initstate 246
Success: False
# episodes completed so far: 506
# successes: 346 (68.4%)
Current task success rate: 0.0
Current total success rate: 0.6837944664031621

Task: push the plate to the front of the stove view 0 0 100 0 0 initstate 256
Success: False
# episodes completed so far: 507
# successes: 346 (68.2%)
Current task success rate: 0.0
Current total success rate: 0.6824457593688363

Task: push the plate to the front of the stove view 0 0 100 0 0 initstate 266
Success: False
# episodes completed so far: 508
# successes: 346 (68.1%)
Current task success rate: 0.0
Current total success rate: 0.6811023622047244

Task: push the plate to the front of the stove view 0 0 100 0 0 initstate 276
Success: True
# episodes completed so far: 509
# successes: 347 (68.2%)
Current task success rate: 1.0
Current total success rate: 0.6817288801571709

Task: push the plate to the front of the stove view 0 0 100 0 0 initstate 286
Success: False
# episodes completed so far: 510
# successes: 347 (68.0%)
Current task success rate: 0.0
Current total success rate: 0.6803921568627451

Task: push the plate to the front of the stove view 0 0 100 0 0 initstate 296
Success: False
# episodes completed so far: 511
# successes: 347 (67.9%)
Current task success rate: 0.0
Current total success rate: 0.6790606653620352

Task: push the plate to the front of the stove view 0 0 100 0 0 initstate 306
Success: False
# episodes completed so far: 512
# successes: 347 (67.8%)
Current task success rate: 0.0
Current total success rate: 0.677734375

Task: push the plate to the front of the stove view 0 0 100 0 0 initstate 316
Success: False
# episodes completed so far: 513
# successes: 347 (67.6%)
Current task success rate: 0.0
Current total success rate: 0.6764132553606238

Task: push the plate to the front of the stove view 0 0 100 0 0 initstate 326
Success: False
# episodes completed so far: 514
# successes: 347 (67.5%)
Current task success rate: 0.0
Current total success rate: 0.6750972762645915

Task: push the plate to the front of the stove view 0 0 100 0 0 initstate 336
Success: True
# episodes completed so far: 515
# successes: 348 (67.6%)
Current task success rate: 1.0
Current total success rate: 0.6757281553398058

Task: push the plate to the front of the stove view 0 0 100 0 0 initstate 356
Success: False
# episodes completed so far: 516
# successes: 348 (67.4%)
Current task success rate: 0.0
Current total success rate: 0.6744186046511628

Task: push the plate to the front of the stove view 0 0 100 0 0 initstate 366
Success: True
# episodes completed so far: 517
# successes: 349 (67.5%)
Current task success rate: 1.0
Current total success rate: 0.6750483558994197

Task: push the plate to the front of the stove view 0 0 100 0 0 initstate 376
Success: False
# episodes completed so far: 518
# successes: 349 (67.4%)
Current task success rate: 0.0
Current total success rate: 0.6737451737451737

Task: push the plate to the front of the stove view 0 0 100 0 0 initstate 386
Success: False
# episodes completed so far: 519
# successes: 349 (67.2%)
Current task success rate: 0.0
Current total success rate: 0.6724470134874759

Task: push the plate to the front of the stove view 0 0 100 0 0 initstate 396
Success: False
# episodes completed so far: 520
# successes: 349 (67.1%)
Current task success rate: 0.0
Current total success rate: 0.6711538461538461

Task: push the plate to the front of the stove view 0 0 100 0 0 initstate 406
Success: True
# episodes completed so far: 521
# successes: 350 (67.2%)
Current task success rate: 1.0
Current total success rate: 0.6717850287907869

Task: push the plate to the front of the stove view 0 0 100 0 0 initstate 416
Success: False
# episodes completed so far: 522
# successes: 350 (67.0%)
Current task success rate: 0.0
Current total success rate: 0.6704980842911877

Task: push the plate to the front of the stove view 0 0 100 0 0 initstate 426
Success: False
# episodes completed so far: 523
# successes: 350 (66.9%)
Current task success rate: 0.0
Current total success rate: 0.6692160611854685

Task: push the plate to the front of the stove view 0 0 100 0 0 initstate 436
Success: False
# episodes completed so far: 524
# successes: 350 (66.8%)
Current task success rate: 0.0
Current total success rate: 0.6679389312977099

Task: push the plate to the front of the stove view 0 0 100 0 0 initstate 446
Success: False
# episodes completed so far: 525
# successes: 350 (66.7%)
Current task success rate: 0.0
Current total success rate: 0.6666666666666666

Task: push the plate to the front of the stove view 0 0 100 0 0 initstate 456
Success: False
# episodes completed so far: 526
# successes: 350 (66.5%)
Current task success rate: 0.0
Current total success rate: 0.6653992395437263

Task: push the plate to the front of the stove view 0 0 100 0 0 initstate 466
Success: False
# episodes completed so far: 527
# successes: 350 (66.4%)
Current task success rate: 0.0
Current total success rate: 0.6641366223908919

Task: push the plate to the front of the stove view 0 0 100 0 0 initstate 476
Success: False
# episodes completed so far: 528
# successes: 350 (66.3%)
Current task success rate: 0.0
Current total success rate: 0.6628787878787878

Task: push the plate to the front of the stove view 0 0 100 0 0 initstate 486
Success: True
# episodes completed so far: 529
# successes: 351 (66.4%)
Current task success rate: 1.0
Current total success rate: 0.6635160680529301

Task: push the plate to the front of the stove view 0 0 100 0 0 initstate 496
Success: False
# episodes completed so far: 530
# successes: 351 (66.2%)
Current task success rate: 0.0
Current total success rate: 0.6622641509433962

Task: put the cream cheese in the bowl view 0 0 100 0 0 initstate 7
Success: False
# episodes completed so far: 531
# successes: 351 (66.1%)
Current task success rate: 0.0
Current total success rate: 0.6610169491525424

Task: put the cream cheese in the bowl view 0 0 100 0 0 initstate 17
Success: True
# episodes completed so far: 532
# successes: 352 (66.2%)
Current task success rate: 1.0
Current total success rate: 0.6616541353383458

Task: put the cream cheese in the bowl view 0 0 100 0 0 initstate 27
Success: False
# episodes completed so far: 533
# successes: 352 (66.0%)
Current task success rate: 0.0
Current total success rate: 0.6604127579737336

Task: put the cream cheese in the bowl view 0 0 100 0 0 initstate 47
Success: True
# episodes completed so far: 534
# successes: 353 (66.1%)
Current task success rate: 1.0
Current total success rate: 0.6610486891385767

Task: put the cream cheese in the bowl view 0 0 100 0 0 initstate 57
Success: False
# episodes completed so far: 535
# successes: 353 (66.0%)
Current task success rate: 0.0
Current total success rate: 0.6598130841121496

Task: put the cream cheese in the bowl view 0 0 100 0 0 initstate 67
Success: False
# episodes completed so far: 536
# successes: 353 (65.9%)
Current task success rate: 0.0
Current total success rate: 0.6585820895522388

Task: put the cream cheese in the bowl view 0 0 100 0 0 initstate 77
Success: False
# episodes completed so far: 537
# successes: 353 (65.7%)
Current task success rate: 0.0
Current total success rate: 0.6573556797020484

Task: put the cream cheese in the bowl view 0 0 100 0 0 initstate 87
Success: False
# episodes completed so far: 538
# successes: 353 (65.6%)
Current task success rate: 0.0
Current total success rate: 0.6561338289962825

Task: put the cream cheese in the bowl view 0 0 100 0 0 initstate 97
Success: False
# episodes completed so far: 539
# successes: 353 (65.5%)
Current task success rate: 0.0
Current total success rate: 0.6549165120593692

Task: put the cream cheese in the bowl view 0 0 100 0 0 initstate 107
Success: False
# episodes completed so far: 540
# successes: 353 (65.4%)
Current task success rate: 0.0
Current total success rate: 0.6537037037037037

Task: put the cream cheese in the bowl view 0 0 100 0 0 initstate 117
Success: False
# episodes completed so far: 541
# successes: 353 (65.2%)
Current task success rate: 0.0
Current total success rate: 0.6524953789279113

Task: put the cream cheese in the bowl view 0 0 100 0 0 initstate 127
Success: True
# episodes completed so far: 542
# successes: 354 (65.3%)
Current task success rate: 1.0
Current total success rate: 0.6531365313653137

Task: put the cream cheese in the bowl view 0 0 100 0 0 initstate 137
Success: False
# episodes completed so far: 543
# successes: 354 (65.2%)
Current task success rate: 0.0
Current total success rate: 0.6519337016574586

Task: put the cream cheese in the bowl view 0 0 100 0 0 initstate 147
Success: True
# episodes completed so far: 544
# successes: 355 (65.3%)
Current task success rate: 1.0
Current total success rate: 0.6525735294117647

Task: put the cream cheese in the bowl view 0 0 100 0 0 initstate 157
Success: True
# episodes completed so far: 545
# successes: 356 (65.3%)
Current task success rate: 1.0
Current total success rate: 0.653211009174312

Task: put the cream cheese in the bowl view 0 0 100 0 0 initstate 167
Success: True
# episodes completed so far: 546
# successes: 357 (65.4%)
Current task success rate: 1.0
Current total success rate: 0.6538461538461539

Task: put the cream cheese in the bowl view 0 0 100 0 0 initstate 177
Success: False
# episodes completed so far: 547
# successes: 357 (65.3%)
Current task success rate: 0.0
Current total success rate: 0.6526508226691042

Task: put the cream cheese in the bowl view 0 0 100 0 0 initstate 187
Success: False
# episodes completed so far: 548
# successes: 357 (65.1%)
Current task success rate: 0.0
Current total success rate: 0.6514598540145985

Task: put the cream cheese in the bowl view 0 0 100 0 0 initstate 197
Success: True
# episodes completed so far: 549
# successes: 358 (65.2%)
Current task success rate: 1.0
Current total success rate: 0.6520947176684881

Task: put the cream cheese in the bowl view 0 0 100 0 0 initstate 207
Success: True
# episodes completed so far: 550
# successes: 359 (65.3%)
Current task success rate: 1.0
Current total success rate: 0.6527272727272727

Task: put the cream cheese in the bowl view 0 0 100 0 0 initstate 217
Success: True
# episodes completed so far: 551
# successes: 360 (65.3%)
Current task success rate: 1.0
Current total success rate: 0.6533575317604355

Task: put the cream cheese in the bowl view 0 0 100 0 0 initstate 237
Success: False
# episodes completed so far: 552
# successes: 360 (65.2%)
Current task success rate: 0.0
Current total success rate: 0.6521739130434783

Task: put the cream cheese in the bowl view 0 0 100 0 0 initstate 247
Success: False
# episodes completed so far: 553
# successes: 360 (65.1%)
Current task success rate: 0.0
Current total success rate: 0.650994575045208

Task: put the cream cheese in the bowl view 0 0 100 0 0 initstate 257
Success: False
# episodes completed so far: 554
# successes: 360 (65.0%)
Current task success rate: 0.0
Current total success rate: 0.6498194945848376

Task: put the cream cheese in the bowl view 0 0 100 0 0 initstate 267
Success: True
# episodes completed so far: 555
# successes: 361 (65.0%)
Current task success rate: 1.0
Current total success rate: 0.6504504504504505

Task: put the cream cheese in the bowl view 0 0 100 0 0 initstate 277
Success: False
# episodes completed so far: 556
# successes: 361 (64.9%)
Current task success rate: 0.0
Current total success rate: 0.6492805755395683

Task: put the cream cheese in the bowl view 0 0 100 0 0 initstate 287
Success: False
# episodes completed so far: 557
# successes: 361 (64.8%)
Current task success rate: 0.0
Current total success rate: 0.6481149012567325

Task: put the cream cheese in the bowl view 0 0 100 0 0 initstate 297
Success: False
# episodes completed so far: 558
# successes: 361 (64.7%)
Current task success rate: 0.0
Current total success rate: 0.6469534050179212

Task: put the cream cheese in the bowl view 0 0 100 0 0 initstate 307
Success: False
# episodes completed so far: 559
# successes: 361 (64.6%)
Current task success rate: 0.0
Current total success rate: 0.6457960644007156

Task: put the cream cheese in the bowl view 0 0 100 0 0 initstate 317
Success: False
# episodes completed so far: 560
# successes: 361 (64.5%)
Current task success rate: 0.0
Current total success rate: 0.6446428571428572

Task: put the cream cheese in the bowl view 0 0 100 0 0 initstate 337
Success: False
# episodes completed so far: 561
# successes: 361 (64.3%)
Current task success rate: 0.0
Current total success rate: 0.64349376114082

Task: put the cream cheese in the bowl view 0 0 100 0 0 initstate 347
Success: False
# episodes completed so far: 562
# successes: 361 (64.2%)
Current task success rate: 0.0
Current total success rate: 0.6423487544483986

Task: put the cream cheese in the bowl view 0 0 100 0 0 initstate 357
Success: False
# episodes completed so far: 563
# successes: 361 (64.1%)
Current task success rate: 0.0
Current total success rate: 0.6412078152753108

Task: put the cream cheese in the bowl view 0 0 100 0 0 initstate 367
Success: False
# episodes completed so far: 564
# successes: 361 (64.0%)
Current task success rate: 0.0
Current total success rate: 0.6400709219858156

Task: put the cream cheese in the bowl view 0 0 100 0 0 initstate 377
Success: False
# episodes completed so far: 565
# successes: 361 (63.9%)
Current task success rate: 0.0
Current total success rate: 0.6389380530973451

Task: put the cream cheese in the bowl view 0 0 100 0 0 initstate 387
Success: False
# episodes completed so far: 566
# successes: 361 (63.8%)
Current task success rate: 0.0
Current total success rate: 0.6378091872791519

Task: put the cream cheese in the bowl view 0 0 100 0 0 initstate 397
Success: True
# episodes completed so far: 567
# successes: 362 (63.8%)
Current task success rate: 1.0
Current total success rate: 0.6384479717813051

Task: put the cream cheese in the bowl view 0 0 100 0 0 initstate 407
Success: False
# episodes completed so far: 568
# successes: 362 (63.7%)
Current task success rate: 0.0
Current total success rate: 0.6373239436619719

Task: put the cream cheese in the bowl view 0 0 100 0 0 initstate 417
Success: True
# episodes completed so far: 569
# successes: 363 (63.8%)
Current task success rate: 1.0
Current total success rate: 0.6379613356766256

Task: put the cream cheese in the bowl view 0 0 100 0 0 initstate 427
Success: False
# episodes completed so far: 570
# successes: 363 (63.7%)
Current task success rate: 0.0
Current total success rate: 0.6368421052631579

Task: put the cream cheese in the bowl view 0 0 100 0 0 initstate 437
Success: False
# episodes completed so far: 571
# successes: 363 (63.6%)
Current task success rate: 0.0
Current total success rate: 0.6357267950963222

Task: put the cream cheese in the bowl view 0 0 100 0 0 initstate 447
Success: False
# episodes completed so far: 572
# successes: 363 (63.5%)
Current task success rate: 0.0
Current total success rate: 0.6346153846153846

Task: put the cream cheese in the bowl view 0 0 100 0 0 initstate 457
Success: False
# episodes completed so far: 573
# successes: 363 (63.4%)
Current task success rate: 0.0
Current total success rate: 0.6335078534031413

Task: put the cream cheese in the bowl view 0 0 100 0 0 initstate 467
Success: False
# episodes completed so far: 574
# successes: 363 (63.2%)
Current task success rate: 0.0
Current total success rate: 0.632404181184669

Task: put the cream cheese in the bowl view 0 0 100 0 0 initstate 477
Success: False
# episodes completed so far: 575
# successes: 363 (63.1%)
Current task success rate: 0.0
Current total success rate: 0.6313043478260869

Task: put the cream cheese in the bowl view 0 0 100 0 0 initstate 487
Success: False
# episodes completed so far: 576
# successes: 363 (63.0%)
Current task success rate: 0.0
Current total success rate: 0.6302083333333334

Task: put the cream cheese in the bowl view 0 0 100 0 0 initstate 497
Success: False
# episodes completed so far: 577
# successes: 363 (62.9%)
Current task success rate: 0.0
Current total success rate: 0.6291161178509532

Task: turn on the stove view 0 0 100 0 0 initstate 8
Success: True
# episodes completed so far: 578
# successes: 364 (63.0%)
Current task success rate: 1.0
Current total success rate: 0.629757785467128

Task: turn on the stove view 0 0 100 0 0 initstate 58
Success: True
# episodes completed so far: 579
# successes: 365 (63.0%)
Current task success rate: 1.0
Current total success rate: 0.6303972366148531

Task: turn on the stove view 0 0 100 0 0 initstate 118
Success: False
# episodes completed so far: 580
# successes: 365 (62.9%)
Current task success rate: 0.0
Current total success rate: 0.6293103448275862

Task: turn on the stove view 0 0 100 0 0 initstate 128
Success: False
# episodes completed so far: 581
# successes: 365 (62.8%)
Current task success rate: 0.0
Current total success rate: 0.6282271944922547

Task: turn on the stove view 0 0 100 0 0 initstate 148
Success: True
# episodes completed so far: 582
# successes: 366 (62.9%)
Current task success rate: 1.0
Current total success rate: 0.6288659793814433

Task: turn on the stove view 0 0 100 0 0 initstate 158
Success: False
# episodes completed so far: 583
# successes: 366 (62.8%)
Current task success rate: 0.0
Current total success rate: 0.62778730703259

Task: turn on the stove view 0 0 100 0 0 initstate 168
Success: False
# episodes completed so far: 584
# successes: 366 (62.7%)
Current task success rate: 0.0
Current total success rate: 0.6267123287671232

Task: turn on the stove view 0 0 100 0 0 initstate 178
Success: False
# episodes completed so far: 585
# successes: 366 (62.6%)
Current task success rate: 0.0
Current total success rate: 0.6256410256410256

Task: turn on the stove view 0 0 100 0 0 initstate 188
Success: False
# episodes completed so far: 586
# successes: 366 (62.5%)
Current task success rate: 0.0
Current total success rate: 0.6245733788395904

Task: turn on the stove view 0 0 100 0 0 initstate 198
Success: False
# episodes completed so far: 587
# successes: 366 (62.4%)
Current task success rate: 0.0
Current total success rate: 0.6235093696763203

Task: turn on the stove view 0 0 100 0 0 initstate 208
Success: True
# episodes completed so far: 588
# successes: 367 (62.4%)
Current task success rate: 1.0
Current total success rate: 0.6241496598639455

Task: turn on the stove view 0 0 100 0 0 initstate 218
Success: False
# episodes completed so far: 589
# successes: 367 (62.3%)
Current task success rate: 0.0
Current total success rate: 0.6230899830220713

Task: turn on the stove view 0 0 100 0 0 initstate 238
Success: False
# episodes completed so far: 590
# successes: 367 (62.2%)
Current task success rate: 0.0
Current total success rate: 0.6220338983050847

Task: turn on the stove view 0 0 100 0 0 initstate 248
Success: False
# episodes completed so far: 591
# successes: 367 (62.1%)
Current task success rate: 0.0
Current total success rate: 0.6209813874788495

Task: turn on the stove view 0 0 100 0 0 initstate 258
Success: True
# episodes completed so far: 592
# successes: 368 (62.2%)
Current task success rate: 1.0
Current total success rate: 0.6216216216216216

Task: turn on the stove view 0 0 100 0 0 initstate 268
Success: False
# episodes completed so far: 593
# successes: 368 (62.1%)
Current task success rate: 0.0
Current total success rate: 0.6205733558178752

Task: turn on the stove view 0 0 100 0 0 initstate 278
Success: False
# episodes completed so far: 594
# successes: 368 (62.0%)
Current task success rate: 0.0
Current total success rate: 0.6195286195286195

Task: turn on the stove view 0 0 100 0 0 initstate 288
Success: False
# episodes completed so far: 595
# successes: 368 (61.8%)
Current task success rate: 0.0
Current total success rate: 0.6184873949579832

Task: turn on the stove view 0 0 100 0 0 initstate 298
Success: True
# episodes completed so far: 596
# successes: 369 (61.9%)
Current task success rate: 1.0
Current total success rate: 0.6191275167785235

Task: turn on the stove view 0 0 100 0 0 initstate 308
Success: True
# episodes completed so far: 597
# successes: 370 (62.0%)
Current task success rate: 1.0
Current total success rate: 0.6197654941373534

Task: turn on the stove view 0 0 100 0 0 initstate 318
Success: False
# episodes completed so far: 598
# successes: 370 (61.9%)
Current task success rate: 0.0
Current total success rate: 0.6187290969899666

Task: turn on the stove view 0 0 100 0 0 initstate 328
Success: False
# episodes completed so far: 599
# successes: 370 (61.8%)
Current task success rate: 0.0
Current total success rate: 0.6176961602671118

Task: turn on the stove view 0 0 100 0 0 initstate 338
Success: False
# episodes completed so far: 600
# successes: 370 (61.7%)
Current task success rate: 0.0
Current total success rate: 0.6166666666666667

Task: turn on the stove view 0 0 100 0 0 initstate 358
Success: False
# episodes completed so far: 601
# successes: 370 (61.6%)
Current task success rate: 0.0
Current total success rate: 0.6156405990016639

Task: turn on the stove view 0 0 100 0 0 initstate 368
Success: False
# episodes completed so far: 602
# successes: 370 (61.5%)
Current task success rate: 0.0
Current total success rate: 0.6146179401993356

Task: turn on the stove view 0 0 100 0 0 initstate 378
Success: False
# episodes completed so far: 603
# successes: 370 (61.4%)
Current task success rate: 0.0
Current total success rate: 0.6135986733001658

Task: turn on the stove view 0 0 100 0 0 initstate 388
Success: False
# episodes completed so far: 604
# successes: 370 (61.3%)
Current task success rate: 0.0
Current total success rate: 0.6125827814569537

Task: turn on the stove view 0 0 100 0 0 initstate 398
Success: True
# episodes completed so far: 605
# successes: 371 (61.3%)
Current task success rate: 1.0
Current total success rate: 0.6132231404958678

Task: turn on the stove view 0 0 100 0 0 initstate 408
Success: False
# episodes completed so far: 606
# successes: 371 (61.2%)
Current task success rate: 0.0
Current total success rate: 0.6122112211221122

Task: turn on the stove view 0 0 100 0 0 initstate 418
Success: False
# episodes completed so far: 607
# successes: 371 (61.1%)
Current task success rate: 0.0
Current total success rate: 0.6112026359143328

Task: turn on the stove view 0 0 100 0 0 initstate 428
Success: True
# episodes completed so far: 608
# successes: 372 (61.2%)
Current task success rate: 1.0
Current total success rate: 0.6118421052631579

Task: turn on the stove view 0 0 100 0 0 initstate 438
Success: True
# episodes completed so far: 609
# successes: 373 (61.2%)
Current task success rate: 1.0
Current total success rate: 0.6124794745484401

Task: turn on the stove view 0 0 100 0 0 initstate 448
Success: True
# episodes completed so far: 610
# successes: 374 (61.3%)
Current task success rate: 1.0
Current total success rate: 0.6131147540983607

Task: turn on the stove view 0 0 100 0 0 initstate 458
Success: False
# episodes completed so far: 611
# successes: 374 (61.2%)
Current task success rate: 0.0
Current total success rate: 0.6121112929623568

Task: turn on the stove view 0 0 100 0 0 initstate 468
Success: True
# episodes completed so far: 612
# successes: 375 (61.3%)
Current task success rate: 1.0
Current total success rate: 0.6127450980392157

Task: turn on the stove view 0 0 100 0 0 initstate 478
Success: True
# episodes completed so far: 613
# successes: 376 (61.3%)
Current task success rate: 1.0
Current total success rate: 0.6133768352365416

Task: turn on the stove view 0 0 100 0 0 initstate 488
Success: False
# episodes completed so far: 614
# successes: 376 (61.2%)
Current task success rate: 0.0
Current total success rate: 0.6123778501628665

Task: put the bowl on the plate view 0 0 100 0 0 initstate 19
Success: True
# episodes completed so far: 615
# successes: 377 (61.3%)
Current task success rate: 1.0
Current total success rate: 0.6130081300813008

Task: put the bowl on the plate view 0 0 100 0 0 initstate 69
Success: True
# episodes completed so far: 616
# successes: 378 (61.4%)
Current task success rate: 1.0
Current total success rate: 0.6136363636363636

Task: put the bowl on the plate view 0 0 100 0 0 initstate 89
Success: True
# episodes completed so far: 617
# successes: 379 (61.4%)
Current task success rate: 1.0
Current total success rate: 0.6142625607779578

Task: put the bowl on the plate view 0 0 100 0 0 initstate 109
Success: False
# episodes completed so far: 618
# successes: 379 (61.3%)
Current task success rate: 0.0
Current total success rate: 0.6132686084142395

Task: put the bowl on the plate view 0 0 100 0 0 initstate 119
Success: True
# episodes completed so far: 619
# successes: 380 (61.4%)
Current task success rate: 1.0
Current total success rate: 0.6138933764135702

Task: put the bowl on the plate view 0 0 100 0 0 initstate 129
Success: True
# episodes completed so far: 620
# successes: 381 (61.5%)
Current task success rate: 1.0
Current total success rate: 0.614516129032258

Task: put the bowl on the plate view 0 0 100 0 0 initstate 139
Success: True
# episodes completed so far: 621
# successes: 382 (61.5%)
Current task success rate: 1.0
Current total success rate: 0.6151368760064412

Task: put the bowl on the plate view 0 0 100 0 0 initstate 149
Success: False
# episodes completed so far: 622
# successes: 382 (61.4%)
Current task success rate: 0.0
Current total success rate: 0.6141479099678456

Task: put the bowl on the plate view 0 0 100 0 0 initstate 159
Success: False
# episodes completed so far: 623
# successes: 382 (61.3%)
Current task success rate: 0.0
Current total success rate: 0.6131621187800963

Task: put the bowl on the plate view 0 0 100 0 0 initstate 169
Success: False
# episodes completed so far: 624
# successes: 382 (61.2%)
Current task success rate: 0.0
Current total success rate: 0.6121794871794872

Task: put the bowl on the plate view 0 0 100 0 0 initstate 199
Success: True
# episodes completed so far: 625
# successes: 383 (61.3%)
Current task success rate: 1.0
Current total success rate: 0.6128

Task: put the bowl on the plate view 0 0 100 0 0 initstate 209
Success: True
# episodes completed so far: 626
# successes: 384 (61.3%)
Current task success rate: 1.0
Current total success rate: 0.6134185303514377

Task: put the bowl on the plate view 0 0 100 0 0 initstate 219
Success: True
# episodes completed so far: 627
# successes: 385 (61.4%)
Current task success rate: 1.0
Current total success rate: 0.6140350877192983

Task: put the bowl on the plate view 0 0 100 0 0 initstate 229
Success: True
# episodes completed so far: 628
# successes: 386 (61.5%)
Current task success rate: 1.0
Current total success rate: 0.6146496815286624

Task: put the bowl on the plate view 0 0 100 0 0 initstate 239
Success: False
# episodes completed so far: 629
# successes: 386 (61.4%)
Current task success rate: 0.0
Current total success rate: 0.6136724960254372

Task: put the bowl on the plate view 0 0 100 0 0 initstate 249
Success: False
# episodes completed so far: 630
# successes: 386 (61.3%)
Current task success rate: 0.0
Current total success rate: 0.6126984126984127

Task: put the bowl on the plate view 0 0 100 0 0 initstate 259
Success: False
# episodes completed so far: 631
# successes: 386 (61.2%)
Current task success rate: 0.0
Current total success rate: 0.6117274167987322

Task: put the bowl on the plate view 0 0 100 0 0 initstate 269
Success: False
# episodes completed so far: 632
# successes: 386 (61.1%)
Current task success rate: 0.0
Current total success rate: 0.6107594936708861

Task: put the bowl on the plate view 0 0 100 0 0 initstate 279
Success: True
# episodes completed so far: 633
# successes: 387 (61.1%)
Current task success rate: 1.0
Current total success rate: 0.6113744075829384

Task: put the bowl on the plate view 0 0 100 0 0 initstate 289
Success: False
# episodes completed so far: 634
# successes: 387 (61.0%)
Current task success rate: 0.0
Current total success rate: 0.610410094637224

Task: put the bowl on the plate view 0 0 100 0 0 initstate 299
Success: False
# episodes completed so far: 635
# successes: 387 (60.9%)
Current task success rate: 0.0
Current total success rate: 0.6094488188976378

Task: put the bowl on the plate view 0 0 100 0 0 initstate 309
Success: False
# episodes completed so far: 636
# successes: 387 (60.8%)
Current task success rate: 0.0
Current total success rate: 0.6084905660377359

Task: put the bowl on the plate view 0 0 100 0 0 initstate 319
Success: False
# episodes completed so far: 637
# successes: 387 (60.8%)
Current task success rate: 0.0
Current total success rate: 0.6075353218210361

Task: put the bowl on the plate view 0 0 100 0 0 initstate 329
Success: False
# episodes completed so far: 638
# successes: 387 (60.7%)
Current task success rate: 0.0
Current total success rate: 0.6065830721003135

Task: put the bowl on the plate view 0 0 100 0 0 initstate 369
Success: True
# episodes completed so far: 639
# successes: 388 (60.7%)
Current task success rate: 1.0
Current total success rate: 0.6071987480438185

Task: put the bowl on the plate view 0 0 100 0 0 initstate 379
Success: False
# episodes completed so far: 640
# successes: 388 (60.6%)
Current task success rate: 0.0
Current total success rate: 0.60625

Task: put the bowl on the plate view 0 0 100 0 0 initstate 389
Success: False
# episodes completed so far: 641
# successes: 388 (60.5%)
Current task success rate: 0.0
Current total success rate: 0.6053042121684867

Task: put the bowl on the plate view 0 0 100 0 0 initstate 409
Success: False
# episodes completed so far: 642
# successes: 388 (60.4%)
Current task success rate: 0.0
Current total success rate: 0.6043613707165109

Task: put the bowl on the plate view 0 0 100 0 0 initstate 419
Success: True
# episodes completed so far: 643
# successes: 389 (60.5%)
Current task success rate: 1.0
Current total success rate: 0.6049766718506998

Task: put the bowl on the plate view 0 0 100 0 0 initstate 429
Success: False
# episodes completed so far: 644
# successes: 389 (60.4%)
Current task success rate: 0.0
Current total success rate: 0.6040372670807453

Task: put the bowl on the plate view 0 0 100 0 0 initstate 439
Success: True
# episodes completed so far: 645
# successes: 390 (60.5%)
Current task success rate: 1.0
Current total success rate: 0.6046511627906976

Task: put the bowl on the plate view 0 0 100 0 0 initstate 449
Success: False
# episodes completed so far: 646
# successes: 390 (60.4%)
Current task success rate: 0.0
Current total success rate: 0.6037151702786377

Task: put the bowl on the plate view 0 0 100 0 0 initstate 459
Success: True
# episodes completed so far: 647
# successes: 391 (60.4%)
Current task success rate: 1.0
Current total success rate: 0.6043276661514683

Task: put the bowl on the plate view 0 0 100 0 0 initstate 469
Success: False
# episodes completed so far: 648
# successes: 391 (60.3%)
Current task success rate: 0.0
Current total success rate: 0.6033950617283951

Task: put the bowl on the plate view 0 0 100 0 0 initstate 479
Success: True
# episodes completed so far: 649
# successes: 392 (60.4%)
Current task success rate: 1.0
Current total success rate: 0.6040061633281972

Task: put the bowl on the plate view 0 0 100 0 0 initstate 489
Success: True
# episodes completed so far: 650
# successes: 393 (60.5%)
Current task success rate: 1.0
Current total success rate: 0.6046153846153847

Task: put the bowl on the plate view 0 0 100 0 0 initstate 499
Success: False
# episodes completed so far: 651
# successes: 393 (60.4%)
Current task success rate: 0.0
Current total success rate: 0.6036866359447005

Task: put the wine bottle on the rack view 0 0 100 0 0 initstate 10
Success: True
# episodes completed so far: 652
# successes: 394 (60.4%)
Current task success rate: 1.0
Current total success rate: 0.6042944785276073

Task: put the wine bottle on the rack view 0 0 100 0 0 initstate 20
Success: True
# episodes completed so far: 653
# successes: 395 (60.5%)
Current task success rate: 1.0
Current total success rate: 0.6049004594180705

Task: put the wine bottle on the rack view 0 0 100 0 0 initstate 30
Success: False
# episodes completed so far: 654
# successes: 395 (60.4%)
Current task success rate: 0.0
Current total success rate: 0.6039755351681957

Task: put the wine bottle on the rack view 0 0 100 0 0 initstate 40
Success: True
# episodes completed so far: 655
# successes: 396 (60.5%)
Current task success rate: 1.0
Current total success rate: 0.6045801526717557

Task: put the wine bottle on the rack view 0 0 100 0 0 initstate 50
Success: True
# episodes completed so far: 656
# successes: 397 (60.5%)
Current task success rate: 1.0
Current total success rate: 0.6051829268292683

Task: put the wine bottle on the rack view 0 0 100 0 0 initstate 70
Success: False
# episodes completed so far: 657
# successes: 397 (60.4%)
Current task success rate: 0.0
Current total success rate: 0.604261796042618

Task: put the wine bottle on the rack view 0 0 100 0 0 initstate 80
Success: True
# episodes completed so far: 658
# successes: 398 (60.5%)
Current task success rate: 1.0
Current total success rate: 0.6048632218844985

Task: put the wine bottle on the rack view 0 0 100 0 0 initstate 90
Success: False
# episodes completed so far: 659
# successes: 398 (60.4%)
Current task success rate: 0.0
Current total success rate: 0.6039453717754173

Task: put the wine bottle on the rack view 0 0 100 0 0 initstate 110
Success: False
# episodes completed so far: 660
# successes: 398 (60.3%)
Current task success rate: 0.0
Current total success rate: 0.603030303030303

Task: put the wine bottle on the rack view 0 0 100 0 0 initstate 120
Success: False
# episodes completed so far: 661
# successes: 398 (60.2%)
Current task success rate: 0.0
Current total success rate: 0.6021180030257186

Task: put the wine bottle on the rack view 0 0 100 0 0 initstate 130
Success: False
# episodes completed so far: 662
# successes: 398 (60.1%)
Current task success rate: 0.0
Current total success rate: 0.6012084592145015

Task: put the wine bottle on the rack view 0 0 100 0 0 initstate 140
Success: False
# episodes completed so far: 663
# successes: 398 (60.0%)
Current task success rate: 0.0
Current total success rate: 0.6003016591251885

Task: put the wine bottle on the rack view 0 0 100 0 0 initstate 160
Success: False
# episodes completed so far: 664
# successes: 398 (59.9%)
Current task success rate: 0.0
Current total success rate: 0.5993975903614458

Task: put the wine bottle on the rack view 0 0 100 0 0 initstate 170
Success: True
# episodes completed so far: 665
# successes: 399 (60.0%)
Current task success rate: 1.0
Current total success rate: 0.6

Task: put the wine bottle on the rack view 0 0 100 0 0 initstate 180
Success: False
# episodes completed so far: 666
# successes: 399 (59.9%)
Current task success rate: 0.0
Current total success rate: 0.5990990990990991

Task: put the wine bottle on the rack view 0 0 100 0 0 initstate 190
Success: False
# episodes completed so far: 667
# successes: 399 (59.8%)
Current task success rate: 0.0
Current total success rate: 0.5982008995502249

Task: put the wine bottle on the rack view 0 0 100 0 0 initstate 200
Success: True
# episodes completed so far: 668
# successes: 400 (59.9%)
Current task success rate: 1.0
Current total success rate: 0.5988023952095808

Task: put the wine bottle on the rack view 0 0 100 0 0 initstate 210
Success: False
# episodes completed so far: 669
# successes: 400 (59.8%)
Current task success rate: 0.0
Current total success rate: 0.5979073243647235

Task: put the wine bottle on the rack view 0 0 100 0 0 initstate 220
Success: True
# episodes completed so far: 670
# successes: 401 (59.9%)
Current task success rate: 1.0
Current total success rate: 0.5985074626865672

Task: put the wine bottle on the rack view 0 0 100 0 0 initstate 230
Success: False
# episodes completed so far: 671
# successes: 401 (59.8%)
Current task success rate: 0.0
Current total success rate: 0.5976154992548435

Task: put the wine bottle on the rack view 0 0 100 0 0 initstate 240
Success: False
# episodes completed so far: 672
# successes: 401 (59.7%)
Current task success rate: 0.0
Current total success rate: 0.5967261904761905

Task: put the wine bottle on the rack view 0 0 100 0 0 initstate 250
Success: False
# episodes completed so far: 673
# successes: 401 (59.6%)
Current task success rate: 0.0
Current total success rate: 0.5958395245170877

Task: put the wine bottle on the rack view 0 0 100 0 0 initstate 260
Success: False
# episodes completed so far: 674
# successes: 401 (59.5%)
Current task success rate: 0.0
Current total success rate: 0.5949554896142433

Task: put the wine bottle on the rack view 0 0 100 0 0 initstate 270
Success: False
# episodes completed so far: 675
# successes: 401 (59.4%)
Current task success rate: 0.0
Current total success rate: 0.5940740740740741

Task: put the wine bottle on the rack view 0 0 100 0 0 initstate 280
Success: False
# episodes completed so far: 676
# successes: 401 (59.3%)
Current task success rate: 0.0
Current total success rate: 0.5931952662721893

Task: put the wine bottle on the rack view 0 0 100 0 0 initstate 290
Success: False
# episodes completed so far: 677
# successes: 401 (59.2%)
Current task success rate: 0.0
Current total success rate: 0.5923190546528804

Task: put the wine bottle on the rack view 0 0 100 0 0 initstate 300
Success: False
# episodes completed so far: 678
# successes: 401 (59.1%)
Current task success rate: 0.0
Current total success rate: 0.5914454277286135

Task: put the wine bottle on the rack view 0 0 100 0 0 initstate 360
Success: True
# episodes completed so far: 679
# successes: 402 (59.2%)
Current task success rate: 1.0
Current total success rate: 0.5920471281296024

Task: put the wine bottle on the rack view 0 0 100 0 0 initstate 370
Success: False
# episodes completed so far: 680
# successes: 402 (59.1%)
Current task success rate: 0.0
Current total success rate: 0.5911764705882353

Task: put the wine bottle on the rack view 0 0 100 0 0 initstate 380
Success: False
# episodes completed so far: 681
# successes: 402 (59.0%)
Current task success rate: 0.0
Current total success rate: 0.5903083700440529

Task: put the wine bottle on the rack view 0 0 100 0 0 initstate 390
Success: False
# episodes completed so far: 682
# successes: 402 (58.9%)
Current task success rate: 0.0
Current total success rate: 0.5894428152492669

Task: put the wine bottle on the rack view 0 0 100 0 0 initstate 400
Success: False
# episodes completed so far: 683
# successes: 402 (58.9%)
Current task success rate: 0.0
Current total success rate: 0.5885797950219619

Task: put the wine bottle on the rack view 0 0 100 0 0 initstate 420
Success: False
# episodes completed so far: 684
# successes: 402 (58.8%)
Current task success rate: 0.0
Current total success rate: 0.5877192982456141

Task: put the wine bottle on the rack view 0 0 100 0 0 initstate 440
Success: False
# episodes completed so far: 685
# successes: 402 (58.7%)
Current task success rate: 0.0
Current total success rate: 0.5868613138686132

Task: put the wine bottle on the rack view 0 0 100 0 0 initstate 450
Success: False
# episodes completed so far: 686
# successes: 402 (58.6%)
Current task success rate: 0.0
Current total success rate: 0.5860058309037901

Task: put the wine bottle on the rack view 0 0 100 0 0 initstate 460
Success: False
# episodes completed so far: 687
# successes: 402 (58.5%)
Current task success rate: 0.0
Current total success rate: 0.5851528384279476

Task: put the wine bottle on the rack view 0 0 100 0 0 initstate 480
Success: False
# episodes completed so far: 688
# successes: 402 (58.4%)
Current task success rate: 0.0
Current total success rate: 0.5843023255813954

Task: put the wine bottle on the rack view 0 0 100 0 0 initstate 490
Success: False
# episodes completed so far: 689
# successes: 402 (58.3%)
Current task success rate: 0.0
Current total success rate: 0.5834542815674891

Task: put the wine bottle on the rack view 0 0 100 0 0 initstate 500
Success: True
# episodes completed so far: 690
# successes: 403 (58.4%)
Current task success rate: 1.0
Current total success rate: 0.5840579710144927

Task: open the middle drawer of the cabinet view 0 0 100 2 4 initstate 0
Success: True
# episodes completed so far: 691
# successes: 404 (58.5%)
Current task success rate: 1.0
Current total success rate: 0.5846599131693199

Task: open the middle drawer of the cabinet view 0 0 100 2 6 initstate 0
Success: True
# episodes completed so far: 692
# successes: 405 (58.5%)
Current task success rate: 1.0
Current total success rate: 0.5852601156069365

Task: open the middle drawer of the cabinet view 0 0 100 2 8 initstate 0
Success: False
# episodes completed so far: 693
# successes: 405 (58.4%)
Current task success rate: 0.0
Current total success rate: 0.5844155844155844

Task: open the middle drawer of the cabinet view 0 0 100 2 10 initstate 0
Success: True
# episodes completed so far: 694
# successes: 406 (58.5%)
Current task success rate: 1.0
Current total success rate: 0.5850144092219021

Task: open the middle drawer of the cabinet view 0 0 100 2 350 initstate 0
Success: False
# episodes completed so far: 695
# successes: 406 (58.4%)
Current task success rate: 0.0
Current total success rate: 0.5841726618705037

Task: open the middle drawer of the cabinet view 0 0 100 2 352 initstate 0
Success: True
# episodes completed so far: 696
# successes: 407 (58.5%)
Current task success rate: 1.0
Current total success rate: 0.5847701149425287

Task: open the middle drawer of the cabinet view 0 0 100 2 354 initstate 0
Success: True
# episodes completed so far: 697
# successes: 408 (58.5%)
Current task success rate: 1.0
Current total success rate: 0.5853658536585366

Task: open the middle drawer of the cabinet view 1 15 100 0 0 initstate 0
Success: False
# episodes completed so far: 698
# successes: 408 (58.5%)
Current task success rate: 0.0
Current total success rate: 0.5845272206303725

Task: open the middle drawer of the cabinet view 2 15 100 0 0 initstate 0
Success: False
# episodes completed so far: 699
# successes: 408 (58.4%)
Current task success rate: 0.0
Current total success rate: 0.5836909871244635

Task: open the middle drawer of the cabinet view 4 15 100 0 0 initstate 0
Success: False
# episodes completed so far: 700
# successes: 408 (58.3%)
Current task success rate: 0.0
Current total success rate: 0.5828571428571429

Task: open the middle drawer of the cabinet view 5 15 100 0 0 initstate 0
Success: False
# episodes completed so far: 701
# successes: 408 (58.2%)
Current task success rate: 0.0
Current total success rate: 0.5820256776034237

Task: open the middle drawer of the cabinet view 6 15 100 0 0 initstate 0
Success: False
# episodes completed so far: 702
# successes: 408 (58.1%)
Current task success rate: 0.0
Current total success rate: 0.5811965811965812

Task: open the middle drawer of the cabinet view 7 15 100 0 0 initstate 0
Success: False
# episodes completed so far: 703
# successes: 408 (58.0%)
Current task success rate: 0.0
Current total success rate: 0.5803698435277382

Task: open the middle drawer of the cabinet view 8 15 100 0 0 initstate 0
Success: False
# episodes completed so far: 704
# successes: 408 (58.0%)
Current task success rate: 0.0
Current total success rate: 0.5795454545454546

Task: open the middle drawer of the cabinet view 9 15 100 0 0 initstate 0
Success: False
# episodes completed so far: 705
# successes: 408 (57.9%)
Current task success rate: 0.0
Current total success rate: 0.5787234042553191

Task: open the middle drawer of the cabinet view 10 15 100 0 0 initstate 0
Success: False
# episodes completed so far: 706
# successes: 408 (57.8%)
Current task success rate: 0.0
Current total success rate: 0.5779036827195467

Task: open the middle drawer of the cabinet view 11 15 100 0 0 initstate 0
Success: False
# episodes completed so far: 707
# successes: 408 (57.7%)
Current task success rate: 0.0
Current total success rate: 0.5770862800565771

Task: open the middle drawer of the cabinet view 12 15 100 0 0 initstate 0
Success: False
# episodes completed so far: 708
# successes: 408 (57.6%)
Current task success rate: 0.0
Current total success rate: 0.576271186440678

Task: open the middle drawer of the cabinet view 13 15 100 0 0 initstate 0
Success: False
# episodes completed so far: 709
# successes: 408 (57.5%)
Current task success rate: 0.0
Current total success rate: 0.5754583921015515

Task: open the middle drawer of the cabinet view 14 15 100 0 0 initstate 0
Success: False
# episodes completed so far: 710
# successes: 408 (57.5%)
Current task success rate: 0.0
Current total success rate: 0.5746478873239437

Task: open the middle drawer of the cabinet view 15 15 100 0 0 initstate 0
Success: False
# episodes completed so far: 711
# successes: 408 (57.4%)
Current task success rate: 0.0
Current total success rate: 0.5738396624472574

Task: put the bowl on the stove view 0 0 115 0 0 initstate 0
Success: True
# episodes completed so far: 712
# successes: 409 (57.4%)
Current task success rate: 1.0
Current total success rate: 0.574438202247191

Task: put the bowl on the stove view 0 0 119 0 0 initstate 0
Success: True
# episodes completed so far: 713
# successes: 410 (57.5%)
Current task success rate: 1.0
Current total success rate: 0.5750350631136045

Task: put the bowl on the stove view 0 0 120 0 0 initstate 0
Success: True
# episodes completed so far: 714
# successes: 411 (57.6%)
Current task success rate: 1.0
Current total success rate: 0.5756302521008403

Task: put the bowl on the stove view 0 0 100 4 6 initstate 0
Success: True
# episodes completed so far: 715
# successes: 412 (57.6%)
Current task success rate: 1.0
Current total success rate: 0.5762237762237762

Task: put the bowl on the stove view 0 0 100 4 10 initstate 0
Success: True
# episodes completed so far: 716
# successes: 413 (57.7%)
Current task success rate: 1.0
Current total success rate: 0.5768156424581006

Task: put the bowl on the stove view 0 0 100 4 350 initstate 0
Success: True
# episodes completed so far: 717
# successes: 414 (57.7%)
Current task success rate: 1.0
Current total success rate: 0.5774058577405857

Task: put the bowl on the stove view 0 0 100 4 352 initstate 0
Success: True
# episodes completed so far: 718
# successes: 415 (57.8%)
Current task success rate: 1.0
Current total success rate: 0.5779944289693594

Task: put the bowl on the stove view 16 15 100 0 0 initstate 0
Success: True
# episodes completed so far: 719
# successes: 416 (57.9%)
Current task success rate: 1.0
Current total success rate: 0.5785813630041725

Task: put the bowl on the stove view 17 0 100 0 0 initstate 0
Success: True
# episodes completed so far: 720
# successes: 417 (57.9%)
Current task success rate: 1.0
Current total success rate: 0.5791666666666667

Task: put the bowl on the stove view 17 15 100 0 0 initstate 0
Success: True
# episodes completed so far: 721
# successes: 418 (58.0%)
Current task success rate: 1.0
Current total success rate: 0.579750346740638

Task: put the bowl on the stove view 18 0 100 0 0 initstate 0
Success: True
# episodes completed so far: 722
# successes: 419 (58.0%)
Current task success rate: 1.0
Current total success rate: 0.5803324099722992

Task: put the bowl on the stove view 18 15 100 0 0 initstate 0
Success: True
# episodes completed so far: 723
# successes: 420 (58.1%)
Current task success rate: 1.0
Current total success rate: 0.5809128630705395

Task: put the bowl on the stove view 19 0 100 0 0 initstate 0
Success: True
# episodes completed so far: 724
# successes: 421 (58.1%)
Current task success rate: 1.0
Current total success rate: 0.5814917127071824

Task: put the bowl on the stove view 19 15 100 0 0 initstate 0
Success: True
# episodes completed so far: 725
# successes: 422 (58.2%)
Current task success rate: 1.0
Current total success rate: 0.5820689655172414

Task: put the bowl on the stove view 20 15 100 0 0 initstate 0
Success: True
# episodes completed so far: 726
# successes: 423 (58.3%)
Current task success rate: 1.0
Current total success rate: 0.5826446280991735

Task: put the bowl on the stove view 21 15 100 0 0 initstate 0
Success: True
# episodes completed so far: 727
# successes: 424 (58.3%)
Current task success rate: 1.0
Current total success rate: 0.5832187070151307

Task: put the bowl on the stove view 22 15 100 0 0 initstate 0
Success: True
# episodes completed so far: 728
# successes: 425 (58.4%)
Current task success rate: 1.0
Current total success rate: 0.5837912087912088

Task: put the bowl on the stove view 23 0 100 0 0 initstate 0
Success: True
# episodes completed so far: 729
# successes: 426 (58.4%)
Current task success rate: 1.0
Current total success rate: 0.5843621399176955

Task: put the bowl on the stove view 23 15 100 0 0 initstate 0
Success: True
# episodes completed so far: 730
# successes: 427 (58.5%)
Current task success rate: 1.0
Current total success rate: 0.584931506849315

Task: put the bowl on the stove view 24 0 100 0 0 initstate 0
Success: True
# episodes completed so far: 731
# successes: 428 (58.5%)
Current task success rate: 1.0
Current total success rate: 0.585499316005472

Task: put the bowl on the stove view 24 15 100 0 0 initstate 0
Success: True
# episodes completed so far: 732
# successes: 429 (58.6%)
Current task success rate: 1.0
Current total success rate: 0.5860655737704918

Task: put the bowl on the stove view 25 0 100 0 0 initstate 0
Success: True
# episodes completed so far: 733
# successes: 430 (58.7%)
Current task success rate: 1.0
Current total success rate: 0.5866302864938608

Task: put the bowl on the stove view 25 15 100 0 0 initstate 0
Success: True
# episodes completed so far: 734
# successes: 431 (58.7%)
Current task success rate: 1.0
Current total success rate: 0.5871934604904632

Task: put the bowl on the stove view 26 0 100 0 0 initstate 0
Success: True
# episodes completed so far: 735
# successes: 432 (58.8%)
Current task success rate: 1.0
Current total success rate: 0.5877551020408164

Task: put the bowl on the stove view 26 15 100 0 0 initstate 0
Success: True
# episodes completed so far: 736
# successes: 433 (58.8%)
Current task success rate: 1.0
Current total success rate: 0.5883152173913043

Task: put the bowl on the stove view 27 15 100 0 0 initstate 0
Success: False
# episodes completed so far: 737
# successes: 433 (58.8%)
Current task success rate: 0.0
Current total success rate: 0.587516960651289

Task: put the bowl on the stove view 28 0 100 0 0 initstate 0
Success: True
# episodes completed so far: 738
# successes: 434 (58.8%)
Current task success rate: 1.0
Current total success rate: 0.5880758807588076

Task: put the bowl on the stove view 28 15 100 0 0 initstate 0
Success: True
# episodes completed so far: 739
# successes: 435 (58.9%)
Current task success rate: 1.0
Current total success rate: 0.5886332882273342

Task: put the bowl on the stove view 29 0 100 0 0 initstate 0
Success: True
# episodes completed so far: 740
# successes: 436 (58.9%)
Current task success rate: 1.0
Current total success rate: 0.5891891891891892

Task: put the bowl on the stove view 29 15 100 0 0 initstate 0
Success: False
# episodes completed so far: 741
# successes: 436 (58.8%)
Current task success rate: 0.0
Current total success rate: 0.5883940620782726

Task: put the bowl on the stove view 30 0 100 0 0 initstate 0
Success: True
# episodes completed so far: 742
# successes: 437 (58.9%)
Current task success rate: 1.0
Current total success rate: 0.5889487870619946

Task: put the bowl on the stove view 30 15 100 0 0 initstate 0
Success: True
# episodes completed so far: 743
# successes: 438 (59.0%)
Current task success rate: 1.0
Current total success rate: 0.5895020188425303

Task: put the wine bottle on top of the cabinet view 0 0 123 0 0 initstate 0
Success: True
# episodes completed so far: 744
# successes: 439 (59.0%)
Current task success rate: 1.0
Current total success rate: 0.5900537634408602

Task: put the wine bottle on top of the cabinet view 0 0 125 0 0 initstate 0
Success: True
# episodes completed so far: 745
# successes: 440 (59.1%)
Current task success rate: 1.0
Current total success rate: 0.5906040268456376

Task: put the wine bottle on top of the cabinet view 0 0 126 0 0 initstate 0
Success: True
# episodes completed so far: 746
# successes: 441 (59.1%)
Current task success rate: 1.0
Current total success rate: 0.5911528150134048

Task: put the wine bottle on top of the cabinet view 0 0 127 0 0 initstate 0
Success: True
# episodes completed so far: 747
# successes: 442 (59.2%)
Current task success rate: 1.0
Current total success rate: 0.5917001338688086

Task: put the wine bottle on top of the cabinet view 0 0 128 0 0 initstate 0
Success: True
# episodes completed so far: 748
# successes: 443 (59.2%)
Current task success rate: 1.0
Current total success rate: 0.5922459893048129

Task: put the wine bottle on top of the cabinet view 0 0 129 0 0 initstate 0
Success: True
# episodes completed so far: 749
# successes: 444 (59.3%)
Current task success rate: 1.0
Current total success rate: 0.5927903871829105

Task: put the wine bottle on top of the cabinet view 0 0 130 0 0 initstate 0
Success: True
# episodes completed so far: 750
# successes: 445 (59.3%)
Current task success rate: 1.0
Current total success rate: 0.5933333333333334

Task: put the wine bottle on top of the cabinet view 0 0 100 6 4 initstate 0
Success: True
# episodes completed so far: 751
# successes: 446 (59.4%)
Current task success rate: 1.0
Current total success rate: 0.5938748335552596

Task: put the wine bottle on top of the cabinet view 0 0 100 6 6 initstate 0
Success: True
# episodes completed so far: 752
# successes: 447 (59.4%)
Current task success rate: 1.0
Current total success rate: 0.5944148936170213

Task: put the wine bottle on top of the cabinet view 0 0 100 6 10 initstate 0
Success: True
# episodes completed so far: 753
# successes: 448 (59.5%)
Current task success rate: 1.0
Current total success rate: 0.5949535192563081

Task: put the wine bottle on top of the cabinet view 31 0 100 0 0 initstate 0
Success: True
# episodes completed so far: 754
# successes: 449 (59.5%)
Current task success rate: 1.0
Current total success rate: 0.5954907161803713

Task: put the wine bottle on top of the cabinet view 31 15 100 0 0 initstate 0
Success: False
# episodes completed so far: 755
# successes: 449 (59.5%)
Current task success rate: 0.0
Current total success rate: 0.5947019867549669

Task: put the wine bottle on top of the cabinet view 32 0 100 0 0 initstate 0
Success: True
# episodes completed so far: 756
# successes: 450 (59.5%)
Current task success rate: 1.0
Current total success rate: 0.5952380952380952

Task: put the wine bottle on top of the cabinet view 32 15 100 0 0 initstate 0
Success: False
# episodes completed so far: 757
# successes: 450 (59.4%)
Current task success rate: 0.0
Current total success rate: 0.5944517833553501

Task: put the wine bottle on top of the cabinet view 33 0 100 0 0 initstate 0
Success: True
# episodes completed so far: 758
# successes: 451 (59.5%)
Current task success rate: 1.0
Current total success rate: 0.5949868073878628

Task: put the wine bottle on top of the cabinet view 33 15 100 0 0 initstate 0
Success: False
# episodes completed so far: 759
# successes: 451 (59.4%)
Current task success rate: 0.0
Current total success rate: 0.5942028985507246

Task: put the wine bottle on top of the cabinet view 34 0 100 0 0 initstate 0
Success: True
# episodes completed so far: 760
# successes: 452 (59.5%)
Current task success rate: 1.0
Current total success rate: 0.5947368421052631

Task: put the wine bottle on top of the cabinet view 34 15 100 0 0 initstate 0
Success: False
# episodes completed so far: 761
# successes: 452 (59.4%)
Current task success rate: 0.0
Current total success rate: 0.5939553219448095

Task: put the wine bottle on top of the cabinet view 35 0 100 0 0 initstate 0
Success: True
# episodes completed so far: 762
# successes: 453 (59.4%)
Current task success rate: 1.0
Current total success rate: 0.594488188976378

Task: put the wine bottle on top of the cabinet view 35 15 100 0 0 initstate 0
Success: True
# episodes completed so far: 763
# successes: 454 (59.5%)
Current task success rate: 1.0
Current total success rate: 0.5950196592398427

Task: put the wine bottle on top of the cabinet view 36 0 100 0 0 initstate 0
Success: True
# episodes completed so far: 764
# successes: 455 (59.6%)
Current task success rate: 1.0
Current total success rate: 0.5955497382198953

Task: put the wine bottle on top of the cabinet view 36 15 100 0 0 initstate 0
Success: False
# episodes completed so far: 765
# successes: 455 (59.5%)
Current task success rate: 0.0
Current total success rate: 0.5947712418300654

Task: put the wine bottle on top of the cabinet view 37 0 100 0 0 initstate 0
Success: True
# episodes completed so far: 766
# successes: 456 (59.5%)
Current task success rate: 1.0
Current total success rate: 0.5953002610966057

Task: put the wine bottle on top of the cabinet view 37 15 100 0 0 initstate 0
Success: False
# episodes completed so far: 767
# successes: 456 (59.5%)
Current task success rate: 0.0
Current total success rate: 0.5945241199478487

Task: put the wine bottle on top of the cabinet view 38 0 100 0 0 initstate 0
Success: True
# episodes completed so far: 768
# successes: 457 (59.5%)
Current task success rate: 1.0
Current total success rate: 0.5950520833333334

Task: put the wine bottle on top of the cabinet view 38 15 100 0 0 initstate 0
Success: False
# episodes completed so far: 769
# successes: 457 (59.4%)
Current task success rate: 0.0
Current total success rate: 0.5942782834850455

Task: put the wine bottle on top of the cabinet view 39 0 100 0 0 initstate 0
Success: False
# episodes completed so far: 770
# successes: 457 (59.4%)
Current task success rate: 0.0
Current total success rate: 0.5935064935064935

Task: put the wine bottle on top of the cabinet view 39 15 100 0 0 initstate 0
Success: False
# episodes completed so far: 771
# successes: 457 (59.3%)
Current task success rate: 0.0
Current total success rate: 0.5927367055771725

Task: put the wine bottle on top of the cabinet view 40 0 100 0 0 initstate 0
Success: False
# episodes completed so far: 772
# successes: 457 (59.2%)
Current task success rate: 0.0
Current total success rate: 0.5919689119170984

Task: put the wine bottle on top of the cabinet view 40 15 100 0 0 initstate 0
Success: False
# episodes completed so far: 773
# successes: 457 (59.1%)
Current task success rate: 0.0
Current total success rate: 0.5912031047865459

Task: put the wine bottle on top of the cabinet view 41 0 100 0 0 initstate 0
Success: False
# episodes completed so far: 774
# successes: 457 (59.0%)
Current task success rate: 0.0
Current total success rate: 0.5904392764857881

Task: put the wine bottle on top of the cabinet view 41 15 100 0 0 initstate 0
Success: False
# episodes completed so far: 775
# successes: 457 (59.0%)
Current task success rate: 0.0
Current total success rate: 0.5896774193548387

Task: put the wine bottle on top of the cabinet view 42 0 100 0 0 initstate 0
Success: False
# episodes completed so far: 776
# successes: 457 (58.9%)
Current task success rate: 0.0
Current total success rate: 0.5889175257731959

Task: put the wine bottle on top of the cabinet view 42 15 100 0 0 initstate 0
Success: False
# episodes completed so far: 777
# successes: 457 (58.8%)
Current task success rate: 0.0
Current total success rate: 0.5881595881595881

Task: put the wine bottle on top of the cabinet view 43 0 100 0 0 initstate 0
Success: False
# episodes completed so far: 778
# successes: 457 (58.7%)
Current task success rate: 0.0
Current total success rate: 0.5874035989717223

Task: put the wine bottle on top of the cabinet view 43 15 100 0 0 initstate 0
Success: False
# episodes completed so far: 779
# successes: 457 (58.7%)
Current task success rate: 0.0
Current total success rate: 0.5866495507060334

Task: put the wine bottle on top of the cabinet view 44 0 100 0 0 initstate 0
Success: False
# episodes completed so far: 780
# successes: 457 (58.6%)
Current task success rate: 0.0
Current total success rate: 0.5858974358974359

Task: put the wine bottle on top of the cabinet view 44 15 100 0 0 initstate 0
Success: False
# episodes completed so far: 781
# successes: 457 (58.5%)
Current task success rate: 0.0
Current total success rate: 0.5851472471190781

Task: put the wine bottle on top of the cabinet view 45 0 100 0 0 initstate 0
Success: True
# episodes completed so far: 782
# successes: 458 (58.6%)
Current task success rate: 1.0
Current total success rate: 0.5856777493606138

Task: put the wine bottle on top of the cabinet view 45 15 100 0 0 initstate 0
Success: False
# episodes completed so far: 783
# successes: 458 (58.5%)
Current task success rate: 0.0
Current total success rate: 0.5849297573435505

Task: open the top drawer and put the bowl inside view 0 0 131 0 0 initstate 0
Success: False
# episodes completed so far: 784
# successes: 458 (58.4%)
Current task success rate: 0.0
Current total success rate: 0.5841836734693877

Task: open the top drawer and put the bowl inside view 0 0 132 0 0 initstate 0
Success: False
# episodes completed so far: 785
# successes: 458 (58.3%)
Current task success rate: 0.0
Current total success rate: 0.5834394904458599

Task: open the top drawer and put the bowl inside view 0 0 133 0 0 initstate 0
Success: False
# episodes completed so far: 786
# successes: 458 (58.3%)
Current task success rate: 0.0
Current total success rate: 0.5826972010178118

Task: open the top drawer and put the bowl inside view 0 0 134 0 0 initstate 0
Success: False
# episodes completed so far: 787
# successes: 458 (58.2%)
Current task success rate: 0.0
Current total success rate: 0.5819567979669632

Task: open the top drawer and put the bowl inside view 0 0 136 0 0 initstate 0
Success: False
# episodes completed so far: 788
# successes: 458 (58.1%)
Current task success rate: 0.0
Current total success rate: 0.5812182741116751

Task: open the top drawer and put the bowl inside view 0 0 137 0 0 initstate 0
Success: False
# episodes completed so far: 789
# successes: 458 (58.0%)
Current task success rate: 0.0
Current total success rate: 0.5804816223067174

Task: open the top drawer and put the bowl inside view 0 0 138 0 0 initstate 0
Success: False
# episodes completed so far: 790
# successes: 458 (58.0%)
Current task success rate: 0.0
Current total success rate: 0.579746835443038

Task: open the top drawer and put the bowl inside view 0 0 140 0 0 initstate 0
Success: False
# episodes completed so far: 791
# successes: 458 (57.9%)
Current task success rate: 0.0
Current total success rate: 0.5790139064475348

Task: open the top drawer and put the bowl inside view 0 0 100 8 2 initstate 0
Success: True
# episodes completed so far: 792
# successes: 459 (58.0%)
Current task success rate: 1.0
Current total success rate: 0.5795454545454546

Task: open the top drawer and put the bowl inside view 0 0 100 8 4 initstate 0
Success: False
# episodes completed so far: 793
# successes: 459 (57.9%)
Current task success rate: 0.0
Current total success rate: 0.5788146279949559

Task: open the top drawer and put the bowl inside view 0 0 100 8 6 initstate 0
Success: False
# episodes completed so far: 794
# successes: 459 (57.8%)
Current task success rate: 0.0
Current total success rate: 0.5780856423173804

Task: open the top drawer and put the bowl inside view 0 0 100 8 8 initstate 0
Success: False
# episodes completed so far: 795
# successes: 459 (57.7%)
Current task success rate: 0.0
Current total success rate: 0.5773584905660377

Task: open the top drawer and put the bowl inside view 0 0 100 8 10 initstate 0
Success: False
# episodes completed so far: 796
# successes: 459 (57.7%)
Current task success rate: 0.0
Current total success rate: 0.5766331658291457

Task: open the top drawer and put the bowl inside view 0 0 100 8 350 initstate 0
Success: True
# episodes completed so far: 797
# successes: 460 (57.7%)
Current task success rate: 1.0
Current total success rate: 0.5771643663739021

Task: open the top drawer and put the bowl inside view 0 0 100 8 352 initstate 0
Success: False
# episodes completed so far: 798
# successes: 460 (57.6%)
Current task success rate: 0.0
Current total success rate: 0.5764411027568922

Task: open the top drawer and put the bowl inside view 0 0 100 8 354 initstate 0
Success: False
# episodes completed so far: 799
# successes: 460 (57.6%)
Current task success rate: 0.0
Current total success rate: 0.5757196495619524

Task: open the top drawer and put the bowl inside view 0 0 100 8 356 initstate 0
Success: False
# episodes completed so far: 800
# successes: 460 (57.5%)
Current task success rate: 0.0
Current total success rate: 0.575

Task: open the top drawer and put the bowl inside view 0 0 100 8 358 initstate 0
Success: False
# episodes completed so far: 801
# successes: 460 (57.4%)
Current task success rate: 0.0
Current total success rate: 0.5742821473158551

Task: open the top drawer and put the bowl inside view 46 0 100 0 0 initstate 0
Success: False
# episodes completed so far: 802
# successes: 460 (57.4%)
Current task success rate: 0.0
Current total success rate: 0.57356608478803

Task: open the top drawer and put the bowl inside view 46 15 100 0 0 initstate 0
Success: False
# episodes completed so far: 803
# successes: 460 (57.3%)
Current task success rate: 0.0
Current total success rate: 0.572851805728518

Task: open the top drawer and put the bowl inside view 47 0 100 0 0 initstate 0
Success: False
# episodes completed so far: 804
# successes: 460 (57.2%)
Current task success rate: 0.0
Current total success rate: 0.572139303482587

Task: open the top drawer and put the bowl inside view 47 15 100 0 0 initstate 0
Success: False
# episodes completed so far: 805
# successes: 460 (57.1%)
Current task success rate: 0.0
Current total success rate: 0.5714285714285714

Task: open the top drawer and put the bowl inside view 48 0 100 0 0 initstate 0
Success: False
# episodes completed so far: 806
# successes: 460 (57.1%)
Current task success rate: 0.0
Current total success rate: 0.5707196029776674

Task: open the top drawer and put the bowl inside view 48 15 100 0 0 initstate 0
Success: False
# episodes completed so far: 807
# successes: 460 (57.0%)
Current task success rate: 0.0
Current total success rate: 0.5700123915737298

Task: open the top drawer and put the bowl inside view 49 0 100 0 0 initstate 0
Success: False
# episodes completed so far: 808
# successes: 460 (56.9%)
Current task success rate: 0.0
Current total success rate: 0.5693069306930693

Task: open the top drawer and put the bowl inside view 49 15 100 0 0 initstate 0
Success: False
# episodes completed so far: 809
# successes: 460 (56.9%)
Current task success rate: 0.0
Current total success rate: 0.5686032138442522

Task: open the top drawer and put the bowl inside view 50 0 100 0 0 initstate 0
Success: False
# episodes completed so far: 810
# successes: 460 (56.8%)
Current task success rate: 0.0
Current total success rate: 0.5679012345679012

Task: open the top drawer and put the bowl inside view 50 15 100 0 0 initstate 0
Success: False
# episodes completed so far: 811
# successes: 460 (56.7%)
Current task success rate: 0.0
Current total success rate: 0.5672009864364982

Task: open the top drawer and put the bowl inside view 51 0 100 0 0 initstate 0
Success: False
# episodes completed so far: 812
# successes: 460 (56.7%)
Current task success rate: 0.0
Current total success rate: 0.5665024630541872

Task: open the top drawer and put the bowl inside view 51 15 100 0 0 initstate 0
Success: False
# episodes completed so far: 813
# successes: 460 (56.6%)
Current task success rate: 0.0
Current total success rate: 0.5658056580565806

Task: open the top drawer and put the bowl inside view 52 0 100 0 0 initstate 0
Success: False
# episodes completed so far: 814
# successes: 460 (56.5%)
Current task success rate: 0.0
Current total success rate: 0.5651105651105651

Task: open the top drawer and put the bowl inside view 52 15 100 0 0 initstate 0
Success: False
# episodes completed so far: 815
# successes: 460 (56.4%)
Current task success rate: 0.0
Current total success rate: 0.5644171779141104

Task: open the top drawer and put the bowl inside view 53 0 100 0 0 initstate 0
Success: False
# episodes completed so far: 816
# successes: 460 (56.4%)
Current task success rate: 0.0
Current total success rate: 0.5637254901960784

Task: open the top drawer and put the bowl inside view 53 15 100 0 0 initstate 0
Success: False
# episodes completed so far: 817
# successes: 460 (56.3%)
Current task success rate: 0.0
Current total success rate: 0.5630354957160343

Task: open the top drawer and put the bowl inside view 54 0 100 0 0 initstate 0
Success: False
# episodes completed so far: 818
# successes: 460 (56.2%)
Current task success rate: 0.0
Current total success rate: 0.5623471882640587

Task: open the top drawer and put the bowl inside view 54 15 100 0 0 initstate 0
Success: False
# episodes completed so far: 819
# successes: 460 (56.2%)
Current task success rate: 0.0
Current total success rate: 0.5616605616605617

Task: open the top drawer and put the bowl inside view 55 0 100 0 0 initstate 0
Success: False
# episodes completed so far: 820
# successes: 460 (56.1%)
Current task success rate: 0.0
Current total success rate: 0.5609756097560976

Task: open the top drawer and put the bowl inside view 55 15 100 0 0 initstate 0
Success: False
# episodes completed so far: 821
# successes: 460 (56.0%)
Current task success rate: 0.0
Current total success rate: 0.5602923264311814

Task: open the top drawer and put the bowl inside view 56 0 100 0 0 initstate 0
Success: False
# episodes completed so far: 822
# successes: 460 (56.0%)
Current task success rate: 0.0
Current total success rate: 0.559610705596107

Task: open the top drawer and put the bowl inside view 56 15 100 0 0 initstate 0
Success: False
# episodes completed so far: 823
# successes: 460 (55.9%)
Current task success rate: 0.0
Current total success rate: 0.5589307411907655

Task: open the top drawer and put the bowl inside view 57 0 100 0 0 initstate 0
Success: False
# episodes completed so far: 824
# successes: 460 (55.8%)
Current task success rate: 0.0
Current total success rate: 0.558252427184466

Task: open the top drawer and put the bowl inside view 57 15 100 0 0 initstate 0
Success: False
# episodes completed so far: 825
# successes: 460 (55.8%)
Current task success rate: 0.0
Current total success rate: 0.5575757575757576

Task: open the top drawer and put the bowl inside view 58 0 100 0 0 initstate 0
Success: False
# episodes completed so far: 826
# successes: 460 (55.7%)
Current task success rate: 0.0
Current total success rate: 0.5569007263922519

Task: open the top drawer and put the bowl inside view 58 15 100 0 0 initstate 0
Success: False
# episodes completed so far: 827
# successes: 460 (55.6%)
Current task success rate: 0.0
Current total success rate: 0.5562273276904474

Task: open the top drawer and put the bowl inside view 59 0 100 0 0 initstate 0
Success: False
# episodes completed so far: 828
# successes: 460 (55.6%)
Current task success rate: 0.0
Current total success rate: 0.5555555555555556

Task: open the top drawer and put the bowl inside view 59 15 100 0 0 initstate 0
Success: False
# episodes completed so far: 829
# successes: 460 (55.5%)
Current task success rate: 0.0
Current total success rate: 0.5548854041013269

Task: open the top drawer and put the bowl inside view 60 0 100 0 0 initstate 0
Success: False
# episodes completed so far: 830
# successes: 460 (55.4%)
Current task success rate: 0.0
Current total success rate: 0.5542168674698795

Task: open the top drawer and put the bowl inside view 60 15 100 0 0 initstate 0
Success: False
# episodes completed so far: 831
# successes: 460 (55.4%)
Current task success rate: 0.0
Current total success rate: 0.5535499398315282

Task: put the bowl on top of the cabinet view 0 0 141 0 0 initstate 0
Success: True
# episodes completed so far: 832
# successes: 461 (55.4%)
Current task success rate: 1.0
Current total success rate: 0.5540865384615384

Task: put the bowl on top of the cabinet view 0 0 142 0 0 initstate 0
Success: True
# episodes completed so far: 833
# successes: 462 (55.5%)
Current task success rate: 1.0
Current total success rate: 0.5546218487394958

Task: put the bowl on top of the cabinet view 0 0 143 0 0 initstate 0
Success: True
# episodes completed so far: 834
# successes: 463 (55.5%)
Current task success rate: 1.0
Current total success rate: 0.5551558752997602

Task: put the bowl on top of the cabinet view 0 0 144 0 0 initstate 0
Success: True
# episodes completed so far: 835
# successes: 464 (55.6%)
Current task success rate: 1.0
Current total success rate: 0.555688622754491

Task: put the bowl on top of the cabinet view 0 0 145 0 0 initstate 0
Success: True
# episodes completed so far: 836
# successes: 465 (55.6%)
Current task success rate: 1.0
Current total success rate: 0.55622009569378

Task: put the bowl on top of the cabinet view 0 0 146 0 0 initstate 0
Success: True
# episodes completed so far: 837
# successes: 466 (55.7%)
Current task success rate: 1.0
Current total success rate: 0.5567502986857825

Task: put the bowl on top of the cabinet view 0 0 147 0 0 initstate 0
Success: True
# episodes completed so far: 838
# successes: 467 (55.7%)
Current task success rate: 1.0
Current total success rate: 0.5572792362768496

Task: put the bowl on top of the cabinet view 0 0 148 0 0 initstate 0
Success: True
# episodes completed so far: 839
# successes: 468 (55.8%)
Current task success rate: 1.0
Current total success rate: 0.5578069129916567

Task: put the bowl on top of the cabinet view 0 0 149 0 0 initstate 0
Success: True
# episodes completed so far: 840
# successes: 469 (55.8%)
Current task success rate: 1.0
Current total success rate: 0.5583333333333333

Task: put the bowl on top of the cabinet view 0 0 150 0 0 initstate 0
Success: True
# episodes completed so far: 841
# successes: 470 (55.9%)
Current task success rate: 1.0
Current total success rate: 0.558858501783591

Task: put the bowl on top of the cabinet view 0 0 100 10 2 initstate 0
Success: True
# episodes completed so far: 842
# successes: 471 (55.9%)
Current task success rate: 1.0
Current total success rate: 0.5593824228028503

Task: put the bowl on top of the cabinet view 0 0 100 10 4 initstate 0
Success: False
# episodes completed so far: 843
# successes: 471 (55.9%)
Current task success rate: 0.0
Current total success rate: 0.5587188612099644

Task: put the bowl on top of the cabinet view 0 0 100 10 6 initstate 0
Success: False
# episodes completed so far: 844
# successes: 471 (55.8%)
Current task success rate: 0.0
Current total success rate: 0.5580568720379147

Task: put the bowl on top of the cabinet view 0 0 100 10 8 initstate 0
Success: True
# episodes completed so far: 845
# successes: 472 (55.9%)
Current task success rate: 1.0
Current total success rate: 0.5585798816568047

Task: put the bowl on top of the cabinet view 0 0 100 10 10 initstate 0
Success: False
# episodes completed so far: 846
# successes: 472 (55.8%)
Current task success rate: 0.0
Current total success rate: 0.557919621749409

Task: put the bowl on top of the cabinet view 0 0 100 10 350 initstate 0
Success: True
# episodes completed so far: 847
# successes: 473 (55.8%)
Current task success rate: 1.0
Current total success rate: 0.5584415584415584

Task: put the bowl on top of the cabinet view 0 0 100 10 352 initstate 0
Success: True
# episodes completed so far: 848
# successes: 474 (55.9%)
Current task success rate: 1.0
Current total success rate: 0.5589622641509434

Task: put the bowl on top of the cabinet view 0 0 100 10 354 initstate 0
Success: True
# episodes completed so far: 849
# successes: 475 (55.9%)
Current task success rate: 1.0
Current total success rate: 0.5594817432273262

Task: put the bowl on top of the cabinet view 0 0 100 10 356 initstate 0
Success: True
# episodes completed so far: 850
# successes: 476 (56.0%)
Current task success rate: 1.0
Current total success rate: 0.56

Task: put the bowl on top of the cabinet view 0 0 100 10 358 initstate 0
Success: True
# episodes completed so far: 851
# successes: 477 (56.1%)
Current task success rate: 1.0
Current total success rate: 0.5605170387779084

Task: put the bowl on top of the cabinet view 61 0 100 0 0 initstate 0
Success: True
# episodes completed so far: 852
# successes: 478 (56.1%)
Current task success rate: 1.0
Current total success rate: 0.5610328638497653

Task: put the bowl on top of the cabinet view 61 15 100 0 0 initstate 0
Success: True
# episodes completed so far: 853
# successes: 479 (56.2%)
Current task success rate: 1.0
Current total success rate: 0.5615474794841735

Task: put the bowl on top of the cabinet view 62 0 100 0 0 initstate 0
Success: True
# episodes completed so far: 854
# successes: 480 (56.2%)
Current task success rate: 1.0
Current total success rate: 0.5620608899297423

Task: put the bowl on top of the cabinet view 62 15 100 0 0 initstate 0
Success: True
# episodes completed so far: 855
# successes: 481 (56.3%)
Current task success rate: 1.0
Current total success rate: 0.5625730994152047

Task: put the bowl on top of the cabinet view 63 0 100 0 0 initstate 0
Success: False
# episodes completed so far: 856
# successes: 481 (56.2%)
Current task success rate: 0.0
Current total success rate: 0.5619158878504673

Task: put the bowl on top of the cabinet view 63 15 100 0 0 initstate 0
Success: True
# episodes completed so far: 857
# successes: 482 (56.2%)
Current task success rate: 1.0
Current total success rate: 0.5624270711785297

Task: put the bowl on top of the cabinet view 64 0 100 0 0 initstate 0
Success: False
# episodes completed so far: 858
# successes: 482 (56.2%)
Current task success rate: 0.0
Current total success rate: 0.5617715617715617

Task: put the bowl on top of the cabinet view 64 15 100 0 0 initstate 0
Success: False
# episodes completed so far: 859
# successes: 482 (56.1%)
Current task success rate: 0.0
Current total success rate: 0.5611175785797439

Task: put the bowl on top of the cabinet view 65 0 100 0 0 initstate 0
Success: False
# episodes completed so far: 860
# successes: 482 (56.0%)
Current task success rate: 0.0
Current total success rate: 0.5604651162790698

Task: put the bowl on top of the cabinet view 65 15 100 0 0 initstate 0
Success: True
# episodes completed so far: 861
# successes: 483 (56.1%)
Current task success rate: 1.0
Current total success rate: 0.5609756097560976

Task: put the bowl on top of the cabinet view 66 0 100 0 0 initstate 0
Success: False
# episodes completed so far: 862
# successes: 483 (56.0%)
Current task success rate: 0.0
Current total success rate: 0.5603248259860789

Task: put the bowl on top of the cabinet view 66 15 100 0 0 initstate 0
Success: True
# episodes completed so far: 863
# successes: 484 (56.1%)
Current task success rate: 1.0
Current total success rate: 0.5608342989571263

Task: put the bowl on top of the cabinet view 67 0 100 0 0 initstate 0
Success: False
# episodes completed so far: 864
# successes: 484 (56.0%)
Current task success rate: 0.0
Current total success rate: 0.5601851851851852

Task: put the bowl on top of the cabinet view 67 15 100 0 0 initstate 0
Success: False
# episodes completed so far: 865
# successes: 484 (56.0%)
Current task success rate: 0.0
Current total success rate: 0.5595375722543353

Task: put the bowl on top of the cabinet view 68 0 100 0 0 initstate 0
Success: False
# episodes completed so far: 866
# successes: 484 (55.9%)
Current task success rate: 0.0
Current total success rate: 0.558891454965358

Task: put the bowl on top of the cabinet view 68 15 100 0 0 initstate 0
Success: True
# episodes completed so far: 867
# successes: 485 (55.9%)
Current task success rate: 1.0
Current total success rate: 0.5594002306805075

Task: put the bowl on top of the cabinet view 69 0 100 0 0 initstate 0
Success: True
# episodes completed so far: 868
# successes: 486 (56.0%)
Current task success rate: 1.0
Current total success rate: 0.5599078341013825

Task: put the bowl on top of the cabinet view 69 15 100 0 0 initstate 0
Success: True
# episodes completed so far: 869
# successes: 487 (56.0%)
Current task success rate: 1.0
Current total success rate: 0.5604142692750288

Task: put the bowl on top of the cabinet view 70 0 100 0 0 initstate 0
Success: True
# episodes completed so far: 870
# successes: 488 (56.1%)
Current task success rate: 1.0
Current total success rate: 0.5609195402298851

Task: put the bowl on top of the cabinet view 70 15 100 0 0 initstate 0
Success: True
# episodes completed so far: 871
# successes: 489 (56.1%)
Current task success rate: 1.0
Current total success rate: 0.5614236509758898

Task: put the bowl on top of the cabinet view 71 0 100 0 0 initstate 0
Success: True
# episodes completed so far: 872
# successes: 490 (56.2%)
Current task success rate: 1.0
Current total success rate: 0.5619266055045872

Task: put the bowl on top of the cabinet view 71 15 100 0 0 initstate 0
Success: True
# episodes completed so far: 873
# successes: 491 (56.2%)
Current task success rate: 1.0
Current total success rate: 0.5624284077892325

Task: put the bowl on top of the cabinet view 72 0 100 0 0 initstate 0
Success: True
# episodes completed so far: 874
# successes: 492 (56.3%)
Current task success rate: 1.0
Current total success rate: 0.562929061784897

Task: put the bowl on top of the cabinet view 72 15 100 0 0 initstate 0
Success: True
# episodes completed so far: 875
# successes: 493 (56.3%)
Current task success rate: 1.0
Current total success rate: 0.5634285714285714

Task: put the bowl on top of the cabinet view 73 0 100 0 0 initstate 0
Success: True
# episodes completed so far: 876
# successes: 494 (56.4%)
Current task success rate: 1.0
Current total success rate: 0.5639269406392694

Task: put the bowl on top of the cabinet view 73 15 100 0 0 initstate 0
Success: True
# episodes completed so far: 877
# successes: 495 (56.4%)
Current task success rate: 1.0
Current total success rate: 0.56442417331813

Task: put the bowl on top of the cabinet view 74 0 100 0 0 initstate 0
Success: False
# episodes completed so far: 878
# successes: 495 (56.4%)
Current task success rate: 0.0
Current total success rate: 0.5637813211845103

Task: put the bowl on top of the cabinet view 74 15 100 0 0 initstate 0
Success: False
# episodes completed so far: 879
# successes: 495 (56.3%)
Current task success rate: 0.0
Current total success rate: 0.5631399317406144

Task: put the bowl on top of the cabinet view 75 0 100 0 0 initstate 0
Success: True
# episodes completed so far: 880
# successes: 496 (56.4%)
Current task success rate: 1.0
Current total success rate: 0.5636363636363636

Task: put the bowl on top of the cabinet view 75 15 100 0 0 initstate 0
Success: False
# episodes completed so far: 881
# successes: 496 (56.3%)
Current task success rate: 0.0
Current total success rate: 0.5629965947786606

Task: push the plate to the front of the stove view 0 0 151 0 0 initstate 0
Success: False
# episodes completed so far: 882
# successes: 496 (56.2%)
Current task success rate: 0.0
Current total success rate: 0.562358276643991

Task: push the plate to the front of the stove view 0 0 152 0 0 initstate 0
Success: False
# episodes completed so far: 883
# successes: 496 (56.2%)
Current task success rate: 0.0
Current total success rate: 0.5617214043035108

Task: push the plate to the front of the stove view 0 0 153 0 0 initstate 0
Success: False
# episodes completed so far: 884
# successes: 496 (56.1%)
Current task success rate: 0.0
Current total success rate: 0.5610859728506787

Task: push the plate to the front of the stove view 0 0 154 0 0 initstate 0
Success: False
# episodes completed so far: 885
# successes: 496 (56.0%)
Current task success rate: 0.0
Current total success rate: 0.56045197740113

Task: push the plate to the front of the stove view 0 0 155 0 0 initstate 0
Success: False
# episodes completed so far: 886
# successes: 496 (56.0%)
Current task success rate: 0.0
Current total success rate: 0.5598194130925508

Task: push the plate to the front of the stove view 0 0 156 0 0 initstate 0
Success: False
# episodes completed so far: 887
# successes: 496 (55.9%)
Current task success rate: 0.0
Current total success rate: 0.5591882750845547

Task: push the plate to the front of the stove view 0 0 157 0 0 initstate 0
Success: False
# episodes completed so far: 888
# successes: 496 (55.9%)
Current task success rate: 0.0
Current total success rate: 0.5585585585585585

Task: push the plate to the front of the stove view 0 0 158 0 0 initstate 0
Success: False
# episodes completed so far: 889
# successes: 496 (55.8%)
Current task success rate: 0.0
Current total success rate: 0.5579302587176603

Task: push the plate to the front of the stove view 0 0 159 0 0 initstate 0
Success: False
# episodes completed so far: 890
# successes: 496 (55.7%)
Current task success rate: 0.0
Current total success rate: 0.5573033707865168

Task: push the plate to the front of the stove view 0 0 160 0 0 initstate 0
Success: False
# episodes completed so far: 891
# successes: 496 (55.7%)
Current task success rate: 0.0
Current total success rate: 0.5566778900112234

Task: push the plate to the front of the stove view 0 0 100 350 4 initstate 0
Success: False
# episodes completed so far: 892
# successes: 496 (55.6%)
Current task success rate: 0.0
Current total success rate: 0.5560538116591929

Task: push the plate to the front of the stove view 0 0 100 350 6 initstate 0
Success: False
# episodes completed so far: 893
# successes: 496 (55.5%)
Current task success rate: 0.0
Current total success rate: 0.555431131019037

Task: push the plate to the front of the stove view 0 0 100 350 8 initstate 0
Success: False
# episodes completed so far: 894
# successes: 496 (55.5%)
Current task success rate: 0.0
Current total success rate: 0.5548098434004475

Task: push the plate to the front of the stove view 0 0 100 350 10 initstate 0
Success: False
# episodes completed so far: 895
# successes: 496 (55.4%)
Current task success rate: 0.0
Current total success rate: 0.5541899441340782

Task: push the plate to the front of the stove view 0 0 100 350 350 initstate 0
Success: False
# episodes completed so far: 896
# successes: 496 (55.4%)
Current task success rate: 0.0
Current total success rate: 0.5535714285714286

Task: push the plate to the front of the stove view 0 0 100 350 352 initstate 0
Success: False
# episodes completed so far: 897
# successes: 496 (55.3%)
Current task success rate: 0.0
Current total success rate: 0.5529542920847269

Task: push the plate to the front of the stove view 0 0 100 350 354 initstate 0
Success: False
# episodes completed so far: 898
# successes: 496 (55.2%)
Current task success rate: 0.0
Current total success rate: 0.5523385300668151

Task: push the plate to the front of the stove view 0 0 100 350 356 initstate 0
Success: False
# episodes completed so far: 899
# successes: 496 (55.2%)
Current task success rate: 0.0
Current total success rate: 0.5517241379310345

Task: push the plate to the front of the stove view 0 0 100 350 358 initstate 0
Success: False
# episodes completed so far: 900
# successes: 496 (55.1%)
Current task success rate: 0.0
Current total success rate: 0.5511111111111111

Task: push the plate to the front of the stove view 285 0 100 0 0 initstate 0
Success: False
# episodes completed so far: 901
# successes: 496 (55.0%)
Current task success rate: 0.0
Current total success rate: 0.5504994450610433

Task: push the plate to the front of the stove view 285 15 100 0 0 initstate 0
Success: False
# episodes completed so far: 902
# successes: 496 (55.0%)
Current task success rate: 0.0
Current total success rate: 0.549889135254989

Task: push the plate to the front of the stove view 286 0 100 0 0 initstate 0
Success: False
# episodes completed so far: 903
# successes: 496 (54.9%)
Current task success rate: 0.0
Current total success rate: 0.5492801771871539

Task: push the plate to the front of the stove view 286 15 100 0 0 initstate 0
Success: False
# episodes completed so far: 904
# successes: 496 (54.9%)
Current task success rate: 0.0
Current total success rate: 0.5486725663716814

Task: push the plate to the front of the stove view 287 0 100 0 0 initstate 0
Success: False
# episodes completed so far: 905
# successes: 496 (54.8%)
Current task success rate: 0.0
Current total success rate: 0.5480662983425414

Task: push the plate to the front of the stove view 287 15 100 0 0 initstate 0
Success: False
# episodes completed so far: 906
# successes: 496 (54.7%)
Current task success rate: 0.0
Current total success rate: 0.5474613686534217

Task: push the plate to the front of the stove view 288 0 100 0 0 initstate 0
Success: False
# episodes completed so far: 907
# successes: 496 (54.7%)
Current task success rate: 0.0
Current total success rate: 0.5468577728776185

Task: push the plate to the front of the stove view 288 15 100 0 0 initstate 0
Success: False
# episodes completed so far: 908
# successes: 496 (54.6%)
Current task success rate: 0.0
Current total success rate: 0.5462555066079295

Task: push the plate to the front of the stove view 289 0 100 0 0 initstate 0
Success: False
# episodes completed so far: 909
# successes: 496 (54.6%)
Current task success rate: 0.0
Current total success rate: 0.5456545654565457

Task: push the plate to the front of the stove view 289 15 100 0 0 initstate 0
Success: False
# episodes completed so far: 910
# successes: 496 (54.5%)
Current task success rate: 0.0
Current total success rate: 0.545054945054945

Task: push the plate to the front of the stove view 290 0 100 0 0 initstate 0
Success: False
# episodes completed so far: 911
# successes: 496 (54.4%)
Current task success rate: 0.0
Current total success rate: 0.544456641053787

Task: push the plate to the front of the stove view 290 15 100 0 0 initstate 0
Success: False
# episodes completed so far: 912
# successes: 496 (54.4%)
Current task success rate: 0.0
Current total success rate: 0.543859649122807

Task: push the plate to the front of the stove view 291 0 100 0 0 initstate 0
Success: False
# episodes completed so far: 913
# successes: 496 (54.3%)
Current task success rate: 0.0
Current total success rate: 0.5432639649507119

Task: push the plate to the front of the stove view 291 15 100 0 0 initstate 0
Success: False
# episodes completed so far: 914
# successes: 496 (54.3%)
Current task success rate: 0.0
Current total success rate: 0.5426695842450766

Task: push the plate to the front of the stove view 292 0 100 0 0 initstate 0
Success: False
# episodes completed so far: 915
# successes: 496 (54.2%)
Current task success rate: 0.0
Current total success rate: 0.5420765027322404

Task: push the plate to the front of the stove view 292 15 100 0 0 initstate 0
Success: False
# episodes completed so far: 916
# successes: 496 (54.1%)
Current task success rate: 0.0
Current total success rate: 0.5414847161572053

Task: push the plate to the front of the stove view 293 0 100 0 0 initstate 0
Success: False
# episodes completed so far: 917
# successes: 496 (54.1%)
Current task success rate: 0.0
Current total success rate: 0.5408942202835333

Task: push the plate to the front of the stove view 293 15 100 0 0 initstate 0
Success: False
# episodes completed so far: 918
# successes: 496 (54.0%)
Current task success rate: 0.0
Current total success rate: 0.5403050108932462

Task: push the plate to the front of the stove view 294 0 100 0 0 initstate 0
Success: False
# episodes completed so far: 919
# successes: 496 (54.0%)
Current task success rate: 0.0
Current total success rate: 0.5397170837867247

Task: push the plate to the front of the stove view 294 15 100 0 0 initstate 0
Success: False
# episodes completed so far: 920
# successes: 496 (53.9%)
Current task success rate: 0.0
Current total success rate: 0.5391304347826087

Task: push the plate to the front of the stove view 295 0 100 0 0 initstate 0
Success: False
# episodes completed so far: 921
# successes: 496 (53.9%)
Current task success rate: 0.0
Current total success rate: 0.5385450597176982

Task: push the plate to the front of the stove view 295 15 100 0 0 initstate 0
Success: False
# episodes completed so far: 922
# successes: 496 (53.8%)
Current task success rate: 0.0
Current total success rate: 0.5379609544468547

Task: push the plate to the front of the stove view 296 0 100 0 0 initstate 0
Success: False
# episodes completed so far: 923
# successes: 496 (53.7%)
Current task success rate: 0.0
Current total success rate: 0.5373781148429035

Task: push the plate to the front of the stove view 296 15 100 0 0 initstate 0
Success: False
# episodes completed so far: 924
# successes: 496 (53.7%)
Current task success rate: 0.0
Current total success rate: 0.5367965367965368

Task: push the plate to the front of the stove view 297 0 100 0 0 initstate 0
Success: False
# episodes completed so far: 925
# successes: 496 (53.6%)
Current task success rate: 0.0
Current total success rate: 0.5362162162162162

Task: push the plate to the front of the stove view 297 15 100 0 0 initstate 0
Success: False
# episodes completed so far: 926
# successes: 496 (53.6%)
Current task success rate: 0.0
Current total success rate: 0.5356371490280778

Task: push the plate to the front of the stove view 298 0 100 0 0 initstate 0
Success: False
# episodes completed so far: 927
# successes: 496 (53.5%)
Current task success rate: 0.0
Current total success rate: 0.535059331175836

Task: push the plate to the front of the stove view 298 15 100 0 0 initstate 0
Success: False
# episodes completed so far: 928
# successes: 496 (53.4%)
Current task success rate: 0.0
Current total success rate: 0.5344827586206896

Task: push the plate to the front of the stove view 299 0 100 0 0 initstate 0
Success: False
# episodes completed so far: 929
# successes: 496 (53.4%)
Current task success rate: 0.0
Current total success rate: 0.5339074273412271

Task: push the plate to the front of the stove view 299 15 100 0 0 initstate 0
Success: False
# episodes completed so far: 930
# successes: 496 (53.3%)
Current task success rate: 0.0
Current total success rate: 0.5333333333333333

Task: put the cream cheese in the bowl view 0 0 161 0 0 initstate 0
Success: False
# episodes completed so far: 931
# successes: 496 (53.3%)
Current task success rate: 0.0
Current total success rate: 0.5327604726100966

Task: put the cream cheese in the bowl view 0 0 162 0 0 initstate 0
Success: False
# episodes completed so far: 932
# successes: 496 (53.2%)
Current task success rate: 0.0
Current total success rate: 0.5321888412017167

Task: put the cream cheese in the bowl view 0 0 163 0 0 initstate 0
Success: False
# episodes completed so far: 933
# successes: 496 (53.2%)
Current task success rate: 0.0
Current total success rate: 0.5316184351554126

Task: put the cream cheese in the bowl view 0 0 164 0 0 initstate 0
Success: False
# episodes completed so far: 934
# successes: 496 (53.1%)
Current task success rate: 0.0
Current total success rate: 0.5310492505353319

Task: put the cream cheese in the bowl view 0 0 165 0 0 initstate 0
Success: False
# episodes completed so far: 935
# successes: 496 (53.0%)
Current task success rate: 0.0
Current total success rate: 0.5304812834224599

Task: put the cream cheese in the bowl view 0 0 166 0 0 initstate 0
Success: False
# episodes completed so far: 936
# successes: 496 (53.0%)
Current task success rate: 0.0
Current total success rate: 0.5299145299145299

Task: put the cream cheese in the bowl view 0 0 167 0 0 initstate 0
Success: False
# episodes completed so far: 937
# successes: 496 (52.9%)
Current task success rate: 0.0
Current total success rate: 0.5293489861259338

Task: put the cream cheese in the bowl view 0 0 168 0 0 initstate 0
Success: False
# episodes completed so far: 938
# successes: 496 (52.9%)
Current task success rate: 0.0
Current total success rate: 0.5287846481876333

Task: put the cream cheese in the bowl view 0 0 169 0 0 initstate 0
Success: False
# episodes completed so far: 939
# successes: 496 (52.8%)
Current task success rate: 0.0
Current total success rate: 0.5282215122470714

Task: put the cream cheese in the bowl view 0 0 170 0 0 initstate 0
Success: False
# episodes completed so far: 940
# successes: 496 (52.8%)
Current task success rate: 0.0
Current total success rate: 0.5276595744680851

Task: put the cream cheese in the bowl view 0 0 100 352 2 initstate 0
Success: True
# episodes completed so far: 941
# successes: 497 (52.8%)
Current task success rate: 1.0
Current total success rate: 0.5281615302869288

Task: put the cream cheese in the bowl view 0 0 100 352 4 initstate 0
Success: True
# episodes completed so far: 942
# successes: 498 (52.9%)
Current task success rate: 1.0
Current total success rate: 0.5286624203821656

Task: put the cream cheese in the bowl view 0 0 100 352 6 initstate 0
Success: True
# episodes completed so far: 943
# successes: 499 (52.9%)
Current task success rate: 1.0
Current total success rate: 0.5291622481442205

Task: put the cream cheese in the bowl view 0 0 100 352 8 initstate 0
Success: True
# episodes completed so far: 944
# successes: 500 (53.0%)
Current task success rate: 1.0
Current total success rate: 0.5296610169491526

Task: put the cream cheese in the bowl view 0 0 100 352 10 initstate 0
Success: False
# episodes completed so far: 945
# successes: 500 (52.9%)
Current task success rate: 0.0
Current total success rate: 0.5291005291005291

Task: put the cream cheese in the bowl view 0 0 100 352 350 initstate 0
Success: True
# episodes completed so far: 946
# successes: 501 (53.0%)
Current task success rate: 1.0
Current total success rate: 0.5295983086680761

Task: put the cream cheese in the bowl view 0 0 100 352 352 initstate 0
Success: True
# episodes completed so far: 947
# successes: 502 (53.0%)
Current task success rate: 1.0
Current total success rate: 0.5300950369588173

Task: put the cream cheese in the bowl view 0 0 100 352 354 initstate 0
Success: True
# episodes completed so far: 948
# successes: 503 (53.1%)
Current task success rate: 1.0
Current total success rate: 0.5305907172995781

Task: put the cream cheese in the bowl view 0 0 100 352 356 initstate 0
Success: True
# episodes completed so far: 949
# successes: 504 (53.1%)
Current task success rate: 1.0
Current total success rate: 0.5310853530031612

Task: put the cream cheese in the bowl view 0 0 100 352 358 initstate 0
Success: True
# episodes completed so far: 950
# successes: 505 (53.2%)
Current task success rate: 1.0
Current total success rate: 0.531578947368421

Task: put the cream cheese in the bowl view 300 0 100 0 0 initstate 0
Success: False
# episodes completed so far: 951
# successes: 505 (53.1%)
Current task success rate: 0.0
Current total success rate: 0.5310199789695058

Task: put the cream cheese in the bowl view 300 15 100 0 0 initstate 0
Success: False
# episodes completed so far: 952
# successes: 505 (53.0%)
Current task success rate: 0.0
Current total success rate: 0.5304621848739496

Task: put the cream cheese in the bowl view 301 0 100 0 0 initstate 0
Success: False
# episodes completed so far: 953
# successes: 505 (53.0%)
Current task success rate: 0.0
Current total success rate: 0.5299055613850997

Task: put the cream cheese in the bowl view 301 15 100 0 0 initstate 0
Success: False
# episodes completed so far: 954
# successes: 505 (52.9%)
Current task success rate: 0.0
Current total success rate: 0.5293501048218029

Task: put the cream cheese in the bowl view 302 0 100 0 0 initstate 0
Success: False
# episodes completed so far: 955
# successes: 505 (52.9%)
Current task success rate: 0.0
Current total success rate: 0.5287958115183246

Task: put the cream cheese in the bowl view 302 15 100 0 0 initstate 0
Success: False
# episodes completed so far: 956
# successes: 505 (52.8%)
Current task success rate: 0.0
Current total success rate: 0.5282426778242678

Task: put the cream cheese in the bowl view 303 0 100 0 0 initstate 0
Success: False
# episodes completed so far: 957
# successes: 505 (52.8%)
Current task success rate: 0.0
Current total success rate: 0.5276907001044933

Task: put the cream cheese in the bowl view 303 15 100 0 0 initstate 0
Success: False
# episodes completed so far: 958
# successes: 505 (52.7%)
Current task success rate: 0.0
Current total success rate: 0.5271398747390397

Task: put the cream cheese in the bowl view 304 0 100 0 0 initstate 0
Success: False
# episodes completed so far: 959
# successes: 505 (52.7%)
Current task success rate: 0.0
Current total success rate: 0.5265901981230449

Task: put the cream cheese in the bowl view 304 15 100 0 0 initstate 0
Success: False
# episodes completed so far: 960
# successes: 505 (52.6%)
Current task success rate: 0.0
Current total success rate: 0.5260416666666666

Task: put the cream cheese in the bowl view 305 0 100 0 0 initstate 0
Success: False
# episodes completed so far: 961
# successes: 505 (52.5%)
Current task success rate: 0.0
Current total success rate: 0.5254942767950052

Task: put the cream cheese in the bowl view 305 15 100 0 0 initstate 0
Success: False
# episodes completed so far: 962
# successes: 505 (52.5%)
Current task success rate: 0.0
Current total success rate: 0.524948024948025

Task: put the cream cheese in the bowl view 306 0 100 0 0 initstate 0
Success: False
# episodes completed so far: 963
# successes: 505 (52.4%)
Current task success rate: 0.0
Current total success rate: 0.5244029075804777

Task: put the cream cheese in the bowl view 306 15 100 0 0 initstate 0
Success: False
# episodes completed so far: 964
# successes: 505 (52.4%)
Current task success rate: 0.0
Current total success rate: 0.5238589211618258

Task: put the cream cheese in the bowl view 307 0 100 0 0 initstate 0
Success: False
# episodes completed so far: 965
# successes: 505 (52.3%)
Current task success rate: 0.0
Current total success rate: 0.5233160621761658

Task: put the cream cheese in the bowl view 307 15 100 0 0 initstate 0
Success: False
# episodes completed so far: 966
# successes: 505 (52.3%)
Current task success rate: 0.0
Current total success rate: 0.5227743271221532

Task: put the cream cheese in the bowl view 308 0 100 0 0 initstate 0
Success: False
# episodes completed so far: 967
# successes: 505 (52.2%)
Current task success rate: 0.0
Current total success rate: 0.5222337125129266

Task: put the cream cheese in the bowl view 308 15 100 0 0 initstate 0
Success: False
# episodes completed so far: 968
# successes: 505 (52.2%)
Current task success rate: 0.0
Current total success rate: 0.5216942148760331

Task: put the cream cheese in the bowl view 309 0 100 0 0 initstate 0
Success: False
# episodes completed so far: 969
# successes: 505 (52.1%)
Current task success rate: 0.0
Current total success rate: 0.5211558307533539

Task: put the cream cheese in the bowl view 309 15 100 0 0 initstate 0
Success: False
# episodes completed so far: 970
# successes: 505 (52.1%)
Current task success rate: 0.0
Current total success rate: 0.520618556701031

Task: put the cream cheese in the bowl view 310 0 100 0 0 initstate 0
Success: False
# episodes completed so far: 971
# successes: 505 (52.0%)
Current task success rate: 0.0
Current total success rate: 0.5200823892893924

Task: put the cream cheese in the bowl view 310 15 100 0 0 initstate 0
Success: False
# episodes completed so far: 972
# successes: 505 (52.0%)
Current task success rate: 0.0
Current total success rate: 0.5195473251028807

Task: put the cream cheese in the bowl view 311 0 100 0 0 initstate 0
Success: False
# episodes completed so far: 973
# successes: 505 (51.9%)
Current task success rate: 0.0
Current total success rate: 0.5190133607399794

Task: put the cream cheese in the bowl view 311 15 100 0 0 initstate 0
Success: False
# episodes completed so far: 974
# successes: 505 (51.8%)
Current task success rate: 0.0
Current total success rate: 0.5184804928131417

Task: put the cream cheese in the bowl view 312 0 100 0 0 initstate 0
Success: False
# episodes completed so far: 975
# successes: 505 (51.8%)
Current task success rate: 0.0
Current total success rate: 0.517948717948718

Task: put the cream cheese in the bowl view 313 0 100 0 0 initstate 0
Success: False
# episodes completed so far: 976
# successes: 505 (51.7%)
Current task success rate: 0.0
Current total success rate: 0.5174180327868853

Task: put the cream cheese in the bowl view 313 15 100 0 0 initstate 0
Success: False
# episodes completed so far: 977
# successes: 505 (51.7%)
Current task success rate: 0.0
Current total success rate: 0.5168884339815762

Task: put the cream cheese in the bowl view 314 0 100 0 0 initstate 0
Success: True
# episodes completed so far: 978
# successes: 506 (51.7%)
Current task success rate: 1.0
Current total success rate: 0.5173824130879345

Task: put the cream cheese in the bowl view 314 15 100 0 0 initstate 0
Success: False
# episodes completed so far: 979
# successes: 506 (51.7%)
Current task success rate: 0.0
Current total success rate: 0.5168539325842697

Task: turn on the stove view 0 0 171 0 0 initstate 0
Success: True
# episodes completed so far: 980
# successes: 507 (51.7%)
Current task success rate: 1.0
Current total success rate: 0.5173469387755102

Task: turn on the stove view 0 0 172 0 0 initstate 0
Success: True
# episodes completed so far: 981
# successes: 508 (51.8%)
Current task success rate: 1.0
Current total success rate: 0.5178389398572885

Task: turn on the stove view 0 0 173 0 0 initstate 0
Success: True
# episodes completed so far: 982
# successes: 509 (51.8%)
Current task success rate: 1.0
Current total success rate: 0.5183299389002036

Task: turn on the stove view 0 0 174 0 0 initstate 0
Success: True
# episodes completed so far: 983
# successes: 510 (51.9%)
Current task success rate: 1.0
Current total success rate: 0.5188199389623601

Task: turn on the stove view 0 0 175 0 0 initstate 0
Success: True
# episodes completed so far: 984
# successes: 511 (51.9%)
Current task success rate: 1.0
Current total success rate: 0.5193089430894309

Task: turn on the stove view 0 0 176 0 0 initstate 0
Success: True
# episodes completed so far: 985
# successes: 512 (52.0%)
Current task success rate: 1.0
Current total success rate: 0.5197969543147208

Task: turn on the stove view 0 0 177 0 0 initstate 0
Success: True
# episodes completed so far: 986
# successes: 513 (52.0%)
Current task success rate: 1.0
Current total success rate: 0.5202839756592292

Task: turn on the stove view 0 0 178 0 0 initstate 0
Success: False
# episodes completed so far: 987
# successes: 513 (52.0%)
Current task success rate: 0.0
Current total success rate: 0.5197568389057751

Task: turn on the stove view 0 0 179 0 0 initstate 0
Success: True
# episodes completed so far: 988
# successes: 514 (52.0%)
Current task success rate: 1.0
Current total success rate: 0.520242914979757

Task: turn on the stove view 0 0 180 0 0 initstate 0
Success: True
# episodes completed so far: 989
# successes: 515 (52.1%)
Current task success rate: 1.0
Current total success rate: 0.5207280080889788

Task: turn on the stove view 0 0 100 354 4 initstate 0
Success: True
# episodes completed so far: 990
# successes: 516 (52.1%)
Current task success rate: 1.0
Current total success rate: 0.5212121212121212

Task: turn on the stove view 0 0 100 354 8 initstate 0
Success: True
# episodes completed so far: 991
# successes: 517 (52.2%)
Current task success rate: 1.0
Current total success rate: 0.5216952573158425

Task: turn on the stove view 0 0 100 354 10 initstate 0
Success: True
# episodes completed so far: 992
# successes: 518 (52.2%)
Current task success rate: 1.0
Current total success rate: 0.5221774193548387

Task: turn on the stove view 0 0 100 354 350 initstate 0
Success: True
# episodes completed so far: 993
# successes: 519 (52.3%)
Current task success rate: 1.0
Current total success rate: 0.5226586102719033

Task: turn on the stove view 0 0 100 354 352 initstate 0
Success: True
# episodes completed so far: 994
# successes: 520 (52.3%)
Current task success rate: 1.0
Current total success rate: 0.5231388329979879

Task: turn on the stove view 0 0 100 354 358 initstate 0
Success: True
# episodes completed so far: 995
# successes: 521 (52.4%)
Current task success rate: 1.0
Current total success rate: 0.5236180904522613

Task: turn on the stove view 315 0 100 0 0 initstate 0
Success: True
# episodes completed so far: 996
# successes: 522 (52.4%)
Current task success rate: 1.0
Current total success rate: 0.5240963855421686

Task: turn on the stove view 315 15 100 0 0 initstate 0
Success: True
# episodes completed so far: 997
# successes: 523 (52.5%)
Current task success rate: 1.0
Current total success rate: 0.5245737211634904

Task: turn on the stove view 316 0 100 0 0 initstate 0
Success: True
# episodes completed so far: 998
# successes: 524 (52.5%)
Current task success rate: 1.0
Current total success rate: 0.5250501002004008

Task: turn on the stove view 316 15 100 0 0 initstate 0
Success: True
# episodes completed so far: 999
# successes: 525 (52.6%)
Current task success rate: 1.0
Current total success rate: 0.5255255255255256

Task: turn on the stove view 317 0 100 0 0 initstate 0
Success: True
# episodes completed so far: 1000
# successes: 526 (52.6%)
Current task success rate: 1.0
Current total success rate: 0.526

Task: turn on the stove view 317 15 100 0 0 initstate 0
Success: True
# episodes completed so far: 1001
# successes: 527 (52.6%)
Current task success rate: 1.0
Current total success rate: 0.5264735264735265

Task: turn on the stove view 318 0 100 0 0 initstate 0
Success: True
# episodes completed so far: 1002
# successes: 528 (52.7%)
Current task success rate: 1.0
Current total success rate: 0.5269461077844312

Task: turn on the stove view 318 15 100 0 0 initstate 0
Success: True
# episodes completed so far: 1003
# successes: 529 (52.7%)
Current task success rate: 1.0
Current total success rate: 0.5274177467597209

Task: turn on the stove view 319 0 100 0 0 initstate 0
Success: True
# episodes completed so far: 1004
# successes: 530 (52.8%)
Current task success rate: 1.0
Current total success rate: 0.5278884462151394

Task: turn on the stove view 319 15 100 0 0 initstate 0
Success: True
# episodes completed so far: 1005
# successes: 531 (52.8%)
Current task success rate: 1.0
Current total success rate: 0.5283582089552239

Task: turn on the stove view 320 0 100 0 0 initstate 0
Success: True
# episodes completed so far: 1006
# successes: 532 (52.9%)
Current task success rate: 1.0
Current total success rate: 0.5288270377733598

Task: turn on the stove view 320 15 100 0 0 initstate 0
Success: True
# episodes completed so far: 1007
# successes: 533 (52.9%)
Current task success rate: 1.0
Current total success rate: 0.5292949354518371

Task: turn on the stove view 321 0 100 0 0 initstate 0
Success: True
# episodes completed so far: 1008
# successes: 534 (53.0%)
Current task success rate: 1.0
Current total success rate: 0.5297619047619048

Task: turn on the stove view 321 15 100 0 0 initstate 0
Success: True
# episodes completed so far: 1009
# successes: 535 (53.0%)
Current task success rate: 1.0
Current total success rate: 0.5302279484638256

Task: turn on the stove view 322 0 100 0 0 initstate 0
Success: True
# episodes completed so far: 1010
# successes: 536 (53.1%)
Current task success rate: 1.0
Current total success rate: 0.5306930693069307

Task: turn on the stove view 322 15 100 0 0 initstate 0
Success: True
# episodes completed so far: 1011
# successes: 537 (53.1%)
Current task success rate: 1.0
Current total success rate: 0.5311572700296736

Task: turn on the stove view 323 0 100 0 0 initstate 0
Success: True
# episodes completed so far: 1012
# successes: 538 (53.2%)
Current task success rate: 1.0
Current total success rate: 0.5316205533596838

Task: turn on the stove view 323 15 100 0 0 initstate 0
Success: True
# episodes completed so far: 1013
# successes: 539 (53.2%)
Current task success rate: 1.0
Current total success rate: 0.5320829220138203

Task: turn on the stove view 324 0 100 0 0 initstate 0
Success: True
# episodes completed so far: 1014
# successes: 540 (53.3%)
Current task success rate: 1.0
Current total success rate: 0.5325443786982249

Task: turn on the stove view 324 15 100 0 0 initstate 0
Success: True
# episodes completed so far: 1015
# successes: 541 (53.3%)
Current task success rate: 1.0
Current total success rate: 0.5330049261083744

Task: turn on the stove view 325 0 100 0 0 initstate 0
Success: True
# episodes completed so far: 1016
# successes: 542 (53.3%)
Current task success rate: 1.0
Current total success rate: 0.5334645669291339

Task: turn on the stove view 325 15 100 0 0 initstate 0
Success: True
# episodes completed so far: 1017
# successes: 543 (53.4%)
Current task success rate: 1.0
Current total success rate: 0.5339233038348082

Task: turn on the stove view 326 0 100 0 0 initstate 0
Success: True
# episodes completed so far: 1018
# successes: 544 (53.4%)
Current task success rate: 1.0
Current total success rate: 0.5343811394891945

Task: turn on the stove view 326 15 100 0 0 initstate 0
Success: True
# episodes completed so far: 1019
# successes: 545 (53.5%)
Current task success rate: 1.0
Current total success rate: 0.534838076545633

Task: turn on the stove view 327 0 100 0 0 initstate 0
Success: True
# episodes completed so far: 1020
# successes: 546 (53.5%)
Current task success rate: 1.0
Current total success rate: 0.5352941176470588

Task: turn on the stove view 327 15 100 0 0 initstate 0
Success: True
# episodes completed so far: 1021
# successes: 547 (53.6%)
Current task success rate: 1.0
Current total success rate: 0.5357492654260528

Task: turn on the stove view 328 0 100 0 0 initstate 0
Success: True
# episodes completed so far: 1022
# successes: 548 (53.6%)
Current task success rate: 1.0
Current total success rate: 0.5362035225048923

Task: turn on the stove view 328 15 100 0 0 initstate 0
Success: True
# episodes completed so far: 1023
# successes: 549 (53.7%)
Current task success rate: 1.0
Current total success rate: 0.5366568914956011

Task: turn on the stove view 329 0 100 0 0 initstate 0
Success: True
# episodes completed so far: 1024
# successes: 550 (53.7%)
Current task success rate: 1.0
Current total success rate: 0.537109375

Task: turn on the stove view 329 15 100 0 0 initstate 0
Success: True
# episodes completed so far: 1025
# successes: 551 (53.8%)
Current task success rate: 1.0
Current total success rate: 0.5375609756097561

Task: put the bowl on the plate view 0 0 181 0 0 initstate 0
Success: True
# episodes completed so far: 1026
# successes: 552 (53.8%)
Current task success rate: 1.0
Current total success rate: 0.5380116959064327

Task: put the bowl on the plate view 0 0 182 0 0 initstate 0
Success: True
# episodes completed so far: 1027
# successes: 553 (53.8%)
Current task success rate: 1.0
Current total success rate: 0.5384615384615384

Task: put the bowl on the plate view 0 0 183 0 0 initstate 0
Success: True
# episodes completed so far: 1028
# successes: 554 (53.9%)
Current task success rate: 1.0
Current total success rate: 0.5389105058365758

Task: put the bowl on the plate view 0 0 184 0 0 initstate 0
Success: True
# episodes completed so far: 1029
# successes: 555 (53.9%)
Current task success rate: 1.0
Current total success rate: 0.5393586005830904

Task: put the bowl on the plate view 0 0 185 0 0 initstate 0
Success: True
# episodes completed so far: 1030
# successes: 556 (54.0%)
Current task success rate: 1.0
Current total success rate: 0.5398058252427185

Task: put the bowl on the plate view 0 0 186 0 0 initstate 0
Success: True
# episodes completed so far: 1031
# successes: 557 (54.0%)
Current task success rate: 1.0
Current total success rate: 0.5402521823472357

Task: put the bowl on the plate view 0 0 187 0 0 initstate 0
Success: True
# episodes completed so far: 1032
# successes: 558 (54.1%)
Current task success rate: 1.0
Current total success rate: 0.5406976744186046

Task: put the bowl on the plate view 0 0 188 0 0 initstate 0
Success: True
# episodes completed so far: 1033
# successes: 559 (54.1%)
Current task success rate: 1.0
Current total success rate: 0.5411423039690223

Task: put the bowl on the plate view 0 0 189 0 0 initstate 0
Success: True
# episodes completed so far: 1034
# successes: 560 (54.2%)
Current task success rate: 1.0
Current total success rate: 0.5415860735009671

Task: put the bowl on the plate view 0 0 190 0 0 initstate 0
Success: True
# episodes completed so far: 1035
# successes: 561 (54.2%)
Current task success rate: 1.0
Current total success rate: 0.5420289855072464

Task: put the bowl on the plate view 0 0 100 356 8 initstate 0
Success: True
# episodes completed so far: 1036
# successes: 562 (54.2%)
Current task success rate: 1.0
Current total success rate: 0.5424710424710425

Task: put the bowl on the plate view 0 0 100 356 10 initstate 0
Success: True
# episodes completed so far: 1037
# successes: 563 (54.3%)
Current task success rate: 1.0
Current total success rate: 0.5429122468659595

Task: put the bowl on the plate view 0 0 100 356 352 initstate 0
Success: True
# episodes completed so far: 1038
# successes: 564 (54.3%)
Current task success rate: 1.0
Current total success rate: 0.5433526011560693

Task: put the bowl on the plate view 330 0 100 0 0 initstate 0
Success: False
# episodes completed so far: 1039
# successes: 564 (54.3%)
Current task success rate: 0.0
Current total success rate: 0.5428296438883542

Task: put the bowl on the plate view 330 15 100 0 0 initstate 0
Success: False
# episodes completed so far: 1040
# successes: 564 (54.2%)
Current task success rate: 0.0
Current total success rate: 0.5423076923076923

Task: put the bowl on the plate view 332 15 100 0 0 initstate 0
Success: False
# episodes completed so far: 1041
# successes: 564 (54.2%)
Current task success rate: 0.0
Current total success rate: 0.5417867435158501

Task: put the bowl on the plate view 333 15 100 0 0 initstate 0
Success: False
# episodes completed so far: 1042
# successes: 564 (54.1%)
Current task success rate: 0.0
Current total success rate: 0.5412667946257198

Task: put the bowl on the plate view 334 15 100 0 0 initstate 0
Success: False
# episodes completed so far: 1043
# successes: 564 (54.1%)
Current task success rate: 0.0
Current total success rate: 0.5407478427612655

Task: put the bowl on the plate view 335 15 100 0 0 initstate 0
Success: False
# episodes completed so far: 1044
# successes: 564 (54.0%)
Current task success rate: 0.0
Current total success rate: 0.5402298850574713

Task: put the bowl on the plate view 336 15 100 0 0 initstate 0
Success: False
# episodes completed so far: 1045
# successes: 564 (54.0%)
Current task success rate: 0.0
Current total success rate: 0.539712918660287

Task: put the bowl on the plate view 337 0 100 0 0 initstate 0
Success: True
# episodes completed so far: 1046
# successes: 565 (54.0%)
Current task success rate: 1.0
Current total success rate: 0.5401529636711281

Task: put the bowl on the plate view 337 15 100 0 0 initstate 0
Success: False
# episodes completed so far: 1047
# successes: 565 (54.0%)
Current task success rate: 0.0
Current total success rate: 0.5396370582617

Task: put the bowl on the plate view 338 0 100 0 0 initstate 0
Success: True
# episodes completed so far: 1048
# successes: 566 (54.0%)
Current task success rate: 1.0
Current total success rate: 0.5400763358778626

Task: put the bowl on the plate view 338 15 100 0 0 initstate 0
Success: False
# episodes completed so far: 1049
# successes: 566 (54.0%)
Current task success rate: 0.0
Current total success rate: 0.5395614871306006

Task: put the bowl on the plate view 339 0 100 0 0 initstate 0
Success: True
# episodes completed so far: 1050
# successes: 567 (54.0%)
Current task success rate: 1.0
Current total success rate: 0.54

Task: put the bowl on the plate view 339 15 100 0 0 initstate 0
Success: False
# episodes completed so far: 1051
# successes: 567 (53.9%)
Current task success rate: 0.0
Current total success rate: 0.5394862036156042

Task: put the bowl on the plate view 340 15 100 0 0 initstate 0
Success: False
# episodes completed so far: 1052
# successes: 567 (53.9%)
Current task success rate: 0.0
Current total success rate: 0.5389733840304183

Task: put the bowl on the plate view 341 15 100 0 0 initstate 0
Success: True
# episodes completed so far: 1053
# successes: 568 (53.9%)
Current task success rate: 1.0
Current total success rate: 0.5394112060778727

Task: put the bowl on the plate view 342 15 100 0 0 initstate 0
Success: True
# episodes completed so far: 1054
# successes: 569 (54.0%)
Current task success rate: 1.0
Current total success rate: 0.5398481973434535

Task: put the bowl on the plate view 343 15 100 0 0 initstate 0
Success: False
# episodes completed so far: 1055
# successes: 569 (53.9%)
Current task success rate: 0.0
Current total success rate: 0.5393364928909953

Task: put the bowl on the plate view 344 15 100 0 0 initstate 0
Success: True
# episodes completed so far: 1056
# successes: 570 (54.0%)
Current task success rate: 1.0
Current total success rate: 0.5397727272727273

Task: put the wine bottle on the rack view 0 0 191 0 0 initstate 0
Success: False
# episodes completed so far: 1057
# successes: 570 (53.9%)
Current task success rate: 0.0
Current total success rate: 0.5392620624408704

Task: put the wine bottle on the rack view 0 0 192 0 0 initstate 0
Success: False
# episodes completed so far: 1058
# successes: 570 (53.9%)
Current task success rate: 0.0
Current total success rate: 0.5387523629489603

Task: put the wine bottle on the rack view 0 0 193 0 0 initstate 0
Success: False
# episodes completed so far: 1059
# successes: 570 (53.8%)
Current task success rate: 0.0
Current total success rate: 0.5382436260623229

Task: put the wine bottle on the rack view 0 0 194 0 0 initstate 0
Success: False
# episodes completed so far: 1060
# successes: 570 (53.8%)
Current task success rate: 0.0
Current total success rate: 0.5377358490566038

Task: put the wine bottle on the rack view 0 0 195 0 0 initstate 0
Success: False
# episodes completed so far: 1061
# successes: 570 (53.7%)
Current task success rate: 0.0
Current total success rate: 0.5372290292177191

Task: put the wine bottle on the rack view 0 0 196 0 0 initstate 0
Success: False
# episodes completed so far: 1062
# successes: 570 (53.7%)
Current task success rate: 0.0
Current total success rate: 0.536723163841808

Task: put the wine bottle on the rack view 0 0 197 0 0 initstate 0
Success: False
# episodes completed so far: 1063
# successes: 570 (53.6%)
Current task success rate: 0.0
Current total success rate: 0.5362182502351834

Task: put the wine bottle on the rack view 0 0 198 0 0 initstate 0
Success: False
# episodes completed so far: 1064
# successes: 570 (53.6%)
Current task success rate: 0.0
Current total success rate: 0.5357142857142857

Task: put the wine bottle on the rack view 0 0 199 0 0 initstate 0
Success: False
# episodes completed so far: 1065
# successes: 570 (53.5%)
Current task success rate: 0.0
Current total success rate: 0.5352112676056338

Task: put the wine bottle on the rack view 0 0 200 0 0 initstate 0
Success: False
# episodes completed so far: 1066
# successes: 570 (53.5%)
Current task success rate: 0.0
Current total success rate: 0.5347091932457786

Task: put the wine bottle on the rack view 0 0 100 358 2 initstate 0
Success: False
# episodes completed so far: 1067
# successes: 570 (53.4%)
Current task success rate: 0.0
Current total success rate: 0.5342080599812559

Task: put the wine bottle on the rack view 0 0 100 358 4 initstate 0
Success: False
# episodes completed so far: 1068
# successes: 570 (53.4%)
Current task success rate: 0.0
Current total success rate: 0.5337078651685393

Task: put the wine bottle on the rack view 0 0 100 358 6 initstate 0
Success: False
# episodes completed so far: 1069
# successes: 570 (53.3%)
Current task success rate: 0.0
Current total success rate: 0.5332086061739943

Task: put the wine bottle on the rack view 0 0 100 358 8 initstate 0
Success: False
# episodes completed so far: 1070
# successes: 570 (53.3%)
Current task success rate: 0.0
Current total success rate: 0.5327102803738317

Task: put the wine bottle on the rack view 0 0 100 358 10 initstate 0
Success: False
# episodes completed so far: 1071
# successes: 570 (53.2%)
Current task success rate: 0.0
Current total success rate: 0.5322128851540616

Task: put the wine bottle on the rack view 0 0 100 358 350 initstate 0
Success: True
# episodes completed so far: 1072
# successes: 571 (53.3%)
Current task success rate: 1.0
Current total success rate: 0.5326492537313433

Task: put the wine bottle on the rack view 0 0 100 358 352 initstate 0
Success: True
# episodes completed so far: 1073
# successes: 572 (53.3%)
Current task success rate: 1.0
Current total success rate: 0.5330848089468779

Task: put the wine bottle on the rack view 0 0 100 358 356 initstate 0
Success: True
# episodes completed so far: 1074
# successes: 573 (53.4%)
Current task success rate: 1.0
Current total success rate: 0.5335195530726257

Task: put the wine bottle on the rack view 0 0 100 358 358 initstate 0
Success: True
# episodes completed so far: 1075
# successes: 574 (53.4%)
Current task success rate: 1.0
Current total success rate: 0.533953488372093

Task: put the wine bottle on the rack view 345 0 100 0 0 initstate 0
Success: False
# episodes completed so far: 1076
# successes: 574 (53.3%)
Current task success rate: 0.0
Current total success rate: 0.533457249070632

Task: put the wine bottle on the rack view 345 15 100 0 0 initstate 0
Success: False
# episodes completed so far: 1077
# successes: 574 (53.3%)
Current task success rate: 0.0
Current total success rate: 0.5329619312906221

Task: put the wine bottle on the rack view 346 0 100 0 0 initstate 0
Success: True
# episodes completed so far: 1078
# successes: 575 (53.3%)
Current task success rate: 1.0
Current total success rate: 0.5333951762523191

Task: put the wine bottle on the rack view 346 15 100 0 0 initstate 0
Success: False
# episodes completed so far: 1079
# successes: 575 (53.3%)
Current task success rate: 0.0
Current total success rate: 0.5329008341056534

Task: put the wine bottle on the rack view 347 0 100 0 0 initstate 0
Success: True
# episodes completed so far: 1080
# successes: 576 (53.3%)
Current task success rate: 1.0
Current total success rate: 0.5333333333333333

Task: put the wine bottle on the rack view 347 15 100 0 0 initstate 0
Success: False
# episodes completed so far: 1081
# successes: 576 (53.3%)
Current task success rate: 0.0
Current total success rate: 0.5328399629972248

Task: put the wine bottle on the rack view 348 0 100 0 0 initstate 0
Success: True
# episodes completed so far: 1082
# successes: 577 (53.3%)
Current task success rate: 1.0
Current total success rate: 0.533271719038817

Task: put the wine bottle on the rack view 348 15 100 0 0 initstate 0
Success: False
# episodes completed so far: 1083
# successes: 577 (53.3%)
Current task success rate: 0.0
Current total success rate: 0.5327793167128347

Task: put the wine bottle on the rack view 349 0 100 0 0 initstate 0
Success: True
# episodes completed so far: 1084
# successes: 578 (53.3%)
Current task success rate: 1.0
Current total success rate: 0.533210332103321

Task: put the wine bottle on the rack view 349 15 100 0 0 initstate 0
Success: False
# episodes completed so far: 1085
# successes: 578 (53.3%)
Current task success rate: 0.0
Current total success rate: 0.5327188940092166

Task: put the wine bottle on the rack view 350 15 100 0 0 initstate 0
Success: False
# episodes completed so far: 1086
# successes: 578 (53.2%)
Current task success rate: 0.0
Current total success rate: 0.5322283609576427

Task: put the wine bottle on the rack view 351 0 100 0 0 initstate 0
Success: True
# episodes completed so far: 1087
# successes: 579 (53.3%)
Current task success rate: 1.0
Current total success rate: 0.5326586936522539

Task: put the wine bottle on the rack view 351 15 100 0 0 initstate 0
Success: False
# episodes completed so far: 1088
# successes: 579 (53.2%)
Current task success rate: 0.0
Current total success rate: 0.5321691176470589

Task: put the wine bottle on the rack view 352 0 100 0 0 initstate 0
Success: True
# episodes completed so far: 1089
# successes: 580 (53.3%)
Current task success rate: 1.0
Current total success rate: 0.5325987144168962

Task: put the wine bottle on the rack view 352 15 100 0 0 initstate 0
Success: False
# episodes completed so far: 1090
# successes: 580 (53.2%)
Current task success rate: 0.0
Current total success rate: 0.5321100917431193

Task: put the wine bottle on the rack view 353 0 100 0 0 initstate 0
Success: True
# episodes completed so far: 1091
# successes: 581 (53.3%)
Current task success rate: 1.0
Current total success rate: 0.532538955087076

Task: put the wine bottle on the rack view 353 15 100 0 0 initstate 0
Success: True
# episodes completed so far: 1092
# successes: 582 (53.3%)
Current task success rate: 1.0
Current total success rate: 0.532967032967033

Task: put the wine bottle on the rack view 354 15 100 0 0 initstate 0
Success: False
# episodes completed so far: 1093
# successes: 582 (53.2%)
Current task success rate: 0.0
Current total success rate: 0.5324794144556267

Task: put the wine bottle on the rack view 355 15 100 0 0 initstate 0
Success: False
# episodes completed so far: 1094
# successes: 582 (53.2%)
Current task success rate: 0.0
Current total success rate: 0.5319926873857403

Task: put the wine bottle on the rack view 356 0 100 0 0 initstate 0
Success: True
# episodes completed so far: 1095
# successes: 583 (53.2%)
Current task success rate: 1.0
Current total success rate: 0.5324200913242009

Task: put the wine bottle on the rack view 356 15 100 0 0 initstate 0
Success: False
# episodes completed so far: 1096
# successes: 583 (53.2%)
Current task success rate: 0.0
Current total success rate: 0.531934306569343

Task: put the wine bottle on the rack view 357 15 100 0 0 initstate 0
Success: False
# episodes completed so far: 1097
# successes: 583 (53.1%)
Current task success rate: 0.0
Current total success rate: 0.5314494074749316

Task: put the wine bottle on the rack view 359 15 100 0 0 initstate 0
Success: False
# episodes completed so far: 1098
# successes: 583 (53.1%)
Current task success rate: 0.0
Current total success rate: 0.5309653916211293

Task: please make sure the middle drawer of the cabinet is open
Success: True
# episodes completed so far: 1099
# successes: 584 (53.1%)
Current task success rate: 1.0
Current total success rate: 0.5313921747042766

Task: after you finish that task your next job is to open the middle drawer of the cabinet
Success: True
# episodes completed so far: 1100
# successes: 585 (53.2%)
Current task success rate: 1.0
Current total success rate: 0.5318181818181819

Task: can you have the middle drawer of the cabinet opened
Success: True
# episodes completed so far: 1101
# successes: 586 (53.2%)
Current task success rate: 1.0
Current total success rate: 0.5322434150772025

Task: open the central storage compartment of the furniture used for keeping files and small items
Success: True
# episodes completed so far: 1102
# successes: 587 (53.3%)
Current task success rate: 1.0
Current total success rate: 0.5326678765880217

Task: draw open the center compartment of the cabinet
Success: True
# episodes completed so far: 1103
# successes: 588 (53.3%)
Current task success rate: 1.0
Current total success rate: 0.5330915684496826

Task: its quite stuffy in here maybe opening the middle cabinet drawer would help
Success: False
# episodes completed so far: 1104
# successes: 588 (53.3%)
Current task success rate: 0.0
Current total success rate: 0.532608695652174

Task: for safety reasons we need to keep the middle cabinet drawer open at all times
Success: True
# episodes completed so far: 1105
# successes: 589 (53.3%)
Current task success rate: 1.0
Current total success rate: 0.5330316742081448

Task: access the central storage compartment situated halfway up the structure designed for storing items
Success: False
# episodes completed so far: 1106
# successes: 589 (53.3%)
Current task success rate: 0.0
Current total success rate: 0.5325497287522604

Task: access the central storage compartment of the furniture used for storing items
Success: True
# episodes completed so far: 1107
# successes: 590 (53.3%)
Current task success rate: 1.0
Current total success rate: 0.5329719963866305

Task: access the central compartment of the cupboard
Success: True
# episodes completed so far: 1108
# successes: 591 (53.3%)
Current task success rate: 1.0
Current total success rate: 0.5333935018050542

Task: pull out the center compartment of the cupboard
Success: True
# episodes completed so far: 1109
# successes: 592 (53.4%)
Current task success rate: 1.0
Current total success rate: 0.5338142470694319

Task: open the cabinets center drawer not the top or bottom just the middle one
Success: True
# episodes completed so far: 1110
# successes: 593 (53.4%)
Current task success rate: 1.0
Current total success rate: 0.5342342342342342

Task: hey there when you get a chance could you open the middle cabinet drawer
Success: True
# episodes completed so far: 1111
# successes: 594 (53.5%)
Current task success rate: 1.0
Current total success rate: 0.5346534653465347

Task: could you ensure the middle drawer of the cabinet is open please
Success: True
# episodes completed so far: 1112
# successes: 595 (53.5%)
Current task success rate: 1.0
Current total success rate: 0.5350719424460432

Task: would you mind opening the cabinets middle drawer id really appreciate it
Success: True
# episodes completed so far: 1113
# successes: 596 (53.5%)
Current task success rate: 1.0
Current total success rate: 0.5354896675651393

Task: could you please open the middle drawer of the cabinet for me
Success: True
# episodes completed so far: 1114
# successes: 597 (53.6%)
Current task success rate: 1.0
Current total success rate: 0.5359066427289049

Task: could you get the middle drawer of the cabinet open please
Success: True
# episodes completed so far: 1115
# successes: 598 (53.6%)
Current task success rate: 1.0
Current total success rate: 0.536322869955157

Task: pull out the central storage compartment of the furniture piece used for storing items
Success: True
# episodes completed so far: 1116
# successes: 599 (53.7%)
Current task success rate: 1.0
Current total success rate: 0.5367383512544803

Task: slide out the central storage compartment of the wooden structure designed for holding items
Success: True
# episodes completed so far: 1117
# successes: 600 (53.7%)
Current task success rate: 1.0
Current total success rate: 0.5371530886302597

Task: pull out the central sliding storage compartment of the furniture used for storing items
Success: True
# episodes completed so far: 1118
# successes: 601 (53.8%)
Current task success rate: 1.0
Current total success rate: 0.537567084078712

Task: could you make sure the middle drawer of the cabinet is open
Success: True
# episodes completed so far: 1119
# successes: 602 (53.8%)
Current task success rate: 1.0
Current total success rate: 0.5379803395889187

Task: the middle drawer of the cabinet seems stuck could you try opening it
Success: True
# episodes completed so far: 1120
# successes: 603 (53.8%)
Current task success rate: 1.0
Current total success rate: 0.5383928571428571

Task: please open the middle drawer of the cabinet but dont touch anything inside
Success: True
# episodes completed so far: 1121
# successes: 604 (53.9%)
Current task success rate: 1.0
Current total success rate: 0.5388046387154326

Task: open the center storage compartment of the furniture used for storing items
Success: True
# episodes completed so far: 1122
# successes: 605 (53.9%)
Current task success rate: 1.0
Current total success rate: 0.5392156862745098

Task: access the center compartment of the cupboard
Success: True
# episodes completed so far: 1123
# successes: 606 (54.0%)
Current task success rate: 1.0
Current total success rate: 0.5396260017809439

Task: pull out the center drawer of the cupboard
Success: True
# episodes completed so far: 1124
# successes: 607 (54.0%)
Current task success rate: 1.0
Current total success rate: 0.5400355871886121

Task: open the middle drawer of the cabinet carefully making sure not to disturb the others
Success: True
# episodes completed so far: 1125
# successes: 608 (54.0%)
Current task success rate: 1.0
Current total success rate: 0.5404444444444444

Task: before you start cooking remember to open the middle drawer of the cabinet first
Success: True
# episodes completed so far: 1126
# successes: 609 (54.1%)
Current task success rate: 1.0
Current total success rate: 0.5408525754884547

Task: pull out the central storage compartment in the piece of furniture used for storing items
Success: False
# episodes completed so far: 1127
# successes: 609 (54.0%)
Current task success rate: 0.0
Current total success rate: 0.5403726708074534

Task: slide out the central compartment of the cupboard
Success: True
# episodes completed so far: 1128
# successes: 610 (54.1%)
Current task success rate: 1.0
Current total success rate: 0.5407801418439716

Task: open the central storage compartment of the wooden furniture typically used for storing items
Success: True
# episodes completed so far: 1129
# successes: 611 (54.1%)
Current task success rate: 1.0
Current total success rate: 0.5411868910540301

Task: open the middle drawer of the cabinet the one right between the top and bottom ones
Success: True
# episodes completed so far: 1130
# successes: 612 (54.2%)
Current task success rate: 1.0
Current total success rate: 0.5415929203539823

Task: open the middle drawer of the cabinet slowly and check if everything is in order
Success: True
# episodes completed so far: 1131
# successes: 613 (54.2%)
Current task success rate: 1.0
Current total success rate: 0.5419982316534041

Task: access the central storage compartment of the furniture used for storing items
Success: True
# episodes completed so far: 1132
# successes: 614 (54.2%)
Current task success rate: 1.0
Current total success rate: 0.5424028268551236

Task: the middle drawer in the cabinet contains important items please open it now
Success: True
# episodes completed so far: 1133
# successes: 615 (54.3%)
Current task success rate: 1.0
Current total success rate: 0.5428067078552515

Task: open the central storage compartment of the furniture piece used for keeping documents and miscellaneous items
Success: True
# episodes completed so far: 1134
# successes: 616 (54.3%)
Current task success rate: 1.0
Current total success rate: 0.5432098765432098

Task: pull out the central compartment of the cupboard
Success: True
# episodes completed so far: 1135
# successes: 617 (54.4%)
Current task success rate: 1.0
Current total success rate: 0.5436123348017621

Task: access the center compartment of the cabinet
Success: True
# episodes completed so far: 1136
# successes: 618 (54.4%)
Current task success rate: 1.0
Current total success rate: 0.5440140845070423

Task: open the center storage compartment of the furniture designed for storing items
Success: True
# episodes completed so far: 1137
# successes: 619 (54.4%)
Current task success rate: 1.0
Current total success rate: 0.544415127528584

Task: pull out the central storage compartment in the furniture used for storing items
Success: True
# episodes completed so far: 1138
# successes: 620 (54.5%)
Current task success rate: 1.0
Current total success rate: 0.5448154657293497

Task: slide open the center storage compartment of the furniture piece used for storing items
Success: True
# episodes completed so far: 1139
# successes: 621 (54.5%)
Current task success rate: 1.0
Current total success rate: 0.5452151009657594

Task: open the central compartment for storage located at the midpoint of the furniture designed for holding items
Success: False
# episodes completed so far: 1140
# successes: 621 (54.5%)
Current task success rate: 0.0
Current total success rate: 0.5447368421052632

Task: i need to access something so kindly open the middle drawer of the cabinet
Success: True
# episodes completed so far: 1141
# successes: 622 (54.5%)
Current task success rate: 1.0
Current total success rate: 0.5451358457493427

Task: open the middle drawer of the cabinet the one with the silverware in it
Success: True
# episodes completed so far: 1142
# successes: 623 (54.6%)
Current task success rate: 1.0
Current total success rate: 0.5455341506129597

Task: could you get the middle drawer of the cabinet open for me
Success: True
# episodes completed so far: 1143
# successes: 624 (54.6%)
Current task success rate: 1.0
Current total success rate: 0.5459317585301837

Task: slide out the central compartment of the cupboard
Success: True
# episodes completed so far: 1144
# successes: 625 (54.6%)
Current task success rate: 1.0
Current total success rate: 0.5463286713286714

Task: place the round deep dish used for serving food onto the appliance used for cooking
Success: True
# episodes completed so far: 1145
# successes: 626 (54.7%)
Current task success rate: 1.0
Current total success rate: 0.5467248908296943

Task: place the rounded cooking container on the cooking appliance
Success: True
# episodes completed so far: 1146
# successes: 627 (54.7%)
Current task success rate: 1.0
Current total success rate: 0.5471204188481675

Task: place the rounded food preparation vessel on the cooking appliance
Success: True
# episodes completed so far: 1147
# successes: 628 (54.8%)
Current task success rate: 1.0
Current total success rate: 0.5475152571926766

Task: place the bowl on the stove
Success: True
# episodes completed so far: 1148
# successes: 629 (54.8%)
Current task success rate: 1.0
Current total success rate: 0.5479094076655052

Task: please place the bowl on the stove
Success: True
# episodes completed so far: 1149
# successes: 630 (54.8%)
Current task success rate: 1.0
Current total success rate: 0.5483028720626631

Task: i need the bowl placed on the stove
Success: False
# episodes completed so far: 1150
# successes: 630 (54.8%)
Current task success rate: 0.0
Current total success rate: 0.5478260869565217

Task: place the bowl on the stove please its time to start cooking
Success: True
# episodes completed so far: 1151
# successes: 631 (54.8%)
Current task success rate: 1.0
Current total success rate: 0.5482189400521286

Task: after washing the bowl please put it on the stove for the next step
Success: True
# episodes completed so far: 1152
# successes: 632 (54.9%)
Current task success rate: 1.0
Current total success rate: 0.5486111111111112

Task: position the dish on the cooktop
Success: True
# episodes completed so far: 1153
# successes: 633 (54.9%)
Current task success rate: 1.0
Current total success rate: 0.5490026019080659

Task: place the rounded vessel for mixing food on the cooking appliance
Success: True
# episodes completed so far: 1154
# successes: 634 (54.9%)
Current task success rate: 1.0
Current total success rate: 0.5493934142114385

Task: id like it if you could place the bowl on the stove
Success: True
# episodes completed so far: 1155
# successes: 635 (55.0%)
Current task success rate: 1.0
Current total success rate: 0.5497835497835498

Task: kindly place the bowl on the stove
Success: True
# episodes completed so far: 1156
# successes: 636 (55.0%)
Current task success rate: 1.0
Current total success rate: 0.5501730103806228

Task: position the container used for mixing ingredients on the appliance used for cooking
Success: True
# episodes completed so far: 1157
# successes: 637 (55.1%)
Current task success rate: 1.0
Current total success rate: 0.550561797752809

Task: would you mind putting the bowl on the stove the sauce needs to thicken
Success: True
# episodes completed so far: 1158
# successes: 638 (55.1%)
Current task success rate: 1.0
Current total success rate: 0.5509499136442142

Task: put the bowl on the stove gently its still hot from the dishwasher
Success: True
# episodes completed so far: 1159
# successes: 639 (55.1%)
Current task success rate: 1.0
Current total success rate: 0.551337359792925

Task: place the rounded container for food preparation on the cooking appliance
Success: True
# episodes completed so far: 1160
# successes: 640 (55.2%)
Current task success rate: 1.0
Current total success rate: 0.5517241379310345

Task: the bowl should be placed on the stove before we proceed with mixing
Success: True
# episodes completed so far: 1161
# successes: 641 (55.2%)
Current task success rate: 1.0
Current total success rate: 0.5521102497846684

Task: place the container used for mixing ingredients on the cooking appliance
Success: True
# episodes completed so far: 1162
# successes: 642 (55.2%)
Current task success rate: 1.0
Current total success rate: 0.5524956970740104

Task: put the bowl on the stove now were running behind schedule for dinner
Success: True
# episodes completed so far: 1163
# successes: 643 (55.3%)
Current task success rate: 1.0
Current total success rate: 0.5528804815133276

Task: could you place the wine bottle on top of the cabinet for me please
Success: True
# episodes completed so far: 1164
# successes: 644 (55.3%)
Current task success rate: 1.0
Current total success rate: 0.5532646048109966

Task: before leaving dont forget to put the wine bottle on top of the cabinet
Success: True
# episodes completed so far: 1165
# successes: 645 (55.4%)
Current task success rate: 1.0
Current total success rate: 0.5536480686695279

Task: the 2018 merlot needs to be stored properly so put it on the cabinet top
Success: True
# episodes completed so far: 1166
# successes: 646 (55.4%)
Current task success rate: 1.0
Current total success rate: 0.5540308747855918

Task: set the wine container atop the cupboard
Success: True
# episodes completed so far: 1167
# successes: 647 (55.4%)
Current task success rate: 1.0
Current total success rate: 0.5544130248500428

Task: position the wine bottle atop the cupboard
Success: True
# episodes completed so far: 1168
# successes: 648 (55.5%)
Current task success rate: 1.0
Current total success rate: 0.5547945205479452

Task: for safety reasons make sure to place the wine bottle on top of the cabinet
Success: True
# episodes completed so far: 1169
# successes: 649 (55.5%)
Current task success rate: 1.0
Current total success rate: 0.5551753635585971

Task: for better organization put the wine bottle on the cabinets top surface
Success: True
# episodes completed so far: 1170
# successes: 650 (55.6%)
Current task success rate: 1.0
Current total success rate: 0.5555555555555556

Task: place the container filled with an alcoholic beverage made from fermented grapes atop the tall storage furniture usually found in the kitchen or dining area
Success: False
# episodes completed so far: 1171
# successes: 650 (55.5%)
Current task success rate: 0.0
Current total success rate: 0.5550811272416738

Task: put the wine bottle on the cabinets top shelf where we always store it
Success: True
# episodes completed so far: 1172
# successes: 651 (55.5%)
Current task success rate: 1.0
Current total success rate: 0.5554607508532423

Task: place the container that holds the fermented grape beverage above the storage unit in the kitchen
Success: False
# episodes completed so far: 1173
# successes: 651 (55.5%)
Current task success rate: 0.0
Current total success rate: 0.5549872122762148

Task: position the glass container of fermented grapes atop the storage unit for dishes and utensils
Success: False
# episodes completed so far: 1174
# successes: 651 (55.5%)
Current task success rate: 0.0
Current total success rate: 0.5545144804088586

Task: place the vessel containing fermented grapes on the highest storage unit in the room
Success: False
# episodes completed so far: 1175
# successes: 651 (55.4%)
Current task success rate: 0.0
Current total success rate: 0.5540425531914893

Task: after dinner remember to put the wine bottle on top of the kitchen cabinet
Success: True
# episodes completed so far: 1176
# successes: 652 (55.4%)
Current task success rate: 1.0
Current total success rate: 0.5544217687074829

Task: for optimal storage conditions the wine bottle belongs on the cabinet top
Success: True
# episodes completed so far: 1177
# successes: 653 (55.5%)
Current task success rate: 1.0
Current total success rate: 0.5548003398470688

Task: ensure the wine bottle is placed atop the cabinet
Success: True
# episodes completed so far: 1178
# successes: 654 (55.5%)
Current task success rate: 1.0
Current total success rate: 0.5551782682512734

Task: place the container of fermented grape liquid on the elevated storage unit
Success: False
# episodes completed so far: 1179
# successes: 654 (55.5%)
Current task success rate: 0.0
Current total success rate: 0.55470737913486

Task: ensure the wine bottle is placed on top of the cabinet
Success: True
# episodes completed so far: 1180
# successes: 655 (55.5%)
Current task success rate: 1.0
Current total success rate: 0.5550847457627118

Task: place the wine bottle on top of the cabinet please
Success: True
# episodes completed so far: 1181
# successes: 656 (55.5%)
Current task success rate: 1.0
Current total success rate: 0.5554614733276884

Task: place the container holding fermented grapes atop the storage unit often found in kitchens or dining areas
Success: False
# episodes completed so far: 1182
# successes: 656 (55.5%)
Current task success rate: 0.0
Current total success rate: 0.5549915397631133

Task: position the wine container atop the cupboard
Success: True
# episodes completed so far: 1183
# successes: 657 (55.5%)
Current task success rate: 1.0
Current total success rate: 0.555367709213863

Task: could you place the wine bottle on the top of the cabinet
Success: True
# episodes completed so far: 1184
# successes: 658 (55.6%)
Current task success rate: 1.0
Current total success rate: 0.5557432432432432

Task: to keep it out of reach place the wine bottle on the upper part of the cabinet
Success: True
# episodes completed so far: 1185
# successes: 659 (55.6%)
Current task success rate: 1.0
Current total success rate: 0.5561181434599156

Task: our storage protocol requires you to put the wine bottle on the cabinets top
Success: True
# episodes completed so far: 1186
# successes: 660 (55.6%)
Current task success rate: 1.0
Current total success rate: 0.5564924114671164

Task: place the vessel containing fermented grapes on the uppermost storage unit in the room
Success: False
# episodes completed so far: 1187
# successes: 660 (55.6%)
Current task success rate: 0.0
Current total success rate: 0.5560235888795282

Task: place the wine container atop the cupboard
Success: True
# episodes completed so far: 1188
# successes: 661 (55.6%)
Current task success rate: 1.0
Current total success rate: 0.5563973063973064

Task: can you place the wine bottle on top of the cabinet for me please
Success: True
# episodes completed so far: 1189
# successes: 662 (55.7%)
Current task success rate: 1.0
Current total success rate: 0.5567703952901598

Task: position the wine container atop the cupboard
Success: True
# episodes completed so far: 1190
# successes: 663 (55.7%)
Current task success rate: 1.0
Current total success rate: 0.5571428571428572

Task: could you ensure the wine bottle ends up on top of the cabinet
Success: True
# episodes completed so far: 1191
# successes: 664 (55.8%)
Current task success rate: 1.0
Current total success rate: 0.5575146935348446

Task: to prevent spills carefully place the wine bottle on the cabinets surface
Success: True
# episodes completed so far: 1192
# successes: 665 (55.8%)
Current task success rate: 1.0
Current total success rate: 0.5578859060402684

Task: posit the wine container atop the cupboard
Success: True
# episodes completed so far: 1193
# successes: 666 (55.8%)
Current task success rate: 1.0
Current total success rate: 0.5582564962279967

Task: place the wine container atop the cupboard
Success: True
# episodes completed so far: 1194
# successes: 667 (55.9%)
Current task success rate: 1.0
Current total success rate: 0.5586264656616415

Task: place the container of fermented grape beverage on the upper storage unit
Success: False
# episodes completed so far: 1195
# successes: 667 (55.8%)
Current task success rate: 0.0
Current total success rate: 0.5581589958158996

Task: set the wine vessel on top of the cupboard
Success: True
# episodes completed so far: 1196
# successes: 668 (55.9%)
Current task success rate: 1.0
Current total success rate: 0.5585284280936454

Task: put the wine bottle up high the cabinet top is the perfect spot for it
Success: True
# episodes completed so far: 1197
# successes: 669 (55.9%)
Current task success rate: 1.0
Current total success rate: 0.5588972431077694

Task: place the glass container holding fermented grapes atop the storage furniture used for keeping dishware and other kitchen items
Success: False
# episodes completed so far: 1198
# successes: 669 (55.8%)
Current task success rate: 0.0
Current total success rate: 0.5584307178631052

Task: to maintain our kitchens organization the wine bottle goes on the cabinet top
Success: True
# episodes completed so far: 1199
# successes: 670 (55.9%)
Current task success rate: 1.0
Current total success rate: 0.5587989991659716

Task: place the wine bottle on top of the cabinet
Success: True
# episodes completed so far: 1200
# successes: 671 (55.9%)
Current task success rate: 1.0
Current total success rate: 0.5591666666666667

Task: the red wine bottle should be placed on the highest point of the cabinet
Success: True
# episodes completed so far: 1201
# successes: 672 (56.0%)
Current task success rate: 1.0
Current total success rate: 0.559533721898418

Task: place the container holding fermented grape drink on the upper storage unit
Success: False
# episodes completed so far: 1202
# successes: 672 (55.9%)
Current task success rate: 0.0
Current total success rate: 0.5590682196339434

Task: when you get a chance would you mind opening the top drawer to store the bowl inside
Success: True
# episodes completed so far: 1203
# successes: 673 (55.9%)
Current task success rate: 1.0
Current total success rate: 0.5594347464671654

Task: your next task is simple open that top drawer and place the bowl inside neatly
Success: False
# episodes completed so far: 1204
# successes: 673 (55.9%)
Current task success rate: 0.0
Current total success rate: 0.5589700996677741

Task: pull out the uppermost storage compartment and place the round dish for eating within it
Success: False
# episodes completed so far: 1205
# successes: 673 (55.9%)
Current task success rate: 0.0
Current total success rate: 0.5585062240663901

Task: the weathers nice today perfect time to open the top drawer and put the bowl inside
Success: True
# episodes completed so far: 1206
# successes: 674 (55.9%)
Current task success rate: 1.0
Current total success rate: 0.5588723051409619

Task: for maximum efficiency open just the top drawer and place the bowl inside carefully
Success: True
# episodes completed so far: 1207
# successes: 675 (55.9%)
Current task success rate: 1.0
Current total success rate: 0.5592377796188898

Task: pull open the uppermost storage compartment and place the rounded vessel for food within
Success: True
# episodes completed so far: 1208
# successes: 676 (56.0%)
Current task success rate: 1.0
Current total success rate: 0.5596026490066225

Task: slide out the uppermost storage compartment and place the dish used for eating cereal inside
Success: True
# episodes completed so far: 1209
# successes: 677 (56.0%)
Current task success rate: 1.0
Current total success rate: 0.5599669148056244

Task: pull open the uppermost sliding storage compartment and place the rounded dish within
Success: False
# episodes completed so far: 1210
# successes: 677 (56.0%)
Current task success rate: 0.0
Current total success rate: 0.5595041322314049

Task: unlock the upper drawer and place the dish within
Success: True
# episodes completed so far: 1211
# successes: 678 (56.0%)
Current task success rate: 1.0
Current total success rate: 0.5598678777869529

Task: the bowl needs to be stored simply open the top drawer and place it inside
Success: False
# episodes completed so far: 1212
# successes: 678 (55.9%)
Current task success rate: 0.0
Current total success rate: 0.5594059405940595

Task: could you do me a favor open the top drawer right now to put the bowl inside
Success: False
# episodes completed so far: 1213
# successes: 678 (55.9%)
Current task success rate: 0.0
Current total success rate: 0.5589447650453421

Task: pull out the uppermost storage compartment and place the round dish used for eating within it
Success: False
# episodes completed so far: 1214
# successes: 678 (55.8%)
Current task success rate: 0.0
Current total success rate: 0.5584843492586491

Task: pull open the uppermost sliding storage compartment and place the rounded dish within
Success: True
# episodes completed so far: 1215
# successes: 679 (55.9%)
Current task success rate: 1.0
Current total success rate: 0.5588477366255145

Task: pull out the uppermost sliding storage compartment and place the rounded dish receptacle within it
Success: True
# episodes completed so far: 1216
# successes: 680 (55.9%)
Current task success rate: 1.0
Current total success rate: 0.5592105263157895

Task: open the uppermost sliding storage compartment and place the rounded dish for eating within
Success: True
# episodes completed so far: 1217
# successes: 681 (56.0%)
Current task success rate: 1.0
Current total success rate: 0.5595727198027938

Task: could you place the bowl in the top drawer for me please
Success: False
# episodes completed so far: 1218
# successes: 681 (55.9%)
Current task success rate: 0.0
Current total success rate: 0.5591133004926109

Task: i prefer organization so please open the top drawer and put the bowl inside its spot
Success: True
# episodes completed so far: 1219
# successes: 682 (55.9%)
Current task success rate: 1.0
Current total success rate: 0.5594749794913864

Task: unlock the upper drawer and place the dish within
Success: True
# episodes completed so far: 1220
# successes: 683 (56.0%)
Current task success rate: 1.0
Current total success rate: 0.5598360655737705

Task: slide out the uppermost storage compartment and place the rounded dish within
Success: True
# episodes completed so far: 1221
# successes: 684 (56.0%)
Current task success rate: 1.0
Current total success rate: 0.5601965601965602

Task: could you make sure the bowl is placed in the top drawer
Success: False
# episodes completed so far: 1222
# successes: 684 (56.0%)
Current task success rate: 0.0
Current total success rate: 0.5597381342062193

Task: open the top drawer not the bottom one and then put the bowl inside
Success: False
# episodes completed so far: 1223
# successes: 684 (55.9%)
Current task success rate: 0.0
Current total success rate: 0.5592804578904333

Task: good morning could you please open the top drawer and place the bowl inside
Success: True
# episodes completed so far: 1224
# successes: 685 (56.0%)
Current task success rate: 1.0
Current total success rate: 0.559640522875817

Task: slide out the upper drawer and place the dish within
Success: True
# episodes completed so far: 1225
# successes: 686 (56.0%)
Current task success rate: 1.0
Current total success rate: 0.56

Task: pull out the uppermost sliding storage compartment and place the round dish used for eating within it
Success: False
# episodes completed so far: 1226
# successes: 686 (56.0%)
Current task success rate: 0.0
Current total success rate: 0.5595432300163132

Task: remember our organization system please open the top drawer and place the bowl inside
Success: True
# episodes completed so far: 1227
# successes: 687 (56.0%)
Current task success rate: 1.0
Current total success rate: 0.5599022004889975

Task: open the uppermost sliding storage compartment and place the round dish within
Success: True
# episodes completed so far: 1228
# successes: 688 (56.0%)
Current task success rate: 1.0
Current total success rate: 0.5602605863192183

Task: slide the upper drawer and place the dish within
Success: True
# episodes completed so far: 1229
# successes: 689 (56.1%)
Current task success rate: 1.0
Current total success rate: 0.5606183889340928

Task: slide out the upper drawer and place the dish within
Success: False
# episodes completed so far: 1230
# successes: 689 (56.0%)
Current task success rate: 0.0
Current total success rate: 0.5601626016260163

Task: open the uppermost sliding storage compartment and place the rounded vessel for holding food within
Success: True
# episodes completed so far: 1231
# successes: 690 (56.1%)
Current task success rate: 1.0
Current total success rate: 0.5605199025182778

Task: the bowl goes in the top drawer not the cabinet so open it and put inside now
Success: False
# episodes completed so far: 1232
# successes: 690 (56.0%)
Current task success rate: 0.0
Current total success rate: 0.560064935064935

Task: id like you to place the bowl in the top drawer
Success: False
# episodes completed so far: 1233
# successes: 690 (56.0%)
Current task success rate: 0.0
Current total success rate: 0.559610705596107

Task: pull open the uppermost sliding storage compartment and place the rounded dish inside
Success: True
# episodes completed so far: 1234
# successes: 691 (56.0%)
Current task success rate: 1.0
Current total success rate: 0.559967585089141

Task: open the top drawer the one with the handle and insert the bowl inside please
Success: False
# episodes completed so far: 1235
# successes: 691 (56.0%)
Current task success rate: 0.0
Current total success rate: 0.5595141700404859

Task: slide open the upper drawer and place the dish within
Success: True
# episodes completed so far: 1236
# successes: 692 (56.0%)
Current task success rate: 1.0
Current total success rate: 0.5598705501618123

Task: before lunch make sure to open the top drawer and put the bowl inside it properly
Success: True
# episodes completed so far: 1237
# successes: 693 (56.0%)
Current task success rate: 1.0
Current total success rate: 0.5602263540824576

Task: can you place the bowl in the top drawer for me
Success: False
# episodes completed so far: 1238
# successes: 693 (56.0%)
Current task success rate: 0.0
Current total success rate: 0.5597738287560582

Task: could you please place the bowl in the top drawer
Success: False
# episodes completed so far: 1239
# successes: 693 (55.9%)
Current task success rate: 0.0
Current total success rate: 0.559322033898305

Task: after washing the bowl remember to open the top drawer and put it inside immediately
Success: False
# episodes completed so far: 1240
# successes: 693 (55.9%)
Current task success rate: 0.0
Current total success rate: 0.5588709677419355

Task: open the highest sliding storage compartment and place the round dish used for eating or serving food within it
Success: True
# episodes completed so far: 1241
# successes: 694 (55.9%)
Current task success rate: 1.0
Current total success rate: 0.5592264302981467

Task: open the uppermost storage compartment and place the round dish used for eating or serving food within
Success: False
# episodes completed so far: 1242
# successes: 694 (55.9%)
Current task success rate: 0.0
Current total success rate: 0.5587761674718197

Task: i need the bowl placed inside the top drawer
Success: False
# episodes completed so far: 1243
# successes: 694 (55.8%)
Current task success rate: 0.0
Current total success rate: 0.5583266291230893

Task: pull out the uppermost sliding storage compartment and place the round dish used for eating into it
Success: True
# episodes completed so far: 1244
# successes: 695 (55.9%)
Current task success rate: 1.0
Current total success rate: 0.5586816720257235

Task: for proper storage always open the top drawer and place bowls like this one inside
Success: True
# episodes completed so far: 1245
# successes: 696 (55.9%)
Current task success rate: 1.0
Current total success rate: 0.5590361445783133

Task: please store the bowl in the top drawer
Success: False
# episodes completed so far: 1246
# successes: 696 (55.9%)
Current task success rate: 0.0
Current total success rate: 0.5585874799357945

Task: slide the upper drawer out and place the dish within
Success: True
# episodes completed so far: 1247
# successes: 697 (55.9%)
Current task success rate: 1.0
Current total success rate: 0.5589414595028067

Task: pull out the upper drawer and place the dish within
Success: False
# episodes completed so far: 1248
# successes: 697 (55.8%)
Current task success rate: 0.0
Current total success rate: 0.5584935897435898

Task: before guests arrive quickly open the top drawer and stash the bowl inside
Success: False
# episodes completed so far: 1249
# successes: 697 (55.8%)
Current task success rate: 0.0
Current total success rate: 0.5580464371497198

Task: pull open the upper drawer and place the dish within
Success: True
# episodes completed so far: 1250
# successes: 698 (55.8%)
Current task success rate: 1.0
Current total success rate: 0.5584

Task: dont forget open the top drawer first then put the bowl inside before closing it
Success: True
# episodes completed so far: 1251
# successes: 699 (55.9%)
Current task success rate: 1.0
Current total success rate: 0.5587529976019184

Task: please ensure the bowl is placed inside the top drawer
Success: False
# episodes completed so far: 1252
# successes: 699 (55.8%)
Current task success rate: 0.0
Current total success rate: 0.5583067092651757

Task: could you place the bowl up on the cabinet for me please
Success: True
# episodes completed so far: 1253
# successes: 700 (55.9%)
Current task success rate: 1.0
Current total success rate: 0.5586592178770949

Task: position the dish on the surface of the cupboard
Success: True
# episodes completed so far: 1254
# successes: 701 (55.9%)
Current task success rate: 1.0
Current total success rate: 0.5590111642743222

Task: position the round deep dish used for food servings onto the higher storage unit often used for keeping kitchen items
Success: True
# episodes completed so far: 1255
# successes: 702 (55.9%)
Current task success rate: 1.0
Current total success rate: 0.5593625498007968

Task: were reorganizing all bowls now go on top of the cabinet instead of in it
Success: False
# episodes completed so far: 1256
# successes: 702 (55.9%)
Current task success rate: 0.0
Current total success rate: 0.5589171974522293

Task: set the dish atop the cupboard
Success: True
# episodes completed so far: 1257
# successes: 703 (55.9%)
Current task success rate: 1.0
Current total success rate: 0.5592680986475735

Task: i need that counter space cleared so please relocate the bowl to the cabinet top
Success: True
# episodes completed so far: 1258
# successes: 704 (56.0%)
Current task success rate: 1.0
Current total success rate: 0.5596184419713831

Task: could you place the bowl on top of the cabinet for me
Success: True
# episodes completed so far: 1259
# successes: 705 (56.0%)
Current task success rate: 1.0
Current total success rate: 0.5599682287529786

Task: for safety reasons put that glass bowl on the cabinet where it wont get knocked over
Success: True
# episodes completed so far: 1260
# successes: 706 (56.0%)
Current task success rate: 1.0
Current total success rate: 0.5603174603174603

Task: for better organization place the bowl on the cabinets top surface
Success: True
# episodes completed so far: 1261
# successes: 707 (56.1%)
Current task success rate: 1.0
Current total success rate: 0.5606661379857256

Task: position the basin atop the cupboard
Success: True
# episodes completed so far: 1262
# successes: 708 (56.1%)
Current task success rate: 1.0
Current total success rate: 0.561014263074485

Task: place the rounded container used for holding food on the higher storage unit often found in kitchens
Success: True
# episodes completed so far: 1263
# successes: 709 (56.1%)
Current task success rate: 1.0
Current total success rate: 0.5613618368962787

Task: place the rounded dishholding vessel on the higher storage structure
Success: True
# episodes completed so far: 1264
# successes: 710 (56.2%)
Current task success rate: 1.0
Current total success rate: 0.5617088607594937

Task: place the rounded container used for holding food on the upper storage unit typically found in kitchens
Success: True
# episodes completed so far: 1265
# successes: 711 (56.2%)
Current task success rate: 1.0
Current total success rate: 0.5620553359683794

Task: place the bowl up on the cabinet
Success: True
# episodes completed so far: 1266
# successes: 712 (56.2%)
Current task success rate: 1.0
Current total success rate: 0.5624012638230648

Task: place the rounded container for food on the elevated storage structure
Success: True
# episodes completed so far: 1267
# successes: 713 (56.3%)
Current task success rate: 1.0
Current total success rate: 0.5627466456195738

Task: the cabinet top is designated for bowl storage please place it there
Success: False
# episodes completed so far: 1268
# successes: 713 (56.2%)
Current task success rate: 0.0
Current total success rate: 0.5623028391167192

Task: place the rounded container used for holding food above the tall storage unit often used for storing dishes and other kitchen items
Success: True
# episodes completed so far: 1269
# successes: 714 (56.3%)
Current task success rate: 1.0
Current total success rate: 0.5626477541371159

Task: position the bowl atop the cupboard
Success: True
# episodes completed so far: 1270
# successes: 715 (56.3%)
Current task success rate: 1.0
Current total success rate: 0.562992125984252

Task: after drying the bowl your next task is to put it on the cabinet
Success: True
# episodes completed so far: 1271
# successes: 716 (56.3%)
Current task success rate: 1.0
Current total success rate: 0.5633359559402046

Task: the bowl is in your way just put it up on the cabinet out of the way
Success: True
# episodes completed so far: 1272
# successes: 717 (56.4%)
Current task success rate: 1.0
Current total success rate: 0.5636792452830188

Task: before dinner remember to put the mixing bowl on top of the cabinet
Success: True
# episodes completed so far: 1273
# successes: 718 (56.4%)
Current task success rate: 1.0
Current total success rate: 0.5640219952867243

Task: place the bowl on the top of the cabinet
Success: True
# episodes completed so far: 1274
# successes: 719 (56.4%)
Current task success rate: 1.0
Current total success rate: 0.5643642072213501

Task: could you put the bowl on top of the cabinet its looking a bit cluttered down here
Success: True
# episodes completed so far: 1275
# successes: 720 (56.5%)
Current task success rate: 1.0
Current total success rate: 0.5647058823529412

Task: place the basin on the upper surface of the cupboard
Success: True
# episodes completed so far: 1276
# successes: 721 (56.5%)
Current task success rate: 1.0
Current total success rate: 0.5650470219435737

Task: place the round container used for holding food items on the upper storage unit typically found in kitchens
Success: True
# episodes completed so far: 1277
# successes: 722 (56.5%)
Current task success rate: 1.0
Current total success rate: 0.5653876272513704

Task: gently place the bowl on the cabinet making sure its centered and secure
Success: True
# episodes completed so far: 1278
# successes: 723 (56.6%)
Current task success rate: 1.0
Current total success rate: 0.5657276995305164

Task: position the rounded container for food on the elevated storage unit
Success: False
# episodes completed so far: 1279
# successes: 723 (56.5%)
Current task success rate: 0.0
Current total success rate: 0.565285379202502

Task: place the round container used for holding food onto the higher storage area for kitchen items
Success: True
# episodes completed so far: 1280
# successes: 724 (56.6%)
Current task success rate: 1.0
Current total success rate: 0.565625

Task: the cat cant reach the cabinet top so thats where the bowl should go
Success: True
# episodes completed so far: 1281
# successes: 725 (56.6%)
Current task success rate: 1.0
Current total success rate: 0.5659640905542545

Task: place the rounded container for holding food onto the elevated storage unit often found in kitchens
Success: False
# episodes completed so far: 1282
# successes: 725 (56.6%)
Current task success rate: 0.0
Current total success rate: 0.5655226209048362

Task: the bowl belongs on the cabinet please place it up there when you get a chance
Success: True
# episodes completed so far: 1283
# successes: 726 (56.6%)
Current task success rate: 1.0
Current total success rate: 0.5658612626656274

Task: place the bowl on the highest shelf please
Success: True
# episodes completed so far: 1284
# successes: 727 (56.6%)
Current task success rate: 1.0
Current total success rate: 0.5661993769470405

Task: can you make sure the bowl is placed on top of the cabinet
Success: True
# episodes completed so far: 1285
# successes: 728 (56.7%)
Current task success rate: 1.0
Current total success rate: 0.5665369649805447

Task: would you mind placing the bowl on top of the cabinet
Success: True
# episodes completed so far: 1286
# successes: 729 (56.7%)
Current task success rate: 1.0
Current total success rate: 0.5668740279937792

Task: place the rounded container used for holding food above the storage unit where items are typically kept out of immediate reach
Success: False
# episodes completed so far: 1287
# successes: 729 (56.6%)
Current task success rate: 0.0
Current total success rate: 0.5664335664335665

Task: place the rounded container used for holding food items onto the higher storage area typically found in kitchens
Success: True
# episodes completed so far: 1288
# successes: 730 (56.7%)
Current task success rate: 1.0
Current total success rate: 0.5667701863354038

Task: position the rounded vessel for containing food on the higher storage unit typically found in kitchens
Success: False
# episodes completed so far: 1289
# successes: 730 (56.6%)
Current task success rate: 0.0
Current total success rate: 0.5663304887509697

Task: place the dish on the upper part of the cupboard
Success: True
# episodes completed so far: 1290
# successes: 731 (56.7%)
Current task success rate: 1.0
Current total success rate: 0.5666666666666667

Task: place the dish above the cupboard
Success: True
# episodes completed so far: 1291
# successes: 732 (56.7%)
Current task success rate: 1.0
Current total success rate: 0.5670023237800155

Task: after you finish washing it put the bowl on top of the cabinet where we usually store it
Success: False
# episodes completed so far: 1292
# successes: 732 (56.7%)
Current task success rate: 0.0
Current total success rate: 0.56656346749226

Task: ensure the bowl is placed on top of the cabinet
Success: True
# episodes completed so far: 1293
# successes: 733 (56.7%)
Current task success rate: 1.0
Current total success rate: 0.5668986852281516

Task: please ensure the bowl is placed on top of the cabinet
Success: True
# episodes completed so far: 1294
# successes: 734 (56.7%)
Current task success rate: 1.0
Current total success rate: 0.5672333848531684

Task: place the rounded vessel used for containing food onto the elevated storage structure
Success: True
# episodes completed so far: 1295
# successes: 735 (56.8%)
Current task success rate: 1.0
Current total success rate: 0.5675675675675675

Task: put the bowl on the cabinet carefully its an antique from grandma
Success: True
# episodes completed so far: 1296
# successes: 736 (56.8%)
Current task success rate: 1.0
Current total success rate: 0.5679012345679012

Task: could you please push the plate to the front of the stove i need it for cooking
Success: True
# episodes completed so far: 1297
# successes: 737 (56.8%)
Current task success rate: 1.0
Current total success rate: 0.5682343870470317

Task: move the dish toward the front of the cooker
Success: False
# episodes completed so far: 1298
# successes: 737 (56.8%)
Current task success rate: 0.0
Current total success rate: 0.5677966101694916

Task: slide the dish to the forefront of the cooker
Success: False
# episodes completed so far: 1299
# successes: 737 (56.7%)
Current task success rate: 0.0
Current total success rate: 0.567359507313318

Task: the plate needs to be closer to the heat please push it to the front of the stove
Success: False
# episodes completed so far: 1300
# successes: 737 (56.7%)
Current task success rate: 0.0
Current total success rate: 0.566923076923077

Task: thrust the dish to the forefront of the cooker
Success: False
# episodes completed so far: 1301
# successes: 737 (56.6%)
Current task success rate: 0.0
Current total success rate: 0.5664873174481169

Task: push the plate to the front of the stove but leave the bowls where they are
Success: True
# episodes completed so far: 1302
# successes: 738 (56.7%)
Current task success rate: 1.0
Current total success rate: 0.5668202764976958

Task: push the plate to the front of the stove carefully making sure not to drop it
Success: True
# episodes completed so far: 1303
# successes: 739 (56.7%)
Current task success rate: 1.0
Current total success rate: 0.5671527244819647

Task: make sure the plate is at the front of the stove
Success: False
# episodes completed so far: 1304
# successes: 739 (56.7%)
Current task success rate: 0.0
Current total success rate: 0.566717791411043

Task: nudge the dish toward the forefront of the cooker
Success: False
# episodes completed so far: 1305
# successes: 739 (56.6%)
Current task success rate: 0.0
Current total success rate: 0.5662835249042145

Task: push the flat piece of kitchenware used for eating meals to the edge facing the cook in the cooking appliance
Success: False
# episodes completed so far: 1306
# successes: 739 (56.6%)
Current task success rate: 0.0
Current total success rate: 0.5658499234303216

Task: push the flat round dish used for serving food to the front of the cooking appliance
Success: False
# episodes completed so far: 1307
# successes: 739 (56.5%)
Current task success rate: 0.0
Current total success rate: 0.5654169854628921

Task: slide the flat dishware in the direction where the cooking area begins
Success: False
# episodes completed so far: 1308
# successes: 739 (56.5%)
Current task success rate: 0.0
Current total success rate: 0.5649847094801224

Task: could you help me push the plate to the front of the stove im busy chopping vegetables
Success: True
# episodes completed so far: 1309
# successes: 740 (56.5%)
Current task success rate: 1.0
Current total success rate: 0.5653170359052712

Task: push the plate to the front of the stove but dont move any other kitchenware
Success: True
# episodes completed so far: 1310
# successes: 741 (56.6%)
Current task success rate: 1.0
Current total success rate: 0.565648854961832

Task: please place the plate at the front of the stove
Success: False
# episodes completed so far: 1311
# successes: 741 (56.5%)
Current task success rate: 0.0
Current total success rate: 0.5652173913043478

Task: slide the dish toward the front of the cooker
Success: False
# episodes completed so far: 1312
# successes: 741 (56.5%)
Current task success rate: 0.0
Current total success rate: 0.5647865853658537

Task: slide the flat dishware to the forward section of the cooking appliance
Success: False
# episodes completed so far: 1313
# successes: 741 (56.4%)
Current task success rate: 0.0
Current total success rate: 0.5643564356435643

Task: for safety reasons always push the plate to the front of the stove when cooking
Success: True
# episodes completed so far: 1314
# successes: 742 (56.5%)
Current task success rate: 1.0
Current total success rate: 0.5646879756468798

Task: push the flat round item used for meals to the front of the cooking appliance
Success: True
# episodes completed so far: 1315
# successes: 743 (56.5%)
Current task success rate: 1.0
Current total success rate: 0.5650190114068441

Task: the recipe says we need the plate at the front of the stove please move it there
Success: False
# episodes completed so far: 1316
# successes: 743 (56.5%)
Current task success rate: 0.0
Current total success rate: 0.5645896656534954

Task: nudge the plate to the forefront of the cooking range
Success: False
# episodes completed so far: 1317
# successes: 743 (56.4%)
Current task success rate: 0.0
Current total success rate: 0.5641609719058466

Task: push the flat dishware to the front of the cooking appliance
Success: True
# episodes completed so far: 1318
# successes: 744 (56.4%)
Current task success rate: 1.0
Current total success rate: 0.5644916540212443

Task: im preparing a special dish so please push the plate to the front of the stove
Success: True
# episodes completed so far: 1319
# successes: 745 (56.5%)
Current task success rate: 1.0
Current total success rate: 0.5648218347232752

Task: push the flat dishware item to the front of the cooking appliance
Success: False
# episodes completed so far: 1320
# successes: 745 (56.4%)
Current task success rate: 0.0
Current total success rate: 0.5643939393939394

Task: slide the dish toward the front of the cooktop
Success: False
# episodes completed so far: 1321
# successes: 745 (56.4%)
Current task success rate: 0.0
Current total success rate: 0.5639666919000756

Task: push the flat surface used for holding food to the front of the appliance for cooking
Success: False
# episodes completed so far: 1322
# successes: 745 (56.4%)
Current task success rate: 0.0
Current total success rate: 0.5635400907715582

Task: push the dinnerware item to the front of the cooking appliance
Success: False
# episodes completed so far: 1323
# successes: 745 (56.3%)
Current task success rate: 0.0
Current total success rate: 0.563114134542706

Task: can you move the plate to the front of the stove for me
Success: True
# episodes completed so far: 1324
# successes: 746 (56.3%)
Current task success rate: 1.0
Current total success rate: 0.5634441087613293

Task: can you make sure the plate is at the front of the stove
Success: False
# episodes completed so far: 1325
# successes: 746 (56.3%)
Current task success rate: 0.0
Current total success rate: 0.5630188679245283

Task: for better heat distribution please push the plate to the front of the stove
Success: True
# episodes completed so far: 1326
# successes: 747 (56.3%)
Current task success rate: 1.0
Current total success rate: 0.5633484162895928

Task: i prefer the plate at the front of the stove could you push it there for me
Success: True
# episodes completed so far: 1327
# successes: 748 (56.4%)
Current task success rate: 1.0
Current total success rate: 0.5636774679728711

Task: push the plate to the front of the stove but make sure its not blocking the controls
Success: True
# episodes completed so far: 1328
# successes: 749 (56.4%)
Current task success rate: 1.0
Current total success rate: 0.5640060240963856

Task: move the dishware towards the forward part of the cooking appliance
Success: False
# episodes completed so far: 1329
# successes: 749 (56.4%)
Current task success rate: 0.0
Current total success rate: 0.563581640331076

Task: slide the flat dishware to the area closest to the cooking appliances handle
Success: False
# episodes completed so far: 1330
# successes: 749 (56.3%)
Current task success rate: 0.0
Current total success rate: 0.5631578947368421

Task: nudge the dish toward the front of the cooker
Success: False
# episodes completed so far: 1331
# successes: 749 (56.3%)
Current task success rate: 0.0
Current total success rate: 0.5627347858752817

Task: could you please place the plate at the front edge of the stove
Success: False
# episodes completed so far: 1332
# successes: 749 (56.2%)
Current task success rate: 0.0
Current total success rate: 0.5623123123123123

Task: before turning on the burner push the plate to the front of the stove
Success: False
# episodes completed so far: 1333
# successes: 749 (56.2%)
Current task success rate: 0.0
Current total success rate: 0.5618904726181545

Task: slide the flat surface used for serving food toward the cooking appliances forward section
Success: False
# episodes completed so far: 1334
# successes: 749 (56.1%)
Current task success rate: 0.0
Current total success rate: 0.5614692653673163

Task: could you move the plate to the front of the stove
Success: True
# episodes completed so far: 1335
# successes: 750 (56.2%)
Current task success rate: 1.0
Current total success rate: 0.5617977528089888

Task: could you put the cream cheese into the bowl
Success: True
# episodes completed so far: 1336
# successes: 751 (56.2%)
Current task success rate: 1.0
Current total success rate: 0.562125748502994

Task: place the cream cheese inside the dish
Success: True
# episodes completed so far: 1337
# successes: 752 (56.2%)
Current task success rate: 1.0
Current total success rate: 0.56245325355273

Task: put the cream cheese in the bowl now and well mix it later with other components
Success: True
# episodes completed so far: 1338
# successes: 753 (56.3%)
Current task success rate: 1.0
Current total success rate: 0.5627802690582959

Task: deposit the spreadable dairy product into the mixing container
Success: False
# episodes completed so far: 1339
# successes: 753 (56.2%)
Current task success rate: 0.0
Current total success rate: 0.5623599701269604

Task: place the spreadable dairy product in the mixing container
Success: False
# episodes completed so far: 1340
# successes: 753 (56.2%)
Current task success rate: 0.0
Current total success rate: 0.5619402985074626

Task: would you mind putting the cream cheese in the mixing bowl for me
Success: False
# episodes completed so far: 1341
# successes: 753 (56.2%)
Current task success rate: 0.0
Current total success rate: 0.5615212527964206

Task: have the cream cheese in the bowl
Success: True
# episodes completed so far: 1342
# successes: 754 (56.2%)
Current task success rate: 1.0
Current total success rate: 0.5618479880774963

Task: put the cream cheese in the bowl immediately but dont touch the butter yet
Success: True
# episodes completed so far: 1343
# successes: 755 (56.2%)
Current task success rate: 1.0
Current total success rate: 0.5621742367833209

Task: could you do me a favor and put the cream cheese in the large mixing bowl
Success: False
# episodes completed so far: 1344
# successes: 755 (56.2%)
Current task success rate: 0.0
Current total success rate: 0.5617559523809523

Task: would you be so kind as to put the cream cheese in the ceramic bowl on the counter
Success: False
# episodes completed so far: 1345
# successes: 755 (56.1%)
Current task success rate: 0.0
Current total success rate: 0.5613382899628253

Task: place the spreadable dairy product into the dish commonly used for mixing ingredients
Success: False
# episodes completed so far: 1346
# successes: 755 (56.1%)
Current task success rate: 0.0
Current total success rate: 0.5609212481426449

Task: place the spreadable dairy product into the mixing vessel
Success: False
# episodes completed so far: 1347
# successes: 755 (56.1%)
Current task success rate: 0.0
Current total success rate: 0.5605048255382331

Task: insert the cream cheese into the mixing bowl
Success: True
# episodes completed so far: 1348
# successes: 756 (56.1%)
Current task success rate: 1.0
Current total success rate: 0.5608308605341247

Task: place the spreadable dairy product into the mixing container
Success: False
# episodes completed so far: 1349
# successes: 756 (56.0%)
Current task success rate: 0.0
Current total success rate: 0.5604151223128243

Task: insert the cream cheese into the basin
Success: False
# episodes completed so far: 1350
# successes: 756 (56.0%)
Current task success rate: 0.0
Current total success rate: 0.56

Task: place the cream cheese into the bowl
Success: True
# episodes completed so far: 1351
# successes: 757 (56.0%)
Current task success rate: 1.0
Current total success rate: 0.5603256846780162

Task: before we continue please put the cream cheese in the bowl on your left
Success: False
# episodes completed so far: 1352
# successes: 757 (56.0%)
Current task success rate: 0.0
Current total success rate: 0.5599112426035503

Task: insert the spreadable dairy product into the mixing container
Success: False
# episodes completed so far: 1353
# successes: 757 (55.9%)
Current task success rate: 0.0
Current total success rate: 0.5594974131559497

Task: i remember you like baking could you put the cream cheese in the bowl first
Success: True
# episodes completed so far: 1354
# successes: 758 (56.0%)
Current task success rate: 1.0
Current total success rate: 0.5598227474150664

Task: put the soft spreadable dairy product inside the rounded dish used for mixing ingredients
Success: False
# episodes completed so far: 1355
# successes: 758 (55.9%)
Current task success rate: 0.0
Current total success rate: 0.5594095940959409

Task: on this lovely morning could you please put the cream cheese in the bowl
Success: True
# episodes completed so far: 1356
# successes: 759 (56.0%)
Current task success rate: 1.0
Current total success rate: 0.5597345132743363

Task: insert the spreadable dairy product into the rounded kitchen vessel
Success: False
# episodes completed so far: 1357
# successes: 759 (55.9%)
Current task success rate: 0.0
Current total success rate: 0.559322033898305

Task: could you ensure the cream cheese ends up in the bowl
Success: True
# episodes completed so far: 1358
# successes: 760 (56.0%)
Current task success rate: 1.0
Current total success rate: 0.5596465390279823

Task: place the spreadable dairy product into the rounded kitchen vessel
Success: False
# episodes completed so far: 1359
# successes: 760 (55.9%)
Current task success rate: 0.0
Current total success rate: 0.5592347314201619

Task: place the spreadable dairy product inside the rounded kitchen vessel
Success: False
# episodes completed so far: 1360
# successes: 760 (55.9%)
Current task success rate: 0.0
Current total success rate: 0.5588235294117647

Task: put the cream cheese in the bowl thats the most important step in this recipe
Success: True
# episodes completed so far: 1361
# successes: 761 (55.9%)
Current task success rate: 1.0
Current total success rate: 0.559147685525349

Task: insert the spread made from cultured milk into the rounded container used for mixing ingredients
Success: False
# episodes completed so far: 1362
# successes: 761 (55.9%)
Current task success rate: 0.0
Current total success rate: 0.5587371512481645

Task: for perfect results make sure to put all the cream cheese in the bowl
Success: False
# episodes completed so far: 1363
# successes: 761 (55.8%)
Current task success rate: 0.0
Current total success rate: 0.5583272193690388

Task: place the cream cheese into the bowl
Success: True
# episodes completed so far: 1364
# successes: 762 (55.9%)
Current task success rate: 1.0
Current total success rate: 0.5586510263929618

Task: deposit the cream cheese into the bowl
Success: True
# episodes completed so far: 1365
# successes: 763 (55.9%)
Current task success rate: 1.0
Current total success rate: 0.558974358974359

Task: can you put the cream cheese in the bowl
Success: True
# episodes completed so far: 1366
# successes: 764 (55.9%)
Current task success rate: 1.0
Current total success rate: 0.5592972181551976

Task: place the spreadable dairy product into the dish used for mixing or serving foods
Success: False
# episodes completed so far: 1367
# successes: 764 (55.9%)
Current task success rate: 0.0
Current total success rate: 0.5588880760790051

Task: place the spreadable dairy product into the rounded kitchen vessel
Success: False
# episodes completed so far: 1368
# successes: 764 (55.8%)
Current task success rate: 0.0
Current total success rate: 0.5584795321637427

Task: the instructions say we should put exactly 8 ounces of cream cheese in the bowl
Success: False
# episodes completed so far: 1369
# successes: 764 (55.8%)
Current task success rate: 0.0
Current total success rate: 0.5580715850986121

Task: for our cheesecake preparation begin by putting the cream cheese in the bowl
Success: False
# episodes completed so far: 1370
# successes: 764 (55.8%)
Current task success rate: 0.0
Current total success rate: 0.5576642335766423

Task: could you place the cream cheese in the bowl please
Success: True
# episodes completed so far: 1371
# successes: 765 (55.8%)
Current task success rate: 1.0
Current total success rate: 0.5579868708971554

Task: insert the cream cheese into the bowl
Success: True
# episodes completed so far: 1372
# successes: 766 (55.8%)
Current task success rate: 1.0
Current total success rate: 0.5583090379008746

Task: as part of our cooking process we need to put the cream cheese in the bowl now
Success: False
# episodes completed so far: 1373
# successes: 766 (55.8%)
Current task success rate: 0.0
Current total success rate: 0.5579024034959942

Task: have the cream cheese in the bowl for me will you
Success: True
# episodes completed so far: 1374
# successes: 767 (55.8%)
Current task success rate: 1.0
Current total success rate: 0.5582241630276564

Task: for the recipe the first step is to put the cream cheese in the bowl
Success: False
# episodes completed so far: 1375
# successes: 767 (55.8%)
Current task success rate: 0.0
Current total success rate: 0.5578181818181818

Task: after washing your hands please put the cream cheese in the stainless steel bowl
Success: False
# episodes completed so far: 1376
# successes: 767 (55.7%)
Current task success rate: 0.0
Current total success rate: 0.5574127906976745

Task: can you place the cream cheese in the bowl
Success: True
# episodes completed so far: 1377
# successes: 768 (55.8%)
Current task success rate: 1.0
Current total success rate: 0.5577342047930284

Task: ensure the cream cheese is in the bowl
Success: True
# episodes completed so far: 1378
# successes: 769 (55.8%)
Current task success rate: 1.0
Current total success rate: 0.558055152394775

Task: place the spreadable dairy product into the deep rounded dish
Success: False
# episodes completed so far: 1379
# successes: 769 (55.8%)
Current task success rate: 0.0
Current total success rate: 0.5576504713560552

Task: put the cream cheese in the bowl carefully but dont spill it on the counter
Success: True
# episodes completed so far: 1380
# successes: 770 (55.8%)
Current task success rate: 1.0
Current total success rate: 0.5579710144927537

Task: place the cream cheese into the bowl
Success: True
# episodes completed so far: 1381
# successes: 771 (55.8%)
Current task success rate: 1.0
Current total success rate: 0.558291093410572

Task: could i ask you to make sure the cream cheese ends up in the bowl
Success: True
# episodes completed so far: 1382
# successes: 772 (55.9%)
Current task success rate: 1.0
Current total success rate: 0.5586107091172214

Task: hey chef your next task is to put the cream cheese in that big bowl over there
Success: False
# episodes completed so far: 1383
# successes: 772 (55.8%)
Current task success rate: 0.0
Current total success rate: 0.5582067968185105

Task: ignite the cooking appliance
Success: True
# episodes completed so far: 1384
# successes: 773 (55.9%)
Current task success rate: 1.0
Current total success rate: 0.5585260115606936

Task: activate the appliance used for cooking meals
Success: False
# episodes completed so far: 1385
# successes: 773 (55.8%)
Current task success rate: 0.0
Current total success rate: 0.5581227436823105

Task: lets make some magic happen start by turning on the stove
Success: True
# episodes completed so far: 1386
# successes: 774 (55.8%)
Current task success rate: 1.0
Current total success rate: 0.5584415584415584

Task: id like you to get the stove heating up please
Success: True
# episodes completed so far: 1387
# successes: 775 (55.9%)
Current task success rate: 1.0
Current total success rate: 0.558759913482336

Task: id appreciate it if you could turn on the stove right away
Success: True
# episodes completed so far: 1388
# successes: 776 (55.9%)
Current task success rate: 1.0
Current total success rate: 0.5590778097982709

Task: activate the appliance used for cooking meals
Success: False
# episodes completed so far: 1389
# successes: 776 (55.9%)
Current task success rate: 0.0
Current total success rate: 0.558675305975522

Task: id like you to heat up the stove
Success: True
# episodes completed so far: 1390
# successes: 777 (55.9%)
Current task success rate: 1.0
Current total success rate: 0.5589928057553957

Task: i need the stove turned on please
Success: True
# episodes completed so far: 1391
# successes: 778 (55.9%)
Current task success rate: 1.0
Current total success rate: 0.5593098490294752

Task: activate the appliance used for cooking
Success: False
# episodes completed so far: 1392
# successes: 778 (55.9%)
Current task success rate: 0.0
Current total success rate: 0.5589080459770115

Task: activate the home cooking appliance
Success: True
# episodes completed so far: 1393
# successes: 779 (55.9%)
Current task success rate: 1.0
Current total success rate: 0.5592246949030869

Task: could you heat up the stove for me please
Success: True
# episodes completed so far: 1394
# successes: 780 (56.0%)
Current task success rate: 1.0
Current total success rate: 0.5595408895265424

Task: activate the appliance used for cooking food
Success: False
# episodes completed so far: 1395
# successes: 780 (55.9%)
Current task success rate: 0.0
Current total success rate: 0.5591397849462365

Task: for safety reasons please make sure to turn on the stove properly
Success: True
# episodes completed so far: 1396
# successes: 781 (55.9%)
Current task success rate: 1.0
Current total success rate: 0.5594555873925502

Task: as part of our cooking routine please turn on the stove first
Success: True
# episodes completed so far: 1397
# successes: 782 (56.0%)
Current task success rate: 1.0
Current total success rate: 0.5597709377236937

Task: good morning could you please turn on the stove for me
Success: True
# episodes completed so far: 1398
# successes: 783 (56.0%)
Current task success rate: 1.0
Current total success rate: 0.5600858369098712

Task: would you mind turning on the stove i need to prepare dinner
Success: True
# episodes completed so far: 1399
# successes: 784 (56.0%)
Current task success rate: 1.0
Current total success rate: 0.5604002859185132

Task: activate the cooking appliance
Success: True
# episodes completed so far: 1400
# successes: 785 (56.1%)
Current task success rate: 1.0
Current total success rate: 0.5607142857142857

Task: can you make sure the stove is on please
Success: True
# episodes completed so far: 1401
# successes: 786 (56.1%)
Current task success rate: 1.0
Current total success rate: 0.5610278372591007

Task: activate the appliance used for cooking
Success: False
# episodes completed so far: 1402
# successes: 786 (56.1%)
Current task success rate: 0.0
Current total success rate: 0.5606276747503567

Task: could you heat up the stove for me
Success: True
# episodes completed so far: 1403
# successes: 787 (56.1%)
Current task success rate: 1.0
Current total success rate: 0.5609408410548824

Task: for perfect cooking results begin by turning on the stove properly
Success: True
# episodes completed so far: 1404
# successes: 788 (56.1%)
Current task success rate: 1.0
Current total success rate: 0.5612535612535613

Task: activate the kitchen appliance used for cooking
Success: False
# episodes completed so far: 1405
# successes: 788 (56.1%)
Current task success rate: 0.0
Current total success rate: 0.5608540925266904

Task: could you ensure the stove is turned on please
Success: True
# episodes completed so far: 1406
# successes: 789 (56.1%)
Current task success rate: 1.0
Current total success rate: 0.5611664295874822

Task: please make sure the stove is turned on
Success: True
# episodes completed so far: 1407
# successes: 790 (56.1%)
Current task success rate: 1.0
Current total success rate: 0.5614783226723525

Task: attention please the next task is to turn on the stove immediately
Success: True
# episodes completed so far: 1408
# successes: 791 (56.2%)
Current task success rate: 1.0
Current total success rate: 0.5617897727272727

Task: im busy with other things can you handle turning on the stove
Success: True
# episodes completed so far: 1409
# successes: 792 (56.2%)
Current task success rate: 1.0
Current total success rate: 0.5621007806955287

Task: the recipe says our first step is to turn on the stove
Success: True
# episodes completed so far: 1410
# successes: 793 (56.2%)
Current task success rate: 1.0
Current total success rate: 0.5624113475177305

Task: its time to start cooking so go ahead and turn on the stove
Success: True
# episodes completed so far: 1411
# successes: 794 (56.3%)
Current task success rate: 1.0
Current total success rate: 0.5627214741318214

Task: activate the appliance used for cooking food
Success: False
# episodes completed so far: 1412
# successes: 794 (56.2%)
Current task success rate: 0.0
Current total success rate: 0.5623229461756374

Task: could you make sure the stove is turned on please
Success: True
# episodes completed so far: 1413
# successes: 795 (56.3%)
Current task success rate: 1.0
Current total success rate: 0.5626326963906582

Task: switch on the burner
Success: True
# episodes completed so far: 1414
# successes: 796 (56.3%)
Current task success rate: 1.0
Current total success rate: 0.562942008486563

Task: activate the cooktop
Success: True
# episodes completed so far: 1415
# successes: 797 (56.3%)
Current task success rate: 1.0
Current total success rate: 0.5632508833922262

Task: activate the cooking appliance for heating food
Success: False
# episodes completed so far: 1416
# successes: 797 (56.3%)
Current task success rate: 0.0
Current total success rate: 0.5628531073446328

Task: id like you to have the stove turned on please
Success: True
# episodes completed so far: 1417
# successes: 798 (56.3%)
Current task success rate: 1.0
Current total success rate: 0.5631616090331687

Task: activate the kitchen appliance used for cooking food
Success: False
# episodes completed so far: 1418
# successes: 798 (56.3%)
Current task success rate: 0.0
Current total success rate: 0.5627644569816643

Task: ill prepare the ingredients while you turn on the stove okay
Success: True
# episodes completed so far: 1419
# successes: 799 (56.3%)
Current task success rate: 1.0
Current total success rate: 0.5630725863284003

Task: activate the cooker
Success: True
# episodes completed so far: 1420
# successes: 800 (56.3%)
Current task success rate: 1.0
Current total success rate: 0.5633802816901409

Task: activate the cooking appliances heat source
Success: True
# episodes completed so far: 1421
# successes: 801 (56.4%)
Current task success rate: 1.0
Current total success rate: 0.5636875439831105

Task: the stove needs to be turned on before we can cook anything
Success: True
# episodes completed so far: 1422
# successes: 802 (56.4%)
Current task success rate: 1.0
Current total success rate: 0.5639943741209564

Task: ignite the appliance used for cooking
Success: False
# episodes completed so far: 1423
# successes: 802 (56.4%)
Current task success rate: 0.0
Current total success rate: 0.5635980323260716

Task: could you kindly put the bowl onto the plate for me
Success: True
# episodes completed so far: 1424
# successes: 803 (56.4%)
Current task success rate: 1.0
Current total success rate: 0.5639044943820225

Task: place the rounded dish used for eating cereal inside the flat dish often used for serving meals
Success: False
# episodes completed so far: 1425
# successes: 803 (56.4%)
Current task success rate: 0.0
Current total success rate: 0.5635087719298245

Task: could you place the bowl onto the plate
Success: True
# episodes completed so far: 1426
# successes: 804 (56.4%)
Current task success rate: 1.0
Current total success rate: 0.5638148667601683

Task: put the bowl on the plate now and well add the silverware later
Success: True
# episodes completed so far: 1427
# successes: 805 (56.4%)
Current task success rate: 1.0
Current total success rate: 0.5641205325858444

Task: could you put the bowl on the plate please
Success: True
# episodes completed so far: 1428
# successes: 806 (56.4%)
Current task success rate: 1.0
Current total success rate: 0.5644257703081232

Task: place the rounded container used for mixing ingredients on the flat dish used for serving food
Success: True
# episodes completed so far: 1429
# successes: 807 (56.5%)
Current task success rate: 1.0
Current total success rate: 0.5647305808257522

Task: place the rounded foodholding container on the flat dish for serving
Success: True
# episodes completed so far: 1430
# successes: 808 (56.5%)
Current task success rate: 1.0
Current total success rate: 0.5650349650349651

Task: set the bowl on the plate
Success: True
# episodes completed so far: 1431
# successes: 809 (56.5%)
Current task success rate: 1.0
Current total success rate: 0.5653389238294899

Task: place the curved container for food onto the flat dish typically used for serving
Success: True
# episodes completed so far: 1432
# successes: 810 (56.6%)
Current task success rate: 1.0
Current total success rate: 0.5656424581005587

Task: put the bowl on the plate but dont stack anything else on top
Success: True
# episodes completed so far: 1433
# successes: 811 (56.6%)
Current task success rate: 1.0
Current total success rate: 0.5659455687369156

Task: could you place the bowl onto the plate please
Success: True
# episodes completed so far: 1434
# successes: 812 (56.6%)
Current task success rate: 1.0
Current total success rate: 0.5662482566248257

Task: the chef recommends you put the bowl on the plate before adding food
Success: True
# episodes completed so far: 1435
# successes: 813 (56.7%)
Current task success rate: 1.0
Current total success rate: 0.5665505226480836

Task: place the concave dishware used for serving food onto the larger flat dishware often used as a base for meal courses
Success: False
# episodes completed so far: 1436
# successes: 813 (56.6%)
Current task success rate: 0.0
Current total success rate: 0.5661559888579387

Task: in our kitchen we always put the bowl on the plate for consistency
Success: True
# episodes completed so far: 1437
# successes: 814 (56.6%)
Current task success rate: 1.0
Current total success rate: 0.5664578983994433

Task: can you place the bowl on top of the plate
Success: True
# episodes completed so far: 1438
# successes: 815 (56.7%)
Current task success rate: 1.0
Current total success rate: 0.566759388038943

Task: place the rounded container used for eating into the flat dish typically used as a base for a meal
Success: False
# episodes completed so far: 1439
# successes: 815 (56.6%)
Current task success rate: 0.0
Current total success rate: 0.56636553161918

Task: for proper table setting always put the bowl on the plate
Success: True
# episodes completed so far: 1440
# successes: 816 (56.7%)
Current task success rate: 1.0
Current total success rate: 0.5666666666666667

Task: position the rounded dish used for mixing or holding food items onto the flat dish typically used for serving meals
Success: True
# episodes completed so far: 1441
# successes: 817 (56.7%)
Current task success rate: 1.0
Current total success rate: 0.5669673837612769

Task: place the rounded food container on the flat dish designed for dining
Success: True
# episodes completed so far: 1442
# successes: 818 (56.7%)
Current task success rate: 1.0
Current total success rate: 0.5672676837725381

Task: can you place the bowl on the plate
Success: True
# episodes completed so far: 1443
# successes: 819 (56.8%)
Current task success rate: 1.0
Current total success rate: 0.5675675675675675

Task: could i have the bowl placed on top of the plate
Success: True
# episodes completed so far: 1444
# successes: 820 (56.8%)
Current task success rate: 1.0
Current total success rate: 0.5678670360110804

Task: for better presentation put the bowl carefully on the plate
Success: True
# episodes completed so far: 1445
# successes: 821 (56.8%)
Current task success rate: 1.0
Current total success rate: 0.568166089965398

Task: could you place the bowl right on top of the plate
Success: True
# episodes completed so far: 1446
# successes: 822 (56.8%)
Current task success rate: 1.0
Current total success rate: 0.5684647302904564

Task: place the bowl on top of the plate
Success: True
# episodes completed so far: 1447
# successes: 823 (56.9%)
Current task success rate: 1.0
Current total success rate: 0.5687629578438148

Task: the proper way to serve this dish is to put the bowl on the plate before bringing it out
Success: True
# episodes completed so far: 1448
# successes: 824 (56.9%)
Current task success rate: 1.0
Current total success rate: 0.569060773480663

Task: could you place the bowl directly on the plate
Success: True
# episodes completed so far: 1449
# successes: 825 (56.9%)
Current task success rate: 1.0
Current total success rate: 0.5693581780538303

Task: please place the bowl on top of the plate
Success: True
# episodes completed so far: 1450
# successes: 826 (57.0%)
Current task success rate: 1.0
Current total success rate: 0.5696551724137932

Task: make sure the bowl ends up on the plate
Success: True
# episodes completed so far: 1451
# successes: 827 (57.0%)
Current task success rate: 1.0
Current total success rate: 0.5699517574086836

Task: place the rounded container for food on the flat dish for serving
Success: True
# episodes completed so far: 1452
# successes: 828 (57.0%)
Current task success rate: 1.0
Current total success rate: 0.5702479338842975

Task: place the rounded container commonly used for holding food onto the flat dish often used as a base for serving meals
Success: True
# episodes completed so far: 1453
# successes: 829 (57.1%)
Current task success rate: 1.0
Current total success rate: 0.5705437026841018

Task: place the round dish used for eating soup or cereal onto the flat dish usually used for main course servings
Success: True
# episodes completed so far: 1454
# successes: 830 (57.1%)
Current task success rate: 1.0
Current total success rate: 0.5708390646492435

Task: could you place the bowl on the plate please
Success: True
# episodes completed so far: 1455
# successes: 831 (57.1%)
Current task success rate: 1.0
Current total success rate: 0.5711340206185567

Task: could you set the bowl on top of the plate
Success: True
# episodes completed so far: 1456
# successes: 832 (57.1%)
Current task success rate: 1.0
Current total success rate: 0.5714285714285714

Task: make sure the bowl ends up positioned on the plate
Success: True
# episodes completed so far: 1457
# successes: 833 (57.2%)
Current task success rate: 1.0
Current total success rate: 0.5717227179135209

Task: please have the bowl placed on top of the plate
Success: True
# episodes completed so far: 1458
# successes: 834 (57.2%)
Current task success rate: 1.0
Current total success rate: 0.5720164609053497

Task: could we place the wine bottle in the rack
Success: True
# episodes completed so far: 1459
# successes: 835 (57.2%)
Current task success rate: 1.0
Current total success rate: 0.5723098012337218

Task: could you put the wine bottle on the rack we want to keep it at the right angle
Success: True
# episodes completed so far: 1460
# successes: 836 (57.3%)
Current task success rate: 1.0
Current total success rate: 0.5726027397260274

Task: could you place the wine bottle on the rack please
Success: True
# episodes completed so far: 1461
# successes: 837 (57.3%)
Current task success rate: 1.0
Current total success rate: 0.5728952772073922

Task: place the glass container of aged grape beverage on the storage framework designed for holding such items
Success: False
# episodes completed so far: 1462
# successes: 837 (57.3%)
Current task success rate: 0.0
Current total success rate: 0.5725034199726402

Task: could you please place the wine bottle on the rack
Success: True
# episodes completed so far: 1463
# successes: 838 (57.3%)
Current task success rate: 1.0
Current total success rate: 0.5727956254272044

Task: place the container of fermented grape juice onto the storage structure designed for holding such items
Success: False
# episodes completed so far: 1464
# successes: 838 (57.2%)
Current task success rate: 0.0
Current total success rate: 0.5724043715846995

Task: for our wine collections organization put this bottle on the third shelf of the rack
Success: False
# episodes completed so far: 1465
# successes: 838 (57.2%)
Current task success rate: 0.0
Current total success rate: 0.5720136518771332

Task: make sure the wine bottle is resting on the rack
Success: True
# episodes completed so far: 1466
# successes: 839 (57.2%)
Current task success rate: 1.0
Current total success rate: 0.572305593451569

Task: make sure the wine bottle is on the rack
Success: True
# episodes completed so far: 1467
# successes: 840 (57.3%)
Current task success rate: 1.0
Current total success rate: 0.5725971370143149

Task: place the container holding the fermented grape beverage on the storage unit designed for holding such containers
Success: False
# episodes completed so far: 1468
# successes: 840 (57.2%)
Current task success rate: 0.0
Current total success rate: 0.5722070844686649

Task: the wine bottle belongs on the rack please place it there carefully
Success: True
# episodes completed so far: 1469
# successes: 841 (57.2%)
Current task success rate: 1.0
Current total success rate: 0.572498298162015

Task: put the wine bottle on the rack but be careful not to disturb the other bottles
Success: True
# episodes completed so far: 1470
# successes: 842 (57.3%)
Current task success rate: 1.0
Current total success rate: 0.5727891156462585

Task: position the container for the fermented grape beverage into the storage structure designed for holding such items
Success: False
# episodes completed so far: 1471
# successes: 842 (57.2%)
Current task success rate: 0.0
Current total success rate: 0.5723997280761387

Task: ensure the wine bottle is stored on the rack
Success: True
# episodes completed so far: 1472
# successes: 843 (57.3%)
Current task success rate: 1.0
Current total success rate: 0.5726902173913043

Task: could you make sure the wine bottle is placed on the rack
Success: True
# episodes completed so far: 1473
# successes: 844 (57.3%)
Current task success rate: 1.0
Current total success rate: 0.572980312287848

Task: put the wine bottle on the wooden rack in the kitchen just like we always do
Success: True
# episodes completed so far: 1474
# successes: 845 (57.3%)
Current task success rate: 1.0
Current total success rate: 0.573270013568521

Task: instead of leaving it on the table put the wine bottle on the rack where it belongs
Success: True
# episodes completed so far: 1475
# successes: 846 (57.4%)
Current task success rate: 1.0
Current total success rate: 0.5735593220338983

Task: our guests are arriving soon please put the wine bottle on the rack to chill
Success: True
# episodes completed so far: 1476
# successes: 847 (57.4%)
Current task success rate: 1.0
Current total success rate: 0.5738482384823849

Task: make sure the wine bottle is placed on the rack
Success: True
# episodes completed so far: 1477
# successes: 848 (57.4%)
Current task success rate: 1.0
Current total success rate: 0.5741367637102234

Task: after uncorking please put the wine bottle on the rack to maintain its quality
Success: True
# episodes completed so far: 1478
# successes: 849 (57.4%)
Current task success rate: 1.0
Current total success rate: 0.574424898511502

Task: position the container of fermented grapes on the storage structure for similar items
Success: False
# episodes completed so far: 1479
# successes: 849 (57.4%)
Current task success rate: 0.0
Current total success rate: 0.5740365111561866

Task: place the glass container of fermented grapes on the storage structure designed for holding such items
Success: False
# episodes completed so far: 1480
# successes: 849 (57.4%)
Current task success rate: 0.0
Current total success rate: 0.5736486486486486

Task: could you place the wine bottle in the rack for storage
Success: True
# episodes completed so far: 1481
# successes: 850 (57.4%)
Current task success rate: 1.0
Current total success rate: 0.5739365293720459

Task: dont just set it anywhere put the wine bottle on the rack as we discussed
Success: True
# episodes completed so far: 1482
# successes: 851 (57.4%)
Current task success rate: 1.0
Current total success rate: 0.5742240215924427

Task: the party preparations include putting the wine bottle on the rack can you handle that
Success: True
# episodes completed so far: 1483
# successes: 852 (57.5%)
Current task success rate: 1.0
Current total success rate: 0.5745111260957518

Task: position the container with fermented grape drink onto the storage unit designed for holding such containers
Success: False
# episodes completed so far: 1484
# successes: 852 (57.4%)
Current task success rate: 0.0
Current total success rate: 0.5741239892183289

Task: place the wine bottle on the rack please its important to store it properly
Success: True
# episodes completed so far: 1485
# successes: 853 (57.4%)
Current task success rate: 1.0
Current total success rate: 0.5744107744107744

Task: make sure the wine bottle ends up securely placed on the rack
Success: True
# episodes completed so far: 1486
# successes: 854 (57.5%)
Current task success rate: 1.0
Current total success rate: 0.5746971736204576

Task: place the container of fermented grape drink onto the storage structure designed for holding such items
Success: False
# episodes completed so far: 1487
# successes: 854 (57.4%)
Current task success rate: 0.0
Current total success rate: 0.574310692669805

Task: put the wine bottle on the rack but make sure its the one in the dining room
Success: True
# episodes completed so far: 1488
# successes: 855 (57.5%)
Current task success rate: 1.0
Current total success rate: 0.5745967741935484

Task: place the container of fermented grapes on the storage structure designed for holding such items
Success: False
# episodes completed so far: 1489
# successes: 855 (57.4%)
Current task success rate: 0.0
Current total success rate: 0.5742108797850907

Task: the 2018 cabernet should be stored properly put the bottle on the rack now
Success: False
# episodes completed so far: 1490
# successes: 855 (57.4%)
Current task success rate: 0.0
Current total success rate: 0.5738255033557047

Task: make sure the wine bottle ends up on the rack
Success: True
# episodes completed so far: 1491
# successes: 856 (57.4%)
Current task success rate: 1.0
Current total success rate: 0.574111334674715

Task: position the container holding the fermented grape beverage on the storage structure designed for organizing such containers
Success: False
# episodes completed so far: 1492
# successes: 856 (57.4%)
Current task success rate: 0.0
Current total success rate: 0.5737265415549598

Task: place the glass container of fermented grapes on the storage framework designed for holding such items
Success: False
# episodes completed so far: 1493
# successes: 856 (57.3%)
Current task success rate: 0.0
Current total success rate: 0.5733422638981915

Task: place the glass container of fermented grapes onto the storage framework designed for holding such containers
Success: False
# episodes completed so far: 1494
# successes: 856 (57.3%)
Current task success rate: 0.0
Current total success rate: 0.5729585006693441

Task: for proper wine storage please place the bottle on the rack horizontally
Success: True
# episodes completed so far: 1495
# successes: 857 (57.3%)
Current task success rate: 1.0
Current total success rate: 0.5732441471571906

Task: the red wine needs to breathe start by putting the bottle on the rack
Success: True
# episodes completed so far: 1496
# successes: 858 (57.4%)
Current task success rate: 1.0
Current total success rate: 0.5735294117647058

Task: place the container for aged grape beverage into the storage framework designed for holding such containers
Success: False
# episodes completed so far: 1497
# successes: 858 (57.3%)
Current task success rate: 0.0
Current total success rate: 0.5731462925851704

Task: ensure the wine bottle is placed on the rack
Success: True
# episodes completed so far: 1498
# successes: 859 (57.3%)
Current task success rate: 1.0
Current total success rate: 0.5734312416555407

Task: after dinner dont forget to put the wine bottle on the rack for storage
Success: True
# episodes completed so far: 1499
# successes: 860 (57.4%)
Current task success rate: 1.0
Current total success rate: 0.5737158105403602

Task: place the wine container in the holder
Success: False
# episodes completed so far: 1500
# successes: 860 (57.3%)
Current task success rate: 0.0
Current total success rate: 0.5733333333333334

Task: place the glass container for aged grape beverage onto the storage framework designed for such items
Success: False
# episodes completed so far: 1501
# successes: 860 (57.3%)
Current task success rate: 0.0
Current total success rate: 0.5729513657561626

Task: position the glass container of fermented grape liquid onto the storage structure designed for holding such items
Success: False
# episodes completed so far: 1502
# successes: 860 (57.3%)
Current task success rate: 0.0
Current total success rate: 0.5725699067909454

Task: before you leave remember to put the wine bottle on the rack near the window
Success: True
# episodes completed so far: 1503
# successes: 861 (57.3%)
Current task success rate: 1.0
Current total success rate: 0.5728542914171657

Task: could you make sure the wine bottle ends up on the rack
Success: True
# episodes completed so far: 1504
# successes: 862 (57.3%)
Current task success rate: 1.0
Current total success rate: 0.5731382978723404

Task: ensure the wine bottle is placed securely on the rack
Success: True
# episodes completed so far: 1505
# successes: 863 (57.3%)
Current task success rate: 1.0
Current total success rate: 0.573421926910299

Task: could you place the wine bottle in the rack
Success: True
# episodes completed so far: 1506
# successes: 864 (57.4%)
Current task success rate: 1.0
Current total success rate: 0.5737051792828686

Task: could you ensure the wine bottle ends up on the rack
Success: True
# episodes completed so far: 1507
# successes: 865 (57.4%)
Current task success rate: 1.0
Current total success rate: 0.5739880557398805

Task: place the glass container of fermented grapes onto the storage unit designed for holding such items
Success: False
# episodes completed so far: 1508
# successes: 865 (57.4%)
Current task success rate: 0.0
Current total success rate: 0.5736074270557029

Task: open the middle drawer of the cabinet view 0 0 100 0 0 initstate 0 noise 1
Success: True
# episodes completed so far: 1509
# successes: 866 (57.4%)
Current task success rate: 1.0
Current total success rate: 0.5738899933730948

Task: open the middle drawer of the cabinet view 0 0 100 0 0 initstate 0 noise 2
Success: True
# episodes completed so far: 1510
# successes: 867 (57.4%)
Current task success rate: 1.0
Current total success rate: 0.5741721854304636

Task: open the middle drawer of the cabinet view 0 0 100 0 0 initstate 0 noise 3
Success: True
# episodes completed so far: 1511
# successes: 868 (57.4%)
Current task success rate: 1.0
Current total success rate: 0.5744540039708802

Task: open the middle drawer of the cabinet view 0 0 100 0 0 initstate 0 noise 4
Success: True
# episodes completed so far: 1512
# successes: 869 (57.5%)
Current task success rate: 1.0
Current total success rate: 0.5747354497354498

Task: open the middle drawer of the cabinet view 0 0 100 0 0 initstate 0 noise 5
Success: True
# episodes completed so far: 1513
# successes: 870 (57.5%)
Current task success rate: 1.0
Current total success rate: 0.5750165234633179

Task: open the middle drawer of the cabinet view 0 0 100 0 0 initstate 0 noise 6
Success: False
# episodes completed so far: 1514
# successes: 870 (57.5%)
Current task success rate: 0.0
Current total success rate: 0.5746367239101717

Task: open the middle drawer of the cabinet view 0 0 100 0 0 initstate 0 noise 7
Success: True
# episodes completed so far: 1515
# successes: 871 (57.5%)
Current task success rate: 1.0
Current total success rate: 0.574917491749175

Task: open the middle drawer of the cabinet view 0 0 100 0 0 initstate 0 noise 8
Success: False
# episodes completed so far: 1516
# successes: 871 (57.5%)
Current task success rate: 0.0
Current total success rate: 0.5745382585751979

Task: open the middle drawer of the cabinet view 0 0 100 0 0 initstate 0 noise 9
Success: False
# episodes completed so far: 1517
# successes: 871 (57.4%)
Current task success rate: 0.0
Current total success rate: 0.5741595253790376

Task: open the middle drawer of the cabinet view 0 0 100 0 0 initstate 0 noise 10
Success: False
# episodes completed so far: 1518
# successes: 871 (57.4%)
Current task success rate: 0.0
Current total success rate: 0.5737812911725956

Task: open the middle drawer of the cabinet view 0 0 100 0 0 initstate 0 noise 12
Success: True
# episodes completed so far: 1519
# successes: 872 (57.4%)
Current task success rate: 1.0
Current total success rate: 0.5740618828176431

Task: open the middle drawer of the cabinet view 0 0 100 0 0 initstate 0 noise 13
Success: True
# episodes completed so far: 1520
# successes: 873 (57.4%)
Current task success rate: 1.0
Current total success rate: 0.5743421052631579

Task: open the middle drawer of the cabinet view 0 0 100 0 0 initstate 0 noise 14
Success: False
# episodes completed so far: 1521
# successes: 873 (57.4%)
Current task success rate: 0.0
Current total success rate: 0.5739644970414202

Task: open the middle drawer of the cabinet view 0 0 100 0 0 initstate 0 noise 15
Success: False
# episodes completed so far: 1522
# successes: 873 (57.4%)
Current task success rate: 0.0
Current total success rate: 0.573587385019711

Task: open the middle drawer of the cabinet view 0 0 100 0 0 initstate 0 noise 16
Success: False
# episodes completed so far: 1523
# successes: 873 (57.3%)
Current task success rate: 0.0
Current total success rate: 0.5732107682206172

Task: open the middle drawer of the cabinet view 0 0 100 0 0 initstate 0 noise 17
Success: False
# episodes completed so far: 1524
# successes: 873 (57.3%)
Current task success rate: 0.0
Current total success rate: 0.5728346456692913

Task: open the middle drawer of the cabinet view 0 0 100 0 0 initstate 0 noise 18
Success: False
# episodes completed so far: 1525
# successes: 873 (57.2%)
Current task success rate: 0.0
Current total success rate: 0.5724590163934427

Task: open the middle drawer of the cabinet view 0 0 100 0 0 initstate 0 noise 19
Success: False
# episodes completed so far: 1526
# successes: 873 (57.2%)
Current task success rate: 0.0
Current total success rate: 0.572083879423329

Task: open the middle drawer of the cabinet view 0 0 100 0 0 initstate 0 noise 20
Success: True
# episodes completed so far: 1527
# successes: 874 (57.2%)
Current task success rate: 1.0
Current total success rate: 0.5723641126391618

Task: open the middle drawer of the cabinet view 0 0 100 0 0 initstate 0 noise 21
Success: True
# episodes completed so far: 1528
# successes: 875 (57.3%)
Current task success rate: 1.0
Current total success rate: 0.5726439790575916

Task: open the middle drawer of the cabinet view 0 0 100 0 0 initstate 0 noise 23
Success: False
# episodes completed so far: 1529
# successes: 875 (57.2%)
Current task success rate: 0.0
Current total success rate: 0.5722694571615435

Task: open the middle drawer of the cabinet view 0 0 100 0 0 initstate 0 noise 24
Success: True
# episodes completed so far: 1530
# successes: 876 (57.3%)
Current task success rate: 1.0
Current total success rate: 0.5725490196078431

Task: open the middle drawer of the cabinet view 0 0 100 0 0 initstate 0 noise 25
Success: True
# episodes completed so far: 1531
# successes: 877 (57.3%)
Current task success rate: 1.0
Current total success rate: 0.5728282168517309

Task: open the middle drawer of the cabinet view 0 0 100 0 0 initstate 0 noise 26
Success: True
# episodes completed so far: 1532
# successes: 878 (57.3%)
Current task success rate: 1.0
Current total success rate: 0.5731070496083551

Task: open the middle drawer of the cabinet view 0 0 100 0 0 initstate 0 noise 27
Success: True
# episodes completed so far: 1533
# successes: 879 (57.3%)
Current task success rate: 1.0
Current total success rate: 0.5733855185909981

Task: open the middle drawer of the cabinet view 0 0 100 0 0 initstate 0 noise 28
Success: True
# episodes completed so far: 1534
# successes: 880 (57.4%)
Current task success rate: 1.0
Current total success rate: 0.5736636245110821

Task: open the middle drawer of the cabinet view 0 0 100 0 0 initstate 0 noise 35
Success: True
# episodes completed so far: 1535
# successes: 881 (57.4%)
Current task success rate: 1.0
Current total success rate: 0.5739413680781759

Task: open the middle drawer of the cabinet view 0 0 100 0 0 initstate 0 noise 36
Success: True
# episodes completed so far: 1536
# successes: 882 (57.4%)
Current task success rate: 1.0
Current total success rate: 0.57421875

Task: open the middle drawer of the cabinet view 0 0 100 0 0 initstate 0 noise 37
Success: True
# episodes completed so far: 1537
# successes: 883 (57.4%)
Current task success rate: 1.0
Current total success rate: 0.5744957709824333

Task: open the middle drawer of the cabinet view 0 0 100 0 0 initstate 0 noise 38
Success: True
# episodes completed so far: 1538
# successes: 884 (57.5%)
Current task success rate: 1.0
Current total success rate: 0.5747724317295189

Task: open the middle drawer of the cabinet view 0 0 100 0 0 initstate 0 noise 39
Success: True
# episodes completed so far: 1539
# successes: 885 (57.5%)
Current task success rate: 1.0
Current total success rate: 0.5750487329434698

Task: open the middle drawer of the cabinet view 0 0 100 0 0 initstate 0 noise 40
Success: True
# episodes completed so far: 1540
# successes: 886 (57.5%)
Current task success rate: 1.0
Current total success rate: 0.5753246753246753

Task: open the middle drawer of the cabinet view 0 0 100 0 0 initstate 0 noise 41
Success: True
# episodes completed so far: 1541
# successes: 887 (57.6%)
Current task success rate: 1.0
Current total success rate: 0.5756002595717067

Task: open the middle drawer of the cabinet view 0 0 100 0 0 initstate 0 noise 42
Success: True
# episodes completed so far: 1542
# successes: 888 (57.6%)
Current task success rate: 1.0
Current total success rate: 0.5758754863813229

Task: open the middle drawer of the cabinet view 0 0 100 0 0 initstate 0 noise 43
Success: True
# episodes completed so far: 1543
# successes: 889 (57.6%)
Current task success rate: 1.0
Current total success rate: 0.576150356448477

Task: open the middle drawer of the cabinet view 0 0 100 0 0 initstate 0 noise 44
Success: True
# episodes completed so far: 1544
# successes: 890 (57.6%)
Current task success rate: 1.0
Current total success rate: 0.5764248704663213

Task: open the middle drawer of the cabinet view 0 0 100 0 0 initstate 0 noise 45
Success: True
# episodes completed so far: 1545
# successes: 891 (57.7%)
Current task success rate: 1.0
Current total success rate: 0.5766990291262136

Task: open the middle drawer of the cabinet view 0 0 100 0 0 initstate 0 noise 46
Success: True
# episodes completed so far: 1546
# successes: 892 (57.7%)
Current task success rate: 1.0
Current total success rate: 0.5769728331177232

Task: open the middle drawer of the cabinet view 0 0 100 0 0 initstate 0 noise 47
Success: False
# episodes completed so far: 1547
# successes: 892 (57.7%)
Current task success rate: 0.0
Current total success rate: 0.5765998707175177

Task: open the middle drawer of the cabinet view 0 0 100 0 0 initstate 0 noise 48
Success: False
# episodes completed so far: 1548
# successes: 892 (57.6%)
Current task success rate: 0.0
Current total success rate: 0.5762273901808785

Task: open the middle drawer of the cabinet view 0 0 100 0 0 initstate 0 noise 49
Success: False
# episodes completed so far: 1549
# successes: 892 (57.6%)
Current task success rate: 0.0
Current total success rate: 0.5758553905745643

Task: open the middle drawer of the cabinet view 0 0 100 0 0 initstate 0 noise 50
Success: False
# episodes completed so far: 1550
# successes: 892 (57.5%)
Current task success rate: 0.0
Current total success rate: 0.5754838709677419

Task: put the bowl on the stove view 0 0 100 0 0 initstate 0 noise 4
Success: True
# episodes completed so far: 1551
# successes: 893 (57.6%)
Current task success rate: 1.0
Current total success rate: 0.5757575757575758

Task: put the bowl on the stove view 0 0 100 0 0 initstate 0 noise 5
Success: True
# episodes completed so far: 1552
# successes: 894 (57.6%)
Current task success rate: 1.0
Current total success rate: 0.5760309278350515

Task: put the bowl on the stove view 0 0 100 0 0 initstate 0 noise 6
Success: True
# episodes completed so far: 1553
# successes: 895 (57.6%)
Current task success rate: 1.0
Current total success rate: 0.5763039278815196

Task: put the bowl on the stove view 0 0 100 0 0 initstate 0 noise 7
Success: True
# episodes completed so far: 1554
# successes: 896 (57.7%)
Current task success rate: 1.0
Current total success rate: 0.5765765765765766

Task: put the bowl on the stove view 0 0 100 0 0 initstate 0 noise 8
Success: True
# episodes completed so far: 1555
# successes: 897 (57.7%)
Current task success rate: 1.0
Current total success rate: 0.5768488745980708

Task: put the bowl on the stove view 0 0 100 0 0 initstate 0 noise 9
Success: True
# episodes completed so far: 1556
# successes: 898 (57.7%)
Current task success rate: 1.0
Current total success rate: 0.577120822622108

Task: put the bowl on the stove view 0 0 100 0 0 initstate 0 noise 13
Success: True
# episodes completed so far: 1557
# successes: 899 (57.7%)
Current task success rate: 1.0
Current total success rate: 0.5773924213230571

Task: put the bowl on the stove view 0 0 100 0 0 initstate 0 noise 14
Success: True
# episodes completed so far: 1558
# successes: 900 (57.8%)
Current task success rate: 1.0
Current total success rate: 0.5776636713735558

Task: put the bowl on the stove view 0 0 100 0 0 initstate 0 noise 15
Success: True
# episodes completed so far: 1559
# successes: 901 (57.8%)
Current task success rate: 1.0
Current total success rate: 0.5779345734445157

Task: put the bowl on the stove view 0 0 100 0 0 initstate 0 noise 16
Success: False
# episodes completed so far: 1560
# successes: 901 (57.8%)
Current task success rate: 0.0
Current total success rate: 0.5775641025641025

Task: put the bowl on the stove view 0 0 100 0 0 initstate 0 noise 17
Success: False
# episodes completed so far: 1561
# successes: 901 (57.7%)
Current task success rate: 0.0
Current total success rate: 0.5771941063420885

Task: put the bowl on the stove view 0 0 100 0 0 initstate 0 noise 18
Success: False
# episodes completed so far: 1562
# successes: 901 (57.7%)
Current task success rate: 0.0
Current total success rate: 0.5768245838668374

Task: put the bowl on the stove view 0 0 100 0 0 initstate 0 noise 19
Success: False
# episodes completed so far: 1563
# successes: 901 (57.6%)
Current task success rate: 0.0
Current total success rate: 0.5764555342290467

Task: put the bowl on the stove view 0 0 100 0 0 initstate 0 noise 20
Success: False
# episodes completed so far: 1564
# successes: 901 (57.6%)
Current task success rate: 0.0
Current total success rate: 0.5760869565217391

Task: put the bowl on the stove view 0 0 100 0 0 initstate 0 noise 25
Success: True
# episodes completed so far: 1565
# successes: 902 (57.6%)
Current task success rate: 1.0
Current total success rate: 0.5763578274760384

Task: put the bowl on the stove view 0 0 100 0 0 initstate 0 noise 26
Success: True
# episodes completed so far: 1566
# successes: 903 (57.7%)
Current task success rate: 1.0
Current total success rate: 0.5766283524904214

Task: put the bowl on the stove view 0 0 100 0 0 initstate 0 noise 27
Success: True
# episodes completed so far: 1567
# successes: 904 (57.7%)
Current task success rate: 1.0
Current total success rate: 0.5768985322271857

Task: put the bowl on the stove view 0 0 100 0 0 initstate 0 noise 28
Success: False
# episodes completed so far: 1568
# successes: 904 (57.7%)
Current task success rate: 0.0
Current total success rate: 0.576530612244898

Task: put the bowl on the stove view 0 0 100 0 0 initstate 0 noise 29
Success: True
# episodes completed so far: 1569
# successes: 905 (57.7%)
Current task success rate: 1.0
Current total success rate: 0.5768005098789037

Task: put the bowl on the stove view 0 0 100 0 0 initstate 0 noise 36
Success: True
# episodes completed so far: 1570
# successes: 906 (57.7%)
Current task success rate: 1.0
Current total success rate: 0.5770700636942675

Task: put the bowl on the stove view 0 0 100 0 0 initstate 0 noise 37
Success: True
# episodes completed so far: 1571
# successes: 907 (57.7%)
Current task success rate: 1.0
Current total success rate: 0.5773392743475493

Task: put the bowl on the stove view 0 0 100 0 0 initstate 0 noise 38
Success: True
# episodes completed so far: 1572
# successes: 908 (57.8%)
Current task success rate: 1.0
Current total success rate: 0.5776081424936387

Task: put the bowl on the stove view 0 0 100 0 0 initstate 0 noise 43
Success: True
# episodes completed so far: 1573
# successes: 909 (57.8%)
Current task success rate: 1.0
Current total success rate: 0.5778766687857597

Task: put the bowl on the stove view 0 0 100 0 0 initstate 0 noise 44
Success: True
# episodes completed so far: 1574
# successes: 910 (57.8%)
Current task success rate: 1.0
Current total success rate: 0.5781448538754765

Task: put the bowl on the stove view 0 0 100 0 0 initstate 0 noise 45
Success: True
# episodes completed so far: 1575
# successes: 911 (57.8%)
Current task success rate: 1.0
Current total success rate: 0.5784126984126984

Task: put the bowl on the stove view 0 0 100 0 0 initstate 0 noise 46
Success: True
# episodes completed so far: 1576
# successes: 912 (57.9%)
Current task success rate: 1.0
Current total success rate: 0.5786802030456852

Task: put the bowl on the stove view 0 0 100 0 0 initstate 0 noise 48
Success: True
# episodes completed so far: 1577
# successes: 913 (57.9%)
Current task success rate: 1.0
Current total success rate: 0.5789473684210527

Task: put the bowl on the stove view 0 0 100 0 0 initstate 0 noise 49
Success: True
# episodes completed so far: 1578
# successes: 914 (57.9%)
Current task success rate: 1.0
Current total success rate: 0.5792141951837769

Task: put the bowl on the stove view 0 0 100 0 0 initstate 0 noise 50
Success: True
# episodes completed so far: 1579
# successes: 915 (57.9%)
Current task success rate: 1.0
Current total success rate: 0.5794806839772008

Task: put the wine bottle on top of the cabinet view 0 0 100 0 0 initstate 0 noise 1
Success: True
# episodes completed so far: 1580
# successes: 916 (58.0%)
Current task success rate: 1.0
Current total success rate: 0.579746835443038

Task: put the wine bottle on top of the cabinet view 0 0 100 0 0 initstate 0 noise 3
Success: True
# episodes completed so far: 1581
# successes: 917 (58.0%)
Current task success rate: 1.0
Current total success rate: 0.5800126502213788

Task: put the wine bottle on top of the cabinet view 0 0 100 0 0 initstate 0 noise 4
Success: True
# episodes completed so far: 1582
# successes: 918 (58.0%)
Current task success rate: 1.0
Current total success rate: 0.5802781289506953

Task: put the wine bottle on top of the cabinet view 0 0 100 0 0 initstate 0 noise 5
Success: True
# episodes completed so far: 1583
# successes: 919 (58.1%)
Current task success rate: 1.0
Current total success rate: 0.5805432722678459

Task: put the wine bottle on top of the cabinet view 0 0 100 0 0 initstate 0 noise 6
Success: True
# episodes completed so far: 1584
# successes: 920 (58.1%)
Current task success rate: 1.0
Current total success rate: 0.5808080808080808

Task: put the wine bottle on top of the cabinet view 0 0 100 0 0 initstate 0 noise 7
Success: True
# episodes completed so far: 1585
# successes: 921 (58.1%)
Current task success rate: 1.0
Current total success rate: 0.5810725552050473

Task: put the wine bottle on top of the cabinet view 0 0 100 0 0 initstate 0 noise 8
Success: False
# episodes completed so far: 1586
# successes: 921 (58.1%)
Current task success rate: 0.0
Current total success rate: 0.5807061790668349

Task: put the wine bottle on top of the cabinet view 0 0 100 0 0 initstate 0 noise 9
Success: False
# episodes completed so far: 1587
# successes: 921 (58.0%)
Current task success rate: 0.0
Current total success rate: 0.5803402646502835

Task: put the wine bottle on top of the cabinet view 0 0 100 0 0 initstate 0 noise 10
Success: True
# episodes completed so far: 1588
# successes: 922 (58.1%)
Current task success rate: 1.0
Current total success rate: 0.5806045340050378

Task: put the wine bottle on top of the cabinet view 0 0 100 0 0 initstate 0 noise 11
Success: True
# episodes completed so far: 1589
# successes: 923 (58.1%)
Current task success rate: 1.0
Current total success rate: 0.5808684707363121

Task: put the wine bottle on top of the cabinet view 0 0 100 0 0 initstate 0 noise 13
Success: True
# episodes completed so far: 1590
# successes: 924 (58.1%)
Current task success rate: 1.0
Current total success rate: 0.5811320754716981

Task: put the wine bottle on top of the cabinet view 0 0 100 0 0 initstate 0 noise 14
Success: True
# episodes completed so far: 1591
# successes: 925 (58.1%)
Current task success rate: 1.0
Current total success rate: 0.5813953488372093

Task: put the wine bottle on top of the cabinet view 0 0 100 0 0 initstate 0 noise 15
Success: True
# episodes completed so far: 1592
# successes: 926 (58.2%)
Current task success rate: 1.0
Current total success rate: 0.5816582914572864

Task: put the wine bottle on top of the cabinet view 0 0 100 0 0 initstate 0 noise 16
Success: False
# episodes completed so far: 1593
# successes: 926 (58.1%)
Current task success rate: 0.0
Current total success rate: 0.581293157564344

Task: put the wine bottle on top of the cabinet view 0 0 100 0 0 initstate 0 noise 17
Success: True
# episodes completed so far: 1594
# successes: 927 (58.2%)
Current task success rate: 1.0
Current total success rate: 0.581555834378921

Task: put the wine bottle on top of the cabinet view 0 0 100 0 0 initstate 0 noise 18
Success: True
# episodes completed so far: 1595
# successes: 928 (58.2%)
Current task success rate: 1.0
Current total success rate: 0.5818181818181818

Task: put the wine bottle on top of the cabinet view 0 0 100 0 0 initstate 0 noise 20
Success: True
# episodes completed so far: 1596
# successes: 929 (58.2%)
Current task success rate: 1.0
Current total success rate: 0.5820802005012531

Task: put the wine bottle on top of the cabinet view 0 0 100 0 0 initstate 0 noise 22
Success: True
# episodes completed so far: 1597
# successes: 930 (58.2%)
Current task success rate: 1.0
Current total success rate: 0.5823418910457107

Task: put the wine bottle on top of the cabinet view 0 0 100 0 0 initstate 0 noise 25
Success: True
# episodes completed so far: 1598
# successes: 931 (58.3%)
Current task success rate: 1.0
Current total success rate: 0.5826032540675845

Task: put the wine bottle on top of the cabinet view 0 0 100 0 0 initstate 0 noise 27
Success: True
# episodes completed so far: 1599
# successes: 932 (58.3%)
Current task success rate: 1.0
Current total success rate: 0.5828642901813633

Task: put the wine bottle on top of the cabinet view 0 0 100 0 0 initstate 0 noise 28
Success: True
# episodes completed so far: 1600
# successes: 933 (58.3%)
Current task success rate: 1.0
Current total success rate: 0.583125

Task: put the wine bottle on top of the cabinet view 0 0 100 0 0 initstate 0 noise 29
Success: True
# episodes completed so far: 1601
# successes: 934 (58.3%)
Current task success rate: 1.0
Current total success rate: 0.5833853841349157

Task: put the wine bottle on top of the cabinet view 0 0 100 0 0 initstate 0 noise 30
Success: True
# episodes completed so far: 1602
# successes: 935 (58.4%)
Current task success rate: 1.0
Current total success rate: 0.583645443196005

Task: put the wine bottle on top of the cabinet view 0 0 100 0 0 initstate 0 noise 31
Success: True
# episodes completed so far: 1603
# successes: 936 (58.4%)
Current task success rate: 1.0
Current total success rate: 0.5839051777916406

Task: put the wine bottle on top of the cabinet view 0 0 100 0 0 initstate 0 noise 36
Success: True
# episodes completed so far: 1604
# successes: 937 (58.4%)
Current task success rate: 1.0
Current total success rate: 0.5841645885286783

Task: put the wine bottle on top of the cabinet view 0 0 100 0 0 initstate 0 noise 37
Success: True
# episodes completed so far: 1605
# successes: 938 (58.4%)
Current task success rate: 1.0
Current total success rate: 0.584423676012461

Task: put the wine bottle on top of the cabinet view 0 0 100 0 0 initstate 0 noise 38
Success: True
# episodes completed so far: 1606
# successes: 939 (58.5%)
Current task success rate: 1.0
Current total success rate: 0.5846824408468244

Task: put the wine bottle on top of the cabinet view 0 0 100 0 0 initstate 0 noise 39
Success: True
# episodes completed so far: 1607
# successes: 940 (58.5%)
Current task success rate: 1.0
Current total success rate: 0.5849408836341008

Task: put the wine bottle on top of the cabinet view 0 0 100 0 0 initstate 0 noise 40
Success: True
# episodes completed so far: 1608
# successes: 941 (58.5%)
Current task success rate: 1.0
Current total success rate: 0.5851990049751243

Task: put the wine bottle on top of the cabinet view 0 0 100 0 0 initstate 0 noise 41
Success: True
# episodes completed so far: 1609
# successes: 942 (58.5%)
Current task success rate: 1.0
Current total success rate: 0.5854568054692355

Task: put the wine bottle on top of the cabinet view 0 0 100 0 0 initstate 0 noise 43
Success: True
# episodes completed so far: 1610
# successes: 943 (58.6%)
Current task success rate: 1.0
Current total success rate: 0.5857142857142857

Task: put the wine bottle on top of the cabinet view 0 0 100 0 0 initstate 0 noise 44
Success: True
# episodes completed so far: 1611
# successes: 944 (58.6%)
Current task success rate: 1.0
Current total success rate: 0.5859714463066419

Task: put the wine bottle on top of the cabinet view 0 0 100 0 0 initstate 0 noise 45
Success: True
# episodes completed so far: 1612
# successes: 945 (58.6%)
Current task success rate: 1.0
Current total success rate: 0.5862282878411911

Task: put the wine bottle on top of the cabinet view 0 0 100 0 0 initstate 0 noise 46
Success: True
# episodes completed so far: 1613
# successes: 946 (58.6%)
Current task success rate: 1.0
Current total success rate: 0.5864848109113453

Task: put the wine bottle on top of the cabinet view 0 0 100 0 0 initstate 0 noise 47
Success: True
# episodes completed so far: 1614
# successes: 947 (58.7%)
Current task success rate: 1.0
Current total success rate: 0.5867410161090458

Task: put the wine bottle on top of the cabinet view 0 0 100 0 0 initstate 0 noise 48
Success: True
# episodes completed so far: 1615
# successes: 948 (58.7%)
Current task success rate: 1.0
Current total success rate: 0.5869969040247678

Task: put the wine bottle on top of the cabinet view 0 0 100 0 0 initstate 0 noise 49
Success: True
# episodes completed so far: 1616
# successes: 949 (58.7%)
Current task success rate: 1.0
Current total success rate: 0.5872524752475248

Task: put the wine bottle on top of the cabinet view 0 0 100 0 0 initstate 0 noise 50
Success: True
# episodes completed so far: 1617
# successes: 950 (58.8%)
Current task success rate: 1.0
Current total success rate: 0.5875077303648732

Task: open the top drawer and put the bowl inside view 0 0 100 0 0 initstate 0 noise 1
Success: True
# episodes completed so far: 1618
# successes: 951 (58.8%)
Current task success rate: 1.0
Current total success rate: 0.5877626699629172

Task: open the top drawer and put the bowl inside view 0 0 100 0 0 initstate 0 noise 2
Success: True
# episodes completed so far: 1619
# successes: 952 (58.8%)
Current task success rate: 1.0
Current total success rate: 0.5880172946263126

Task: open the top drawer and put the bowl inside view 0 0 100 0 0 initstate 0 noise 3
Success: True
# episodes completed so far: 1620
# successes: 953 (58.8%)
Current task success rate: 1.0
Current total success rate: 0.5882716049382716

Task: open the top drawer and put the bowl inside view 0 0 100 0 0 initstate 0 noise 5
Success: False
# episodes completed so far: 1621
# successes: 953 (58.8%)
Current task success rate: 0.0
Current total success rate: 0.5879086983343615

Task: open the top drawer and put the bowl inside view 0 0 100 0 0 initstate 0 noise 7
Success: False
# episodes completed so far: 1622
# successes: 953 (58.8%)
Current task success rate: 0.0
Current total success rate: 0.5875462392108508

Task: open the top drawer and put the bowl inside view 0 0 100 0 0 initstate 0 noise 8
Success: False
# episodes completed so far: 1623
# successes: 953 (58.7%)
Current task success rate: 0.0
Current total success rate: 0.5871842267406038

Task: open the top drawer and put the bowl inside view 0 0 100 0 0 initstate 0 noise 9
Success: False
# episodes completed so far: 1624
# successes: 953 (58.7%)
Current task success rate: 0.0
Current total success rate: 0.5868226600985221

Task: open the top drawer and put the bowl inside view 0 0 100 0 0 initstate 0 noise 10
Success: False
# episodes completed so far: 1625
# successes: 953 (58.6%)
Current task success rate: 0.0
Current total success rate: 0.5864615384615385

Task: open the top drawer and put the bowl inside view 0 0 100 0 0 initstate 0 noise 11
Success: True
# episodes completed so far: 1626
# successes: 954 (58.7%)
Current task success rate: 1.0
Current total success rate: 0.5867158671586716

Task: open the top drawer and put the bowl inside view 0 0 100 0 0 initstate 0 noise 13
Success: False
# episodes completed so far: 1627
# successes: 954 (58.6%)
Current task success rate: 0.0
Current total success rate: 0.5863552550706822

Task: open the top drawer and put the bowl inside view 0 0 100 0 0 initstate 0 noise 14
Success: False
# episodes completed so far: 1628
# successes: 954 (58.6%)
Current task success rate: 0.0
Current total success rate: 0.585995085995086

Task: open the top drawer and put the bowl inside view 0 0 100 0 0 initstate 0 noise 15
Success: False
# episodes completed so far: 1629
# successes: 954 (58.6%)
Current task success rate: 0.0
Current total success rate: 0.585635359116022

Task: open the top drawer and put the bowl inside view 0 0 100 0 0 initstate 0 noise 16
Success: False
# episodes completed so far: 1630
# successes: 954 (58.5%)
Current task success rate: 0.0
Current total success rate: 0.5852760736196319

Task: open the top drawer and put the bowl inside view 0 0 100 0 0 initstate 0 noise 17
Success: False
# episodes completed so far: 1631
# successes: 954 (58.5%)
Current task success rate: 0.0
Current total success rate: 0.5849172286940527

Task: open the top drawer and put the bowl inside view 0 0 100 0 0 initstate 0 noise 19
Success: False
# episodes completed so far: 1632
# successes: 954 (58.5%)
Current task success rate: 0.0
Current total success rate: 0.5845588235294118

Task: open the top drawer and put the bowl inside view 0 0 100 0 0 initstate 0 noise 20
Success: False
# episodes completed so far: 1633
# successes: 954 (58.4%)
Current task success rate: 0.0
Current total success rate: 0.58420085731782

Task: open the top drawer and put the bowl inside view 0 0 100 0 0 initstate 0 noise 21
Success: True
# episodes completed so far: 1634
# successes: 955 (58.4%)
Current task success rate: 1.0
Current total success rate: 0.5844553243574051

Task: open the top drawer and put the bowl inside view 0 0 100 0 0 initstate 0 noise 22
Success: True
# episodes completed so far: 1635
# successes: 956 (58.5%)
Current task success rate: 1.0
Current total success rate: 0.5847094801223242

Task: open the top drawer and put the bowl inside view 0 0 100 0 0 initstate 0 noise 23
Success: False
# episodes completed so far: 1636
# successes: 956 (58.4%)
Current task success rate: 0.0
Current total success rate: 0.5843520782396088

Task: open the top drawer and put the bowl inside view 0 0 100 0 0 initstate 0 noise 25
Success: False
# episodes completed so far: 1637
# successes: 956 (58.4%)
Current task success rate: 0.0
Current total success rate: 0.5839951130116066

Task: open the top drawer and put the bowl inside view 0 0 100 0 0 initstate 0 noise 27
Success: False
# episodes completed so far: 1638
# successes: 956 (58.4%)
Current task success rate: 0.0
Current total success rate: 0.5836385836385837

Task: open the top drawer and put the bowl inside view 0 0 100 0 0 initstate 0 noise 28
Success: False
# episodes completed so far: 1639
# successes: 956 (58.3%)
Current task success rate: 0.0
Current total success rate: 0.5832824893227577

Task: open the top drawer and put the bowl inside view 0 0 100 0 0 initstate 0 noise 30
Success: False
# episodes completed so far: 1640
# successes: 956 (58.3%)
Current task success rate: 0.0
Current total success rate: 0.5829268292682926

Task: open the top drawer and put the bowl inside view 0 0 100 0 0 initstate 0 noise 31
Success: True
# episodes completed so far: 1641
# successes: 957 (58.3%)
Current task success rate: 1.0
Current total success rate: 0.583180987202925

Task: open the top drawer and put the bowl inside view 0 0 100 0 0 initstate 0 noise 32
Success: True
# episodes completed so far: 1642
# successes: 958 (58.3%)
Current task success rate: 1.0
Current total success rate: 0.5834348355663824

Task: open the top drawer and put the bowl inside view 0 0 100 0 0 initstate 0 noise 33
Success: True
# episodes completed so far: 1643
# successes: 959 (58.4%)
Current task success rate: 1.0
Current total success rate: 0.5836883749239197

Task: open the top drawer and put the bowl inside view 0 0 100 0 0 initstate 0 noise 35
Success: True
# episodes completed so far: 1644
# successes: 960 (58.4%)
Current task success rate: 1.0
Current total success rate: 0.583941605839416

Task: open the top drawer and put the bowl inside view 0 0 100 0 0 initstate 0 noise 36
Success: False
# episodes completed so far: 1645
# successes: 960 (58.4%)
Current task success rate: 0.0
Current total success rate: 0.5835866261398176

Task: open the top drawer and put the bowl inside view 0 0 100 0 0 initstate 0 noise 37
Success: False
# episodes completed so far: 1646
# successes: 960 (58.3%)
Current task success rate: 0.0
Current total success rate: 0.583232077764277

Task: open the top drawer and put the bowl inside view 0 0 100 0 0 initstate 0 noise 38
Success: False
# episodes completed so far: 1647
# successes: 960 (58.3%)
Current task success rate: 0.0
Current total success rate: 0.5828779599271403

Task: open the top drawer and put the bowl inside view 0 0 100 0 0 initstate 0 noise 40
Success: False
# episodes completed so far: 1648
# successes: 960 (58.3%)
Current task success rate: 0.0
Current total success rate: 0.5825242718446602

Task: open the top drawer and put the bowl inside view 0 0 100 0 0 initstate 0 noise 41
Success: True
# episodes completed so far: 1649
# successes: 961 (58.3%)
Current task success rate: 1.0
Current total success rate: 0.5827774408732566

Task: open the top drawer and put the bowl inside view 0 0 100 0 0 initstate 0 noise 42
Success: True
# episodes completed so far: 1650
# successes: 962 (58.3%)
Current task success rate: 1.0
Current total success rate: 0.583030303030303

Task: open the top drawer and put the bowl inside view 0 0 100 0 0 initstate 0 noise 43
Success: False
# episodes completed so far: 1651
# successes: 962 (58.3%)
Current task success rate: 0.0
Current total success rate: 0.5826771653543307

Task: open the top drawer and put the bowl inside view 0 0 100 0 0 initstate 0 noise 44
Success: False
# episodes completed so far: 1652
# successes: 962 (58.2%)
Current task success rate: 0.0
Current total success rate: 0.5823244552058111

Task: open the top drawer and put the bowl inside view 0 0 100 0 0 initstate 0 noise 45
Success: False
# episodes completed so far: 1653
# successes: 962 (58.2%)
Current task success rate: 0.0
Current total success rate: 0.5819721718088324

Task: open the top drawer and put the bowl inside view 0 0 100 0 0 initstate 0 noise 46
Success: False
# episodes completed so far: 1654
# successes: 962 (58.2%)
Current task success rate: 0.0
Current total success rate: 0.5816203143893591

Task: open the top drawer and put the bowl inside view 0 0 100 0 0 initstate 0 noise 47
Success: False
# episodes completed so far: 1655
# successes: 962 (58.1%)
Current task success rate: 0.0
Current total success rate: 0.5812688821752265

Task: open the top drawer and put the bowl inside view 0 0 100 0 0 initstate 0 noise 48
Success: False
# episodes completed so far: 1656
# successes: 962 (58.1%)
Current task success rate: 0.0
Current total success rate: 0.5809178743961353

Task: open the top drawer and put the bowl inside view 0 0 100 0 0 initstate 0 noise 49
Success: False
# episodes completed so far: 1657
# successes: 962 (58.1%)
Current task success rate: 0.0
Current total success rate: 0.5805672902836452

Task: open the top drawer and put the bowl inside view 0 0 100 0 0 initstate 0 noise 50
Success: False
# episodes completed so far: 1658
# successes: 962 (58.0%)
Current task success rate: 0.0
Current total success rate: 0.5802171290711701

Task: put the bowl on top of the cabinet view 0 0 100 0 0 initstate 0 noise 1
Success: True
# episodes completed so far: 1659
# successes: 963 (58.0%)
Current task success rate: 1.0
Current total success rate: 0.5804701627486437

Task: put the bowl on top of the cabinet view 0 0 100 0 0 initstate 0 noise 2
Success: True
# episodes completed so far: 1660
# successes: 964 (58.1%)
Current task success rate: 1.0
Current total success rate: 0.5807228915662651

Task: put the bowl on top of the cabinet view 0 0 100 0 0 initstate 0 noise 4
Success: True
# episodes completed so far: 1661
# successes: 965 (58.1%)
Current task success rate: 1.0
Current total success rate: 0.5809753160746538

Task: put the bowl on top of the cabinet view 0 0 100 0 0 initstate 0 noise 5
Success: True
# episodes completed so far: 1662
# successes: 966 (58.1%)
Current task success rate: 1.0
Current total success rate: 0.5812274368231047

Task: put the bowl on top of the cabinet view 0 0 100 0 0 initstate 0 noise 6
Success: True
# episodes completed so far: 1663
# successes: 967 (58.1%)
Current task success rate: 1.0
Current total success rate: 0.5814792543595911

Task: put the bowl on top of the cabinet view 0 0 100 0 0 initstate 0 noise 7
Success: True
# episodes completed so far: 1664
# successes: 968 (58.2%)
Current task success rate: 1.0
Current total success rate: 0.5817307692307693

Task: put the bowl on top of the cabinet view 0 0 100 0 0 initstate 0 noise 8
Success: True
# episodes completed so far: 1665
# successes: 969 (58.2%)
Current task success rate: 1.0
Current total success rate: 0.581981981981982

Task: put the bowl on top of the cabinet view 0 0 100 0 0 initstate 0 noise 9
Success: True
# episodes completed so far: 1666
# successes: 970 (58.2%)
Current task success rate: 1.0
Current total success rate: 0.5822328931572629

Task: put the bowl on top of the cabinet view 0 0 100 0 0 initstate 0 noise 10
Success: True
# episodes completed so far: 1667
# successes: 971 (58.2%)
Current task success rate: 1.0
Current total success rate: 0.5824835032993402

Task: put the bowl on top of the cabinet view 0 0 100 0 0 initstate 0 noise 11
Success: False
# episodes completed so far: 1668
# successes: 971 (58.2%)
Current task success rate: 0.0
Current total success rate: 0.5821342925659473

Task: put the bowl on top of the cabinet view 0 0 100 0 0 initstate 0 noise 12
Success: True
# episodes completed so far: 1669
# successes: 972 (58.2%)
Current task success rate: 1.0
Current total success rate: 0.5823846614739365

Task: put the bowl on top of the cabinet view 0 0 100 0 0 initstate 0 noise 13
Success: True
# episodes completed so far: 1670
# successes: 973 (58.3%)
Current task success rate: 1.0
Current total success rate: 0.5826347305389221

Task: put the bowl on top of the cabinet view 0 0 100 0 0 initstate 0 noise 14
Success: True
# episodes completed so far: 1671
# successes: 974 (58.3%)
Current task success rate: 1.0
Current total success rate: 0.582884500299222

Task: put the bowl on top of the cabinet view 0 0 100 0 0 initstate 0 noise 15
Success: True
# episodes completed so far: 1672
# successes: 975 (58.3%)
Current task success rate: 1.0
Current total success rate: 0.5831339712918661

Task: put the bowl on top of the cabinet view 0 0 100 0 0 initstate 0 noise 16
Success: True
# episodes completed so far: 1673
# successes: 976 (58.3%)
Current task success rate: 1.0
Current total success rate: 0.5833831440526002

Task: put the bowl on top of the cabinet view 0 0 100 0 0 initstate 0 noise 17
Success: True
# episodes completed so far: 1674
# successes: 977 (58.4%)
Current task success rate: 1.0
Current total success rate: 0.5836320191158901

Task: put the bowl on top of the cabinet view 0 0 100 0 0 initstate 0 noise 18
Success: True
# episodes completed so far: 1675
# successes: 978 (58.4%)
Current task success rate: 1.0
Current total success rate: 0.5838805970149253

Task: put the bowl on top of the cabinet view 0 0 100 0 0 initstate 0 noise 19
Success: True
# episodes completed so far: 1676
# successes: 979 (58.4%)
Current task success rate: 1.0
Current total success rate: 0.584128878281623

Task: put the bowl on top of the cabinet view 0 0 100 0 0 initstate 0 noise 20
Success: True
# episodes completed so far: 1677
# successes: 980 (58.4%)
Current task success rate: 1.0
Current total success rate: 0.5843768634466309

Task: put the bowl on top of the cabinet view 0 0 100 0 0 initstate 0 noise 21
Success: True
# episodes completed so far: 1678
# successes: 981 (58.5%)
Current task success rate: 1.0
Current total success rate: 0.5846245530393326

Task: put the bowl on top of the cabinet view 0 0 100 0 0 initstate 0 noise 22
Success: True
# episodes completed so far: 1679
# successes: 982 (58.5%)
Current task success rate: 1.0
Current total success rate: 0.5848719475878499

Task: put the bowl on top of the cabinet view 0 0 100 0 0 initstate 0 noise 23
Success: True
# episodes completed so far: 1680
# successes: 983 (58.5%)
Current task success rate: 1.0
Current total success rate: 0.5851190476190476

Task: put the bowl on top of the cabinet view 0 0 100 0 0 initstate 0 noise 25
Success: True
# episodes completed so far: 1681
# successes: 984 (58.5%)
Current task success rate: 1.0
Current total success rate: 0.5853658536585366

Task: put the bowl on top of the cabinet view 0 0 100 0 0 initstate 0 noise 26
Success: True
# episodes completed so far: 1682
# successes: 985 (58.6%)
Current task success rate: 1.0
Current total success rate: 0.5856123662306778

Task: put the bowl on top of the cabinet view 0 0 100 0 0 initstate 0 noise 27
Success: True
# episodes completed so far: 1683
# successes: 986 (58.6%)
Current task success rate: 1.0
Current total success rate: 0.5858585858585859

Task: put the bowl on top of the cabinet view 0 0 100 0 0 initstate 0 noise 28
Success: True
# episodes completed so far: 1684
# successes: 987 (58.6%)
Current task success rate: 1.0
Current total success rate: 0.586104513064133

Task: put the bowl on top of the cabinet view 0 0 100 0 0 initstate 0 noise 29
Success: True
# episodes completed so far: 1685
# successes: 988 (58.6%)
Current task success rate: 1.0
Current total success rate: 0.5863501483679525

Task: put the bowl on top of the cabinet view 0 0 100 0 0 initstate 0 noise 30
Success: True
# episodes completed so far: 1686
# successes: 989 (58.7%)
Current task success rate: 1.0
Current total success rate: 0.5865954922894425

Task: put the bowl on top of the cabinet view 0 0 100 0 0 initstate 0 noise 32
Success: True
# episodes completed so far: 1687
# successes: 990 (58.7%)
Current task success rate: 1.0
Current total success rate: 0.5868405453467694

Task: put the bowl on top of the cabinet view 0 0 100 0 0 initstate 0 noise 33
Success: True
# episodes completed so far: 1688
# successes: 991 (58.7%)
Current task success rate: 1.0
Current total success rate: 0.5870853080568721

Task: put the bowl on top of the cabinet view 0 0 100 0 0 initstate 0 noise 34
Success: True
# episodes completed so far: 1689
# successes: 992 (58.7%)
Current task success rate: 1.0
Current total success rate: 0.5873297809354647

Task: put the bowl on top of the cabinet view 0 0 100 0 0 initstate 0 noise 35
Success: True
# episodes completed so far: 1690
# successes: 993 (58.8%)
Current task success rate: 1.0
Current total success rate: 0.5875739644970415

Task: put the bowl on top of the cabinet view 0 0 100 0 0 initstate 0 noise 36
Success: True
# episodes completed so far: 1691
# successes: 994 (58.8%)
Current task success rate: 1.0
Current total success rate: 0.5878178592548787

Task: put the bowl on top of the cabinet view 0 0 100 0 0 initstate 0 noise 37
Success: False
# episodes completed so far: 1692
# successes: 994 (58.7%)
Current task success rate: 0.0
Current total success rate: 0.5874704491725768

Task: put the bowl on top of the cabinet view 0 0 100 0 0 initstate 0 noise 38
Success: True
# episodes completed so far: 1693
# successes: 995 (58.8%)
Current task success rate: 1.0
Current total success rate: 0.5877141169521559

Task: put the bowl on top of the cabinet view 0 0 100 0 0 initstate 0 noise 39
Success: True
# episodes completed so far: 1694
# successes: 996 (58.8%)
Current task success rate: 1.0
Current total success rate: 0.5879574970484062

Task: put the bowl on top of the cabinet view 0 0 100 0 0 initstate 0 noise 40
Success: True
# episodes completed so far: 1695
# successes: 997 (58.8%)
Current task success rate: 1.0
Current total success rate: 0.5882005899705015

Task: put the bowl on top of the cabinet view 0 0 100 0 0 initstate 0 noise 41
Success: True
# episodes completed so far: 1696
# successes: 998 (58.8%)
Current task success rate: 1.0
Current total success rate: 0.5884433962264151

Task: put the bowl on top of the cabinet view 0 0 100 0 0 initstate 0 noise 42
Success: True
# episodes completed so far: 1697
# successes: 999 (58.9%)
Current task success rate: 1.0
Current total success rate: 0.5886859163229228

Task: put the bowl on top of the cabinet view 0 0 100 0 0 initstate 0 noise 43
Success: True
# episodes completed so far: 1698
# successes: 1000 (58.9%)
Current task success rate: 1.0
Current total success rate: 0.5889281507656066

Task: put the bowl on top of the cabinet view 0 0 100 0 0 initstate 0 noise 44
Success: True
# episodes completed so far: 1699
# successes: 1001 (58.9%)
Current task success rate: 1.0
Current total success rate: 0.5891701000588582

Task: put the bowl on top of the cabinet view 0 0 100 0 0 initstate 0 noise 45
Success: True
# episodes completed so far: 1700
# successes: 1002 (58.9%)
Current task success rate: 1.0
Current total success rate: 0.5894117647058823

Task: put the bowl on top of the cabinet view 0 0 100 0 0 initstate 0 noise 47
Success: True
# episodes completed so far: 1701
# successes: 1003 (59.0%)
Current task success rate: 1.0
Current total success rate: 0.5896531452087007

Task: put the bowl on top of the cabinet view 0 0 100 0 0 initstate 0 noise 48
Success: True
# episodes completed so far: 1702
# successes: 1004 (59.0%)
Current task success rate: 1.0
Current total success rate: 0.5898942420681551

Task: put the bowl on top of the cabinet view 0 0 100 0 0 initstate 0 noise 49
Success: True
# episodes completed so far: 1703
# successes: 1005 (59.0%)
Current task success rate: 1.0
Current total success rate: 0.5901350557839108

Task: put the bowl on top of the cabinet view 0 0 100 0 0 initstate 0 noise 50
Success: True
# episodes completed so far: 1704
# successes: 1006 (59.0%)
Current task success rate: 1.0
Current total success rate: 0.5903755868544601

Task: push the plate to the front of the stove view 0 0 100 0 0 initstate 0 noise 3
Success: True
# episodes completed so far: 1705
# successes: 1007 (59.1%)
Current task success rate: 1.0
Current total success rate: 0.5906158357771261

Task: push the plate to the front of the stove view 0 0 100 0 0 initstate 0 noise 4
Success: True
# episodes completed so far: 1706
# successes: 1008 (59.1%)
Current task success rate: 1.0
Current total success rate: 0.5908558030480656

Task: push the plate to the front of the stove view 0 0 100 0 0 initstate 0 noise 5
Success: True
# episodes completed so far: 1707
# successes: 1009 (59.1%)
Current task success rate: 1.0
Current total success rate: 0.591095489162273

Task: push the plate to the front of the stove view 0 0 100 0 0 initstate 0 noise 6
Success: False
# episodes completed so far: 1708
# successes: 1009 (59.1%)
Current task success rate: 0.0
Current total success rate: 0.5907494145199064

Task: push the plate to the front of the stove view 0 0 100 0 0 initstate 0 noise 7
Success: False
# episodes completed so far: 1709
# successes: 1009 (59.0%)
Current task success rate: 0.0
Current total success rate: 0.5904037448800468

Task: push the plate to the front of the stove view 0 0 100 0 0 initstate 0 noise 8
Success: False
# episodes completed so far: 1710
# successes: 1009 (59.0%)
Current task success rate: 0.0
Current total success rate: 0.5900584795321637

Task: push the plate to the front of the stove view 0 0 100 0 0 initstate 0 noise 10
Success: False
# episodes completed so far: 1711
# successes: 1009 (59.0%)
Current task success rate: 0.0
Current total success rate: 0.5897136177673875

Task: push the plate to the front of the stove view 0 0 100 0 0 initstate 0 noise 11
Success: True
# episodes completed so far: 1712
# successes: 1010 (59.0%)
Current task success rate: 1.0
Current total success rate: 0.5899532710280374

Task: push the plate to the front of the stove view 0 0 100 0 0 initstate 0 noise 13
Success: True
# episodes completed so far: 1713
# successes: 1011 (59.0%)
Current task success rate: 1.0
Current total success rate: 0.5901926444833625

Task: push the plate to the front of the stove view 0 0 100 0 0 initstate 0 noise 14
Success: False
# episodes completed so far: 1714
# successes: 1011 (59.0%)
Current task success rate: 0.0
Current total success rate: 0.5898483080513419

Task: push the plate to the front of the stove view 0 0 100 0 0 initstate 0 noise 15
Success: False
# episodes completed so far: 1715
# successes: 1011 (59.0%)
Current task success rate: 0.0
Current total success rate: 0.5895043731778425

Task: push the plate to the front of the stove view 0 0 100 0 0 initstate 0 noise 17
Success: False
# episodes completed so far: 1716
# successes: 1011 (58.9%)
Current task success rate: 0.0
Current total success rate: 0.5891608391608392

Task: push the plate to the front of the stove view 0 0 100 0 0 initstate 0 noise 19
Success: False
# episodes completed so far: 1717
# successes: 1011 (58.9%)
Current task success rate: 0.0
Current total success rate: 0.5888177052999417

Task: push the plate to the front of the stove view 0 0 100 0 0 initstate 0 noise 20
Success: False
# episodes completed so far: 1718
# successes: 1011 (58.8%)
Current task success rate: 0.0
Current total success rate: 0.5884749708963911

Task: push the plate to the front of the stove view 0 0 100 0 0 initstate 0 noise 24
Success: False
# episodes completed so far: 1719
# successes: 1011 (58.8%)
Current task success rate: 0.0
Current total success rate: 0.5881326352530541

Task: push the plate to the front of the stove view 0 0 100 0 0 initstate 0 noise 25
Success: False
# episodes completed so far: 1720
# successes: 1011 (58.8%)
Current task success rate: 0.0
Current total success rate: 0.5877906976744186

Task: push the plate to the front of the stove view 0 0 100 0 0 initstate 0 noise 26
Success: False
# episodes completed so far: 1721
# successes: 1011 (58.7%)
Current task success rate: 0.0
Current total success rate: 0.5874491574665892

Task: push the plate to the front of the stove view 0 0 100 0 0 initstate 0 noise 27
Success: False
# episodes completed so far: 1722
# successes: 1011 (58.7%)
Current task success rate: 0.0
Current total success rate: 0.5871080139372822

Task: push the plate to the front of the stove view 0 0 100 0 0 initstate 0 noise 28
Success: False
# episodes completed so far: 1723
# successes: 1011 (58.7%)
Current task success rate: 0.0
Current total success rate: 0.5867672663958212

Task: push the plate to the front of the stove view 0 0 100 0 0 initstate 0 noise 30
Success: False
# episodes completed so far: 1724
# successes: 1011 (58.6%)
Current task success rate: 0.0
Current total success rate: 0.5864269141531323

Task: push the plate to the front of the stove view 0 0 100 0 0 initstate 0 noise 36
Success: True
# episodes completed so far: 1725
# successes: 1012 (58.7%)
Current task success rate: 1.0
Current total success rate: 0.5866666666666667

Task: push the plate to the front of the stove view 0 0 100 0 0 initstate 0 noise 37
Success: False
# episodes completed so far: 1726
# successes: 1012 (58.6%)
Current task success rate: 0.0
Current total success rate: 0.5863267670915412

Task: push the plate to the front of the stove view 0 0 100 0 0 initstate 0 noise 38
Success: True
# episodes completed so far: 1727
# successes: 1013 (58.7%)
Current task success rate: 1.0
Current total success rate: 0.5865662999420961

Task: push the plate to the front of the stove view 0 0 100 0 0 initstate 0 noise 39
Success: True
# episodes completed so far: 1728
# successes: 1014 (58.7%)
Current task success rate: 1.0
Current total success rate: 0.5868055555555556

Task: push the plate to the front of the stove view 0 0 100 0 0 initstate 0 noise 40
Success: False
# episodes completed so far: 1729
# successes: 1014 (58.6%)
Current task success rate: 0.0
Current total success rate: 0.5864661654135338

Task: push the plate to the front of the stove view 0 0 100 0 0 initstate 0 noise 43
Success: True
# episodes completed so far: 1730
# successes: 1015 (58.7%)
Current task success rate: 1.0
Current total success rate: 0.5867052023121387

Task: push the plate to the front of the stove view 0 0 100 0 0 initstate 0 noise 44
Success: True
# episodes completed so far: 1731
# successes: 1016 (58.7%)
Current task success rate: 1.0
Current total success rate: 0.5869439630271519

Task: push the plate to the front of the stove view 0 0 100 0 0 initstate 0 noise 45
Success: False
# episodes completed so far: 1732
# successes: 1016 (58.7%)
Current task success rate: 0.0
Current total success rate: 0.5866050808314087

Task: push the plate to the front of the stove view 0 0 100 0 0 initstate 0 noise 46
Success: True
# episodes completed so far: 1733
# successes: 1017 (58.7%)
Current task success rate: 1.0
Current total success rate: 0.5868436237738026

Task: push the plate to the front of the stove view 0 0 100 0 0 initstate 0 noise 47
Success: False
# episodes completed so far: 1734
# successes: 1017 (58.7%)
Current task success rate: 0.0
Current total success rate: 0.5865051903114187

Task: push the plate to the front of the stove view 0 0 100 0 0 initstate 0 noise 48
Success: False
# episodes completed so far: 1735
# successes: 1017 (58.6%)
Current task success rate: 0.0
Current total success rate: 0.5861671469740634

Task: push the plate to the front of the stove view 0 0 100 0 0 initstate 0 noise 49
Success: False
# episodes completed so far: 1736
# successes: 1017 (58.6%)
Current task success rate: 0.0
Current total success rate: 0.5858294930875576

Task: push the plate to the front of the stove view 0 0 100 0 0 initstate 0 noise 50
Success: False
# episodes completed so far: 1737
# successes: 1017 (58.5%)
Current task success rate: 0.0
Current total success rate: 0.5854922279792746

Task: put the cream cheese in the bowl view 0 0 100 0 0 initstate 0 noise 1
Success: True
# episodes completed so far: 1738
# successes: 1018 (58.6%)
Current task success rate: 1.0
Current total success rate: 0.5857307249712314

Task: put the cream cheese in the bowl view 0 0 100 0 0 initstate 0 noise 3
Success: True
# episodes completed so far: 1739
# successes: 1019 (58.6%)
Current task success rate: 1.0
Current total success rate: 0.5859689476710753

Task: put the cream cheese in the bowl view 0 0 100 0 0 initstate 0 noise 4
Success: True
# episodes completed so far: 1740
# successes: 1020 (58.6%)
Current task success rate: 1.0
Current total success rate: 0.5862068965517241

Task: put the cream cheese in the bowl view 0 0 100 0 0 initstate 0 noise 5
Success: True
# episodes completed so far: 1741
# successes: 1021 (58.6%)
Current task success rate: 1.0
Current total success rate: 0.5864445720850087

Task: put the cream cheese in the bowl view 0 0 100 0 0 initstate 0 noise 6
Success: True
# episodes completed so far: 1742
# successes: 1022 (58.7%)
Current task success rate: 1.0
Current total success rate: 0.5866819747416763

Task: put the cream cheese in the bowl view 0 0 100 0 0 initstate 0 noise 7
Success: True
# episodes completed so far: 1743
# successes: 1023 (58.7%)
Current task success rate: 1.0
Current total success rate: 0.5869191049913941

Task: put the cream cheese in the bowl view 0 0 100 0 0 initstate 0 noise 8
Success: True
# episodes completed so far: 1744
# successes: 1024 (58.7%)
Current task success rate: 1.0
Current total success rate: 0.5871559633027523

Task: put the cream cheese in the bowl view 0 0 100 0 0 initstate 0 noise 9
Success: True
# episodes completed so far: 1745
# successes: 1025 (58.7%)
Current task success rate: 1.0
Current total success rate: 0.5873925501432665

Task: put the cream cheese in the bowl view 0 0 100 0 0 initstate 0 noise 10
Success: True
# episodes completed so far: 1746
# successes: 1026 (58.8%)
Current task success rate: 1.0
Current total success rate: 0.5876288659793815

Task: put the cream cheese in the bowl view 0 0 100 0 0 initstate 0 noise 11
Success: True
# episodes completed so far: 1747
# successes: 1027 (58.8%)
Current task success rate: 1.0
Current total success rate: 0.587864911276474

Task: put the cream cheese in the bowl view 0 0 100 0 0 initstate 0 noise 12
Success: False
# episodes completed so far: 1748
# successes: 1027 (58.8%)
Current task success rate: 0.0
Current total success rate: 0.5875286041189931

Task: put the cream cheese in the bowl view 0 0 100 0 0 initstate 0 noise 14
Success: False
# episodes completed so far: 1749
# successes: 1027 (58.7%)
Current task success rate: 0.0
Current total success rate: 0.5871926815323042

Task: put the cream cheese in the bowl view 0 0 100 0 0 initstate 0 noise 16
Success: False
# episodes completed so far: 1750
# successes: 1027 (58.7%)
Current task success rate: 0.0
Current total success rate: 0.5868571428571429

Task: put the cream cheese in the bowl view 0 0 100 0 0 initstate 0 noise 17
Success: False
# episodes completed so far: 1751
# successes: 1027 (58.7%)
Current task success rate: 0.0
Current total success rate: 0.586521987435751

Task: put the cream cheese in the bowl view 0 0 100 0 0 initstate 0 noise 18
Success: False
# episodes completed so far: 1752
# successes: 1027 (58.6%)
Current task success rate: 0.0
Current total success rate: 0.5861872146118722

Task: put the cream cheese in the bowl view 0 0 100 0 0 initstate 0 noise 19
Success: False
# episodes completed so far: 1753
# successes: 1027 (58.6%)
Current task success rate: 0.0
Current total success rate: 0.5858528237307473

Task: put the cream cheese in the bowl view 0 0 100 0 0 initstate 0 noise 20
Success: False
# episodes completed so far: 1754
# successes: 1027 (58.6%)
Current task success rate: 0.0
Current total success rate: 0.5855188141391106

Task: put the cream cheese in the bowl view 0 0 100 0 0 initstate 0 noise 21
Success: True
# episodes completed so far: 1755
# successes: 1028 (58.6%)
Current task success rate: 1.0
Current total success rate: 0.5857549857549857

Task: put the cream cheese in the bowl view 0 0 100 0 0 initstate 0 noise 22
Success: True
# episodes completed so far: 1756
# successes: 1029 (58.6%)
Current task success rate: 1.0
Current total success rate: 0.585990888382688

Task: put the cream cheese in the bowl view 0 0 100 0 0 initstate 0 noise 23
Success: False
# episodes completed so far: 1757
# successes: 1029 (58.6%)
Current task success rate: 0.0
Current total success rate: 0.5856573705179283

Task: put the cream cheese in the bowl view 0 0 100 0 0 initstate 0 noise 24
Success: True
# episodes completed so far: 1758
# successes: 1030 (58.6%)
Current task success rate: 1.0
Current total success rate: 0.5858930602957907

Task: put the cream cheese in the bowl view 0 0 100 0 0 initstate 0 noise 25
Success: False
# episodes completed so far: 1759
# successes: 1030 (58.6%)
Current task success rate: 0.0
Current total success rate: 0.5855599772598067

Task: put the cream cheese in the bowl view 0 0 100 0 0 initstate 0 noise 26
Success: False
# episodes completed so far: 1760
# successes: 1030 (58.5%)
Current task success rate: 0.0
Current total success rate: 0.5852272727272727

Task: put the cream cheese in the bowl view 0 0 100 0 0 initstate 0 noise 27
Success: False
# episodes completed so far: 1761
# successes: 1030 (58.5%)
Current task success rate: 0.0
Current total success rate: 0.5848949460533788

Task: put the cream cheese in the bowl view 0 0 100 0 0 initstate 0 noise 28
Success: True
# episodes completed so far: 1762
# successes: 1031 (58.5%)
Current task success rate: 1.0
Current total success rate: 0.5851305334846765

Task: put the cream cheese in the bowl view 0 0 100 0 0 initstate 0 noise 29
Success: False
# episodes completed so far: 1763
# successes: 1031 (58.5%)
Current task success rate: 0.0
Current total success rate: 0.5847986386840612

Task: put the cream cheese in the bowl view 0 0 100 0 0 initstate 0 noise 30
Success: True
# episodes completed so far: 1764
# successes: 1032 (58.5%)
Current task success rate: 1.0
Current total success rate: 0.5850340136054422

Task: put the cream cheese in the bowl view 0 0 100 0 0 initstate 0 noise 31
Success: False
# episodes completed so far: 1765
# successes: 1032 (58.5%)
Current task success rate: 0.0
Current total success rate: 0.5847025495750708

Task: put the cream cheese in the bowl view 0 0 100 0 0 initstate 0 noise 32
Success: True
# episodes completed so far: 1766
# successes: 1033 (58.5%)
Current task success rate: 1.0
Current total success rate: 0.5849377123442808

Task: put the cream cheese in the bowl view 0 0 100 0 0 initstate 0 noise 33
Success: True
# episodes completed so far: 1767
# successes: 1034 (58.5%)
Current task success rate: 1.0
Current total success rate: 0.5851726089417091

Task: put the cream cheese in the bowl view 0 0 100 0 0 initstate 0 noise 34
Success: True
# episodes completed so far: 1768
# successes: 1035 (58.5%)
Current task success rate: 1.0
Current total success rate: 0.5854072398190046

Task: put the cream cheese in the bowl view 0 0 100 0 0 initstate 0 noise 35
Success: True
# episodes completed so far: 1769
# successes: 1036 (58.6%)
Current task success rate: 1.0
Current total success rate: 0.5856416054267948

Task: put the cream cheese in the bowl view 0 0 100 0 0 initstate 0 noise 36
Success: True
# episodes completed so far: 1770
# successes: 1037 (58.6%)
Current task success rate: 1.0
Current total success rate: 0.5858757062146893

Task: put the cream cheese in the bowl view 0 0 100 0 0 initstate 0 noise 37
Success: True
# episodes completed so far: 1771
# successes: 1038 (58.6%)
Current task success rate: 1.0
Current total success rate: 0.5861095426312818

Task: put the cream cheese in the bowl view 0 0 100 0 0 initstate 0 noise 38
Success: False
# episodes completed so far: 1772
# successes: 1038 (58.6%)
Current task success rate: 0.0
Current total success rate: 0.5857787810383747

Task: put the cream cheese in the bowl view 0 0 100 0 0 initstate 0 noise 39
Success: False
# episodes completed so far: 1773
# successes: 1038 (58.5%)
Current task success rate: 0.0
Current total success rate: 0.5854483925549916

Task: put the cream cheese in the bowl view 0 0 100 0 0 initstate 0 noise 40
Success: False
# episodes completed so far: 1774
# successes: 1038 (58.5%)
Current task success rate: 0.0
Current total success rate: 0.5851183765501691

Task: put the cream cheese in the bowl view 0 0 100 0 0 initstate 0 noise 41
Success: True
# episodes completed so far: 1775
# successes: 1039 (58.5%)
Current task success rate: 1.0
Current total success rate: 0.5853521126760564

Task: put the cream cheese in the bowl view 0 0 100 0 0 initstate 0 noise 42
Success: True
# episodes completed so far: 1776
# successes: 1040 (58.6%)
Current task success rate: 1.0
Current total success rate: 0.5855855855855856

Task: put the cream cheese in the bowl view 0 0 100 0 0 initstate 0 noise 43
Success: True
# episodes completed so far: 1777
# successes: 1041 (58.6%)
Current task success rate: 1.0
Current total success rate: 0.5858187957231289

Task: put the cream cheese in the bowl view 0 0 100 0 0 initstate 0 noise 44
Success: False
# episodes completed so far: 1778
# successes: 1041 (58.5%)
Current task success rate: 0.0
Current total success rate: 0.5854893138357705

Task: put the cream cheese in the bowl view 0 0 100 0 0 initstate 0 noise 45
Success: True
# episodes completed so far: 1779
# successes: 1042 (58.6%)
Current task success rate: 1.0
Current total success rate: 0.5857223159078134

Task: put the cream cheese in the bowl view 0 0 100 0 0 initstate 0 noise 46
Success: False
# episodes completed so far: 1780
# successes: 1042 (58.5%)
Current task success rate: 0.0
Current total success rate: 0.5853932584269663

Task: put the cream cheese in the bowl view 0 0 100 0 0 initstate 0 noise 47
Success: True
# episodes completed so far: 1781
# successes: 1043 (58.6%)
Current task success rate: 1.0
Current total success rate: 0.5856260527793374

Task: put the cream cheese in the bowl view 0 0 100 0 0 initstate 0 noise 48
Success: False
# episodes completed so far: 1782
# successes: 1043 (58.5%)
Current task success rate: 0.0
Current total success rate: 0.5852974186307519

Task: put the cream cheese in the bowl view 0 0 100 0 0 initstate 0 noise 49
Success: False
# episodes completed so far: 1783
# successes: 1043 (58.5%)
Current task success rate: 0.0
Current total success rate: 0.5849691531127313

Task: put the cream cheese in the bowl view 0 0 100 0 0 initstate 0 noise 50
Success: True
# episodes completed so far: 1784
# successes: 1044 (58.5%)
Current task success rate: 1.0
Current total success rate: 0.5852017937219731

Task: turn on the stove view 0 0 100 0 0 initstate 0 noise 5
Success: True
# episodes completed so far: 1785
# successes: 1045 (58.5%)
Current task success rate: 1.0
Current total success rate: 0.5854341736694678

Task: turn on the stove view 0 0 100 0 0 initstate 0 noise 6
Success: True
# episodes completed so far: 1786
# successes: 1046 (58.6%)
Current task success rate: 1.0
Current total success rate: 0.5856662933930571

Task: turn on the stove view 0 0 100 0 0 initstate 0 noise 7
Success: True
# episodes completed so far: 1787
# successes: 1047 (58.6%)
Current task success rate: 1.0
Current total success rate: 0.5858981533296027

Task: turn on the stove view 0 0 100 0 0 initstate 0 noise 8
Success: True
# episodes completed so far: 1788
# successes: 1048 (58.6%)
Current task success rate: 1.0
Current total success rate: 0.5861297539149888

Task: turn on the stove view 0 0 100 0 0 initstate 0 noise 9
Success: True
# episodes completed so far: 1789
# successes: 1049 (58.6%)
Current task success rate: 1.0
Current total success rate: 0.5863610955841252

Task: turn on the stove view 0 0 100 0 0 initstate 0 noise 10
Success: True
# episodes completed so far: 1790
# successes: 1050 (58.7%)
Current task success rate: 1.0
Current total success rate: 0.5865921787709497

Task: turn on the stove view 0 0 100 0 0 initstate 0 noise 13
Success: True
# episodes completed so far: 1791
# successes: 1051 (58.7%)
Current task success rate: 1.0
Current total success rate: 0.586823003908431

Task: turn on the stove view 0 0 100 0 0 initstate 0 noise 14
Success: True
# episodes completed so far: 1792
# successes: 1052 (58.7%)
Current task success rate: 1.0
Current total success rate: 0.5870535714285714

Task: turn on the stove view 0 0 100 0 0 initstate 0 noise 15
Success: True
# episodes completed so far: 1793
# successes: 1053 (58.7%)
Current task success rate: 1.0
Current total success rate: 0.5872838817624094

Task: turn on the stove view 0 0 100 0 0 initstate 0 noise 17
Success: True
# episodes completed so far: 1794
# successes: 1054 (58.8%)
Current task success rate: 1.0
Current total success rate: 0.5875139353400223

Task: turn on the stove view 0 0 100 0 0 initstate 0 noise 18
Success: True
# episodes completed so far: 1795
# successes: 1055 (58.8%)
Current task success rate: 1.0
Current total success rate: 0.5877437325905293

Task: turn on the stove view 0 0 100 0 0 initstate 0 noise 19
Success: True
# episodes completed so far: 1796
# successes: 1056 (58.8%)
Current task success rate: 1.0
Current total success rate: 0.5879732739420935

Task: turn on the stove view 0 0 100 0 0 initstate 0 noise 20
Success: True
# episodes completed so far: 1797
# successes: 1057 (58.8%)
Current task success rate: 1.0
Current total success rate: 0.5882025598219255

Task: turn on the stove view 0 0 100 0 0 initstate 0 noise 27
Success: True
# episodes completed so far: 1798
# successes: 1058 (58.8%)
Current task success rate: 1.0
Current total success rate: 0.5884315906562848

Task: turn on the stove view 0 0 100 0 0 initstate 0 noise 28
Success: True
# episodes completed so far: 1799
# successes: 1059 (58.9%)
Current task success rate: 1.0
Current total success rate: 0.5886603668704836

Task: turn on the stove view 0 0 100 0 0 initstate 0 noise 29
Success: True
# episodes completed so far: 1800
# successes: 1060 (58.9%)
Current task success rate: 1.0
Current total success rate: 0.5888888888888889

Task: turn on the stove view 0 0 100 0 0 initstate 0 noise 30
Success: True
# episodes completed so far: 1801
# successes: 1061 (58.9%)
Current task success rate: 1.0
Current total success rate: 0.5891171571349251

Task: turn on the stove view 0 0 100 0 0 initstate 0 noise 37
Success: True
# episodes completed so far: 1802
# successes: 1062 (58.9%)
Current task success rate: 1.0
Current total success rate: 0.5893451720310766

Task: turn on the stove view 0 0 100 0 0 initstate 0 noise 38
Success: True
# episodes completed so far: 1803
# successes: 1063 (59.0%)
Current task success rate: 1.0
Current total success rate: 0.5895729339988908

Task: turn on the stove view 0 0 100 0 0 initstate 0 noise 39
Success: True
# episodes completed so far: 1804
# successes: 1064 (59.0%)
Current task success rate: 1.0
Current total success rate: 0.5898004434589801

Task: turn on the stove view 0 0 100 0 0 initstate 0 noise 40
Success: True
# episodes completed so far: 1805
# successes: 1065 (59.0%)
Current task success rate: 1.0
Current total success rate: 0.590027700831025

Task: turn on the stove view 0 0 100 0 0 initstate 0 noise 43
Success: True
# episodes completed so far: 1806
# successes: 1066 (59.0%)
Current task success rate: 1.0
Current total success rate: 0.5902547065337763

Task: turn on the stove view 0 0 100 0 0 initstate 0 noise 44
Success: True
# episodes completed so far: 1807
# successes: 1067 (59.0%)
Current task success rate: 1.0
Current total success rate: 0.5904814609850582

Task: turn on the stove view 0 0 100 0 0 initstate 0 noise 45
Success: True
# episodes completed so far: 1808
# successes: 1068 (59.1%)
Current task success rate: 1.0
Current total success rate: 0.5907079646017699

Task: turn on the stove view 0 0 100 0 0 initstate 0 noise 46
Success: True
# episodes completed so far: 1809
# successes: 1069 (59.1%)
Current task success rate: 1.0
Current total success rate: 0.5909342177998894

Task: turn on the stove view 0 0 100 0 0 initstate 0 noise 47
Success: True
# episodes completed so far: 1810
# successes: 1070 (59.1%)
Current task success rate: 1.0
Current total success rate: 0.5911602209944752

Task: turn on the stove view 0 0 100 0 0 initstate 0 noise 48
Success: True
# episodes completed so far: 1811
# successes: 1071 (59.1%)
Current task success rate: 1.0
Current total success rate: 0.5913859745996687

Task: turn on the stove view 0 0 100 0 0 initstate 0 noise 49
Success: True
# episodes completed so far: 1812
# successes: 1072 (59.2%)
Current task success rate: 1.0
Current total success rate: 0.5916114790286976

Task: turn on the stove view 0 0 100 0 0 initstate 0 noise 50
Success: True
# episodes completed so far: 1813
# successes: 1073 (59.2%)
Current task success rate: 1.0
Current total success rate: 0.5918367346938775

Task: put the bowl on the plate view 0 0 100 0 0 initstate 0 noise 4
Success: True
# episodes completed so far: 1814
# successes: 1074 (59.2%)
Current task success rate: 1.0
Current total success rate: 0.5920617420066152

Task: put the bowl on the plate view 0 0 100 0 0 initstate 0 noise 5
Success: True
# episodes completed so far: 1815
# successes: 1075 (59.2%)
Current task success rate: 1.0
Current total success rate: 0.5922865013774105

Task: put the bowl on the plate view 0 0 100 0 0 initstate 0 noise 6
Success: True
# episodes completed so far: 1816
# successes: 1076 (59.3%)
Current task success rate: 1.0
Current total success rate: 0.5925110132158591

Task: put the bowl on the plate view 0 0 100 0 0 initstate 0 noise 7
Success: True
# episodes completed so far: 1817
# successes: 1077 (59.3%)
Current task success rate: 1.0
Current total success rate: 0.592735277930655

Task: put the bowl on the plate view 0 0 100 0 0 initstate 0 noise 8
Success: True
# episodes completed so far: 1818
# successes: 1078 (59.3%)
Current task success rate: 1.0
Current total success rate: 0.592959295929593

Task: put the bowl on the plate view 0 0 100 0 0 initstate 0 noise 9
Success: True
# episodes completed so far: 1819
# successes: 1079 (59.3%)
Current task success rate: 1.0
Current total success rate: 0.5931830676195712

Task: put the bowl on the plate view 0 0 100 0 0 initstate 0 noise 13
Success: True
# episodes completed so far: 1820
# successes: 1080 (59.3%)
Current task success rate: 1.0
Current total success rate: 0.5934065934065934

Task: put the bowl on the plate view 0 0 100 0 0 initstate 0 noise 14
Success: True
# episodes completed so far: 1821
# successes: 1081 (59.4%)
Current task success rate: 1.0
Current total success rate: 0.5936298736957716

Task: put the bowl on the plate view 0 0 100 0 0 initstate 0 noise 15
Success: True
# episodes completed so far: 1822
# successes: 1082 (59.4%)
Current task success rate: 1.0
Current total success rate: 0.5938529088913282

Task: put the bowl on the plate view 0 0 100 0 0 initstate 0 noise 16
Success: True
# episodes completed so far: 1823
# successes: 1083 (59.4%)
Current task success rate: 1.0
Current total success rate: 0.594075699396599

Task: put the bowl on the plate view 0 0 100 0 0 initstate 0 noise 17
Success: True
# episodes completed so far: 1824
# successes: 1084 (59.4%)
Current task success rate: 1.0
Current total success rate: 0.5942982456140351

Task: put the bowl on the plate view 0 0 100 0 0 initstate 0 noise 18
Success: True
# episodes completed so far: 1825
# successes: 1085 (59.5%)
Current task success rate: 1.0
Current total success rate: 0.5945205479452055

Task: put the bowl on the plate view 0 0 100 0 0 initstate 0 noise 19
Success: True
# episodes completed so far: 1826
# successes: 1086 (59.5%)
Current task success rate: 1.0
Current total success rate: 0.5947426067907996

Task: put the bowl on the plate view 0 0 100 0 0 initstate 0 noise 20
Success: True
# episodes completed so far: 1827
# successes: 1087 (59.5%)
Current task success rate: 1.0
Current total success rate: 0.5949644225506294

Task: put the bowl on the plate view 0 0 100 0 0 initstate 0 noise 26
Success: True
# episodes completed so far: 1828
# successes: 1088 (59.5%)
Current task success rate: 1.0
Current total success rate: 0.5951859956236324

Task: put the bowl on the plate view 0 0 100 0 0 initstate 0 noise 27
Success: True
# episodes completed so far: 1829
# successes: 1089 (59.5%)
Current task success rate: 1.0
Current total success rate: 0.5954073264078732

Task: put the bowl on the plate view 0 0 100 0 0 initstate 0 noise 28
Success: True
# episodes completed so far: 1830
# successes: 1090 (59.6%)
Current task success rate: 1.0
Current total success rate: 0.5956284153005464

Task: put the bowl on the plate view 0 0 100 0 0 initstate 0 noise 29
Success: True
# episodes completed so far: 1831
# successes: 1091 (59.6%)
Current task success rate: 1.0
Current total success rate: 0.5958492626979792

Task: put the bowl on the plate view 0 0 100 0 0 initstate 0 noise 30
Success: True
# episodes completed so far: 1832
# successes: 1092 (59.6%)
Current task success rate: 1.0
Current total success rate: 0.5960698689956332

Task: put the bowl on the plate view 0 0 100 0 0 initstate 0 noise 37
Success: True
# episodes completed so far: 1833
# successes: 1093 (59.6%)
Current task success rate: 1.0
Current total success rate: 0.5962902345881069

Task: put the bowl on the plate view 0 0 100 0 0 initstate 0 noise 38
Success: True
# episodes completed so far: 1834
# successes: 1094 (59.7%)
Current task success rate: 1.0
Current total success rate: 0.5965103598691385

Task: put the bowl on the plate view 0 0 100 0 0 initstate 0 noise 39
Success: True
# episodes completed so far: 1835
# successes: 1095 (59.7%)
Current task success rate: 1.0
Current total success rate: 0.5967302452316077

Task: put the bowl on the plate view 0 0 100 0 0 initstate 0 noise 41
Success: True
# episodes completed so far: 1836
# successes: 1096 (59.7%)
Current task success rate: 1.0
Current total success rate: 0.5969498910675382

Task: put the bowl on the plate view 0 0 100 0 0 initstate 0 noise 42
Success: True
# episodes completed so far: 1837
# successes: 1097 (59.7%)
Current task success rate: 1.0
Current total success rate: 0.5971692977681001

Task: put the bowl on the plate view 0 0 100 0 0 initstate 0 noise 43
Success: True
# episodes completed so far: 1838
# successes: 1098 (59.7%)
Current task success rate: 1.0
Current total success rate: 0.5973884657236126

Task: put the bowl on the plate view 0 0 100 0 0 initstate 0 noise 44
Success: True
# episodes completed so far: 1839
# successes: 1099 (59.8%)
Current task success rate: 1.0
Current total success rate: 0.5976073953235455

Task: put the bowl on the plate view 0 0 100 0 0 initstate 0 noise 45
Success: True
# episodes completed so far: 1840
# successes: 1100 (59.8%)
Current task success rate: 1.0
Current total success rate: 0.5978260869565217

Task: put the bowl on the plate view 0 0 100 0 0 initstate 0 noise 46
Success: True
# episodes completed so far: 1841
# successes: 1101 (59.8%)
Current task success rate: 1.0
Current total success rate: 0.5980445410103205

Task: put the bowl on the plate view 0 0 100 0 0 initstate 0 noise 47
Success: True
# episodes completed so far: 1842
# successes: 1102 (59.8%)
Current task success rate: 1.0
Current total success rate: 0.5982627578718784

Task: put the bowl on the plate view 0 0 100 0 0 initstate 0 noise 48
Success: True
# episodes completed so far: 1843
# successes: 1103 (59.8%)
Current task success rate: 1.0
Current total success rate: 0.5984807379272925

Task: put the bowl on the plate view 0 0 100 0 0 initstate 0 noise 49
Success: True
# episodes completed so far: 1844
# successes: 1104 (59.9%)
Current task success rate: 1.0
Current total success rate: 0.5986984815618221

Task: put the bowl on the plate view 0 0 100 0 0 initstate 0 noise 50
Success: True
# episodes completed so far: 1845
# successes: 1105 (59.9%)
Current task success rate: 1.0
Current total success rate: 0.5989159891598916

Task: put the wine bottle on the rack view 0 0 100 0 0 initstate 0 noise 1
Success: True
# episodes completed so far: 1846
# successes: 1106 (59.9%)
Current task success rate: 1.0
Current total success rate: 0.5991332611050921

Task: put the wine bottle on the rack view 0 0 100 0 0 initstate 0 noise 2
Success: True
# episodes completed so far: 1847
# successes: 1107 (59.9%)
Current task success rate: 1.0
Current total success rate: 0.5993502977801841

Task: put the wine bottle on the rack view 0 0 100 0 0 initstate 0 noise 3
Success: False
# episodes completed so far: 1848
# successes: 1107 (59.9%)
Current task success rate: 0.0
Current total success rate: 0.599025974025974

Task: put the wine bottle on the rack view 0 0 100 0 0 initstate 0 noise 4
Success: True
# episodes completed so far: 1849
# successes: 1108 (59.9%)
Current task success rate: 1.0
Current total success rate: 0.599242833964305

Task: put the wine bottle on the rack view 0 0 100 0 0 initstate 0 noise 5
Success: False
# episodes completed so far: 1850
# successes: 1108 (59.9%)
Current task success rate: 0.0
Current total success rate: 0.5989189189189189

Task: put the wine bottle on the rack view 0 0 100 0 0 initstate 0 noise 6
Success: False
# episodes completed so far: 1851
# successes: 1108 (59.9%)
Current task success rate: 0.0
Current total success rate: 0.5985953538627768

Task: put the wine bottle on the rack view 0 0 100 0 0 initstate 0 noise 7
Success: False
# episodes completed so far: 1852
# successes: 1108 (59.8%)
Current task success rate: 0.0
Current total success rate: 0.5982721382289417

Task: put the wine bottle on the rack view 0 0 100 0 0 initstate 0 noise 8
Success: False
# episodes completed so far: 1853
# successes: 1108 (59.8%)
Current task success rate: 0.0
Current total success rate: 0.5979492714517

Task: put the wine bottle on the rack view 0 0 100 0 0 initstate 0 noise 9
Success: False
# episodes completed so far: 1854
# successes: 1108 (59.8%)
Current task success rate: 0.0
Current total success rate: 0.5976267529665588

Task: put the wine bottle on the rack view 0 0 100 0 0 initstate 0 noise 10
Success: False
# episodes completed so far: 1855
# successes: 1108 (59.7%)
Current task success rate: 0.0
Current total success rate: 0.5973045822102426

Task: put the wine bottle on the rack view 0 0 100 0 0 initstate 0 noise 11
Success: True
# episodes completed so far: 1856
# successes: 1109 (59.8%)
Current task success rate: 1.0
Current total success rate: 0.5975215517241379

Task: put the wine bottle on the rack view 0 0 100 0 0 initstate 0 noise 12
Success: False
# episodes completed so far: 1857
# successes: 1109 (59.7%)
Current task success rate: 0.0
Current total success rate: 0.5971997845988153

Task: put the wine bottle on the rack view 0 0 100 0 0 initstate 0 noise 13
Success: False
# episodes completed so far: 1858
# successes: 1109 (59.7%)
Current task success rate: 0.0
Current total success rate: 0.5968783638320775

Task: put the wine bottle on the rack view 0 0 100 0 0 initstate 0 noise 14
Success: False
# episodes completed so far: 1859
# successes: 1109 (59.7%)
Current task success rate: 0.0
Current total success rate: 0.5965572888649812

Task: put the wine bottle on the rack view 0 0 100 0 0 initstate 0 noise 15
Success: False
# episodes completed so far: 1860
# successes: 1109 (59.6%)
Current task success rate: 0.0
Current total success rate: 0.5962365591397849

Task: put the wine bottle on the rack view 0 0 100 0 0 initstate 0 noise 16
Success: False
# episodes completed so far: 1861
# successes: 1109 (59.6%)
Current task success rate: 0.0
Current total success rate: 0.5959161740999462

Task: put the wine bottle on the rack view 0 0 100 0 0 initstate 0 noise 18
Success: False
# episodes completed so far: 1862
# successes: 1109 (59.6%)
Current task success rate: 0.0
Current total success rate: 0.5955961331901182

Task: put the wine bottle on the rack view 0 0 100 0 0 initstate 0 noise 19
Success: False
# episodes completed so far: 1863
# successes: 1109 (59.5%)
Current task success rate: 0.0
Current total success rate: 0.595276435856146

Task: put the wine bottle on the rack view 0 0 100 0 0 initstate 0 noise 20
Success: False
# episodes completed so far: 1864
# successes: 1109 (59.5%)
Current task success rate: 0.0
Current total success rate: 0.5949570815450643

Task: put the wine bottle on the rack view 0 0 100 0 0 initstate 0 noise 23
Success: False
# episodes completed so far: 1865
# successes: 1109 (59.5%)
Current task success rate: 0.0
Current total success rate: 0.5946380697050938

Task: put the wine bottle on the rack view 0 0 100 0 0 initstate 0 noise 24
Success: False
# episodes completed so far: 1866
# successes: 1109 (59.4%)
Current task success rate: 0.0
Current total success rate: 0.5943193997856377

Task: put the wine bottle on the rack view 0 0 100 0 0 initstate 0 noise 25
Success: False
# episodes completed so far: 1867
# successes: 1109 (59.4%)
Current task success rate: 0.0
Current total success rate: 0.5940010712372791

Task: put the wine bottle on the rack view 0 0 100 0 0 initstate 0 noise 26
Success: False
# episodes completed so far: 1868
# successes: 1109 (59.4%)
Current task success rate: 0.0
Current total success rate: 0.5936830835117773

Task: put the wine bottle on the rack view 0 0 100 0 0 initstate 0 noise 27
Success: False
# episodes completed so far: 1869
# successes: 1109 (59.3%)
Current task success rate: 0.0
Current total success rate: 0.5933654360620653

Task: put the wine bottle on the rack view 0 0 100 0 0 initstate 0 noise 28
Success: False
# episodes completed so far: 1870
# successes: 1109 (59.3%)
Current task success rate: 0.0
Current total success rate: 0.593048128342246

Task: put the wine bottle on the rack view 0 0 100 0 0 initstate 0 noise 29
Success: False
# episodes completed so far: 1871
# successes: 1109 (59.3%)
Current task success rate: 0.0
Current total success rate: 0.5927311598075895

Task: put the wine bottle on the rack view 0 0 100 0 0 initstate 0 noise 30
Success: False
# episodes completed so far: 1872
# successes: 1109 (59.2%)
Current task success rate: 0.0
Current total success rate: 0.5924145299145299

Task: put the wine bottle on the rack view 0 0 100 0 0 initstate 0 noise 32
Success: True
# episodes completed so far: 1873
# successes: 1110 (59.3%)
Current task success rate: 1.0
Current total success rate: 0.592632140950347

Task: put the wine bottle on the rack view 0 0 100 0 0 initstate 0 noise 33
Success: True
# episodes completed so far: 1874
# successes: 1111 (59.3%)
Current task success rate: 1.0
Current total success rate: 0.5928495197438634

Task: put the wine bottle on the rack view 0 0 100 0 0 initstate 0 noise 34
Success: True
# episodes completed so far: 1875
# successes: 1112 (59.3%)
Current task success rate: 1.0
Current total success rate: 0.5930666666666666

Task: put the wine bottle on the rack view 0 0 100 0 0 initstate 0 noise 35
Success: False
# episodes completed so far: 1876
# successes: 1112 (59.3%)
Current task success rate: 0.0
Current total success rate: 0.5927505330490405

Task: put the wine bottle on the rack view 0 0 100 0 0 initstate 0 noise 36
Success: False
# episodes completed so far: 1877
# successes: 1112 (59.2%)
Current task success rate: 0.0
Current total success rate: 0.5924347362813

Task: put the wine bottle on the rack view 0 0 100 0 0 initstate 0 noise 37
Success: False
# episodes completed so far: 1878
# successes: 1112 (59.2%)
Current task success rate: 0.0
Current total success rate: 0.5921192758253461

Task: put the wine bottle on the rack view 0 0 100 0 0 initstate 0 noise 41
Success: True
# episodes completed so far: 1879
# successes: 1113 (59.2%)
Current task success rate: 1.0
Current total success rate: 0.5923363491218734

Task: put the wine bottle on the rack view 0 0 100 0 0 initstate 0 noise 43
Success: False
# episodes completed so far: 1880
# successes: 1113 (59.2%)
Current task success rate: 0.0
Current total success rate: 0.5920212765957447

Task: put the wine bottle on the rack view 0 0 100 0 0 initstate 0 noise 44
Success: False
# episodes completed so far: 1881
# successes: 1113 (59.2%)
Current task success rate: 0.0
Current total success rate: 0.5917065390749602

Task: put the wine bottle on the rack view 0 0 100 0 0 initstate 0 noise 45
Success: False
# episodes completed so far: 1882
# successes: 1113 (59.1%)
Current task success rate: 0.0
Current total success rate: 0.5913921360255048

Task: put the wine bottle on the rack view 0 0 100 0 0 initstate 0 noise 46
Success: False
# episodes completed so far: 1883
# successes: 1113 (59.1%)
Current task success rate: 0.0
Current total success rate: 0.5910780669144982

Task: put the wine bottle on the rack view 0 0 100 0 0 initstate 0 noise 47
Success: False
# episodes completed so far: 1884
# successes: 1113 (59.1%)
Current task success rate: 0.0
Current total success rate: 0.5907643312101911

Task: put the wine bottle on the rack view 0 0 100 0 0 initstate 0 noise 48
Success: False
# episodes completed so far: 1885
# successes: 1113 (59.0%)
Current task success rate: 0.0
Current total success rate: 0.5904509283819629

Task: put the wine bottle on the rack view 0 0 100 0 0 initstate 0 noise 49
Success: False
# episodes completed so far: 1886
# successes: 1113 (59.0%)
Current task success rate: 0.0
Current total success rate: 0.5901378579003181

Task: put the wine bottle on the rack view 0 0 100 0 0 initstate 0 noise 50
Success: False
# episodes completed so far: 1887
# successes: 1113 (59.0%)
Current task success rate: 0.0
Current total success rate: 0.589825119236884

Task: open the middle drawer of the cabinet add 10
Success: True
# episodes completed so far: 1888
# successes: 1114 (59.0%)
Current task success rate: 1.0
Current total success rate: 0.590042372881356

Task: open the middle drawer of the cabinet add 11
Success: True
# episodes completed so far: 1889
# successes: 1115 (59.0%)
Current task success rate: 1.0
Current total success rate: 0.5902593965060878

Task: open the middle drawer of the cabinet add 12
Success: True
# episodes completed so far: 1890
# successes: 1116 (59.0%)
Current task success rate: 1.0
Current total success rate: 0.5904761904761905

Task: open the middle drawer of the cabinet add 13
Success: True
# episodes completed so far: 1891
# successes: 1117 (59.1%)
Current task success rate: 1.0
Current total success rate: 0.5906927551560022

Task: open the middle drawer of the cabinet add 14
Success: True
# episodes completed so far: 1892
# successes: 1118 (59.1%)
Current task success rate: 1.0
Current total success rate: 0.5909090909090909

Task: open the middle drawer of the cabinet add 15
Success: True
# episodes completed so far: 1893
# successes: 1119 (59.1%)
Current task success rate: 1.0
Current total success rate: 0.5911251980982567

Task: open the middle drawer of the cabinet add 16
Success: True
# episodes completed so far: 1894
# successes: 1120 (59.1%)
Current task success rate: 1.0
Current total success rate: 0.5913410770855333

Task: open the middle drawer of the cabinet add 18
Success: True
# episodes completed so far: 1895
# successes: 1121 (59.2%)
Current task success rate: 1.0
Current total success rate: 0.59155672823219

Task: open the middle drawer of the cabinet add 19
Success: True
# episodes completed so far: 1896
# successes: 1122 (59.2%)
Current task success rate: 1.0
Current total success rate: 0.5917721518987342

Task: open the middle drawer of the cabinet add 2
Success: True
# episodes completed so far: 1897
# successes: 1123 (59.2%)
Current task success rate: 1.0
Current total success rate: 0.5919873484449131

Task: open the middle drawer of the cabinet add 20
Success: True
# episodes completed so far: 1898
# successes: 1124 (59.2%)
Current task success rate: 1.0
Current total success rate: 0.5922023182297155

Task: open the middle drawer of the cabinet add 21
Success: True
# episodes completed so far: 1899
# successes: 1125 (59.2%)
Current task success rate: 1.0
Current total success rate: 0.5924170616113744

Task: open the middle drawer of the cabinet add 22
Success: True
# episodes completed so far: 1900
# successes: 1126 (59.3%)
Current task success rate: 1.0
Current total success rate: 0.5926315789473684

Task: open the middle drawer of the cabinet add 23
Success: True
# episodes completed so far: 1901
# successes: 1127 (59.3%)
Current task success rate: 1.0
Current total success rate: 0.592845870594424

Task: open the middle drawer of the cabinet add 24
Success: True
# episodes completed so far: 1902
# successes: 1128 (59.3%)
Current task success rate: 1.0
Current total success rate: 0.5930599369085173

Task: open the middle drawer of the cabinet add 25
Success: True
# episodes completed so far: 1903
# successes: 1129 (59.3%)
Current task success rate: 1.0
Current total success rate: 0.5932737782448765

Task: open the middle drawer of the cabinet add 26
Success: True
# episodes completed so far: 1904
# successes: 1130 (59.3%)
Current task success rate: 1.0
Current total success rate: 0.5934873949579832

Task: open the middle drawer of the cabinet add 27
Success: True
# episodes completed so far: 1905
# successes: 1131 (59.4%)
Current task success rate: 1.0
Current total success rate: 0.5937007874015748

Task: open the middle drawer of the cabinet add 28
Success: True
# episodes completed so far: 1906
# successes: 1132 (59.4%)
Current task success rate: 1.0
Current total success rate: 0.5939139559286464

Task: open the middle drawer of the cabinet add 29
Success: True
# episodes completed so far: 1907
# successes: 1133 (59.4%)
Current task success rate: 1.0
Current total success rate: 0.5941269008914526

Task: open the middle drawer of the cabinet add 30
Success: True
# episodes completed so far: 1908
# successes: 1134 (59.4%)
Current task success rate: 1.0
Current total success rate: 0.5943396226415094

Task: open the middle drawer of the cabinet add 5
Success: True
# episodes completed so far: 1909
# successes: 1135 (59.5%)
Current task success rate: 1.0
Current total success rate: 0.5945521215295967

Task: open the middle drawer of the cabinet add 7
Success: True
# episodes completed so far: 1910
# successes: 1136 (59.5%)
Current task success rate: 1.0
Current total success rate: 0.5947643979057592

Task: open the middle drawer of the cabinet add 8
Success: True
# episodes completed so far: 1911
# successes: 1137 (59.5%)
Current task success rate: 1.0
Current total success rate: 0.5949764521193093

Task: open the middle drawer of the cabinet add 9
Success: True
# episodes completed so far: 1912
# successes: 1138 (59.5%)
Current task success rate: 1.0
Current total success rate: 0.5951882845188284

Task: open the middle drawer of the cabinet moved level1 sample1
Success: True
# episodes completed so far: 1913
# successes: 1139 (59.5%)
Current task success rate: 1.0
Current total success rate: 0.5953998954521693

Task: open the middle drawer of the cabinet moved level1 sample2
Success: False
# episodes completed so far: 1914
# successes: 1139 (59.5%)
Current task success rate: 0.0
Current total success rate: 0.5950888192267503

Task: open the middle drawer of the cabinet moved level1 sample3
Success: False
# episodes completed so far: 1915
# successes: 1139 (59.5%)
Current task success rate: 0.0
Current total success rate: 0.5947780678851174

Task: open the middle drawer of the cabinet moved level1 sample4
Success: False
# episodes completed so far: 1916
# successes: 1139 (59.4%)
Current task success rate: 0.0
Current total success rate: 0.5944676409185804

Task: open the middle drawer of the cabinet moved level2 sample1
Success: False
# episodes completed so far: 1917
# successes: 1139 (59.4%)
Current task success rate: 0.0
Current total success rate: 0.5941575378195096

Task: open the middle drawer of the cabinet moved level2 sample2
Success: True
# episodes completed so far: 1918
# successes: 1140 (59.4%)
Current task success rate: 1.0
Current total success rate: 0.59436913451512

Task: open the middle drawer of the cabinet moved level2 sample4
Success: False
# episodes completed so far: 1919
# successes: 1140 (59.4%)
Current task success rate: 0.0
Current total success rate: 0.594059405940594

Task: open the middle drawer of the cabinet moved level3 sample1
Success: False
# episodes completed so far: 1920
# successes: 1140 (59.4%)
Current task success rate: 0.0
Current total success rate: 0.59375

Task: open the middle drawer of the cabinet moved level3 sample2
Success: False
# episodes completed so far: 1921
# successes: 1140 (59.3%)
Current task success rate: 0.0
Current total success rate: 0.5934409161894847

Task: open the middle drawer of the cabinet moved level3 sample3
Success: False
# episodes completed so far: 1922
# successes: 1140 (59.3%)
Current task success rate: 0.0
Current total success rate: 0.5931321540062435

Task: open the middle drawer of the cabinet moved level3 sample4
Success: False
# episodes completed so far: 1923
# successes: 1140 (59.3%)
Current task success rate: 0.0
Current total success rate: 0.592823712948518

Task: open the middle drawer of the cabinet moved level4 sample1
Success: False
# episodes completed so far: 1924
# successes: 1140 (59.3%)
Current task success rate: 0.0
Current total success rate: 0.5925155925155925

Task: open the middle drawer of the cabinet moved level4 sample2
Success: False
# episodes completed so far: 1925
# successes: 1140 (59.2%)
Current task success rate: 0.0
Current total success rate: 0.5922077922077922

Task: open the middle drawer of the cabinet moved level4 sample3
Success: False
# episodes completed so far: 1926
# successes: 1140 (59.2%)
Current task success rate: 0.0
Current total success rate: 0.5919003115264797

Task: open the middle drawer of the cabinet moved level4 sample4
Success: False
# episodes completed so far: 1927
# successes: 1140 (59.2%)
Current task success rate: 0.0
Current total success rate: 0.5915931499740529

Task: open the middle drawer of the cabinet moved level5 sample1
Success: False
# episodes completed so far: 1928
# successes: 1140 (59.1%)
Current task success rate: 0.0
Current total success rate: 0.5912863070539419

Task: open the middle drawer of the cabinet moved level5 sample2
Success: False
# episodes completed so far: 1929
# successes: 1140 (59.1%)
Current task success rate: 0.0
Current total success rate: 0.5909797822706065

Task: open the middle drawer of the cabinet moved level5 sample3
Success: False
# episodes completed so far: 1930
# successes: 1140 (59.1%)
Current task success rate: 0.0
Current total success rate: 0.5906735751295337

Task: open the middle drawer of the cabinet moved level5 sample4
Success: False
# episodes completed so far: 1931
# successes: 1140 (59.0%)
Current task success rate: 0.0
Current total success rate: 0.5903676851372346

Task: open the top drawer and put the bowl inside add 10
Success: False
# episodes completed so far: 1932
# successes: 1140 (59.0%)
Current task success rate: 0.0
Current total success rate: 0.5900621118012422

Task: open the top drawer and put the bowl inside add 11
Success: False
# episodes completed so far: 1933
# successes: 1140 (59.0%)
Current task success rate: 0.0
Current total success rate: 0.5897568546301086

Task: open the top drawer and put the bowl inside add 13
Success: False
# episodes completed so far: 1934
# successes: 1140 (58.9%)
Current task success rate: 0.0
Current total success rate: 0.5894519131334023

Task: open the top drawer and put the bowl inside add 14
Success: False
# episodes completed so far: 1935
# successes: 1140 (58.9%)
Current task success rate: 0.0
Current total success rate: 0.5891472868217055

Task: open the top drawer and put the bowl inside add 15
Success: False
# episodes completed so far: 1936
# successes: 1140 (58.9%)
Current task success rate: 0.0
Current total success rate: 0.5888429752066116

Task: open the top drawer and put the bowl inside add 16
Success: False
# episodes completed so far: 1937
# successes: 1140 (58.9%)
Current task success rate: 0.0
Current total success rate: 0.5885389778007227

Task: open the top drawer and put the bowl inside add 17
Success: True
# episodes completed so far: 1938
# successes: 1141 (58.9%)
Current task success rate: 1.0
Current total success rate: 0.5887512899896801

Task: open the top drawer and put the bowl inside add 18
Success: False
# episodes completed so far: 1939
# successes: 1141 (58.8%)
Current task success rate: 0.0
Current total success rate: 0.5884476534296029

Task: open the top drawer and put the bowl inside add 19
Success: False
# episodes completed so far: 1940
# successes: 1141 (58.8%)
Current task success rate: 0.0
Current total success rate: 0.5881443298969072

Task: open the top drawer and put the bowl inside add 2
Success: False
# episodes completed so far: 1941
# successes: 1141 (58.8%)
Current task success rate: 0.0
Current total success rate: 0.5878413189077795

Task: open the top drawer and put the bowl inside add 20
Success: False
# episodes completed so far: 1942
# successes: 1141 (58.8%)
Current task success rate: 0.0
Current total success rate: 0.5875386199794027

Task: open the top drawer and put the bowl inside add 22
Success: False
# episodes completed so far: 1943
# successes: 1141 (58.7%)
Current task success rate: 0.0
Current total success rate: 0.5872362326299537

Task: open the top drawer and put the bowl inside add 23
Success: False
# episodes completed so far: 1944
# successes: 1141 (58.7%)
Current task success rate: 0.0
Current total success rate: 0.5869341563786008

Task: open the top drawer and put the bowl inside add 24
Success: False
# episodes completed so far: 1945
# successes: 1141 (58.7%)
Current task success rate: 0.0
Current total success rate: 0.5866323907455013

Task: open the top drawer and put the bowl inside add 25
Success: False
# episodes completed so far: 1946
# successes: 1141 (58.6%)
Current task success rate: 0.0
Current total success rate: 0.5863309352517986

Task: open the top drawer and put the bowl inside add 26
Success: False
# episodes completed so far: 1947
# successes: 1141 (58.6%)
Current task success rate: 0.0
Current total success rate: 0.5860297894196199

Task: open the top drawer and put the bowl inside add 27
Success: False
# episodes completed so far: 1948
# successes: 1141 (58.6%)
Current task success rate: 0.0
Current total success rate: 0.5857289527720739

Task: open the top drawer and put the bowl inside add 28
Success: False
# episodes completed so far: 1949
# successes: 1141 (58.5%)
Current task success rate: 0.0
Current total success rate: 0.5854284248332479

Task: open the top drawer and put the bowl inside add 29
Success: False
# episodes completed so far: 1950
# successes: 1141 (58.5%)
Current task success rate: 0.0
Current total success rate: 0.5851282051282052

Task: open the top drawer and put the bowl inside add 3
Success: False
# episodes completed so far: 1951
# successes: 1141 (58.5%)
Current task success rate: 0.0
Current total success rate: 0.5848282931829831

Task: open the top drawer and put the bowl inside add 30
Success: False
# episodes completed so far: 1952
# successes: 1141 (58.5%)
Current task success rate: 0.0
Current total success rate: 0.5845286885245902

Task: open the top drawer and put the bowl inside add 4
Success: True
# episodes completed so far: 1953
# successes: 1142 (58.5%)
Current task success rate: 1.0
Current total success rate: 0.5847414234511009

Task: open the top drawer and put the bowl inside add 5
Success: False
# episodes completed so far: 1954
# successes: 1142 (58.4%)
Current task success rate: 0.0
Current total success rate: 0.5844421699078812

Task: open the top drawer and put the bowl inside add 6
Success: True
# episodes completed so far: 1955
# successes: 1143 (58.5%)
Current task success rate: 1.0
Current total success rate: 0.5846547314578006

Task: open the top drawer and put the bowl inside add 7
Success: False
# episodes completed so far: 1956
# successes: 1143 (58.4%)
Current task success rate: 0.0
Current total success rate: 0.5843558282208589

Task: open the top drawer and put the bowl inside add 8
Success: False
# episodes completed so far: 1957
# successes: 1143 (58.4%)
Current task success rate: 0.0
Current total success rate: 0.5840572304547778

Task: open the top drawer and put the bowl inside add 9
Success: False
# episodes completed so far: 1958
# successes: 1143 (58.4%)
Current task success rate: 0.0
Current total success rate: 0.583758937691522

Task: open the top drawer and put the bowl inside moved level1 sample1
Success: False
# episodes completed so far: 1959
# successes: 1143 (58.3%)
Current task success rate: 0.0
Current total success rate: 0.5834609494640123

Task: open the top drawer and put the bowl inside moved level1 sample2
Success: False
# episodes completed so far: 1960
# successes: 1143 (58.3%)
Current task success rate: 0.0
Current total success rate: 0.5831632653061225

Task: open the top drawer and put the bowl inside moved level1 sample4
Success: False
# episodes completed so far: 1961
# successes: 1143 (58.3%)
Current task success rate: 0.0
Current total success rate: 0.5828658847526772

Task: open the top drawer and put the bowl inside moved level2 sample1
Success: False
# episodes completed so far: 1962
# successes: 1143 (58.3%)
Current task success rate: 0.0
Current total success rate: 0.5825688073394495

Task: open the top drawer and put the bowl inside moved level2 sample3
Success: False
# episodes completed so far: 1963
# successes: 1143 (58.2%)
Current task success rate: 0.0
Current total success rate: 0.5822720326031584

Task: open the top drawer and put the bowl inside moved level2 sample4
Success: False
# episodes completed so far: 1964
# successes: 1143 (58.2%)
Current task success rate: 0.0
Current total success rate: 0.5819755600814664

Task: open the top drawer and put the bowl inside moved level3 sample1
Success: False
# episodes completed so far: 1965
# successes: 1143 (58.2%)
Current task success rate: 0.0
Current total success rate: 0.5816793893129771

Task: open the top drawer and put the bowl inside moved level3 sample2
Success: False
# episodes completed so far: 1966
# successes: 1143 (58.1%)
Current task success rate: 0.0
Current total success rate: 0.5813835198372329

Task: open the top drawer and put the bowl inside moved level3 sample3
Success: False
# episodes completed so far: 1967
# successes: 1143 (58.1%)
Current task success rate: 0.0
Current total success rate: 0.5810879511947128

Task: open the top drawer and put the bowl inside moved level3 sample4
Success: False
# episodes completed so far: 1968
# successes: 1143 (58.1%)
Current task success rate: 0.0
Current total success rate: 0.5807926829268293

Task: open the top drawer and put the bowl inside moved level4 sample1
Success: False
# episodes completed so far: 1969
# successes: 1143 (58.0%)
Current task success rate: 0.0
Current total success rate: 0.5804977145759269

Task: open the top drawer and put the bowl inside moved level4 sample2
Success: False
# episodes completed so far: 1970
# successes: 1143 (58.0%)
Current task success rate: 0.0
Current total success rate: 0.5802030456852791

Task: open the top drawer and put the bowl inside moved level4 sample3
Success: False
# episodes completed so far: 1971
# successes: 1143 (58.0%)
Current task success rate: 0.0
Current total success rate: 0.5799086757990868

Task: open the top drawer and put the bowl inside moved level4 sample4
Success: False
# episodes completed so far: 1972
# successes: 1143 (58.0%)
Current task success rate: 0.0
Current total success rate: 0.5796146044624746

Task: open the top drawer and put the bowl inside moved level5 sample1
Success: False
# episodes completed so far: 1973
# successes: 1143 (57.9%)
Current task success rate: 0.0
Current total success rate: 0.5793208312214901

Task: open the top drawer and put the bowl inside moved level5 sample2
Success: False
# episodes completed so far: 1974
# successes: 1143 (57.9%)
Current task success rate: 0.0
Current total success rate: 0.5790273556231003

Task: open the top drawer and put the bowl inside moved level5 sample3
Success: False
# episodes completed so far: 1975
# successes: 1143 (57.9%)
Current task success rate: 0.0
Current total success rate: 0.5787341772151898

Task: open the top drawer and put the bowl inside moved level5 sample4
Success: False
# episodes completed so far: 1976
# successes: 1143 (57.8%)
Current task success rate: 0.0
Current total success rate: 0.5784412955465587

Task: push the plate to the front of the stove add 1
Success: True
# episodes completed so far: 1977
# successes: 1144 (57.9%)
Current task success rate: 1.0
Current total success rate: 0.5786545270612038

Task: push the plate to the front of the stove add 10
Success: True
# episodes completed so far: 1978
# successes: 1145 (57.9%)
Current task success rate: 1.0
Current total success rate: 0.5788675429726997

Task: push the plate to the front of the stove add 11
Success: True
# episodes completed so far: 1979
# successes: 1146 (57.9%)
Current task success rate: 1.0
Current total success rate: 0.5790803436078827

Task: push the plate to the front of the stove add 12
Success: True
# episodes completed so far: 1980
# successes: 1147 (57.9%)
Current task success rate: 1.0
Current total success rate: 0.5792929292929293

Task: push the plate to the front of the stove add 14
Success: True
# episodes completed so far: 1981
# successes: 1148 (58.0%)
Current task success rate: 1.0
Current total success rate: 0.5795053003533569

Task: push the plate to the front of the stove add 15
Success: True
# episodes completed so far: 1982
# successes: 1149 (58.0%)
Current task success rate: 1.0
Current total success rate: 0.5797174571140262

Task: push the plate to the front of the stove add 16
Success: False
# episodes completed so far: 1983
# successes: 1149 (57.9%)
Current task success rate: 0.0
Current total success rate: 0.5794251134644478

Task: push the plate to the front of the stove add 17
Success: False
# episodes completed so far: 1984
# successes: 1149 (57.9%)
Current task success rate: 0.0
Current total success rate: 0.579133064516129

Task: push the plate to the front of the stove add 18
Success: True
# episodes completed so far: 1985
# successes: 1150 (57.9%)
Current task success rate: 1.0
Current total success rate: 0.5793450881612091

Task: push the plate to the front of the stove add 19
Success: True
# episodes completed so far: 1986
# successes: 1151 (58.0%)
Current task success rate: 1.0
Current total success rate: 0.5795568982880162

Task: push the plate to the front of the stove add 2
Success: True
# episodes completed so far: 1987
# successes: 1152 (58.0%)
Current task success rate: 1.0
Current total success rate: 0.579768495218923

Task: push the plate to the front of the stove add 21
Success: True
# episodes completed so far: 1988
# successes: 1153 (58.0%)
Current task success rate: 1.0
Current total success rate: 0.579979879275654

Task: push the plate to the front of the stove add 22
Success: False
# episodes completed so far: 1989
# successes: 1153 (58.0%)
Current task success rate: 0.0
Current total success rate: 0.5796882855706386

Task: push the plate to the front of the stove add 23
Success: False
# episodes completed so far: 1990
# successes: 1153 (57.9%)
Current task success rate: 0.0
Current total success rate: 0.5793969849246231

Task: push the plate to the front of the stove add 24
Success: True
# episodes completed so far: 1991
# successes: 1154 (58.0%)
Current task success rate: 1.0
Current total success rate: 0.5796082370668006

Task: push the plate to the front of the stove add 25
Success: True
# episodes completed so far: 1992
# successes: 1155 (58.0%)
Current task success rate: 1.0
Current total success rate: 0.5798192771084337

Task: push the plate to the front of the stove add 26
Success: True
# episodes completed so far: 1993
# successes: 1156 (58.0%)
Current task success rate: 1.0
Current total success rate: 0.5800301053687907

Task: push the plate to the front of the stove add 27
Success: True
# episodes completed so far: 1994
# successes: 1157 (58.0%)
Current task success rate: 1.0
Current total success rate: 0.5802407221664995

Task: push the plate to the front of the stove add 28
Success: False
# episodes completed so far: 1995
# successes: 1157 (58.0%)
Current task success rate: 0.0
Current total success rate: 0.5799498746867168

Task: push the plate to the front of the stove add 29
Success: False
# episodes completed so far: 1996
# successes: 1157 (58.0%)
Current task success rate: 0.0
Current total success rate: 0.5796593186372746

Task: push the plate to the front of the stove add 3
Success: True
# episodes completed so far: 1997
# successes: 1158 (58.0%)
Current task success rate: 1.0
Current total success rate: 0.5798698047070606

Task: push the plate to the front of the stove add 30
Success: True
# episodes completed so far: 1998
# successes: 1159 (58.0%)
Current task success rate: 1.0
Current total success rate: 0.58008008008008

Task: push the plate to the front of the stove add 5
Success: True
# episodes completed so far: 1999
# successes: 1160 (58.0%)
Current task success rate: 1.0
Current total success rate: 0.5802901450725363

Task: push the plate to the front of the stove add 6
Success: True
# episodes completed so far: 2000
# successes: 1161 (58.0%)
Current task success rate: 1.0
Current total success rate: 0.5805

Task: push the plate to the front of the stove add 7
Success: True
# episodes completed so far: 2001
# successes: 1162 (58.1%)
Current task success rate: 1.0
Current total success rate: 0.5807096451774113

Task: push the plate to the front of the stove add 8
Success: True
# episodes completed so far: 2002
# successes: 1163 (58.1%)
Current task success rate: 1.0
Current total success rate: 0.580919080919081

Task: push the plate to the front of the stove add 9
Success: True
# episodes completed so far: 2003
# successes: 1164 (58.1%)
Current task success rate: 1.0
Current total success rate: 0.5811283075386919

Task: push the plate to the front of the stove moved level1 sample2
Success: True
# episodes completed so far: 2004
# successes: 1165 (58.1%)
Current task success rate: 1.0
Current total success rate: 0.5813373253493014

Task: push the plate to the front of the stove moved level1 sample3
Success: True
# episodes completed so far: 2005
# successes: 1166 (58.2%)
Current task success rate: 1.0
Current total success rate: 0.5815461346633416

Task: push the plate to the front of the stove moved level1 sample4
Success: True
# episodes completed so far: 2006
# successes: 1167 (58.2%)
Current task success rate: 1.0
Current total success rate: 0.5817547357926222

Task: push the plate to the front of the stove moved level2 sample1
Success: False
# episodes completed so far: 2007
# successes: 1167 (58.1%)
Current task success rate: 0.0
Current total success rate: 0.5814648729446936

Task: push the plate to the front of the stove moved level2 sample2
Success: False
# episodes completed so far: 2008
# successes: 1167 (58.1%)
Current task success rate: 0.0
Current total success rate: 0.5811752988047809

Task: push the plate to the front of the stove moved level2 sample3
Success: False
# episodes completed so far: 2009
# successes: 1167 (58.1%)
Current task success rate: 0.0
Current total success rate: 0.5808860129417621

Task: push the plate to the front of the stove moved level2 sample4
Success: True
# episodes completed so far: 2010
# successes: 1168 (58.1%)
Current task success rate: 1.0
Current total success rate: 0.5810945273631841

Task: push the plate to the front of the stove moved level3 sample1
Success: False
# episodes completed so far: 2011
# successes: 1168 (58.1%)
Current task success rate: 0.0
Current total success rate: 0.5808055693684734

Task: push the plate to the front of the stove moved level3 sample2
Success: False
# episodes completed so far: 2012
# successes: 1168 (58.1%)
Current task success rate: 0.0
Current total success rate: 0.5805168986083499

Task: push the plate to the front of the stove moved level3 sample3
Success: False
# episodes completed so far: 2013
# successes: 1168 (58.0%)
Current task success rate: 0.0
Current total success rate: 0.5802285146547441

Task: push the plate to the front of the stove moved level3 sample4
Success: False
# episodes completed so far: 2014
# successes: 1168 (58.0%)
Current task success rate: 0.0
Current total success rate: 0.579940417080437

Task: push the plate to the front of the stove moved level4 sample1
Success: True
# episodes completed so far: 2015
# successes: 1169 (58.0%)
Current task success rate: 1.0
Current total success rate: 0.5801488833746898

Task: push the plate to the front of the stove moved level4 sample2
Success: False
# episodes completed so far: 2016
# successes: 1169 (58.0%)
Current task success rate: 0.0
Current total success rate: 0.5798611111111112

Task: push the plate to the front of the stove moved level4 sample3
Success: False
# episodes completed so far: 2017
# successes: 1169 (58.0%)
Current task success rate: 0.0
Current total success rate: 0.579573624194348

Task: push the plate to the front of the stove moved level4 sample4
Success: True
# episodes completed so far: 2018
# successes: 1170 (58.0%)
Current task success rate: 1.0
Current total success rate: 0.5797819623389494

Task: push the plate to the front of the stove moved level5 sample1
Success: False
# episodes completed so far: 2019
# successes: 1170 (57.9%)
Current task success rate: 0.0
Current total success rate: 0.5794947994056464

Task: push the plate to the front of the stove moved level5 sample2
Success: False
# episodes completed so far: 2020
# successes: 1170 (57.9%)
Current task success rate: 0.0
Current total success rate: 0.5792079207920792

Task: push the plate to the front of the stove moved level5 sample3
Success: False
# episodes completed so far: 2021
# successes: 1170 (57.9%)
Current task success rate: 0.0
Current total success rate: 0.5789213260762

Task: push the plate to the front of the stove moved level5 sample4
Success: False
# episodes completed so far: 2022
# successes: 1170 (57.9%)
Current task success rate: 0.0
Current total success rate: 0.5786350148367952

Task: put the bowl on the plate add 1
Success: True
# episodes completed so far: 2023
# successes: 1171 (57.9%)
Current task success rate: 1.0
Current total success rate: 0.578843302026693

Task: put the bowl on the plate add 10
Success: True
# episodes completed so far: 2024
# successes: 1172 (57.9%)
Current task success rate: 1.0
Current total success rate: 0.5790513833992095

Task: put the bowl on the plate add 12
Success: True
# episodes completed so far: 2025
# successes: 1173 (57.9%)
Current task success rate: 1.0
Current total success rate: 0.5792592592592593

Task: put the bowl on the plate add 13
Success: True
# episodes completed so far: 2026
# successes: 1174 (57.9%)
Current task success rate: 1.0
Current total success rate: 0.579466929911155

Task: put the bowl on the plate add 14
Success: True
# episodes completed so far: 2027
# successes: 1175 (58.0%)
Current task success rate: 1.0
Current total success rate: 0.5796743956586088

Task: put the bowl on the plate add 15
Success: True
# episodes completed so far: 2028
# successes: 1176 (58.0%)
Current task success rate: 1.0
Current total success rate: 0.5798816568047337

Task: put the bowl on the plate add 16
Success: True
# episodes completed so far: 2029
# successes: 1177 (58.0%)
Current task success rate: 1.0
Current total success rate: 0.5800887136520454

Task: put the bowl on the plate add 17
Success: False
# episodes completed so far: 2030
# successes: 1177 (58.0%)
Current task success rate: 0.0
Current total success rate: 0.5798029556650246

Task: put the bowl on the plate add 18
Success: True
# episodes completed so far: 2031
# successes: 1178 (58.0%)
Current task success rate: 1.0
Current total success rate: 0.5800098473658296

Task: put the bowl on the plate add 19
Success: True
# episodes completed so far: 2032
# successes: 1179 (58.0%)
Current task success rate: 1.0
Current total success rate: 0.5802165354330708

Task: put the bowl on the plate add 20
Success: True
# episodes completed so far: 2033
# successes: 1180 (58.0%)
Current task success rate: 1.0
Current total success rate: 0.5804230201672406

Task: put the bowl on the plate add 21
Success: True
# episodes completed so far: 2034
# successes: 1181 (58.1%)
Current task success rate: 1.0
Current total success rate: 0.5806293018682399

Task: put the bowl on the plate add 22
Success: True
# episodes completed so far: 2035
# successes: 1182 (58.1%)
Current task success rate: 1.0
Current total success rate: 0.5808353808353809

Task: put the bowl on the plate add 23
Success: True
# episodes completed so far: 2036
# successes: 1183 (58.1%)
Current task success rate: 1.0
Current total success rate: 0.581041257367387

Task: put the bowl on the plate add 24
Success: True
# episodes completed so far: 2037
# successes: 1184 (58.1%)
Current task success rate: 1.0
Current total success rate: 0.5812469317623957

Task: put the bowl on the plate add 25
Success: True
# episodes completed so far: 2038
# successes: 1185 (58.1%)
Current task success rate: 1.0
Current total success rate: 0.5814524043179587

Task: put the bowl on the plate add 26
Success: True
# episodes completed so far: 2039
# successes: 1186 (58.2%)
Current task success rate: 1.0
Current total success rate: 0.5816576753310446

Task: put the bowl on the plate add 27
Success: True
# episodes completed so far: 2040
# successes: 1187 (58.2%)
Current task success rate: 1.0
Current total success rate: 0.5818627450980393

Task: put the bowl on the plate add 28
Success: True
# episodes completed so far: 2041
# successes: 1188 (58.2%)
Current task success rate: 1.0
Current total success rate: 0.5820676139147477

Task: put the bowl on the plate add 29
Success: True
# episodes completed so far: 2042
# successes: 1189 (58.2%)
Current task success rate: 1.0
Current total success rate: 0.5822722820763957

Task: put the bowl on the plate add 3
Success: True
# episodes completed so far: 2043
# successes: 1190 (58.2%)
Current task success rate: 1.0
Current total success rate: 0.582476749877631

Task: put the bowl on the plate add 30
Success: True
# episodes completed so far: 2044
# successes: 1191 (58.3%)
Current task success rate: 1.0
Current total success rate: 0.5826810176125244

Task: put the bowl on the plate add 4
Success: True
# episodes completed so far: 2045
# successes: 1192 (58.3%)
Current task success rate: 1.0
Current total success rate: 0.5828850855745721

Task: put the bowl on the plate add 5
Success: True
# episodes completed so far: 2046
# successes: 1193 (58.3%)
Current task success rate: 1.0
Current total success rate: 0.583088954056696

Task: put the bowl on the plate add 9
Success: True
# episodes completed so far: 2047
# successes: 1194 (58.3%)
Current task success rate: 1.0
Current total success rate: 0.5832926233512458

Task: put the bowl on the plate moved level1 sample1
Success: False
# episodes completed so far: 2048
# successes: 1194 (58.3%)
Current task success rate: 0.0
Current total success rate: 0.5830078125

Task: put the bowl on the plate moved level1 sample2
Success: False
# episodes completed so far: 2049
# successes: 1194 (58.3%)
Current task success rate: 0.0
Current total success rate: 0.582723279648609

Task: put the bowl on the plate moved level1 sample3
Success: False
# episodes completed so far: 2050
# successes: 1194 (58.2%)
Current task success rate: 0.0
Current total success rate: 0.5824390243902439

Task: put the bowl on the plate moved level1 sample4
Success: False
# episodes completed so far: 2051
# successes: 1194 (58.2%)
Current task success rate: 0.0
Current total success rate: 0.5821550463188688

Task: put the bowl on the plate moved level2 sample1
Success: False
# episodes completed so far: 2052
# successes: 1194 (58.2%)
Current task success rate: 0.0
Current total success rate: 0.5818713450292398

Task: put the bowl on the plate moved level2 sample2
Success: False
# episodes completed so far: 2053
# successes: 1194 (58.2%)
Current task success rate: 0.0
Current total success rate: 0.5815879201169021

Task: put the bowl on the plate moved level2 sample3
Success: False
# episodes completed so far: 2054
# successes: 1194 (58.1%)
Current task success rate: 0.0
Current total success rate: 0.5813047711781889

Task: put the bowl on the plate moved level2 sample4
Success: False
# episodes completed so far: 2055
# successes: 1194 (58.1%)
Current task success rate: 0.0
Current total success rate: 0.581021897810219

Task: put the bowl on the plate moved level3 sample1
Success: False
# episodes completed so far: 2056
# successes: 1194 (58.1%)
Current task success rate: 0.0
Current total success rate: 0.580739299610895

Task: put the bowl on the plate moved level3 sample3
Success: False
# episodes completed so far: 2057
# successes: 1194 (58.0%)
Current task success rate: 0.0
Current total success rate: 0.5804569761789014

Task: put the bowl on the plate moved level3 sample4
Success: False
# episodes completed so far: 2058
# successes: 1194 (58.0%)
Current task success rate: 0.0
Current total success rate: 0.5801749271137027

Task: put the bowl on the plate moved level4 sample1
Success: False
# episodes completed so far: 2059
# successes: 1194 (58.0%)
Current task success rate: 0.0
Current total success rate: 0.5798931520155415

Task: put the bowl on the plate moved level4 sample2
Success: False
# episodes completed so far: 2060
# successes: 1194 (58.0%)
Current task success rate: 0.0
Current total success rate: 0.579611650485437

Task: put the bowl on the plate moved level4 sample3
Success: False
# episodes completed so far: 2061
# successes: 1194 (57.9%)
Current task success rate: 0.0
Current total success rate: 0.5793304221251819

Task: put the bowl on the plate moved level4 sample4
Success: False
# episodes completed so far: 2062
# successes: 1194 (57.9%)
Current task success rate: 0.0
Current total success rate: 0.5790494665373423

Task: put the bowl on the plate moved level5 sample1
Success: False
# episodes completed so far: 2063
# successes: 1194 (57.9%)
Current task success rate: 0.0
Current total success rate: 0.5787687833252545

Task: put the bowl on the plate moved level5 sample2
Success: False
# episodes completed so far: 2064
# successes: 1194 (57.8%)
Current task success rate: 0.0
Current total success rate: 0.5784883720930233

Task: put the bowl on the plate moved level5 sample3
Success: False
# episodes completed so far: 2065
# successes: 1194 (57.8%)
Current task success rate: 0.0
Current total success rate: 0.5782082324455206

Task: put the bowl on the plate moved level5 sample4
Success: False
# episodes completed so far: 2066
# successes: 1194 (57.8%)
Current task success rate: 0.0
Current total success rate: 0.5779283639883833

Task: put the bowl on the stove add 14
Success: True
# episodes completed so far: 2067
# successes: 1195 (57.8%)
Current task success rate: 1.0
Current total success rate: 0.5781325592646347

Task: put the bowl on the stove add 18
Success: True
# episodes completed so far: 2068
# successes: 1196 (57.8%)
Current task success rate: 1.0
Current total success rate: 0.5783365570599613

Task: put the bowl on the stove add 22
Success: True
# episodes completed so far: 2069
# successes: 1197 (57.9%)
Current task success rate: 1.0
Current total success rate: 0.5785403576607057

Task: put the bowl on the stove add 24
Success: True
# episodes completed so far: 2070
# successes: 1198 (57.9%)
Current task success rate: 1.0
Current total success rate: 0.578743961352657

Task: put the bowl on the stove add 25
Success: True
# episodes completed so far: 2071
# successes: 1199 (57.9%)
Current task success rate: 1.0
Current total success rate: 0.5789473684210527

Task: put the bowl on the stove add 26
Success: False
# episodes completed so far: 2072
# successes: 1199 (57.9%)
Current task success rate: 0.0
Current total success rate: 0.5786679536679536

Task: put the bowl on the stove add 27
Success: True
# episodes completed so far: 2073
# successes: 1200 (57.9%)
Current task success rate: 1.0
Current total success rate: 0.5788712011577424

Task: put the bowl on the stove add 28
Success: True
# episodes completed so far: 2074
# successes: 1201 (57.9%)
Current task success rate: 1.0
Current total success rate: 0.5790742526518804

Task: put the bowl on the stove add 29
Success: False
# episodes completed so far: 2075
# successes: 1201 (57.9%)
Current task success rate: 0.0
Current total success rate: 0.5787951807228916

Task: put the bowl on the stove add 30
Success: True
# episodes completed so far: 2076
# successes: 1202 (57.9%)
Current task success rate: 1.0
Current total success rate: 0.5789980732177264

Task: put the bowl on the stove moved level1 sample3
Success: False
# episodes completed so far: 2077
# successes: 1202 (57.9%)
Current task success rate: 0.0
Current total success rate: 0.5787193066923447

Task: put the bowl on the stove moved level1 sample4
Success: False
# episodes completed so far: 2078
# successes: 1202 (57.8%)
Current task success rate: 0.0
Current total success rate: 0.5784408084696824

Task: put the bowl on the stove moved level2 sample1
Success: False
# episodes completed so far: 2079
# successes: 1202 (57.8%)
Current task success rate: 0.0
Current total success rate: 0.5781625781625782

Task: put the bowl on the stove moved level2 sample2
Success: False
# episodes completed so far: 2080
# successes: 1202 (57.8%)
Current task success rate: 0.0
Current total success rate: 0.5778846153846153

Task: put the bowl on the stove moved level2 sample3
Success: False
# episodes completed so far: 2081
# successes: 1202 (57.8%)
Current task success rate: 0.0
Current total success rate: 0.5776069197501201

Task: put the bowl on the stove moved level2 sample4
Success: False
# episodes completed so far: 2082
# successes: 1202 (57.7%)
Current task success rate: 0.0
Current total success rate: 0.5773294908741594

Task: put the bowl on the stove moved level3 sample1
Success: False
# episodes completed so far: 2083
# successes: 1202 (57.7%)
Current task success rate: 0.0
Current total success rate: 0.5770523283725396

Task: put the bowl on the stove moved level3 sample2
Success: False
# episodes completed so far: 2084
# successes: 1202 (57.7%)
Current task success rate: 0.0
Current total success rate: 0.5767754318618042

Task: put the bowl on the stove moved level3 sample3
Success: False
# episodes completed so far: 2085
# successes: 1202 (57.6%)
Current task success rate: 0.0
Current total success rate: 0.5764988009592326

Task: put the bowl on the stove moved level3 sample4
Success: False
# episodes completed so far: 2086
# successes: 1202 (57.6%)
Current task success rate: 0.0
Current total success rate: 0.576222435282838

Task: put the bowl on the stove moved level4 sample1
Success: False
# episodes completed so far: 2087
# successes: 1202 (57.6%)
Current task success rate: 0.0
Current total success rate: 0.5759463344513656

Task: put the bowl on the stove moved level4 sample2
Success: False
# episodes completed so far: 2088
# successes: 1202 (57.6%)
Current task success rate: 0.0
Current total success rate: 0.5756704980842912

Task: put the bowl on the stove moved level4 sample3
Success: False
# episodes completed so far: 2089
# successes: 1202 (57.5%)
Current task success rate: 0.0
Current total success rate: 0.5753949258018191

Task: put the bowl on the stove moved level4 sample4
Success: False
# episodes completed so far: 2090
# successes: 1202 (57.5%)
Current task success rate: 0.0
Current total success rate: 0.5751196172248804

Task: put the bowl on the stove moved level5 sample1
Success: False
# episodes completed so far: 2091
# successes: 1202 (57.5%)
Current task success rate: 0.0
Current total success rate: 0.5748445719751315

Task: put the bowl on the stove moved level5 sample2
Success: False
# episodes completed so far: 2092
# successes: 1202 (57.5%)
Current task success rate: 0.0
Current total success rate: 0.5745697896749522

Task: put the bowl on the stove moved level5 sample3
Success: False
# episodes completed so far: 2093
# successes: 1202 (57.4%)
Current task success rate: 0.0
Current total success rate: 0.5742952699474438

Task: put the bowl on the stove moved level5 sample4
Success: False
# episodes completed so far: 2094
# successes: 1202 (57.4%)
Current task success rate: 0.0
Current total success rate: 0.5740210124164279

Task: put the bowl on top of the cabinet add 10
Success: True
# episodes completed so far: 2095
# successes: 1203 (57.4%)
Current task success rate: 1.0
Current total success rate: 0.5742243436754176

Task: put the bowl on top of the cabinet add 15
Success: True
# episodes completed so far: 2096
# successes: 1204 (57.4%)
Current task success rate: 1.0
Current total success rate: 0.5744274809160306

Task: put the bowl on top of the cabinet add 16
Success: True
# episodes completed so far: 2097
# successes: 1205 (57.5%)
Current task success rate: 1.0
Current total success rate: 0.5746304244158321

Task: put the bowl on top of the cabinet add 17
Success: False
# episodes completed so far: 2098
# successes: 1205 (57.4%)
Current task success rate: 0.0
Current total success rate: 0.5743565300285987

Task: put the bowl on top of the cabinet add 18
Success: True
# episodes completed so far: 2099
# successes: 1206 (57.5%)
Current task success rate: 1.0
Current total success rate: 0.5745593139590282

Task: put the bowl on top of the cabinet add 19
Success: True
# episodes completed so far: 2100
# successes: 1207 (57.5%)
Current task success rate: 1.0
Current total success rate: 0.5747619047619048

Task: put the bowl on top of the cabinet add 20
Success: True
# episodes completed so far: 2101
# successes: 1208 (57.5%)
Current task success rate: 1.0
Current total success rate: 0.5749643027129938

Task: put the bowl on top of the cabinet add 22
Success: True
# episodes completed so far: 2102
# successes: 1209 (57.5%)
Current task success rate: 1.0
Current total success rate: 0.5751665080875357

Task: put the bowl on top of the cabinet add 23
Success: True
# episodes completed so far: 2103
# successes: 1210 (57.5%)
Current task success rate: 1.0
Current total success rate: 0.5753685211602473

Task: put the bowl on top of the cabinet add 24
Success: True
# episodes completed so far: 2104
# successes: 1211 (57.6%)
Current task success rate: 1.0
Current total success rate: 0.5755703422053232

Task: put the bowl on top of the cabinet add 25
Success: True
# episodes completed so far: 2105
# successes: 1212 (57.6%)
Current task success rate: 1.0
Current total success rate: 0.5757719714964371

Task: put the bowl on top of the cabinet add 26
Success: True
# episodes completed so far: 2106
# successes: 1213 (57.6%)
Current task success rate: 1.0
Current total success rate: 0.5759734093067427

Task: put the bowl on top of the cabinet add 27
Success: True
# episodes completed so far: 2107
# successes: 1214 (57.6%)
Current task success rate: 1.0
Current total success rate: 0.5761746559088752

Task: put the bowl on top of the cabinet add 28
Success: True
# episodes completed so far: 2108
# successes: 1215 (57.6%)
Current task success rate: 1.0
Current total success rate: 0.5763757115749526

Task: put the bowl on top of the cabinet add 29
Success: True
# episodes completed so far: 2109
# successes: 1216 (57.7%)
Current task success rate: 1.0
Current total success rate: 0.5765765765765766

Task: put the bowl on top of the cabinet add 30
Success: True
# episodes completed so far: 2110
# successes: 1217 (57.7%)
Current task success rate: 1.0
Current total success rate: 0.5767772511848341

Task: put the bowl on top of the cabinet moved level1 sample1
Success: False
# episodes completed so far: 2111
# successes: 1217 (57.7%)
Current task success rate: 0.0
Current total success rate: 0.5765040265277119

Task: put the bowl on top of the cabinet moved level1 sample2
Success: False
# episodes completed so far: 2112
# successes: 1217 (57.6%)
Current task success rate: 0.0
Current total success rate: 0.5762310606060606

Task: put the bowl on top of the cabinet moved level1 sample3
Success: False
# episodes completed so far: 2113
# successes: 1217 (57.6%)
Current task success rate: 0.0
Current total success rate: 0.575958353052532

Task: put the bowl on top of the cabinet moved level1 sample4
Success: False
# episodes completed so far: 2114
# successes: 1217 (57.6%)
Current task success rate: 0.0
Current total success rate: 0.575685903500473

Task: put the bowl on top of the cabinet moved level2 sample1
Success: False
# episodes completed so far: 2115
# successes: 1217 (57.5%)
Current task success rate: 0.0
Current total success rate: 0.5754137115839244

Task: put the bowl on top of the cabinet moved level2 sample2
Success: False
# episodes completed so far: 2116
# successes: 1217 (57.5%)
Current task success rate: 0.0
Current total success rate: 0.5751417769376181

Task: put the bowl on top of the cabinet moved level2 sample3
Success: False
# episodes completed so far: 2117
# successes: 1217 (57.5%)
Current task success rate: 0.0
Current total success rate: 0.5748700991969768

Task: put the bowl on top of the cabinet moved level2 sample4
Success: False
# episodes completed so far: 2118
# successes: 1217 (57.5%)
Current task success rate: 0.0
Current total success rate: 0.5745986779981114

Task: put the bowl on top of the cabinet moved level3 sample2
Success: False
# episodes completed so far: 2119
# successes: 1217 (57.4%)
Current task success rate: 0.0
Current total success rate: 0.5743275129778197

Task: put the bowl on top of the cabinet moved level3 sample3
Success: False
# episodes completed so far: 2120
# successes: 1217 (57.4%)
Current task success rate: 0.0
Current total success rate: 0.5740566037735849

Task: put the bowl on top of the cabinet moved level3 sample4
Success: False
# episodes completed so far: 2121
# successes: 1217 (57.4%)
Current task success rate: 0.0
Current total success rate: 0.5737859500235738

Task: put the bowl on top of the cabinet moved level4 sample2
Success: False
# episodes completed so far: 2122
# successes: 1217 (57.4%)
Current task success rate: 0.0
Current total success rate: 0.5735155513666352

Task: put the bowl on top of the cabinet moved level4 sample3
Success: False
# episodes completed so far: 2123
# successes: 1217 (57.3%)
Current task success rate: 0.0
Current total success rate: 0.5732454074422987

Task: put the bowl on top of the cabinet moved level4 sample4
Success: False
# episodes completed so far: 2124
# successes: 1217 (57.3%)
Current task success rate: 0.0
Current total success rate: 0.5729755178907722

Task: put the bowl on top of the cabinet moved level5 sample1
Success: False
# episodes completed so far: 2125
# successes: 1217 (57.3%)
Current task success rate: 0.0
Current total success rate: 0.5727058823529412

Task: put the bowl on top of the cabinet moved level5 sample2
Success: False
# episodes completed so far: 2126
# successes: 1217 (57.2%)
Current task success rate: 0.0
Current total success rate: 0.5724365004703669

Task: put the bowl on top of the cabinet moved level5 sample3
Success: False
# episodes completed so far: 2127
# successes: 1217 (57.2%)
Current task success rate: 0.0
Current total success rate: 0.5721673718852844

Task: put the bowl on top of the cabinet moved level5 sample4
Success: False
# episodes completed so far: 2128
# successes: 1217 (57.2%)
Current task success rate: 0.0
Current total success rate: 0.5718984962406015

Task: put the cream cheese in the bowl add 10
Success: True
# episodes completed so far: 2129
# successes: 1218 (57.2%)
Current task success rate: 1.0
Current total success rate: 0.5720995772663222

Task: put the cream cheese in the bowl add 11
Success: True
# episodes completed so far: 2130
# successes: 1219 (57.2%)
Current task success rate: 1.0
Current total success rate: 0.572300469483568

Task: put the cream cheese in the bowl add 12
Success: True
# episodes completed so far: 2131
# successes: 1220 (57.3%)
Current task success rate: 1.0
Current total success rate: 0.5725011731581418

Task: put the cream cheese in the bowl add 13
Success: True
# episodes completed so far: 2132
# successes: 1221 (57.3%)
Current task success rate: 1.0
Current total success rate: 0.5727016885553471

Task: put the cream cheese in the bowl add 14
Success: True
# episodes completed so far: 2133
# successes: 1222 (57.3%)
Current task success rate: 1.0
Current total success rate: 0.5729020159399906

Task: put the cream cheese in the bowl add 16
Success: True
# episodes completed so far: 2134
# successes: 1223 (57.3%)
Current task success rate: 1.0
Current total success rate: 0.5731021555763823

Task: put the cream cheese in the bowl add 17
Success: True
# episodes completed so far: 2135
# successes: 1224 (57.3%)
Current task success rate: 1.0
Current total success rate: 0.5733021077283372

Task: put the cream cheese in the bowl add 18
Success: True
# episodes completed so far: 2136
# successes: 1225 (57.4%)
Current task success rate: 1.0
Current total success rate: 0.5735018726591761

Task: put the cream cheese in the bowl add 19
Success: True
# episodes completed so far: 2137
# successes: 1226 (57.4%)
Current task success rate: 1.0
Current total success rate: 0.5737014506317267

Task: put the cream cheese in the bowl add 20
Success: True
# episodes completed so far: 2138
# successes: 1227 (57.4%)
Current task success rate: 1.0
Current total success rate: 0.5739008419083256

Task: put the cream cheese in the bowl add 21
Success: True
# episodes completed so far: 2139
# successes: 1228 (57.4%)
Current task success rate: 1.0
Current total success rate: 0.5741000467508182

Task: put the cream cheese in the bowl add 22
Success: True
# episodes completed so far: 2140
# successes: 1229 (57.4%)
Current task success rate: 1.0
Current total success rate: 0.5742990654205608

Task: put the cream cheese in the bowl add 23
Success: True
# episodes completed so far: 2141
# successes: 1230 (57.4%)
Current task success rate: 1.0
Current total success rate: 0.5744978981784213

Task: put the cream cheese in the bowl add 24
Success: True
# episodes completed so far: 2142
# successes: 1231 (57.5%)
Current task success rate: 1.0
Current total success rate: 0.5746965452847805

Task: put the cream cheese in the bowl add 25
Success: True
# episodes completed so far: 2143
# successes: 1232 (57.5%)
Current task success rate: 1.0
Current total success rate: 0.5748950069995333

Task: put the cream cheese in the bowl add 26
Success: True
# episodes completed so far: 2144
# successes: 1233 (57.5%)
Current task success rate: 1.0
Current total success rate: 0.5750932835820896

Task: put the cream cheese in the bowl add 27
Success: True
# episodes completed so far: 2145
# successes: 1234 (57.5%)
Current task success rate: 1.0
Current total success rate: 0.5752913752913753

Task: put the cream cheese in the bowl add 28
Success: True
# episodes completed so far: 2146
# successes: 1235 (57.5%)
Current task success rate: 1.0
Current total success rate: 0.5754892823858341

Task: put the cream cheese in the bowl add 29
Success: False
# episodes completed so far: 2147
# successes: 1235 (57.5%)
Current task success rate: 0.0
Current total success rate: 0.5752212389380531

Task: put the cream cheese in the bowl add 3
Success: True
# episodes completed so far: 2148
# successes: 1236 (57.5%)
Current task success rate: 1.0
Current total success rate: 0.5754189944134078

Task: put the cream cheese in the bowl add 30
Success: True
# episodes completed so far: 2149
# successes: 1237 (57.6%)
Current task success rate: 1.0
Current total success rate: 0.5756165658445789

Task: put the cream cheese in the bowl add 4
Success: True
# episodes completed so far: 2150
# successes: 1238 (57.6%)
Current task success rate: 1.0
Current total success rate: 0.575813953488372

Task: put the cream cheese in the bowl add 5
Success: True
# episodes completed so far: 2151
# successes: 1239 (57.6%)
Current task success rate: 1.0
Current total success rate: 0.5760111576011158

Task: put the cream cheese in the bowl add 8
Success: True
# episodes completed so far: 2152
# successes: 1240 (57.6%)
Current task success rate: 1.0
Current total success rate: 0.5762081784386617

Task: put the cream cheese in the bowl add 9
Success: True
# episodes completed so far: 2153
# successes: 1241 (57.6%)
Current task success rate: 1.0
Current total success rate: 0.5764050162563864

Task: put the cream cheese in the bowl moved level1 sample1
Success: False
# episodes completed so far: 2154
# successes: 1241 (57.6%)
Current task success rate: 0.0
Current total success rate: 0.5761374187558032

Task: put the cream cheese in the bowl moved level1 sample2
Success: False
# episodes completed so far: 2155
# successes: 1241 (57.6%)
Current task success rate: 0.0
Current total success rate: 0.5758700696055684

Task: put the cream cheese in the bowl moved level1 sample4
Success: False
# episodes completed so far: 2156
# successes: 1241 (57.6%)
Current task success rate: 0.0
Current total success rate: 0.5756029684601113

Task: put the cream cheese in the bowl moved level2 sample1
Success: False
# episodes completed so far: 2157
# successes: 1241 (57.5%)
Current task success rate: 0.0
Current total success rate: 0.5753361149745017

Task: put the cream cheese in the bowl moved level2 sample2
Success: False
# episodes completed so far: 2158
# successes: 1241 (57.5%)
Current task success rate: 0.0
Current total success rate: 0.5750695088044485

Task: put the cream cheese in the bowl moved level2 sample3
Success: False
# episodes completed so far: 2159
# successes: 1241 (57.5%)
Current task success rate: 0.0
Current total success rate: 0.5748031496062992

Task: put the cream cheese in the bowl moved level2 sample4
Success: False
# episodes completed so far: 2160
# successes: 1241 (57.5%)
Current task success rate: 0.0
Current total success rate: 0.5745370370370371

Task: put the cream cheese in the bowl moved level3 sample1
Success: False
# episodes completed so far: 2161
# successes: 1241 (57.4%)
Current task success rate: 0.0
Current total success rate: 0.5742711707542805

Task: put the cream cheese in the bowl moved level3 sample2
Success: False
# episodes completed so far: 2162
# successes: 1241 (57.4%)
Current task success rate: 0.0
Current total success rate: 0.5740055504162812

Task: put the cream cheese in the bowl moved level3 sample3
Success: False
# episodes completed so far: 2163
# successes: 1241 (57.4%)
Current task success rate: 0.0
Current total success rate: 0.5737401756819233

Task: put the cream cheese in the bowl moved level3 sample4
Success: False
# episodes completed so far: 2164
# successes: 1241 (57.3%)
Current task success rate: 0.0
Current total success rate: 0.5734750462107209

Task: put the cream cheese in the bowl moved level4 sample1
Success: False
# episodes completed so far: 2165
# successes: 1241 (57.3%)
Current task success rate: 0.0
Current total success rate: 0.5732101616628176

Task: put the cream cheese in the bowl moved level4 sample2
Success: False
# episodes completed so far: 2166
# successes: 1241 (57.3%)
Current task success rate: 0.0
Current total success rate: 0.5729455216989843

Task: put the cream cheese in the bowl moved level4 sample3
Success: False
# episodes completed so far: 2167
# successes: 1241 (57.3%)
Current task success rate: 0.0
Current total success rate: 0.5726811259806184

Task: put the cream cheese in the bowl moved level5 sample1
Success: False
# episodes completed so far: 2168
# successes: 1241 (57.2%)
Current task success rate: 0.0
Current total success rate: 0.5724169741697417

Task: put the cream cheese in the bowl moved level5 sample2
Success: False
# episodes completed so far: 2169
# successes: 1241 (57.2%)
Current task success rate: 0.0
Current total success rate: 0.5721530659289995

Task: put the cream cheese in the bowl moved level5 sample3
Success: False
# episodes completed so far: 2170
# successes: 1241 (57.2%)
Current task success rate: 0.0
Current total success rate: 0.571889400921659

Task: put the cream cheese in the bowl moved level5 sample4
Success: False
# episodes completed so far: 2171
# successes: 1241 (57.2%)
Current task success rate: 0.0
Current total success rate: 0.5716259788116076

Task: put the wine bottle on the rack add 1
Success: True
# episodes completed so far: 2172
# successes: 1242 (57.2%)
Current task success rate: 1.0
Current total success rate: 0.5718232044198895

Task: put the wine bottle on the rack add 10
Success: False
# episodes completed so far: 2173
# successes: 1242 (57.2%)
Current task success rate: 0.0
Current total success rate: 0.5715600552231938

Task: put the wine bottle on the rack add 11
Success: True
# episodes completed so far: 2174
# successes: 1243 (57.2%)
Current task success rate: 1.0
Current total success rate: 0.5717571297148114

Task: put the wine bottle on the rack add 12
Success: True
# episodes completed so far: 2175
# successes: 1244 (57.2%)
Current task success rate: 1.0
Current total success rate: 0.5719540229885057

Task: put the wine bottle on the rack add 13
Success: True
# episodes completed so far: 2176
# successes: 1245 (57.2%)
Current task success rate: 1.0
Current total success rate: 0.5721507352941176

Task: put the wine bottle on the rack add 14
Success: False
# episodes completed so far: 2177
# successes: 1245 (57.2%)
Current task success rate: 0.0
Current total success rate: 0.5718879191548002

Task: put the wine bottle on the rack add 15
Success: True
# episodes completed so far: 2178
# successes: 1246 (57.2%)
Current task success rate: 1.0
Current total success rate: 0.5720844811753902

Task: put the wine bottle on the rack add 16
Success: False
# episodes completed so far: 2179
# successes: 1246 (57.2%)
Current task success rate: 0.0
Current total success rate: 0.5718219366681965

Task: put the wine bottle on the rack add 17
Success: False
# episodes completed so far: 2180
# successes: 1246 (57.2%)
Current task success rate: 0.0
Current total success rate: 0.5715596330275229

Task: put the wine bottle on the rack add 18
Success: True
# episodes completed so far: 2181
# successes: 1247 (57.2%)
Current task success rate: 1.0
Current total success rate: 0.5717560751948647

Task: put the wine bottle on the rack add 19
Success: True
# episodes completed so far: 2182
# successes: 1248 (57.2%)
Current task success rate: 1.0
Current total success rate: 0.5719523373052245

Task: put the wine bottle on the rack add 2
Success: True
# episodes completed so far: 2183
# successes: 1249 (57.2%)
Current task success rate: 1.0
Current total success rate: 0.5721484196060467

Task: put the wine bottle on the rack add 20
Success: False
# episodes completed so far: 2184
# successes: 1249 (57.2%)
Current task success rate: 0.0
Current total success rate: 0.5718864468864469

Task: put the wine bottle on the rack add 21
Success: True
# episodes completed so far: 2185
# successes: 1250 (57.2%)
Current task success rate: 1.0
Current total success rate: 0.5720823798627003

Task: put the wine bottle on the rack add 22
Success: False
# episodes completed so far: 2186
# successes: 1250 (57.2%)
Current task success rate: 0.0
Current total success rate: 0.5718206770356816

Task: put the wine bottle on the rack add 23
Success: True
# episodes completed so far: 2187
# successes: 1251 (57.2%)
Current task success rate: 1.0
Current total success rate: 0.5720164609053497

Task: put the wine bottle on the rack add 24
Success: True
# episodes completed so far: 2188
# successes: 1252 (57.2%)
Current task success rate: 1.0
Current total success rate: 0.5722120658135283

Task: put the wine bottle on the rack add 25
Success: True
# episodes completed so far: 2189
# successes: 1253 (57.2%)
Current task success rate: 1.0
Current total success rate: 0.5724074920054819

Task: put the wine bottle on the rack add 26
Success: True
# episodes completed so far: 2190
# successes: 1254 (57.3%)
Current task success rate: 1.0
Current total success rate: 0.5726027397260274

Task: put the wine bottle on the rack add 27
Success: True
# episodes completed so far: 2191
# successes: 1255 (57.3%)
Current task success rate: 1.0
Current total success rate: 0.5727978092195345

Task: put the wine bottle on the rack add 28
Success: False
# episodes completed so far: 2192
# successes: 1255 (57.3%)
Current task success rate: 0.0
Current total success rate: 0.572536496350365

Task: put the wine bottle on the rack add 29
Success: True
# episodes completed so far: 2193
# successes: 1256 (57.3%)
Current task success rate: 1.0
Current total success rate: 0.5727314181486548

Task: put the wine bottle on the rack add 3
Success: True
# episodes completed so far: 2194
# successes: 1257 (57.3%)
Current task success rate: 1.0
Current total success rate: 0.572926162260711

Task: put the wine bottle on the rack add 30
Success: False
# episodes completed so far: 2195
# successes: 1257 (57.3%)
Current task success rate: 0.0
Current total success rate: 0.5726651480637813

Task: put the wine bottle on the rack add 4
Success: False
# episodes completed so far: 2196
# successes: 1257 (57.2%)
Current task success rate: 0.0
Current total success rate: 0.5724043715846995

Task: put the wine bottle on the rack add 5
Success: True
# episodes completed so far: 2197
# successes: 1258 (57.3%)
Current task success rate: 1.0
Current total success rate: 0.5725989986345016

Task: put the wine bottle on the rack add 6
Success: False
# episodes completed so far: 2198
# successes: 1258 (57.2%)
Current task success rate: 0.0
Current total success rate: 0.5723384895359418

Task: put the wine bottle on the rack add 7
Success: False
# episodes completed so far: 2199
# successes: 1258 (57.2%)
Current task success rate: 0.0
Current total success rate: 0.5720782173715325

Task: put the wine bottle on the rack add 8
Success: True
# episodes completed so far: 2200
# successes: 1259 (57.2%)
Current task success rate: 1.0
Current total success rate: 0.5722727272727273

Task: put the wine bottle on the rack add 9
Success: False
# episodes completed so far: 2201
# successes: 1259 (57.2%)
Current task success rate: 0.0
Current total success rate: 0.5720127214902317

Task: put the wine bottle on the rack moved level1 sample1
Success: False
# episodes completed so far: 2202
# successes: 1259 (57.2%)
Current task success rate: 0.0
Current total success rate: 0.5717529518619436

Task: put the wine bottle on the rack moved level1 sample2
Success: False
# episodes completed so far: 2203
# successes: 1259 (57.1%)
Current task success rate: 0.0
Current total success rate: 0.5714934180662733

Task: put the wine bottle on the rack moved level1 sample3
Success: False
# episodes completed so far: 2204
# successes: 1259 (57.1%)
Current task success rate: 0.0
Current total success rate: 0.5712341197822142

Task: put the wine bottle on the rack moved level1 sample4
Success: False
# episodes completed so far: 2205
# successes: 1259 (57.1%)
Current task success rate: 0.0
Current total success rate: 0.5709750566893425

Task: put the wine bottle on the rack moved level2 sample1
Success: False
# episodes completed so far: 2206
# successes: 1259 (57.1%)
Current task success rate: 0.0
Current total success rate: 0.570716228467815

Task: put the wine bottle on the rack moved level2 sample2
Success: False
# episodes completed so far: 2207
# successes: 1259 (57.0%)
Current task success rate: 0.0
Current total success rate: 0.5704576347983689

Task: put the wine bottle on the rack moved level2 sample3
Success: False
# episodes completed so far: 2208
# successes: 1259 (57.0%)
Current task success rate: 0.0
Current total success rate: 0.5701992753623188

Task: put the wine bottle on the rack moved level2 sample4
Success: False
# episodes completed so far: 2209
# successes: 1259 (57.0%)
Current task success rate: 0.0
Current total success rate: 0.5699411498415573

Task: put the wine bottle on the rack moved level3 sample1
Success: False
# episodes completed so far: 2210
# successes: 1259 (57.0%)
Current task success rate: 0.0
Current total success rate: 0.569683257918552

Task: put the wine bottle on the rack moved level3 sample2
Success: False
# episodes completed so far: 2211
# successes: 1259 (56.9%)
Current task success rate: 0.0
Current total success rate: 0.5694255992763455

Task: put the wine bottle on the rack moved level3 sample3
Success: False
# episodes completed so far: 2212
# successes: 1259 (56.9%)
Current task success rate: 0.0
Current total success rate: 0.5691681735985533

Task: put the wine bottle on the rack moved level3 sample4
Success: False
# episodes completed so far: 2213
# successes: 1259 (56.9%)
Current task success rate: 0.0
Current total success rate: 0.5689109805693628

Task: put the wine bottle on the rack moved level4 sample1
Success: False
# episodes completed so far: 2214
# successes: 1259 (56.9%)
Current task success rate: 0.0
Current total success rate: 0.568654019873532

Task: put the wine bottle on the rack moved level4 sample3
Success: False
# episodes completed so far: 2215
# successes: 1259 (56.8%)
Current task success rate: 0.0
Current total success rate: 0.5683972911963883

Task: put the wine bottle on the rack moved level4 sample4
Success: False
# episodes completed so far: 2216
# successes: 1259 (56.8%)
Current task success rate: 0.0
Current total success rate: 0.5681407942238267

Task: put the wine bottle on the rack moved level5 sample1
Success: False
# episodes completed so far: 2217
# successes: 1259 (56.8%)
Current task success rate: 0.0
Current total success rate: 0.5678845286423094

Task: put the wine bottle on the rack moved level5 sample2
Success: False
# episodes completed so far: 2218
# successes: 1259 (56.8%)
Current task success rate: 0.0
Current total success rate: 0.5676284941388638

Task: put the wine bottle on the rack moved level5 sample3
Success: False
# episodes completed so far: 2219
# successes: 1259 (56.7%)
Current task success rate: 0.0
Current total success rate: 0.5673726904010815

Task: put the wine bottle on the rack moved level5 sample4
Success: False
# episodes completed so far: 2220
# successes: 1259 (56.7%)
Current task success rate: 0.0
Current total success rate: 0.5671171171171171

Task: put the wine bottle on top of the cabinet add 10
Success: True
# episodes completed so far: 2221
# successes: 1260 (56.7%)
Current task success rate: 1.0
Current total success rate: 0.5673120216118865

Task: put the wine bottle on top of the cabinet add 12
Success: True
# episodes completed so far: 2222
# successes: 1261 (56.8%)
Current task success rate: 1.0
Current total success rate: 0.5675067506750675

Task: put the wine bottle on top of the cabinet add 13
Success: True
# episodes completed so far: 2223
# successes: 1262 (56.8%)
Current task success rate: 1.0
Current total success rate: 0.5677013045434098

Task: put the wine bottle on top of the cabinet add 14
Success: True
# episodes completed so far: 2224
# successes: 1263 (56.8%)
Current task success rate: 1.0
Current total success rate: 0.5678956834532374

Task: put the wine bottle on top of the cabinet add 15
Success: True
# episodes completed so far: 2225
# successes: 1264 (56.8%)
Current task success rate: 1.0
Current total success rate: 0.5680898876404494

Task: put the wine bottle on top of the cabinet add 16
Success: True
# episodes completed so far: 2226
# successes: 1265 (56.8%)
Current task success rate: 1.0
Current total success rate: 0.5682839173405211

Task: put the wine bottle on top of the cabinet add 17
Success: True
# episodes completed so far: 2227
# successes: 1266 (56.8%)
Current task success rate: 1.0
Current total success rate: 0.5684777727885048

Task: put the wine bottle on top of the cabinet add 18
Success: True
# episodes completed so far: 2228
# successes: 1267 (56.9%)
Current task success rate: 1.0
Current total success rate: 0.5686714542190305

Task: put the wine bottle on top of the cabinet add 19
Success: True
# episodes completed so far: 2229
# successes: 1268 (56.9%)
Current task success rate: 1.0
Current total success rate: 0.5688649618663078

Task: put the wine bottle on top of the cabinet add 20
Success: True
# episodes completed so far: 2230
# successes: 1269 (56.9%)
Current task success rate: 1.0
Current total success rate: 0.5690582959641256

Task: put the wine bottle on top of the cabinet add 21
Success: True
# episodes completed so far: 2231
# successes: 1270 (56.9%)
Current task success rate: 1.0
Current total success rate: 0.5692514567458539

Task: put the wine bottle on top of the cabinet add 22
Success: True
# episodes completed so far: 2232
# successes: 1271 (56.9%)
Current task success rate: 1.0
Current total success rate: 0.5694444444444444

Task: put the wine bottle on top of the cabinet add 24
Success: True
# episodes completed so far: 2233
# successes: 1272 (57.0%)
Current task success rate: 1.0
Current total success rate: 0.5696372592924317

Task: put the wine bottle on top of the cabinet add 25
Success: True
# episodes completed so far: 2234
# successes: 1273 (57.0%)
Current task success rate: 1.0
Current total success rate: 0.5698299015219338

Task: put the wine bottle on top of the cabinet add 26
Success: True
# episodes completed so far: 2235
# successes: 1274 (57.0%)
Current task success rate: 1.0
Current total success rate: 0.5700223713646533

Task: put the wine bottle on top of the cabinet add 27
Success: True
# episodes completed so far: 2236
# successes: 1275 (57.0%)
Current task success rate: 1.0
Current total success rate: 0.5702146690518783

Task: put the wine bottle on top of the cabinet add 28
Success: True
# episodes completed so far: 2237
# successes: 1276 (57.0%)
Current task success rate: 1.0
Current total success rate: 0.5704067948144836

Task: put the wine bottle on top of the cabinet add 29
Success: True
# episodes completed so far: 2238
# successes: 1277 (57.1%)
Current task success rate: 1.0
Current total success rate: 0.5705987488829312

Task: put the wine bottle on top of the cabinet add 30
Success: True
# episodes completed so far: 2239
# successes: 1278 (57.1%)
Current task success rate: 1.0
Current total success rate: 0.5707905314872711

Task: put the wine bottle on top of the cabinet add 4
Success: True
# episodes completed so far: 2240
# successes: 1279 (57.1%)
Current task success rate: 1.0
Current total success rate: 0.5709821428571429

Task: put the wine bottle on top of the cabinet add 5
Success: True
# episodes completed so far: 2241
# successes: 1280 (57.1%)
Current task success rate: 1.0
Current total success rate: 0.571173583221776

Task: put the wine bottle on top of the cabinet add 6
Success: True
# episodes completed so far: 2242
# successes: 1281 (57.1%)
Current task success rate: 1.0
Current total success rate: 0.571364852809991

Task: put the wine bottle on top of the cabinet add 7
Success: True
# episodes completed so far: 2243
# successes: 1282 (57.2%)
Current task success rate: 1.0
Current total success rate: 0.5715559518502006

Task: put the wine bottle on top of the cabinet add 8
Success: True
# episodes completed so far: 2244
# successes: 1283 (57.2%)
Current task success rate: 1.0
Current total success rate: 0.57174688057041

Task: put the wine bottle on top of the cabinet add 9
Success: True
# episodes completed so far: 2245
# successes: 1284 (57.2%)
Current task success rate: 1.0
Current total success rate: 0.5719376391982183

Task: put the wine bottle on top of the cabinet moved level1 sample1
Success: True
# episodes completed so far: 2246
# successes: 1285 (57.2%)
Current task success rate: 1.0
Current total success rate: 0.5721282279608192

Task: put the wine bottle on top of the cabinet moved level1 sample2
Success: True
# episodes completed so far: 2247
# successes: 1286 (57.2%)
Current task success rate: 1.0
Current total success rate: 0.5723186470850022

Task: put the wine bottle on top of the cabinet moved level1 sample3
Success: True
# episodes completed so far: 2248
# successes: 1287 (57.3%)
Current task success rate: 1.0
Current total success rate: 0.572508896797153

Task: put the wine bottle on top of the cabinet moved level1 sample4
Success: True
# episodes completed so far: 2249
# successes: 1288 (57.3%)
Current task success rate: 1.0
Current total success rate: 0.5726989773232548

Task: put the wine bottle on top of the cabinet moved level2 sample1
Success: True
# episodes completed so far: 2250
# successes: 1289 (57.3%)
Current task success rate: 1.0
Current total success rate: 0.5728888888888889

Task: put the wine bottle on top of the cabinet moved level2 sample2
Success: True
# episodes completed so far: 2251
# successes: 1290 (57.3%)
Current task success rate: 1.0
Current total success rate: 0.5730786317192359

Task: put the wine bottle on top of the cabinet moved level2 sample3
Success: True
# episodes completed so far: 2252
# successes: 1291 (57.3%)
Current task success rate: 1.0
Current total success rate: 0.5732682060390764

Task: put the wine bottle on top of the cabinet moved level2 sample4
Success: True
# episodes completed so far: 2253
# successes: 1292 (57.3%)
Current task success rate: 1.0
Current total success rate: 0.5734576120727918

Task: put the wine bottle on top of the cabinet moved level3 sample1
Success: True
# episodes completed so far: 2254
# successes: 1293 (57.4%)
Current task success rate: 1.0
Current total success rate: 0.5736468500443656

Task: put the wine bottle on top of the cabinet moved level3 sample2
Success: True
# episodes completed so far: 2255
# successes: 1294 (57.4%)
Current task success rate: 1.0
Current total success rate: 0.5738359201773836

Task: put the wine bottle on top of the cabinet moved level3 sample3
Success: False
# episodes completed so far: 2256
# successes: 1294 (57.4%)
Current task success rate: 0.0
Current total success rate: 0.5735815602836879

Task: put the wine bottle on top of the cabinet moved level3 sample4
Success: True
# episodes completed so far: 2257
# successes: 1295 (57.4%)
Current task success rate: 1.0
Current total success rate: 0.5737704918032787

Task: put the wine bottle on top of the cabinet moved level4 sample1
Success: False
# episodes completed so far: 2258
# successes: 1295 (57.4%)
Current task success rate: 0.0
Current total success rate: 0.5735163861824624

Task: put the wine bottle on top of the cabinet moved level4 sample2
Success: False
# episodes completed so far: 2259
# successes: 1295 (57.3%)
Current task success rate: 0.0
Current total success rate: 0.5732625055334218

Task: put the wine bottle on top of the cabinet moved level4 sample3
Success: True
# episodes completed so far: 2260
# successes: 1296 (57.3%)
Current task success rate: 1.0
Current total success rate: 0.5734513274336284

Task: put the wine bottle on top of the cabinet moved level4 sample4
Success: True
# episodes completed so far: 2261
# successes: 1297 (57.4%)
Current task success rate: 1.0
Current total success rate: 0.5736399823087129

Task: put the wine bottle on top of the cabinet moved level5 sample2
Success: False
# episodes completed so far: 2262
# successes: 1297 (57.3%)
Current task success rate: 0.0
Current total success rate: 0.5733863837312113

Task: put the wine bottle on top of the cabinet moved level5 sample3
Success: False
# episodes completed so far: 2263
# successes: 1297 (57.3%)
Current task success rate: 0.0
Current total success rate: 0.5731330092797172

Task: put the wine bottle on top of the cabinet moved level5 sample4
Success: False
# episodes completed so far: 2264
# successes: 1297 (57.3%)
Current task success rate: 0.0
Current total success rate: 0.5728798586572438

Task: turn on the stove add 1
Success: True
# episodes completed so far: 2265
# successes: 1298 (57.3%)
Current task success rate: 1.0
Current total success rate: 0.5730684326710817

Task: turn on the stove add 10
Success: True
# episodes completed so far: 2266
# successes: 1299 (57.3%)
Current task success rate: 1.0
Current total success rate: 0.5732568402471315

Task: turn on the stove add 11
Success: True
# episodes completed so far: 2267
# successes: 1300 (57.3%)
Current task success rate: 1.0
Current total success rate: 0.5734450816056462

Task: turn on the stove add 12
Success: True
# episodes completed so far: 2268
# successes: 1301 (57.4%)
Current task success rate: 1.0
Current total success rate: 0.5736331569664903

Task: turn on the stove add 13
Success: True
# episodes completed so far: 2269
# successes: 1302 (57.4%)
Current task success rate: 1.0
Current total success rate: 0.5738210665491406

Task: turn on the stove add 14
Success: True
# episodes completed so far: 2270
# successes: 1303 (57.4%)
Current task success rate: 1.0
Current total success rate: 0.5740088105726873

Task: turn on the stove add 15
Success: True
# episodes completed so far: 2271
# successes: 1304 (57.4%)
Current task success rate: 1.0
Current total success rate: 0.5741963892558344

Task: turn on the stove add 16
Success: True
# episodes completed so far: 2272
# successes: 1305 (57.4%)
Current task success rate: 1.0
Current total success rate: 0.5743838028169014

Task: turn on the stove add 17
Success: True
# episodes completed so far: 2273
# successes: 1306 (57.5%)
Current task success rate: 1.0
Current total success rate: 0.5745710514738231

Task: turn on the stove add 18
Success: True
# episodes completed so far: 2274
# successes: 1307 (57.5%)
Current task success rate: 1.0
Current total success rate: 0.5747581354441513

Task: turn on the stove add 19
Success: True
# episodes completed so far: 2275
# successes: 1308 (57.5%)
Current task success rate: 1.0
Current total success rate: 0.574945054945055

Task: turn on the stove add 2
Success: True
# episodes completed so far: 2276
# successes: 1309 (57.5%)
Current task success rate: 1.0
Current total success rate: 0.5751318101933216

Task: turn on the stove add 20
Success: True
# episodes completed so far: 2277
# successes: 1310 (57.5%)
Current task success rate: 1.0
Current total success rate: 0.575318401405358

Task: turn on the stove add 21
Success: True
# episodes completed so far: 2278
# successes: 1311 (57.6%)
Current task success rate: 1.0
Current total success rate: 0.5755048287971906

Task: turn on the stove add 22
Success: True
# episodes completed so far: 2279
# successes: 1312 (57.6%)
Current task success rate: 1.0
Current total success rate: 0.5756910925844668

Task: turn on the stove add 23
Success: True
# episodes completed so far: 2280
# successes: 1313 (57.6%)
Current task success rate: 1.0
Current total success rate: 0.5758771929824561

Task: turn on the stove add 24
Success: True
# episodes completed so far: 2281
# successes: 1314 (57.6%)
Current task success rate: 1.0
Current total success rate: 0.5760631302060499

Task: turn on the stove add 25
Success: True
# episodes completed so far: 2282
# successes: 1315 (57.6%)
Current task success rate: 1.0
Current total success rate: 0.5762489044697634

Task: turn on the stove add 26
Success: True
# episodes completed so far: 2283
# successes: 1316 (57.6%)
Current task success rate: 1.0
Current total success rate: 0.5764345159877354

Task: turn on the stove add 27
Success: True
# episodes completed so far: 2284
# successes: 1317 (57.7%)
Current task success rate: 1.0
Current total success rate: 0.5766199649737302

Task: turn on the stove add 28
Success: True
# episodes completed so far: 2285
# successes: 1318 (57.7%)
Current task success rate: 1.0
Current total success rate: 0.5768052516411378

Task: turn on the stove add 29
Success: True
# episodes completed so far: 2286
# successes: 1319 (57.7%)
Current task success rate: 1.0
Current total success rate: 0.5769903762029747

Task: turn on the stove add 3
Success: True
# episodes completed so far: 2287
# successes: 1320 (57.7%)
Current task success rate: 1.0
Current total success rate: 0.5771753388718845

Task: turn on the stove add 30
Success: True
# episodes completed so far: 2288
# successes: 1321 (57.7%)
Current task success rate: 1.0
Current total success rate: 0.5773601398601399

Task: turn on the stove add 4
Success: True
# episodes completed so far: 2289
# successes: 1322 (57.8%)
Current task success rate: 1.0
Current total success rate: 0.5775447793796418

Task: turn on the stove add 5
Success: True
# episodes completed so far: 2290
# successes: 1323 (57.8%)
Current task success rate: 1.0
Current total success rate: 0.5777292576419214

Task: turn on the stove add 6
Success: True
# episodes completed so far: 2291
# successes: 1324 (57.8%)
Current task success rate: 1.0
Current total success rate: 0.5779135748581405

Task: turn on the stove add 7
Success: True
# episodes completed so far: 2292
# successes: 1325 (57.8%)
Current task success rate: 1.0
Current total success rate: 0.5780977312390925

Task: turn on the stove add 8
Success: True
# episodes completed so far: 2293
# successes: 1326 (57.8%)
Current task success rate: 1.0
Current total success rate: 0.5782817269952027

Task: turn on the stove add 9
Success: True
# episodes completed so far: 2294
# successes: 1327 (57.8%)
Current task success rate: 1.0
Current total success rate: 0.5784655623365301

Task: turn on the stove moved level1 sample1
Success: True
# episodes completed so far: 2295
# successes: 1328 (57.9%)
Current task success rate: 1.0
Current total success rate: 0.5786492374727669

Task: turn on the stove moved level1 sample2
Success: False
# episodes completed so far: 2296
# successes: 1328 (57.8%)
Current task success rate: 0.0
Current total success rate: 0.578397212543554

Task: turn on the stove moved level1 sample3
Success: False
# episodes completed so far: 2297
# successes: 1328 (57.8%)
Current task success rate: 0.0
Current total success rate: 0.5781454070526774

Task: turn on the stove moved level1 sample4
Success: False
# episodes completed so far: 2298
# successes: 1328 (57.8%)
Current task success rate: 0.0
Current total success rate: 0.577893820713664

Task: turn on the stove moved level2 sample1
Success: False
# episodes completed so far: 2299
# successes: 1328 (57.8%)
Current task success rate: 0.0
Current total success rate: 0.5776424532405393

Task: turn on the stove moved level2 sample2
Success: False
# episodes completed so far: 2300
# successes: 1328 (57.7%)
Current task success rate: 0.0
Current total success rate: 0.577391304347826

Task: turn on the stove moved level2 sample4
Success: False
# episodes completed so far: 2301
# successes: 1328 (57.7%)
Current task success rate: 0.0
Current total success rate: 0.5771403737505433

Task: turn on the stove moved level3 sample1
Success: True
# episodes completed so far: 2302
# successes: 1329 (57.7%)
Current task success rate: 1.0
Current total success rate: 0.5773240660295396

Task: turn on the stove moved level3 sample2
Success: True
# episodes completed so far: 2303
# successes: 1330 (57.8%)
Current task success rate: 1.0
Current total success rate: 0.5775075987841946

Task: turn on the stove moved level3 sample3
Success: True
# episodes completed so far: 2304
# successes: 1331 (57.8%)
Current task success rate: 1.0
Current total success rate: 0.5776909722222222

Task: turn on the stove moved level3 sample4
Success: True
# episodes completed so far: 2305
# successes: 1332 (57.8%)
Current task success rate: 1.0
Current total success rate: 0.5778741865509761

Task: turn on the stove moved level4 sample1
Success: True
# episodes completed so far: 2306
# successes: 1333 (57.8%)
Current task success rate: 1.0
Current total success rate: 0.5780572419774501

Task: turn on the stove moved level4 sample2
Success: True
# episodes completed so far: 2307
# successes: 1334 (57.8%)
Current task success rate: 1.0
Current total success rate: 0.5782401387082792

Task: turn on the stove moved level4 sample3
Success: True
# episodes completed so far: 2308
# successes: 1335 (57.8%)
Current task success rate: 1.0
Current total success rate: 0.57842287694974

Task: turn on the stove moved level4 sample4
Success: True
# episodes completed so far: 2309
# successes: 1336 (57.9%)
Current task success rate: 1.0
Current total success rate: 0.5786054569077522

Task: turn on the stove moved level5 sample1
Success: True
# episodes completed so far: 2310
# successes: 1337 (57.9%)
Current task success rate: 1.0
Current total success rate: 0.5787878787878787

Task: turn on the stove moved level5 sample3
Success: False
# episodes completed so far: 2311
# successes: 1337 (57.9%)
Current task success rate: 0.0
Current total success rate: 0.5785374296841195

Task: turn on the stove moved level5 sample4
Success: False
# episodes completed so far: 2312
# successes: 1337 (57.8%)
Current task success rate: 0.0
Current total success rate: 0.5782871972318339

Task: open the middle drawer of the cabinet light 1
Success: True
# episodes completed so far: 2313
# successes: 1338 (57.8%)
Current task success rate: 1.0
Current total success rate: 0.5784695201037614

Task: open the middle drawer of the cabinet light 10
Success: True
# episodes completed so far: 2314
# successes: 1339 (57.9%)
Current task success rate: 1.0
Current total success rate: 0.5786516853932584

Task: open the middle drawer of the cabinet light 11
Success: True
# episodes completed so far: 2315
# successes: 1340 (57.9%)
Current task success rate: 1.0
Current total success rate: 0.5788336933045356

Task: open the middle drawer of the cabinet light 12
Success: True
# episodes completed so far: 2316
# successes: 1341 (57.9%)
Current task success rate: 1.0
Current total success rate: 0.5790155440414507

Task: open the middle drawer of the cabinet light 13
Success: True
# episodes completed so far: 2317
# successes: 1342 (57.9%)
Current task success rate: 1.0
Current total success rate: 0.5791972378075098

Task: open the middle drawer of the cabinet light 14
Success: True
# episodes completed so far: 2318
# successes: 1343 (57.9%)
Current task success rate: 1.0
Current total success rate: 0.5793787748058671

Task: open the middle drawer of the cabinet light 15
Success: True
# episodes completed so far: 2319
# successes: 1344 (58.0%)
Current task success rate: 1.0
Current total success rate: 0.5795601552393272

Task: open the middle drawer of the cabinet light 16
Success: True
# episodes completed so far: 2320
# successes: 1345 (58.0%)
Current task success rate: 1.0
Current total success rate: 0.5797413793103449

Task: open the middle drawer of the cabinet light 17
Success: True
# episodes completed so far: 2321
# successes: 1346 (58.0%)
Current task success rate: 1.0
Current total success rate: 0.5799224472210254

Task: open the middle drawer of the cabinet light 18
Success: True
# episodes completed so far: 2322
# successes: 1347 (58.0%)
Current task success rate: 1.0
Current total success rate: 0.5801033591731266

Task: open the middle drawer of the cabinet light 19
Success: False
# episodes completed so far: 2323
# successes: 1347 (58.0%)
Current task success rate: 0.0
Current total success rate: 0.5798536375376668

Task: open the middle drawer of the cabinet light 2
Success: True
# episodes completed so far: 2324
# successes: 1348 (58.0%)
Current task success rate: 1.0
Current total success rate: 0.5800344234079173

Task: open the middle drawer of the cabinet light 20
Success: True
# episodes completed so far: 2325
# successes: 1349 (58.0%)
Current task success rate: 1.0
Current total success rate: 0.5802150537634408

Task: open the middle drawer of the cabinet light 21
Success: False
# episodes completed so far: 2326
# successes: 1349 (58.0%)
Current task success rate: 0.0
Current total success rate: 0.5799656061908857

Task: open the middle drawer of the cabinet light 24
Success: True
# episodes completed so far: 2327
# successes: 1350 (58.0%)
Current task success rate: 1.0
Current total success rate: 0.5801461108723679

Task: open the middle drawer of the cabinet light 25
Success: True
# episodes completed so far: 2328
# successes: 1351 (58.0%)
Current task success rate: 1.0
Current total success rate: 0.5803264604810997

Task: open the middle drawer of the cabinet light 26
Success: True
# episodes completed so far: 2329
# successes: 1352 (58.1%)
Current task success rate: 1.0
Current total success rate: 0.5805066552168313

Task: open the middle drawer of the cabinet light 27
Success: True
# episodes completed so far: 2330
# successes: 1353 (58.1%)
Current task success rate: 1.0
Current total success rate: 0.58068669527897

Task: open the middle drawer of the cabinet light 28
Success: True
# episodes completed so far: 2331
# successes: 1354 (58.1%)
Current task success rate: 1.0
Current total success rate: 0.5808665808665808

Task: open the middle drawer of the cabinet light 29
Success: True
# episodes completed so far: 2332
# successes: 1355 (58.1%)
Current task success rate: 1.0
Current total success rate: 0.5810463121783876

Task: open the middle drawer of the cabinet light 3
Success: True
# episodes completed so far: 2333
# successes: 1356 (58.1%)
Current task success rate: 1.0
Current total success rate: 0.5812258894127732

Task: open the middle drawer of the cabinet light 30
Success: True
# episodes completed so far: 2334
# successes: 1357 (58.1%)
Current task success rate: 1.0
Current total success rate: 0.5814053127677806

Task: open the middle drawer of the cabinet light 31
Success: True
# episodes completed so far: 2335
# successes: 1358 (58.2%)
Current task success rate: 1.0
Current total success rate: 0.5815845824411134

Task: open the middle drawer of the cabinet light 33
Success: True
# episodes completed so far: 2336
# successes: 1359 (58.2%)
Current task success rate: 1.0
Current total success rate: 0.581763698630137

Task: open the middle drawer of the cabinet light 34
Success: True
# episodes completed so far: 2337
# successes: 1360 (58.2%)
Current task success rate: 1.0
Current total success rate: 0.5819426615318785

Task: open the middle drawer of the cabinet light 35
Success: True
# episodes completed so far: 2338
# successes: 1361 (58.2%)
Current task success rate: 1.0
Current total success rate: 0.5821214713430283

Task: open the middle drawer of the cabinet light 36
Success: True
# episodes completed so far: 2339
# successes: 1362 (58.2%)
Current task success rate: 1.0
Current total success rate: 0.5823001282599402

Task: open the middle drawer of the cabinet light 38
Success: True
# episodes completed so far: 2340
# successes: 1363 (58.2%)
Current task success rate: 1.0
Current total success rate: 0.5824786324786325

Task: open the middle drawer of the cabinet light 4
Success: True
# episodes completed so far: 2341
# successes: 1364 (58.3%)
Current task success rate: 1.0
Current total success rate: 0.5826569841947885

Task: open the middle drawer of the cabinet light 41
Success: True
# episodes completed so far: 2342
# successes: 1365 (58.3%)
Current task success rate: 1.0
Current total success rate: 0.5828351836037575

Task: open the middle drawer of the cabinet light 42
Success: True
# episodes completed so far: 2343
# successes: 1366 (58.3%)
Current task success rate: 1.0
Current total success rate: 0.5830132309005548

Task: open the middle drawer of the cabinet light 43
Success: True
# episodes completed so far: 2344
# successes: 1367 (58.3%)
Current task success rate: 1.0
Current total success rate: 0.5831911262798635

Task: open the middle drawer of the cabinet light 45
Success: True
# episodes completed so far: 2345
# successes: 1368 (58.3%)
Current task success rate: 1.0
Current total success rate: 0.5833688699360341

Task: open the middle drawer of the cabinet light 46
Success: True
# episodes completed so far: 2346
# successes: 1369 (58.4%)
Current task success rate: 1.0
Current total success rate: 0.5835464620630861

Task: open the middle drawer of the cabinet light 47
Success: True
# episodes completed so far: 2347
# successes: 1370 (58.4%)
Current task success rate: 1.0
Current total success rate: 0.5837239028547081

Task: open the middle drawer of the cabinet light 48
Success: True
# episodes completed so far: 2348
# successes: 1371 (58.4%)
Current task success rate: 1.0
Current total success rate: 0.583901192504259

Task: open the middle drawer of the cabinet light 49
Success: True
# episodes completed so far: 2349
# successes: 1372 (58.4%)
Current task success rate: 1.0
Current total success rate: 0.5840783312047679

Task: open the middle drawer of the cabinet light 5
Success: True
# episodes completed so far: 2350
# successes: 1373 (58.4%)
Current task success rate: 1.0
Current total success rate: 0.5842553191489361

Task: open the middle drawer of the cabinet light 50
Success: True
# episodes completed so far: 2351
# successes: 1374 (58.4%)
Current task success rate: 1.0
Current total success rate: 0.5844321565291365

Task: open the middle drawer of the cabinet light 7
Success: True
# episodes completed so far: 2352
# successes: 1375 (58.5%)
Current task success rate: 1.0
Current total success rate: 0.5846088435374149

Task: open the middle drawer of the cabinet light 8
Success: True
# episodes completed so far: 2353
# successes: 1376 (58.5%)
Current task success rate: 1.0
Current total success rate: 0.5847853803654909

Task: open the middle drawer of the cabinet light 9
Success: True
# episodes completed so far: 2354
# successes: 1377 (58.5%)
Current task success rate: 1.0
Current total success rate: 0.5849617672047579

Task: open the top drawer and put the bowl inside light 1
Success: True
# episodes completed so far: 2355
# successes: 1378 (58.5%)
Current task success rate: 1.0
Current total success rate: 0.5851380042462845

Task: open the top drawer and put the bowl inside light 10
Success: True
# episodes completed so far: 2356
# successes: 1379 (58.5%)
Current task success rate: 1.0
Current total success rate: 0.5853140916808149

Task: open the top drawer and put the bowl inside light 11
Success: True
# episodes completed so far: 2357
# successes: 1380 (58.5%)
Current task success rate: 1.0
Current total success rate: 0.5854900296987696

Task: open the top drawer and put the bowl inside light 12
Success: True
# episodes completed so far: 2358
# successes: 1381 (58.6%)
Current task success rate: 1.0
Current total success rate: 0.585665818490246

Task: open the top drawer and put the bowl inside light 13
Success: True
# episodes completed so far: 2359
# successes: 1382 (58.6%)
Current task success rate: 1.0
Current total success rate: 0.5858414582450191

Task: open the top drawer and put the bowl inside light 14
Success: False
# episodes completed so far: 2360
# successes: 1382 (58.6%)
Current task success rate: 0.0
Current total success rate: 0.5855932203389831

Task: open the top drawer and put the bowl inside light 15
Success: True
# episodes completed so far: 2361
# successes: 1383 (58.6%)
Current task success rate: 1.0
Current total success rate: 0.5857687420584498

Task: open the top drawer and put the bowl inside light 16
Success: True
# episodes completed so far: 2362
# successes: 1384 (58.6%)
Current task success rate: 1.0
Current total success rate: 0.5859441151566469

Task: open the top drawer and put the bowl inside light 17
Success: True
# episodes completed so far: 2363
# successes: 1385 (58.6%)
Current task success rate: 1.0
Current total success rate: 0.5861193398222598

Task: open the top drawer and put the bowl inside light 18
Success: True
# episodes completed so far: 2364
# successes: 1386 (58.6%)
Current task success rate: 1.0
Current total success rate: 0.5862944162436549

Task: open the top drawer and put the bowl inside light 19
Success: True
# episodes completed so far: 2365
# successes: 1387 (58.6%)
Current task success rate: 1.0
Current total success rate: 0.5864693446088795

Task: open the top drawer and put the bowl inside light 2
Success: True
# episodes completed so far: 2366
# successes: 1388 (58.7%)
Current task success rate: 1.0
Current total success rate: 0.5866441251056635

Task: open the top drawer and put the bowl inside light 20
Success: True
# episodes completed so far: 2367
# successes: 1389 (58.7%)
Current task success rate: 1.0
Current total success rate: 0.5868187579214195

Task: open the top drawer and put the bowl inside light 21
Success: True
# episodes completed so far: 2368
# successes: 1390 (58.7%)
Current task success rate: 1.0
Current total success rate: 0.5869932432432432

Task: open the top drawer and put the bowl inside light 22
Success: True
# episodes completed so far: 2369
# successes: 1391 (58.7%)
Current task success rate: 1.0
Current total success rate: 0.5871675812579147

Task: open the top drawer and put the bowl inside light 23
Success: True
# episodes completed so far: 2370
# successes: 1392 (58.7%)
Current task success rate: 1.0
Current total success rate: 0.5873417721518988

Task: open the top drawer and put the bowl inside light 24
Success: True
# episodes completed so far: 2371
# successes: 1393 (58.8%)
Current task success rate: 1.0
Current total success rate: 0.5875158161113454

Task: open the top drawer and put the bowl inside light 25
Success: True
# episodes completed so far: 2372
# successes: 1394 (58.8%)
Current task success rate: 1.0
Current total success rate: 0.5876897133220911

Task: open the top drawer and put the bowl inside light 26
Success: True
# episodes completed so far: 2373
# successes: 1395 (58.8%)
Current task success rate: 1.0
Current total success rate: 0.5878634639696586

Task: open the top drawer and put the bowl inside light 27
Success: True
# episodes completed so far: 2374
# successes: 1396 (58.8%)
Current task success rate: 1.0
Current total success rate: 0.5880370682392586

Task: open the top drawer and put the bowl inside light 28
Success: True
# episodes completed so far: 2375
# successes: 1397 (58.8%)
Current task success rate: 1.0
Current total success rate: 0.5882105263157895

Task: open the top drawer and put the bowl inside light 29
Success: True
# episodes completed so far: 2376
# successes: 1398 (58.8%)
Current task success rate: 1.0
Current total success rate: 0.5883838383838383

Task: open the top drawer and put the bowl inside light 3
Success: True
# episodes completed so far: 2377
# successes: 1399 (58.9%)
Current task success rate: 1.0
Current total success rate: 0.5885570046276819

Task: open the top drawer and put the bowl inside light 30
Success: True
# episodes completed so far: 2378
# successes: 1400 (58.9%)
Current task success rate: 1.0
Current total success rate: 0.5887300252312868

Task: open the top drawer and put the bowl inside light 31
Success: True
# episodes completed so far: 2379
# successes: 1401 (58.9%)
Current task success rate: 1.0
Current total success rate: 0.5889029003783102

Task: open the top drawer and put the bowl inside light 32
Success: True
# episodes completed so far: 2380
# successes: 1402 (58.9%)
Current task success rate: 1.0
Current total success rate: 0.5890756302521009

Task: open the top drawer and put the bowl inside light 33
Success: True
# episodes completed so far: 2381
# successes: 1403 (58.9%)
Current task success rate: 1.0
Current total success rate: 0.5892482150356992

Task: open the top drawer and put the bowl inside light 34
Success: True
# episodes completed so far: 2382
# successes: 1404 (58.9%)
Current task success rate: 1.0
Current total success rate: 0.5894206549118388

Task: open the top drawer and put the bowl inside light 35
Success: True
# episodes completed so far: 2383
# successes: 1405 (59.0%)
Current task success rate: 1.0
Current total success rate: 0.5895929500629459

Task: open the top drawer and put the bowl inside light 36
Success: True
# episodes completed so far: 2384
# successes: 1406 (59.0%)
Current task success rate: 1.0
Current total success rate: 0.589765100671141

Task: open the top drawer and put the bowl inside light 37
Success: True
# episodes completed so far: 2385
# successes: 1407 (59.0%)
Current task success rate: 1.0
Current total success rate: 0.589937106918239

Task: open the top drawer and put the bowl inside light 38
Success: True
# episodes completed so far: 2386
# successes: 1408 (59.0%)
Current task success rate: 1.0
Current total success rate: 0.5901089689857502

Task: open the top drawer and put the bowl inside light 39
Success: True
# episodes completed so far: 2387
# successes: 1409 (59.0%)
Current task success rate: 1.0
Current total success rate: 0.5902806870548806

Task: open the top drawer and put the bowl inside light 4
Success: True
# episodes completed so far: 2388
# successes: 1410 (59.0%)
Current task success rate: 1.0
Current total success rate: 0.5904522613065326

Task: open the top drawer and put the bowl inside light 40
Success: True
# episodes completed so far: 2389
# successes: 1411 (59.1%)
Current task success rate: 1.0
Current total success rate: 0.590623691921306

Task: open the top drawer and put the bowl inside light 41
Success: True
# episodes completed so far: 2390
# successes: 1412 (59.1%)
Current task success rate: 1.0
Current total success rate: 0.590794979079498

Task: open the top drawer and put the bowl inside light 42
Success: True
# episodes completed so far: 2391
# successes: 1413 (59.1%)
Current task success rate: 1.0
Current total success rate: 0.5909661229611042

Task: open the top drawer and put the bowl inside light 43
Success: True
# episodes completed so far: 2392
# successes: 1414 (59.1%)
Current task success rate: 1.0
Current total success rate: 0.5911371237458194

Task: open the top drawer and put the bowl inside light 44
Success: True
# episodes completed so far: 2393
# successes: 1415 (59.1%)
Current task success rate: 1.0
Current total success rate: 0.591307981613038

Task: open the top drawer and put the bowl inside light 45
Success: True
# episodes completed so far: 2394
# successes: 1416 (59.1%)
Current task success rate: 1.0
Current total success rate: 0.5914786967418546

Task: open the top drawer and put the bowl inside light 46
Success: True
# episodes completed so far: 2395
# successes: 1417 (59.2%)
Current task success rate: 1.0
Current total success rate: 0.5916492693110648

Task: open the top drawer and put the bowl inside light 47
Success: True
# episodes completed so far: 2396
# successes: 1418 (59.2%)
Current task success rate: 1.0
Current total success rate: 0.5918196994991652

Task: open the top drawer and put the bowl inside light 48
Success: True
# episodes completed so far: 2397
# successes: 1419 (59.2%)
Current task success rate: 1.0
Current total success rate: 0.5919899874843555

Task: open the top drawer and put the bowl inside light 49
Success: True
# episodes completed so far: 2398
# successes: 1420 (59.2%)
Current task success rate: 1.0
Current total success rate: 0.5921601334445371

Task: open the top drawer and put the bowl inside light 5
Success: True
# episodes completed so far: 2399
# successes: 1421 (59.2%)
Current task success rate: 1.0
Current total success rate: 0.5923301375573156

Task: open the top drawer and put the bowl inside light 50
Success: True
# episodes completed so far: 2400
# successes: 1422 (59.2%)
Current task success rate: 1.0
Current total success rate: 0.5925

Task: open the top drawer and put the bowl inside light 6
Success: True
# episodes completed so far: 2401
# successes: 1423 (59.3%)
Current task success rate: 1.0
Current total success rate: 0.5926697209496044

Task: open the top drawer and put the bowl inside light 7
Success: True
# episodes completed so far: 2402
# successes: 1424 (59.3%)
Current task success rate: 1.0
Current total success rate: 0.5928393005828476

Task: open the top drawer and put the bowl inside light 8
Success: True
# episodes completed so far: 2403
# successes: 1425 (59.3%)
Current task success rate: 1.0
Current total success rate: 0.5930087390761548

Task: open the top drawer and put the bowl inside light 9
Success: True
# episodes completed so far: 2404
# successes: 1426 (59.3%)
Current task success rate: 1.0
Current total success rate: 0.5931780366056573

Task: push the plate to the front of the stove light 1
Success: True
# episodes completed so far: 2405
# successes: 1427 (59.3%)
Current task success rate: 1.0
Current total success rate: 0.5933471933471933

Task: push the plate to the front of the stove light 10
Success: True
# episodes completed so far: 2406
# successes: 1428 (59.4%)
Current task success rate: 1.0
Current total success rate: 0.5935162094763092

Task: push the plate to the front of the stove light 11
Success: True
# episodes completed so far: 2407
# successes: 1429 (59.4%)
Current task success rate: 1.0
Current total success rate: 0.5936850851682592

Task: push the plate to the front of the stove light 13
Success: True
# episodes completed so far: 2408
# successes: 1430 (59.4%)
Current task success rate: 1.0
Current total success rate: 0.5938538205980066

Task: push the plate to the front of the stove light 15
Success: True
# episodes completed so far: 2409
# successes: 1431 (59.4%)
Current task success rate: 1.0
Current total success rate: 0.5940224159402242

Task: push the plate to the front of the stove light 17
Success: True
# episodes completed so far: 2410
# successes: 1432 (59.4%)
Current task success rate: 1.0
Current total success rate: 0.5941908713692946

Task: push the plate to the front of the stove light 19
Success: True
# episodes completed so far: 2411
# successes: 1433 (59.4%)
Current task success rate: 1.0
Current total success rate: 0.5943591870593115

Task: push the plate to the front of the stove light 2
Success: True
# episodes completed so far: 2412
# successes: 1434 (59.5%)
Current task success rate: 1.0
Current total success rate: 0.5945273631840796

Task: push the plate to the front of the stove light 21
Success: True
# episodes completed so far: 2413
# successes: 1435 (59.5%)
Current task success rate: 1.0
Current total success rate: 0.5946953999171156

Task: push the plate to the front of the stove light 22
Success: True
# episodes completed so far: 2414
# successes: 1436 (59.5%)
Current task success rate: 1.0
Current total success rate: 0.5948632974316487

Task: push the plate to the front of the stove light 23
Success: True
# episodes completed so far: 2415
# successes: 1437 (59.5%)
Current task success rate: 1.0
Current total success rate: 0.5950310559006211

Task: push the plate to the front of the stove light 24
Success: True
# episodes completed so far: 2416
# successes: 1438 (59.5%)
Current task success rate: 1.0
Current total success rate: 0.5951986754966887

Task: push the plate to the front of the stove light 26
Success: True
# episodes completed so far: 2417
# successes: 1439 (59.5%)
Current task success rate: 1.0
Current total success rate: 0.5953661563922218

Task: push the plate to the front of the stove light 27
Success: True
# episodes completed so far: 2418
# successes: 1440 (59.6%)
Current task success rate: 1.0
Current total success rate: 0.5955334987593052

Task: push the plate to the front of the stove light 28
Success: True
# episodes completed so far: 2419
# successes: 1441 (59.6%)
Current task success rate: 1.0
Current total success rate: 0.5957007027697395

Task: push the plate to the front of the stove light 29
Success: True
# episodes completed so far: 2420
# successes: 1442 (59.6%)
Current task success rate: 1.0
Current total success rate: 0.5958677685950413

Task: push the plate to the front of the stove light 30
Success: True
# episodes completed so far: 2421
# successes: 1443 (59.6%)
Current task success rate: 1.0
Current total success rate: 0.5960346964064436

Task: push the plate to the front of the stove light 31
Success: True
# episodes completed so far: 2422
# successes: 1444 (59.6%)
Current task success rate: 1.0
Current total success rate: 0.5962014863748968

Task: push the plate to the front of the stove light 32
Success: True
# episodes completed so far: 2423
# successes: 1445 (59.6%)
Current task success rate: 1.0
Current total success rate: 0.596368138671069

Task: push the plate to the front of the stove light 33
Success: True
# episodes completed so far: 2424
# successes: 1446 (59.7%)
Current task success rate: 1.0
Current total success rate: 0.5965346534653465

Task: push the plate to the front of the stove light 34
Success: True
# episodes completed so far: 2425
# successes: 1447 (59.7%)
Current task success rate: 1.0
Current total success rate: 0.596701030927835

Task: push the plate to the front of the stove light 35
Success: True
# episodes completed so far: 2426
# successes: 1448 (59.7%)
Current task success rate: 1.0
Current total success rate: 0.5968672712283595

Task: push the plate to the front of the stove light 36
Success: True
# episodes completed so far: 2427
# successes: 1449 (59.7%)
Current task success rate: 1.0
Current total success rate: 0.5970333745364648

Task: push the plate to the front of the stove light 37
Success: True
# episodes completed so far: 2428
# successes: 1450 (59.7%)
Current task success rate: 1.0
Current total success rate: 0.5971993410214168

Task: push the plate to the front of the stove light 38
Success: True
# episodes completed so far: 2429
# successes: 1451 (59.7%)
Current task success rate: 1.0
Current total success rate: 0.5973651708522025

Task: push the plate to the front of the stove light 39
Success: True
# episodes completed so far: 2430
# successes: 1452 (59.8%)
Current task success rate: 1.0
Current total success rate: 0.5975308641975309

Task: push the plate to the front of the stove light 4
Success: True
# episodes completed so far: 2431
# successes: 1453 (59.8%)
Current task success rate: 1.0
Current total success rate: 0.597696421225833

Task: push the plate to the front of the stove light 40
Success: True
# episodes completed so far: 2432
# successes: 1454 (59.8%)
Current task success rate: 1.0
Current total success rate: 0.5978618421052632

Task: push the plate to the front of the stove light 41
Success: True
# episodes completed so far: 2433
# successes: 1455 (59.8%)
Current task success rate: 1.0
Current total success rate: 0.5980271270036991

Task: push the plate to the front of the stove light 42
Success: True
# episodes completed so far: 2434
# successes: 1456 (59.8%)
Current task success rate: 1.0
Current total success rate: 0.5981922760887428

Task: push the plate to the front of the stove light 43
Success: True
# episodes completed so far: 2435
# successes: 1457 (59.8%)
Current task success rate: 1.0
Current total success rate: 0.5983572895277207

Task: push the plate to the front of the stove light 44
Success: True
# episodes completed so far: 2436
# successes: 1458 (59.9%)
Current task success rate: 1.0
Current total success rate: 0.5985221674876847

Task: push the plate to the front of the stove light 46
Success: True
# episodes completed so far: 2437
# successes: 1459 (59.9%)
Current task success rate: 1.0
Current total success rate: 0.5986869101354124

Task: push the plate to the front of the stove light 48
Success: True
# episodes completed so far: 2438
# successes: 1460 (59.9%)
Current task success rate: 1.0
Current total success rate: 0.5988515176374077

Task: push the plate to the front of the stove light 50
Success: True
# episodes completed so far: 2439
# successes: 1461 (59.9%)
Current task success rate: 1.0
Current total success rate: 0.5990159901599016

Task: push the plate to the front of the stove light 6
Success: True
# episodes completed so far: 2440
# successes: 1462 (59.9%)
Current task success rate: 1.0
Current total success rate: 0.5991803278688524

Task: put the bowl on the plate light 1
Success: True
# episodes completed so far: 2441
# successes: 1463 (59.9%)
Current task success rate: 1.0
Current total success rate: 0.5993445309299468

Task: put the bowl on the plate light 11
Success: True
# episodes completed so far: 2442
# successes: 1464 (60.0%)
Current task success rate: 1.0
Current total success rate: 0.5995085995085995

Task: put the bowl on the plate light 13
Success: True
# episodes completed so far: 2443
# successes: 1465 (60.0%)
Current task success rate: 1.0
Current total success rate: 0.599672533769955

Task: put the bowl on the plate light 15
Success: True
# episodes completed so far: 2444
# successes: 1466 (60.0%)
Current task success rate: 1.0
Current total success rate: 0.599836333878887

Task: put the bowl on the plate light 16
Success: True
# episodes completed so far: 2445
# successes: 1467 (60.0%)
Current task success rate: 1.0
Current total success rate: 0.6

Task: put the bowl on the plate light 18
Success: True
# episodes completed so far: 2446
# successes: 1468 (60.0%)
Current task success rate: 1.0
Current total success rate: 0.6001635322976288

Task: put the bowl on the plate light 2
Success: True
# episodes completed so far: 2447
# successes: 1469 (60.0%)
Current task success rate: 1.0
Current total success rate: 0.6003269309358398

Task: put the bowl on the plate light 20
Success: True
# episodes completed so far: 2448
# successes: 1470 (60.0%)
Current task success rate: 1.0
Current total success rate: 0.6004901960784313

Task: put the bowl on the plate light 24
Success: True
# episodes completed so far: 2449
# successes: 1471 (60.1%)
Current task success rate: 1.0
Current total success rate: 0.6006533278889342

Task: put the bowl on the plate light 26
Success: True
# episodes completed so far: 2450
# successes: 1472 (60.1%)
Current task success rate: 1.0
Current total success rate: 0.6008163265306122

Task: put the bowl on the plate light 27
Success: True
# episodes completed so far: 2451
# successes: 1473 (60.1%)
Current task success rate: 1.0
Current total success rate: 0.6009791921664627

Task: put the bowl on the plate light 29
Success: True
# episodes completed so far: 2452
# successes: 1474 (60.1%)
Current task success rate: 1.0
Current total success rate: 0.6011419249592169

Task: put the bowl on the plate light 34
Success: True
# episodes completed so far: 2453
# successes: 1475 (60.1%)
Current task success rate: 1.0
Current total success rate: 0.6013045250713412

Task: put the bowl on the plate light 35
Success: True
# episodes completed so far: 2454
# successes: 1476 (60.1%)
Current task success rate: 1.0
Current total success rate: 0.6014669926650367

Task: put the bowl on the plate light 36
Success: True
# episodes completed so far: 2455
# successes: 1477 (60.2%)
Current task success rate: 1.0
Current total success rate: 0.6016293279022403

Task: put the bowl on the plate light 37
Success: True
# episodes completed so far: 2456
# successes: 1478 (60.2%)
Current task success rate: 1.0
Current total success rate: 0.6017915309446255

Task: put the bowl on the plate light 38
Success: True
# episodes completed so far: 2457
# successes: 1479 (60.2%)
Current task success rate: 1.0
Current total success rate: 0.6019536019536019

Task: put the bowl on the plate light 39
Success: True
# episodes completed so far: 2458
# successes: 1480 (60.2%)
Current task success rate: 1.0
Current total success rate: 0.6021155410903173

Task: put the bowl on the plate light 4
Success: True
# episodes completed so far: 2459
# successes: 1481 (60.2%)
Current task success rate: 1.0
Current total success rate: 0.6022773485156567

Task: put the bowl on the plate light 40
Success: True
# episodes completed so far: 2460
# successes: 1482 (60.2%)
Current task success rate: 1.0
Current total success rate: 0.6024390243902439

Task: put the bowl on the plate light 42
Success: True
# episodes completed so far: 2461
# successes: 1483 (60.3%)
Current task success rate: 1.0
Current total success rate: 0.6026005688744412

Task: put the bowl on the plate light 44
Success: True
# episodes completed so far: 2462
# successes: 1484 (60.3%)
Current task success rate: 1.0
Current total success rate: 0.602761982128351

Task: put the bowl on the plate light 49
Success: True
# episodes completed so far: 2463
# successes: 1485 (60.3%)
Current task success rate: 1.0
Current total success rate: 0.6029232643118149

Task: put the bowl on the plate light 5
Success: True
# episodes completed so far: 2464
# successes: 1486 (60.3%)
Current task success rate: 1.0
Current total success rate: 0.6030844155844156

Task: put the bowl on the plate light 7
Success: True
# episodes completed so far: 2465
# successes: 1487 (60.3%)
Current task success rate: 1.0
Current total success rate: 0.6032454361054767

Task: put the bowl on the plate light 9
Success: True
# episodes completed so far: 2466
# successes: 1488 (60.3%)
Current task success rate: 1.0
Current total success rate: 0.6034063260340633

Task: put the bowl on the stove light 11
Success: True
# episodes completed so far: 2467
# successes: 1489 (60.4%)
Current task success rate: 1.0
Current total success rate: 0.6035670855289825

Task: put the bowl on the stove light 15
Success: True
# episodes completed so far: 2468
# successes: 1490 (60.4%)
Current task success rate: 1.0
Current total success rate: 0.6037277147487844

Task: put the bowl on the stove light 24
Success: True
# episodes completed so far: 2469
# successes: 1491 (60.4%)
Current task success rate: 1.0
Current total success rate: 0.6038882138517618

Task: put the bowl on the stove light 37
Success: True
# episodes completed so far: 2470
# successes: 1492 (60.4%)
Current task success rate: 1.0
Current total success rate: 0.6040485829959514

Task: put the bowl on top of the cabinet light 10
Success: True
# episodes completed so far: 2471
# successes: 1493 (60.4%)
Current task success rate: 1.0
Current total success rate: 0.604208822339134

Task: put the bowl on top of the cabinet light 15
Success: True
# episodes completed so far: 2472
# successes: 1494 (60.4%)
Current task success rate: 1.0
Current total success rate: 0.6043689320388349

Task: put the bowl on top of the cabinet light 2
Success: False
# episodes completed so far: 2473
# successes: 1494 (60.4%)
Current task success rate: 0.0
Current total success rate: 0.6041245450869389

Task: put the bowl on top of the cabinet light 21
Success: True
# episodes completed so far: 2474
# successes: 1495 (60.4%)
Current task success rate: 1.0
Current total success rate: 0.6042845594179467

Task: put the bowl on top of the cabinet light 24
Success: True
# episodes completed so far: 2475
# successes: 1496 (60.4%)
Current task success rate: 1.0
Current total success rate: 0.6044444444444445

Task: put the bowl on top of the cabinet light 38
Success: True
# episodes completed so far: 2476
# successes: 1497 (60.5%)
Current task success rate: 1.0
Current total success rate: 0.6046042003231018

Task: put the bowl on top of the cabinet light 39
Success: True
# episodes completed so far: 2477
# successes: 1498 (60.5%)
Current task success rate: 1.0
Current total success rate: 0.6047638272103351

Task: put the bowl on top of the cabinet light 40
Success: True
# episodes completed so far: 2478
# successes: 1499 (60.5%)
Current task success rate: 1.0
Current total success rate: 0.6049233252623083

Task: put the bowl on top of the cabinet light 44
Success: True
# episodes completed so far: 2479
# successes: 1500 (60.5%)
Current task success rate: 1.0
Current total success rate: 0.6050826946349335

Task: put the bowl on top of the cabinet light 45
Success: True
# episodes completed so far: 2480
# successes: 1501 (60.5%)
Current task success rate: 1.0
Current total success rate: 0.605241935483871

Task: put the bowl on top of the cabinet light 50
Success: True
# episodes completed so far: 2481
# successes: 1502 (60.5%)
Current task success rate: 1.0
Current total success rate: 0.6054010479645304

Task: put the bowl on top of the cabinet light 6
Success: True
# episodes completed so far: 2482
# successes: 1503 (60.6%)
Current task success rate: 1.0
Current total success rate: 0.6055600322320709

Task: put the bowl on top of the cabinet light 8
Success: True
# episodes completed so far: 2483
# successes: 1504 (60.6%)
Current task success rate: 1.0
Current total success rate: 0.6057188884414015

Task: put the cream cheese in the bowl light 1
Success: True
# episodes completed so far: 2484
# successes: 1505 (60.6%)
Current task success rate: 1.0
Current total success rate: 0.605877616747182

Task: put the cream cheese in the bowl light 10
Success: True
# episodes completed so far: 2485
# successes: 1506 (60.6%)
Current task success rate: 1.0
Current total success rate: 0.606036217303823

Task: put the cream cheese in the bowl light 14
Success: True
# episodes completed so far: 2486
# successes: 1507 (60.6%)
Current task success rate: 1.0
Current total success rate: 0.6061946902654868

Task: put the cream cheese in the bowl light 15
Success: True
# episodes completed so far: 2487
# successes: 1508 (60.6%)
Current task success rate: 1.0
Current total success rate: 0.6063530357860877

Task: put the cream cheese in the bowl light 18
Success: True
# episodes completed so far: 2488
# successes: 1509 (60.7%)
Current task success rate: 1.0
Current total success rate: 0.6065112540192926

Task: put the cream cheese in the bowl light 21
Success: True
# episodes completed so far: 2489
# successes: 1510 (60.7%)
Current task success rate: 1.0
Current total success rate: 0.6066693451185214

Task: put the cream cheese in the bowl light 22
Success: True
# episodes completed so far: 2490
# successes: 1511 (60.7%)
Current task success rate: 1.0
Current total success rate: 0.6068273092369478

Task: put the cream cheese in the bowl light 25
Success: True
# episodes completed so far: 2491
# successes: 1512 (60.7%)
Current task success rate: 1.0
Current total success rate: 0.606985146527499

Task: put the cream cheese in the bowl light 26
Success: True
# episodes completed so far: 2492
# successes: 1513 (60.7%)
Current task success rate: 1.0
Current total success rate: 0.6071428571428571

Task: put the cream cheese in the bowl light 27
Success: True
# episodes completed so far: 2493
# successes: 1514 (60.7%)
Current task success rate: 1.0
Current total success rate: 0.6073004412354592

Task: put the cream cheese in the bowl light 30
Success: True
# episodes completed so far: 2494
# successes: 1515 (60.7%)
Current task success rate: 1.0
Current total success rate: 0.607457898957498

Task: put the cream cheese in the bowl light 32
Success: False
# episodes completed so far: 2495
# successes: 1515 (60.7%)
Current task success rate: 0.0
Current total success rate: 0.6072144288577155

Task: put the cream cheese in the bowl light 37
Success: True
# episodes completed so far: 2496
# successes: 1516 (60.7%)
Current task success rate: 1.0
Current total success rate: 0.6073717948717948

Task: put the cream cheese in the bowl light 38
Success: True
# episodes completed so far: 2497
# successes: 1517 (60.8%)
Current task success rate: 1.0
Current total success rate: 0.6075290348418102

Task: put the cream cheese in the bowl light 39
Success: True
# episodes completed so far: 2498
# successes: 1518 (60.8%)
Current task success rate: 1.0
Current total success rate: 0.6076861489191353

Task: put the cream cheese in the bowl light 41
Success: False
# episodes completed so far: 2499
# successes: 1518 (60.7%)
Current task success rate: 0.0
Current total success rate: 0.6074429771908764

Task: put the cream cheese in the bowl light 42
Success: True
# episodes completed so far: 2500
# successes: 1519 (60.8%)
Current task success rate: 1.0
Current total success rate: 0.6076

Task: put the cream cheese in the bowl light 44
Success: True
# episodes completed so far: 2501
# successes: 1520 (60.8%)
Current task success rate: 1.0
Current total success rate: 0.6077568972411036

Task: put the cream cheese in the bowl light 46
Success: True
# episodes completed so far: 2502
# successes: 1521 (60.8%)
Current task success rate: 1.0
Current total success rate: 0.6079136690647482

Task: put the cream cheese in the bowl light 48
Success: True
# episodes completed so far: 2503
# successes: 1522 (60.8%)
Current task success rate: 1.0
Current total success rate: 0.6080703156212545

Task: put the cream cheese in the bowl light 5
Success: True
# episodes completed so far: 2504
# successes: 1523 (60.8%)
Current task success rate: 1.0
Current total success rate: 0.6082268370607029

Task: put the cream cheese in the bowl light 50
Success: True
# episodes completed so far: 2505
# successes: 1524 (60.8%)
Current task success rate: 1.0
Current total success rate: 0.6083832335329341

Task: put the cream cheese in the bowl light 6
Success: True
# episodes completed so far: 2506
# successes: 1525 (60.9%)
Current task success rate: 1.0
Current total success rate: 0.6085395051875498

Task: put the cream cheese in the bowl light 7
Success: True
# episodes completed so far: 2507
# successes: 1526 (60.9%)
Current task success rate: 1.0
Current total success rate: 0.6086956521739131

Task: put the cream cheese in the bowl light 8
Success: True
# episodes completed so far: 2508
# successes: 1527 (60.9%)
Current task success rate: 1.0
Current total success rate: 0.6088516746411483

Task: put the wine bottle on the rack light 10
Success: True
# episodes completed so far: 2509
# successes: 1528 (60.9%)
Current task success rate: 1.0
Current total success rate: 0.6090075727381427

Task: put the wine bottle on the rack light 11
Success: True
# episodes completed so far: 2510
# successes: 1529 (60.9%)
Current task success rate: 1.0
Current total success rate: 0.6091633466135458

Task: put the wine bottle on the rack light 12
Success: True
# episodes completed so far: 2511
# successes: 1530 (60.9%)
Current task success rate: 1.0
Current total success rate: 0.6093189964157706

Task: put the wine bottle on the rack light 13
Success: True
# episodes completed so far: 2512
# successes: 1531 (60.9%)
Current task success rate: 1.0
Current total success rate: 0.6094745222929936

Task: put the wine bottle on the rack light 15
Success: True
# episodes completed so far: 2513
# successes: 1532 (61.0%)
Current task success rate: 1.0
Current total success rate: 0.6096299243931556

Task: put the wine bottle on the rack light 16
Success: True
# episodes completed so far: 2514
# successes: 1533 (61.0%)
Current task success rate: 1.0
Current total success rate: 0.6097852028639618

Task: put the wine bottle on the rack light 17
Success: True
# episodes completed so far: 2515
# successes: 1534 (61.0%)
Current task success rate: 1.0
Current total success rate: 0.6099403578528827

Task: put the wine bottle on the rack light 18
Success: True
# episodes completed so far: 2516
# successes: 1535 (61.0%)
Current task success rate: 1.0
Current total success rate: 0.6100953895071543

Task: put the wine bottle on the rack light 19
Success: True
# episodes completed so far: 2517
# successes: 1536 (61.0%)
Current task success rate: 1.0
Current total success rate: 0.6102502979737783

Task: put the wine bottle on the rack light 2
Success: True
# episodes completed so far: 2518
# successes: 1537 (61.0%)
Current task success rate: 1.0
Current total success rate: 0.6104050833995235

Task: put the wine bottle on the rack light 20
Success: True
# episodes completed so far: 2519
# successes: 1538 (61.1%)
Current task success rate: 1.0
Current total success rate: 0.610559745930925

Task: put the wine bottle on the rack light 21
Success: True
# episodes completed so far: 2520
# successes: 1539 (61.1%)
Current task success rate: 1.0
Current total success rate: 0.6107142857142858

Task: put the wine bottle on the rack light 22
Success: True
# episodes completed so far: 2521
# successes: 1540 (61.1%)
Current task success rate: 1.0
Current total success rate: 0.6108687028956763

Task: put the wine bottle on the rack light 24
Success: True
# episodes completed so far: 2522
# successes: 1541 (61.1%)
Current task success rate: 1.0
Current total success rate: 0.6110229976209358

Task: put the wine bottle on the rack light 25
Success: True
# episodes completed so far: 2523
# successes: 1542 (61.1%)
Current task success rate: 1.0
Current total success rate: 0.6111771700356718

Task: put the wine bottle on the rack light 26
Success: True
# episodes completed so far: 2524
# successes: 1543 (61.1%)
Current task success rate: 1.0
Current total success rate: 0.6113312202852615

Task: put the wine bottle on the rack light 27
Success: True
# episodes completed so far: 2525
# successes: 1544 (61.1%)
Current task success rate: 1.0
Current total success rate: 0.6114851485148515

Task: put the wine bottle on the rack light 28
Success: True
# episodes completed so far: 2526
# successes: 1545 (61.2%)
Current task success rate: 1.0
Current total success rate: 0.6116389548693587

Task: put the wine bottle on the rack light 29
Success: True
# episodes completed so far: 2527
# successes: 1546 (61.2%)
Current task success rate: 1.0
Current total success rate: 0.6117926394934705

Task: put the wine bottle on the rack light 31
Success: True
# episodes completed so far: 2528
# successes: 1547 (61.2%)
Current task success rate: 1.0
Current total success rate: 0.6119462025316456

Task: put the wine bottle on the rack light 33
Success: True
# episodes completed so far: 2529
# successes: 1548 (61.2%)
Current task success rate: 1.0
Current total success rate: 0.6120996441281139

Task: put the wine bottle on the rack light 35
Success: True
# episodes completed so far: 2530
# successes: 1549 (61.2%)
Current task success rate: 1.0
Current total success rate: 0.6122529644268775

Task: put the wine bottle on the rack light 36
Success: True
# episodes completed so far: 2531
# successes: 1550 (61.2%)
Current task success rate: 1.0
Current total success rate: 0.6124061635717107

Task: put the wine bottle on the rack light 39
Success: True
# episodes completed so far: 2532
# successes: 1551 (61.3%)
Current task success rate: 1.0
Current total success rate: 0.6125592417061612

Task: put the wine bottle on the rack light 41
Success: True
# episodes completed so far: 2533
# successes: 1552 (61.3%)
Current task success rate: 1.0
Current total success rate: 0.6127121989735491

Task: put the wine bottle on the rack light 43
Success: True
# episodes completed so far: 2534
# successes: 1553 (61.3%)
Current task success rate: 1.0
Current total success rate: 0.6128650355169692

Task: put the wine bottle on the rack light 44
Success: True
# episodes completed so far: 2535
# successes: 1554 (61.3%)
Current task success rate: 1.0
Current total success rate: 0.6130177514792899

Task: put the wine bottle on the rack light 46
Success: True
# episodes completed so far: 2536
# successes: 1555 (61.3%)
Current task success rate: 1.0
Current total success rate: 0.6131703470031545

Task: put the wine bottle on the rack light 49
Success: True
# episodes completed so far: 2537
# successes: 1556 (61.3%)
Current task success rate: 1.0
Current total success rate: 0.6133228222309814

Task: put the wine bottle on the rack light 5
Success: True
# episodes completed so far: 2538
# successes: 1557 (61.3%)
Current task success rate: 1.0
Current total success rate: 0.6134751773049646

Task: put the wine bottle on the rack light 50
Success: True
# episodes completed so far: 2539
# successes: 1558 (61.4%)
Current task success rate: 1.0
Current total success rate: 0.6136274123670736

Task: put the wine bottle on the rack light 6
Success: True
# episodes completed so far: 2540
# successes: 1559 (61.4%)
Current task success rate: 1.0
Current total success rate: 0.6137795275590551

Task: put the wine bottle on the rack light 7
Success: True
# episodes completed so far: 2541
# successes: 1560 (61.4%)
Current task success rate: 1.0
Current total success rate: 0.6139315230224321

Task: put the wine bottle on the rack light 8
Success: True
# episodes completed so far: 2542
# successes: 1561 (61.4%)
Current task success rate: 1.0
Current total success rate: 0.6140833988985052

Task: put the wine bottle on top of the cabinet light 10
Success: True
# episodes completed so far: 2543
# successes: 1562 (61.4%)
Current task success rate: 1.0
Current total success rate: 0.6142351553283524

Task: put the wine bottle on top of the cabinet light 11
Success: True
# episodes completed so far: 2544
# successes: 1563 (61.4%)
Current task success rate: 1.0
Current total success rate: 0.6143867924528302

Task: put the wine bottle on top of the cabinet light 13
Success: True
# episodes completed so far: 2545
# successes: 1564 (61.5%)
Current task success rate: 1.0
Current total success rate: 0.6145383104125737

Task: put the wine bottle on top of the cabinet light 14
Success: True
# episodes completed so far: 2546
# successes: 1565 (61.5%)
Current task success rate: 1.0
Current total success rate: 0.6146897093479968

Task: put the wine bottle on top of the cabinet light 15
Success: True
# episodes completed so far: 2547
# successes: 1566 (61.5%)
Current task success rate: 1.0
Current total success rate: 0.6148409893992933

Task: put the wine bottle on top of the cabinet light 18
Success: True
# episodes completed so far: 2548
# successes: 1567 (61.5%)
Current task success rate: 1.0
Current total success rate: 0.6149921507064364

Task: put the wine bottle on top of the cabinet light 19
Success: True
# episodes completed so far: 2549
# successes: 1568 (61.5%)
Current task success rate: 1.0
Current total success rate: 0.6151431934091801

Task: put the wine bottle on top of the cabinet light 2
Success: True
# episodes completed so far: 2550
# successes: 1569 (61.5%)
Current task success rate: 1.0
Current total success rate: 0.6152941176470588

Task: put the wine bottle on top of the cabinet light 21
Success: True
# episodes completed so far: 2551
# successes: 1570 (61.5%)
Current task success rate: 1.0
Current total success rate: 0.6154449235593885

Task: put the wine bottle on top of the cabinet light 22
Success: True
# episodes completed so far: 2552
# successes: 1571 (61.6%)
Current task success rate: 1.0
Current total success rate: 0.6155956112852664

Task: put the wine bottle on top of the cabinet light 23
Success: True
# episodes completed so far: 2553
# successes: 1572 (61.6%)
Current task success rate: 1.0
Current total success rate: 0.6157461809635723

Task: put the wine bottle on top of the cabinet light 3
Success: True
# episodes completed so far: 2554
# successes: 1573 (61.6%)
Current task success rate: 1.0
Current total success rate: 0.6158966327329679

Task: put the wine bottle on top of the cabinet light 30
Success: True
# episodes completed so far: 2555
# successes: 1574 (61.6%)
Current task success rate: 1.0
Current total success rate: 0.6160469667318983

Task: put the wine bottle on top of the cabinet light 32
Success: True
# episodes completed so far: 2556
# successes: 1575 (61.6%)
Current task success rate: 1.0
Current total success rate: 0.6161971830985915

Task: put the wine bottle on top of the cabinet light 33
Success: True
# episodes completed so far: 2557
# successes: 1576 (61.6%)
Current task success rate: 1.0
Current total success rate: 0.6163472819710598

Task: put the wine bottle on top of the cabinet light 34
Success: True
# episodes completed so far: 2558
# successes: 1577 (61.6%)
Current task success rate: 1.0
Current total success rate: 0.6164972634870993

Task: put the wine bottle on top of the cabinet light 35
Success: True
# episodes completed so far: 2559
# successes: 1578 (61.7%)
Current task success rate: 1.0
Current total success rate: 0.6166471277842908

Task: put the wine bottle on top of the cabinet light 36
Success: True
# episodes completed so far: 2560
# successes: 1579 (61.7%)
Current task success rate: 1.0
Current total success rate: 0.616796875

Task: put the wine bottle on top of the cabinet light 37
Success: True
# episodes completed so far: 2561
# successes: 1580 (61.7%)
Current task success rate: 1.0
Current total success rate: 0.6169465052713784

Task: put the wine bottle on top of the cabinet light 39
Success: True
# episodes completed so far: 2562
# successes: 1581 (61.7%)
Current task success rate: 1.0
Current total success rate: 0.617096018735363

Task: put the wine bottle on top of the cabinet light 4
Success: True
# episodes completed so far: 2563
# successes: 1582 (61.7%)
Current task success rate: 1.0
Current total success rate: 0.6172454155286773

Task: put the wine bottle on top of the cabinet light 40
Success: True
# episodes completed so far: 2564
# successes: 1583 (61.7%)
Current task success rate: 1.0
Current total success rate: 0.6173946957878315

Task: put the wine bottle on top of the cabinet light 44
Success: True
# episodes completed so far: 2565
# successes: 1584 (61.8%)
Current task success rate: 1.0
Current total success rate: 0.6175438596491228

Task: put the wine bottle on top of the cabinet light 45
Success: True
# episodes completed so far: 2566
# successes: 1585 (61.8%)
Current task success rate: 1.0
Current total success rate: 0.617692907248636

Task: put the wine bottle on top of the cabinet light 48
Success: True
# episodes completed so far: 2567
# successes: 1586 (61.8%)
Current task success rate: 1.0
Current total success rate: 0.6178418387222439

Task: put the wine bottle on top of the cabinet light 49
Success: True
# episodes completed so far: 2568
# successes: 1587 (61.8%)
Current task success rate: 1.0
Current total success rate: 0.6179906542056075

Task: put the wine bottle on top of the cabinet light 5
Success: True
# episodes completed so far: 2569
# successes: 1588 (61.8%)
Current task success rate: 1.0
Current total success rate: 0.6181393538341767

Task: put the wine bottle on top of the cabinet light 8
Success: True
# episodes completed so far: 2570
# successes: 1589 (61.8%)
Current task success rate: 1.0
Current total success rate: 0.6182879377431907

Task: turn on the stove light 1
Success: True
# episodes completed so far: 2571
# successes: 1590 (61.8%)
Current task success rate: 1.0
Current total success rate: 0.6184364060676779

Task: turn on the stove light 11
Success: True
# episodes completed so far: 2572
# successes: 1591 (61.9%)
Current task success rate: 1.0
Current total success rate: 0.6185847589424572

Task: turn on the stove light 12
Success: True
# episodes completed so far: 2573
# successes: 1592 (61.9%)
Current task success rate: 1.0
Current total success rate: 0.6187329965021375

Task: turn on the stove light 13
Success: True
# episodes completed so far: 2574
# successes: 1593 (61.9%)
Current task success rate: 1.0
Current total success rate: 0.6188811188811189

Task: turn on the stove light 14
Success: True
# episodes completed so far: 2575
# successes: 1594 (61.9%)
Current task success rate: 1.0
Current total success rate: 0.6190291262135922

Task: turn on the stove light 19
Success: True
# episodes completed so far: 2576
# successes: 1595 (61.9%)
Current task success rate: 1.0
Current total success rate: 0.6191770186335404

Task: turn on the stove light 2
Success: True
# episodes completed so far: 2577
# successes: 1596 (61.9%)
Current task success rate: 1.0
Current total success rate: 0.619324796274738

Task: turn on the stove light 20
Success: True
# episodes completed so far: 2578
# successes: 1597 (61.9%)
Current task success rate: 1.0
Current total success rate: 0.6194724592707526

Task: turn on the stove light 22
Success: True
# episodes completed so far: 2579
# successes: 1598 (62.0%)
Current task success rate: 1.0
Current total success rate: 0.6196200077549437

Task: turn on the stove light 23
Success: True
# episodes completed so far: 2580
# successes: 1599 (62.0%)
Current task success rate: 1.0
Current total success rate: 0.6197674418604651

Task: turn on the stove light 24
Success: True
# episodes completed so far: 2581
# successes: 1600 (62.0%)
Current task success rate: 1.0
Current total success rate: 0.6199147617202635

Task: turn on the stove light 25
Success: True
# episodes completed so far: 2582
# successes: 1601 (62.0%)
Current task success rate: 1.0
Current total success rate: 0.6200619674670798

Task: turn on the stove light 28
Success: True
# episodes completed so far: 2583
# successes: 1602 (62.0%)
Current task success rate: 1.0
Current total success rate: 0.6202090592334495

Task: turn on the stove light 30
Success: True
# episodes completed so far: 2584
# successes: 1603 (62.0%)
Current task success rate: 1.0
Current total success rate: 0.6203560371517027

Task: turn on the stove light 31
Success: True
# episodes completed so far: 2585
# successes: 1604 (62.1%)
Current task success rate: 1.0
Current total success rate: 0.6205029013539651

Task: turn on the stove light 32
Success: True
# episodes completed so far: 2586
# successes: 1605 (62.1%)
Current task success rate: 1.0
Current total success rate: 0.6206496519721578

Task: turn on the stove light 38
Success: True
# episodes completed so far: 2587
# successes: 1606 (62.1%)
Current task success rate: 1.0
Current total success rate: 0.6207962891379977

Task: turn on the stove light 39
Success: True
# episodes completed so far: 2588
# successes: 1607 (62.1%)
Current task success rate: 1.0
Current total success rate: 0.6209428129829985

Task: turn on the stove light 41
Success: True
# episodes completed so far: 2589
# successes: 1608 (62.1%)
Current task success rate: 1.0
Current total success rate: 0.6210892236384704

Task: turn on the stove light 5
Success: True
# episodes completed so far: 2590
# successes: 1609 (62.1%)
Current task success rate: 1.0
Current total success rate: 0.6212355212355213

Task: turn on the stove light 8
Success: True
# episodes completed so far: 2591
# successes: 1610 (62.1%)
Current task success rate: 1.0
Current total success rate: 0.6213817059050559
