Task suite: libero_object
num_tasks: 2518

Task: pick up the alphabet soup and place it in the basket table 1
Success: True
# episodes completed so far: 1
# successes: 1 (100.0%)
Current task success rate: 1.0
Current total success rate: 1.0

Task: pick up the alphabet soup and place it in the basket table 10
Success: True
# episodes completed so far: 2
# successes: 2 (100.0%)
Current task success rate: 1.0
Current total success rate: 1.0

Task: pick up the alphabet soup and place it in the basket table 12
Success: True
# episodes completed so far: 3
# successes: 3 (100.0%)
Current task success rate: 1.0
Current total success rate: 1.0

Task: pick up the alphabet soup and place it in the basket table 13
Success: True
# episodes completed so far: 4
# successes: 4 (100.0%)
Current task success rate: 1.0
Current total success rate: 1.0

Task: pick up the alphabet soup and place it in the basket table 14
Success: True
# episodes completed so far: 5
# successes: 5 (100.0%)
Current task success rate: 1.0
Current total success rate: 1.0

Task: pick up the alphabet soup and place it in the basket table 15
Success: True
# episodes completed so far: 6
# successes: 6 (100.0%)
Current task success rate: 1.0
Current total success rate: 1.0

Task: pick up the alphabet soup and place it in the basket table 16
Success: True
# episodes completed so far: 7
# successes: 7 (100.0%)
Current task success rate: 1.0
Current total success rate: 1.0

Task: pick up the alphabet soup and place it in the basket table 17
Success: True
# episodes completed so far: 8
# successes: 8 (100.0%)
Current task success rate: 1.0
Current total success rate: 1.0

Task: pick up the alphabet soup and place it in the basket table 18
Success: False
# episodes completed so far: 9
# successes: 8 (88.9%)
Current task success rate: 0.0
Current total success rate: 0.8888888888888888

Task: pick up the alphabet soup and place it in the basket table 19
Success: True
# episodes completed so far: 10
# successes: 9 (90.0%)
Current task success rate: 1.0
Current total success rate: 0.9

Task: pick up the alphabet soup and place it in the basket table 2
Success: True
# episodes completed so far: 11
# successes: 10 (90.9%)
Current task success rate: 1.0
Current total success rate: 0.9090909090909091

Task: pick up the alphabet soup and place it in the basket table 20
Success: True
# episodes completed so far: 12
# successes: 11 (91.7%)
Current task success rate: 1.0
Current total success rate: 0.9166666666666666

Task: pick up the alphabet soup and place it in the basket table 21
Success: True
# episodes completed so far: 13
# successes: 12 (92.3%)
Current task success rate: 1.0
Current total success rate: 0.9230769230769231

Task: pick up the alphabet soup and place it in the basket table 22
Success: True
# episodes completed so far: 14
# successes: 13 (92.9%)
Current task success rate: 1.0
Current total success rate: 0.9285714285714286

Task: pick up the alphabet soup and place it in the basket table 24
Success: True
# episodes completed so far: 15
# successes: 14 (93.3%)
Current task success rate: 1.0
Current total success rate: 0.9333333333333333

Task: pick up the alphabet soup and place it in the basket table 27
Success: True
# episodes completed so far: 16
# successes: 15 (93.8%)
Current task success rate: 1.0
Current total success rate: 0.9375

Task: pick up the alphabet soup and place it in the basket table 28
Success: True
# episodes completed so far: 17
# successes: 16 (94.1%)
Current task success rate: 1.0
Current total success rate: 0.9411764705882353

Task: pick up the alphabet soup and place it in the basket table 5
Success: True
# episodes completed so far: 18
# successes: 17 (94.4%)
Current task success rate: 1.0
Current total success rate: 0.9444444444444444

Task: pick up the alphabet soup and place it in the basket table 8
Success: True
# episodes completed so far: 19
# successes: 18 (94.7%)
Current task success rate: 1.0
Current total success rate: 0.9473684210526315

Task: pick up the alphabet soup and place it in the basket table 9
Success: True
# episodes completed so far: 20
# successes: 19 (95.0%)
Current task success rate: 1.0
Current total success rate: 0.95

Task: pick up the alphabet soup and place it in the basket tb 10
Success: True
# episodes completed so far: 21
# successes: 20 (95.2%)
Current task success rate: 1.0
Current total success rate: 0.9523809523809523

Task: pick up the alphabet soup and place it in the basket tb 12
Success: True
# episodes completed so far: 22
# successes: 21 (95.5%)
Current task success rate: 1.0
Current total success rate: 0.9545454545454546

Task: pick up the alphabet soup and place it in the basket tb 18
Success: True
# episodes completed so far: 23
# successes: 22 (95.7%)
Current task success rate: 1.0
Current total success rate: 0.9565217391304348

Task: pick up the alphabet soup and place it in the basket tb 2
Success: True
# episodes completed so far: 24
# successes: 23 (95.8%)
Current task success rate: 1.0
Current total success rate: 0.9583333333333334

Task: pick up the alphabet soup and place it in the basket tb 20
Success: True
# episodes completed so far: 25
# successes: 24 (96.0%)
Current task success rate: 1.0
Current total success rate: 0.96

Task: pick up the alphabet soup and place it in the basket tb 21
Success: True
# episodes completed so far: 26
# successes: 25 (96.2%)
Current task success rate: 1.0
Current total success rate: 0.9615384615384616

Task: pick up the alphabet soup and place it in the basket tb 22
Success: True
# episodes completed so far: 27
# successes: 26 (96.3%)
Current task success rate: 1.0
Current total success rate: 0.9629629629629629

Task: pick up the alphabet soup and place it in the basket tb 5
Success: True
# episodes completed so far: 28
# successes: 27 (96.4%)
Current task success rate: 1.0
Current total success rate: 0.9642857142857143

Task: pick up the alphabet soup and place it in the basket tb 6
Success: True
# episodes completed so far: 29
# successes: 28 (96.6%)
Current task success rate: 1.0
Current total success rate: 0.9655172413793104

Task: pick up the alphabet soup and place it in the basket tb 7
Success: True
# episodes completed so far: 30
# successes: 29 (96.7%)
Current task success rate: 1.0
Current total success rate: 0.9666666666666667

Task: pick up the alphabet soup and place it in the basket tb 8
Success: True
# episodes completed so far: 31
# successes: 30 (96.8%)
Current task success rate: 1.0
Current total success rate: 0.967741935483871

Task: pick up the alphabet soup and place it in the basket tb 9
Success: True
# episodes completed so far: 32
# successes: 31 (96.9%)
Current task success rate: 1.0
Current total success rate: 0.96875

Task: pick up the bbq sauce and place it in the basket table 1
Success: True
# episodes completed so far: 33
# successes: 32 (97.0%)
Current task success rate: 1.0
Current total success rate: 0.9696969696969697

Task: pick up the bbq sauce and place it in the basket table 11
Success: True
# episodes completed so far: 34
# successes: 33 (97.1%)
Current task success rate: 1.0
Current total success rate: 0.9705882352941176

Task: pick up the bbq sauce and place it in the basket table 12
Success: True
# episodes completed so far: 35
# successes: 34 (97.1%)
Current task success rate: 1.0
Current total success rate: 0.9714285714285714

Task: pick up the bbq sauce and place it in the basket table 13
Success: True
# episodes completed so far: 36
# successes: 35 (97.2%)
Current task success rate: 1.0
Current total success rate: 0.9722222222222222

Task: pick up the bbq sauce and place it in the basket table 14
Success: True
# episodes completed so far: 37
# successes: 36 (97.3%)
Current task success rate: 1.0
Current total success rate: 0.972972972972973

Task: pick up the bbq sauce and place it in the basket table 15
Success: True
# episodes completed so far: 38
# successes: 37 (97.4%)
Current task success rate: 1.0
Current total success rate: 0.9736842105263158

Task: pick up the bbq sauce and place it in the basket table 16
Success: True
# episodes completed so far: 39
# successes: 38 (97.4%)
Current task success rate: 1.0
Current total success rate: 0.9743589743589743

Task: pick up the bbq sauce and place it in the basket table 17
Success: True
# episodes completed so far: 40
# successes: 39 (97.5%)
Current task success rate: 1.0
Current total success rate: 0.975

Task: pick up the bbq sauce and place it in the basket table 18
Success: True
# episodes completed so far: 41
# successes: 40 (97.6%)
Current task success rate: 1.0
Current total success rate: 0.975609756097561

Task: pick up the bbq sauce and place it in the basket table 19
Success: True
# episodes completed so far: 42
# successes: 41 (97.6%)
Current task success rate: 1.0
Current total success rate: 0.9761904761904762

Task: pick up the bbq sauce and place it in the basket table 2
Success: True
# episodes completed so far: 43
# successes: 42 (97.7%)
Current task success rate: 1.0
Current total success rate: 0.9767441860465116

Task: pick up the bbq sauce and place it in the basket table 20
Success: True
# episodes completed so far: 44
# successes: 43 (97.7%)
Current task success rate: 1.0
Current total success rate: 0.9772727272727273

Task: pick up the bbq sauce and place it in the basket table 21
Success: True
# episodes completed so far: 45
# successes: 44 (97.8%)
Current task success rate: 1.0
Current total success rate: 0.9777777777777777

Task: pick up the bbq sauce and place it in the basket table 22
Success: True
# episodes completed so far: 46
# successes: 45 (97.8%)
Current task success rate: 1.0
Current total success rate: 0.9782608695652174

Task: pick up the bbq sauce and place it in the basket table 23
Success: True
# episodes completed so far: 47
# successes: 46 (97.9%)
Current task success rate: 1.0
Current total success rate: 0.9787234042553191

Task: pick up the bbq sauce and place it in the basket table 24
Success: True
# episodes completed so far: 48
# successes: 47 (97.9%)
Current task success rate: 1.0
Current total success rate: 0.9791666666666666

Task: pick up the bbq sauce and place it in the basket table 25
Success: True
# episodes completed so far: 49
# successes: 48 (98.0%)
Current task success rate: 1.0
Current total success rate: 0.9795918367346939

Task: pick up the bbq sauce and place it in the basket table 26
Success: True
# episodes completed so far: 50
# successes: 49 (98.0%)
Current task success rate: 1.0
Current total success rate: 0.98

Task: pick up the bbq sauce and place it in the basket table 27
Success: True
# episodes completed so far: 51
# successes: 50 (98.0%)
Current task success rate: 1.0
Current total success rate: 0.9803921568627451

Task: pick up the bbq sauce and place it in the basket table 28
Success: True
# episodes completed so far: 52
# successes: 51 (98.1%)
Current task success rate: 1.0
Current total success rate: 0.9807692307692307

Task: pick up the bbq sauce and place it in the basket table 3
Success: True
# episodes completed so far: 53
# successes: 52 (98.1%)
Current task success rate: 1.0
Current total success rate: 0.9811320754716981

Task: pick up the bbq sauce and place it in the basket table 4
Success: True
# episodes completed so far: 54
# successes: 53 (98.1%)
Current task success rate: 1.0
Current total success rate: 0.9814814814814815

Task: pick up the bbq sauce and place it in the basket table 5
Success: True
# episodes completed so far: 55
# successes: 54 (98.2%)
Current task success rate: 1.0
Current total success rate: 0.9818181818181818

Task: pick up the bbq sauce and place it in the basket table 6
Success: True
# episodes completed so far: 56
# successes: 55 (98.2%)
Current task success rate: 1.0
Current total success rate: 0.9821428571428571

Task: pick up the bbq sauce and place it in the basket table 7
Success: True
# episodes completed so far: 57
# successes: 56 (98.2%)
Current task success rate: 1.0
Current total success rate: 0.9824561403508771

Task: pick up the bbq sauce and place it in the basket table 9
Success: True
# episodes completed so far: 58
# successes: 57 (98.3%)
Current task success rate: 1.0
Current total success rate: 0.9827586206896551

Task: pick up the bbq sauce and place it in the basket tb 1
Success: True
# episodes completed so far: 59
# successes: 58 (98.3%)
Current task success rate: 1.0
Current total success rate: 0.9830508474576272

Task: pick up the bbq sauce and place it in the basket tb 10
Success: True
# episodes completed so far: 60
# successes: 59 (98.3%)
Current task success rate: 1.0
Current total success rate: 0.9833333333333333

Task: pick up the bbq sauce and place it in the basket tb 11
Success: True
# episodes completed so far: 61
# successes: 60 (98.4%)
Current task success rate: 1.0
Current total success rate: 0.9836065573770492

Task: pick up the bbq sauce and place it in the basket tb 12
Success: True
# episodes completed so far: 62
# successes: 61 (98.4%)
Current task success rate: 1.0
Current total success rate: 0.9838709677419355

Task: pick up the bbq sauce and place it in the basket tb 13
Success: True
# episodes completed so far: 63
# successes: 62 (98.4%)
Current task success rate: 1.0
Current total success rate: 0.9841269841269841

Task: pick up the bbq sauce and place it in the basket tb 14
Success: True
# episodes completed so far: 64
# successes: 63 (98.4%)
Current task success rate: 1.0
Current total success rate: 0.984375

Task: pick up the bbq sauce and place it in the basket tb 15
Success: True
# episodes completed so far: 65
# successes: 64 (98.5%)
Current task success rate: 1.0
Current total success rate: 0.9846153846153847

Task: pick up the bbq sauce and place it in the basket tb 16
Success: True
# episodes completed so far: 66
# successes: 65 (98.5%)
Current task success rate: 1.0
Current total success rate: 0.9848484848484849

Task: pick up the bbq sauce and place it in the basket tb 17
Success: True
# episodes completed so far: 67
# successes: 66 (98.5%)
Current task success rate: 1.0
Current total success rate: 0.9850746268656716

Task: pick up the bbq sauce and place it in the basket tb 18
Success: True
# episodes completed so far: 68
# successes: 67 (98.5%)
Current task success rate: 1.0
Current total success rate: 0.9852941176470589

Task: pick up the bbq sauce and place it in the basket tb 19
Success: True
# episodes completed so far: 69
# successes: 68 (98.6%)
Current task success rate: 1.0
Current total success rate: 0.9855072463768116

Task: pick up the bbq sauce and place it in the basket tb 2
Success: True
# episodes completed so far: 70
# successes: 69 (98.6%)
Current task success rate: 1.0
Current total success rate: 0.9857142857142858

Task: pick up the bbq sauce and place it in the basket tb 21
Success: True
# episodes completed so far: 71
# successes: 70 (98.6%)
Current task success rate: 1.0
Current total success rate: 0.9859154929577465

Task: pick up the bbq sauce and place it in the basket tb 22
Success: True
# episodes completed so far: 72
# successes: 71 (98.6%)
Current task success rate: 1.0
Current total success rate: 0.9861111111111112

Task: pick up the bbq sauce and place it in the basket tb 3
Success: True
# episodes completed so far: 73
# successes: 72 (98.6%)
Current task success rate: 1.0
Current total success rate: 0.9863013698630136

Task: pick up the bbq sauce and place it in the basket tb 4
Success: True
# episodes completed so far: 74
# successes: 73 (98.6%)
Current task success rate: 1.0
Current total success rate: 0.9864864864864865

Task: pick up the bbq sauce and place it in the basket tb 5
Success: True
# episodes completed so far: 75
# successes: 74 (98.7%)
Current task success rate: 1.0
Current total success rate: 0.9866666666666667

Task: pick up the bbq sauce and place it in the basket tb 6
Success: True
# episodes completed so far: 76
# successes: 75 (98.7%)
Current task success rate: 1.0
Current total success rate: 0.9868421052631579

Task: pick up the bbq sauce and place it in the basket tb 7
Success: True
# episodes completed so far: 77
# successes: 76 (98.7%)
Current task success rate: 1.0
Current total success rate: 0.987012987012987

Task: pick up the bbq sauce and place it in the basket tb 8
Success: True
# episodes completed so far: 78
# successes: 77 (98.7%)
Current task success rate: 1.0
Current total success rate: 0.9871794871794872

Task: pick up the bbq sauce and place it in the basket tb 9
Success: True
# episodes completed so far: 79
# successes: 78 (98.7%)
Current task success rate: 1.0
Current total success rate: 0.9873417721518988

Task: pick up the butter and place it in the basket table 12
Success: True
# episodes completed so far: 80
# successes: 79 (98.8%)
Current task success rate: 1.0
Current total success rate: 0.9875

Task: pick up the butter and place it in the basket table 14
Success: True
# episodes completed so far: 81
# successes: 80 (98.8%)
Current task success rate: 1.0
Current total success rate: 0.9876543209876543

Task: pick up the butter and place it in the basket table 15
Success: True
# episodes completed so far: 82
# successes: 81 (98.8%)
Current task success rate: 1.0
Current total success rate: 0.9878048780487805

Task: pick up the butter and place it in the basket table 17
Success: True
# episodes completed so far: 83
# successes: 82 (98.8%)
Current task success rate: 1.0
Current total success rate: 0.9879518072289156

Task: pick up the butter and place it in the basket table 19
Success: True
# episodes completed so far: 84
# successes: 83 (98.8%)
Current task success rate: 1.0
Current total success rate: 0.9880952380952381

Task: pick up the butter and place it in the basket table 2
Success: True
# episodes completed so far: 85
# successes: 84 (98.8%)
Current task success rate: 1.0
Current total success rate: 0.9882352941176471

Task: pick up the butter and place it in the basket table 22
Success: True
# episodes completed so far: 86
# successes: 85 (98.8%)
Current task success rate: 1.0
Current total success rate: 0.9883720930232558

Task: pick up the butter and place it in the basket table 24
Success: True
# episodes completed so far: 87
# successes: 86 (98.9%)
Current task success rate: 1.0
Current total success rate: 0.9885057471264368

Task: pick up the butter and place it in the basket table 25
Success: True
# episodes completed so far: 88
# successes: 87 (98.9%)
Current task success rate: 1.0
Current total success rate: 0.9886363636363636

Task: pick up the butter and place it in the basket table 26
Success: True
# episodes completed so far: 89
# successes: 88 (98.9%)
Current task success rate: 1.0
Current total success rate: 0.9887640449438202

Task: pick up the butter and place it in the basket table 27
Success: True
# episodes completed so far: 90
# successes: 89 (98.9%)
Current task success rate: 1.0
Current total success rate: 0.9888888888888889

Task: pick up the butter and place it in the basket table 3
Success: True
# episodes completed so far: 91
# successes: 90 (98.9%)
Current task success rate: 1.0
Current total success rate: 0.989010989010989

Task: pick up the butter and place it in the basket table 4
Success: True
# episodes completed so far: 92
# successes: 91 (98.9%)
Current task success rate: 1.0
Current total success rate: 0.9891304347826086

Task: pick up the butter and place it in the basket table 5
Success: True
# episodes completed so far: 93
# successes: 92 (98.9%)
Current task success rate: 1.0
Current total success rate: 0.989247311827957

Task: pick up the butter and place it in the basket table 6
Success: True
# episodes completed so far: 94
# successes: 93 (98.9%)
Current task success rate: 1.0
Current total success rate: 0.9893617021276596

Task: pick up the butter and place it in the basket table 7
Success: True
# episodes completed so far: 95
# successes: 94 (98.9%)
Current task success rate: 1.0
Current total success rate: 0.9894736842105263

Task: pick up the butter and place it in the basket table 8
Success: True
# episodes completed so far: 96
# successes: 95 (99.0%)
Current task success rate: 1.0
Current total success rate: 0.9895833333333334

Task: pick up the butter and place it in the basket table 9
Success: True
# episodes completed so far: 97
# successes: 96 (99.0%)
Current task success rate: 1.0
Current total success rate: 0.9896907216494846

Task: pick up the butter and place it in the basket tb 19
Success: True
# episodes completed so far: 98
# successes: 97 (99.0%)
Current task success rate: 1.0
Current total success rate: 0.9897959183673469

Task: pick up the butter and place it in the basket tb 21
Success: True
# episodes completed so far: 99
# successes: 98 (99.0%)
Current task success rate: 1.0
Current total success rate: 0.98989898989899

Task: pick up the butter and place it in the basket tb 22
Success: True
# episodes completed so far: 100
# successes: 99 (99.0%)
Current task success rate: 1.0
Current total success rate: 0.99

Task: pick up the chocolate pudding and place it in the basket table 1
Success: True
# episodes completed so far: 101
# successes: 100 (99.0%)
Current task success rate: 1.0
Current total success rate: 0.9900990099009901

Task: pick up the chocolate pudding and place it in the basket table 10
Success: True
# episodes completed so far: 102
# successes: 101 (99.0%)
Current task success rate: 1.0
Current total success rate: 0.9901960784313726

Task: pick up the chocolate pudding and place it in the basket table 12
Success: True
# episodes completed so far: 103
# successes: 102 (99.0%)
Current task success rate: 1.0
Current total success rate: 0.9902912621359223

Task: pick up the chocolate pudding and place it in the basket table 15
Success: True
# episodes completed so far: 104
# successes: 103 (99.0%)
Current task success rate: 1.0
Current total success rate: 0.9903846153846154

Task: pick up the chocolate pudding and place it in the basket table 16
Success: True
# episodes completed so far: 105
# successes: 104 (99.0%)
Current task success rate: 1.0
Current total success rate: 0.9904761904761905

Task: pick up the chocolate pudding and place it in the basket table 17
Success: True
# episodes completed so far: 106
# successes: 105 (99.1%)
Current task success rate: 1.0
Current total success rate: 0.9905660377358491

Task: pick up the chocolate pudding and place it in the basket table 2
Success: True
# episodes completed so far: 107
# successes: 106 (99.1%)
Current task success rate: 1.0
Current total success rate: 0.9906542056074766

Task: pick up the chocolate pudding and place it in the basket table 21
Success: True
# episodes completed so far: 108
# successes: 107 (99.1%)
Current task success rate: 1.0
Current total success rate: 0.9907407407407407

Task: pick up the chocolate pudding and place it in the basket table 22
Success: True
# episodes completed so far: 109
# successes: 108 (99.1%)
Current task success rate: 1.0
Current total success rate: 0.9908256880733946

Task: pick up the chocolate pudding and place it in the basket table 23
Success: True
# episodes completed so far: 110
# successes: 109 (99.1%)
Current task success rate: 1.0
Current total success rate: 0.990909090909091

Task: pick up the chocolate pudding and place it in the basket table 24
Success: True
# episodes completed so far: 111
# successes: 110 (99.1%)
Current task success rate: 1.0
Current total success rate: 0.990990990990991

Task: pick up the chocolate pudding and place it in the basket table 27
Success: True
# episodes completed so far: 112
# successes: 111 (99.1%)
Current task success rate: 1.0
Current total success rate: 0.9910714285714286

Task: pick up the chocolate pudding and place it in the basket table 3
Success: True
# episodes completed so far: 113
# successes: 112 (99.1%)
Current task success rate: 1.0
Current total success rate: 0.9911504424778761

Task: pick up the chocolate pudding and place it in the basket table 4
Success: True
# episodes completed so far: 114
# successes: 113 (99.1%)
Current task success rate: 1.0
Current total success rate: 0.9912280701754386

Task: pick up the chocolate pudding and place it in the basket table 6
Success: True
# episodes completed so far: 115
# successes: 114 (99.1%)
Current task success rate: 1.0
Current total success rate: 0.991304347826087

Task: pick up the chocolate pudding and place it in the basket table 8
Success: True
# episodes completed so far: 116
# successes: 115 (99.1%)
Current task success rate: 1.0
Current total success rate: 0.9913793103448276

Task: pick up the chocolate pudding and place it in the basket tb 1
Success: True
# episodes completed so far: 117
# successes: 116 (99.1%)
Current task success rate: 1.0
Current total success rate: 0.9914529914529915

Task: pick up the chocolate pudding and place it in the basket tb 13
Success: True
# episodes completed so far: 118
# successes: 117 (99.2%)
Current task success rate: 1.0
Current total success rate: 0.9915254237288136

Task: pick up the chocolate pudding and place it in the basket tb 18
Success: True
# episodes completed so far: 119
# successes: 118 (99.2%)
Current task success rate: 1.0
Current total success rate: 0.9915966386554622

Task: pick up the chocolate pudding and place it in the basket tb 19
Success: True
# episodes completed so far: 120
# successes: 119 (99.2%)
Current task success rate: 1.0
Current total success rate: 0.9916666666666667

Task: pick up the chocolate pudding and place it in the basket tb 20
Success: True
# episodes completed so far: 121
# successes: 120 (99.2%)
Current task success rate: 1.0
Current total success rate: 0.9917355371900827

Task: pick up the chocolate pudding and place it in the basket tb 9
Success: True
# episodes completed so far: 122
# successes: 121 (99.2%)
Current task success rate: 1.0
Current total success rate: 0.9918032786885246

Task: pick up the cream cheese and place it in the basket table 1
Success: True
# episodes completed so far: 123
# successes: 122 (99.2%)
Current task success rate: 1.0
Current total success rate: 0.991869918699187

Task: pick up the cream cheese and place it in the basket table 24
Success: True
# episodes completed so far: 124
# successes: 123 (99.2%)
Current task success rate: 1.0
Current total success rate: 0.9919354838709677

Task: pick up the cream cheese and place it in the basket table 3
Success: True
# episodes completed so far: 125
# successes: 124 (99.2%)
Current task success rate: 1.0
Current total success rate: 0.992

Task: pick up the cream cheese and place it in the basket table 5
Success: True
# episodes completed so far: 126
# successes: 125 (99.2%)
Current task success rate: 1.0
Current total success rate: 0.9920634920634921

Task: pick up the cream cheese and place it in the basket table 7
Success: True
# episodes completed so far: 127
# successes: 126 (99.2%)
Current task success rate: 1.0
Current total success rate: 0.9921259842519685

Task: pick up the ketchup and place it in the basket table 1
Success: False
# episodes completed so far: 128
# successes: 126 (98.4%)
Current task success rate: 0.0
Current total success rate: 0.984375

Task: pick up the ketchup and place it in the basket table 10
Success: True
# episodes completed so far: 129
# successes: 127 (98.4%)
Current task success rate: 1.0
Current total success rate: 0.9844961240310077

Task: pick up the ketchup and place it in the basket table 12
Success: True
# episodes completed so far: 130
# successes: 128 (98.5%)
Current task success rate: 1.0
Current total success rate: 0.9846153846153847

Task: pick up the ketchup and place it in the basket table 13
Success: True
# episodes completed so far: 131
# successes: 129 (98.5%)
Current task success rate: 1.0
Current total success rate: 0.9847328244274809

Task: pick up the ketchup and place it in the basket table 19
Success: True
# episodes completed so far: 132
# successes: 130 (98.5%)
Current task success rate: 1.0
Current total success rate: 0.9848484848484849

Task: pick up the ketchup and place it in the basket table 4
Success: True
# episodes completed so far: 133
# successes: 131 (98.5%)
Current task success rate: 1.0
Current total success rate: 0.9849624060150376

Task: pick up the ketchup and place it in the basket tb 10
Success: True
# episodes completed so far: 134
# successes: 132 (98.5%)
Current task success rate: 1.0
Current total success rate: 0.9850746268656716

Task: pick up the ketchup and place it in the basket tb 2
Success: True
# episodes completed so far: 135
# successes: 133 (98.5%)
Current task success rate: 1.0
Current total success rate: 0.9851851851851852

Task: pick up the ketchup and place it in the basket tb 21
Success: True
# episodes completed so far: 136
# successes: 134 (98.5%)
Current task success rate: 1.0
Current total success rate: 0.9852941176470589

Task: pick up the ketchup and place it in the basket tb 22
Success: True
# episodes completed so far: 137
# successes: 135 (98.5%)
Current task success rate: 1.0
Current total success rate: 0.9854014598540146

Task: pick up the ketchup and place it in the basket tb 3
Success: True
# episodes completed so far: 138
# successes: 136 (98.6%)
Current task success rate: 1.0
Current total success rate: 0.9855072463768116

Task: pick up the milk and place it in the basket table 1
Success: True
# episodes completed so far: 139
# successes: 137 (98.6%)
Current task success rate: 1.0
Current total success rate: 0.9856115107913669

Task: pick up the milk and place it in the basket table 11
Success: True
# episodes completed so far: 140
# successes: 138 (98.6%)
Current task success rate: 1.0
Current total success rate: 0.9857142857142858

Task: pick up the milk and place it in the basket table 12
Success: True
# episodes completed so far: 141
# successes: 139 (98.6%)
Current task success rate: 1.0
Current total success rate: 0.9858156028368794

Task: pick up the milk and place it in the basket table 13
Success: True
# episodes completed so far: 142
# successes: 140 (98.6%)
Current task success rate: 1.0
Current total success rate: 0.9859154929577465

Task: pick up the milk and place it in the basket table 21
Success: True
# episodes completed so far: 143
# successes: 141 (98.6%)
Current task success rate: 1.0
Current total success rate: 0.986013986013986

Task: pick up the milk and place it in the basket table 22
Success: True
# episodes completed so far: 144
# successes: 142 (98.6%)
Current task success rate: 1.0
Current total success rate: 0.9861111111111112

Task: pick up the milk and place it in the basket table 23
Success: True
# episodes completed so far: 145
# successes: 143 (98.6%)
Current task success rate: 1.0
Current total success rate: 0.9862068965517241

Task: pick up the milk and place it in the basket table 25
Success: True
# episodes completed so far: 146
# successes: 144 (98.6%)
Current task success rate: 1.0
Current total success rate: 0.9863013698630136

Task: pick up the milk and place it in the basket table 26
Success: True
# episodes completed so far: 147
# successes: 145 (98.6%)
Current task success rate: 1.0
Current total success rate: 0.9863945578231292

Task: pick up the milk and place it in the basket table 27
Success: True
# episodes completed so far: 148
# successes: 146 (98.6%)
Current task success rate: 1.0
Current total success rate: 0.9864864864864865

Task: pick up the milk and place it in the basket table 3
Success: True
# episodes completed so far: 149
# successes: 147 (98.7%)
Current task success rate: 1.0
Current total success rate: 0.9865771812080537

Task: pick up the milk and place it in the basket table 4
Success: True
# episodes completed so far: 150
# successes: 148 (98.7%)
Current task success rate: 1.0
Current total success rate: 0.9866666666666667

Task: pick up the milk and place it in the basket table 7
Success: True
# episodes completed so far: 151
# successes: 149 (98.7%)
Current task success rate: 1.0
Current total success rate: 0.9867549668874173

Task: pick up the milk and place it in the basket table 8
Success: True
# episodes completed so far: 152
# successes: 150 (98.7%)
Current task success rate: 1.0
Current total success rate: 0.9868421052631579

Task: pick up the milk and place it in the basket table 9
Success: True
# episodes completed so far: 153
# successes: 151 (98.7%)
Current task success rate: 1.0
Current total success rate: 0.9869281045751634

Task: pick up the milk and place it in the basket tb 1
Success: True
# episodes completed so far: 154
# successes: 152 (98.7%)
Current task success rate: 1.0
Current total success rate: 0.987012987012987

Task: pick up the milk and place it in the basket tb 10
Success: True
# episodes completed so far: 155
# successes: 153 (98.7%)
Current task success rate: 1.0
Current total success rate: 0.9870967741935484

Task: pick up the milk and place it in the basket tb 11
Success: True
# episodes completed so far: 156
# successes: 154 (98.7%)
Current task success rate: 1.0
Current total success rate: 0.9871794871794872

Task: pick up the milk and place it in the basket tb 12
Success: True
# episodes completed so far: 157
# successes: 155 (98.7%)
Current task success rate: 1.0
Current total success rate: 0.9872611464968153

Task: pick up the milk and place it in the basket tb 13
Success: True
# episodes completed so far: 158
# successes: 156 (98.7%)
Current task success rate: 1.0
Current total success rate: 0.9873417721518988

Task: pick up the milk and place it in the basket tb 14
Success: True
# episodes completed so far: 159
# successes: 157 (98.7%)
Current task success rate: 1.0
Current total success rate: 0.9874213836477987

Task: pick up the milk and place it in the basket tb 15
Success: True
# episodes completed so far: 160
# successes: 158 (98.8%)
Current task success rate: 1.0
Current total success rate: 0.9875

Task: pick up the milk and place it in the basket tb 16
Success: True
# episodes completed so far: 161
# successes: 159 (98.8%)
Current task success rate: 1.0
Current total success rate: 0.9875776397515528

Task: pick up the milk and place it in the basket tb 18
Success: True
# episodes completed so far: 162
# successes: 160 (98.8%)
Current task success rate: 1.0
Current total success rate: 0.9876543209876543

Task: pick up the milk and place it in the basket tb 19
Success: True
# episodes completed so far: 163
# successes: 161 (98.8%)
Current task success rate: 1.0
Current total success rate: 0.9877300613496932

Task: pick up the milk and place it in the basket tb 20
Success: True
# episodes completed so far: 164
# successes: 162 (98.8%)
Current task success rate: 1.0
Current total success rate: 0.9878048780487805

Task: pick up the milk and place it in the basket tb 21
Success: True
# episodes completed so far: 165
# successes: 163 (98.8%)
Current task success rate: 1.0
Current total success rate: 0.9878787878787879

Task: pick up the milk and place it in the basket tb 22
Success: True
# episodes completed so far: 166
# successes: 164 (98.8%)
Current task success rate: 1.0
Current total success rate: 0.9879518072289156

Task: pick up the milk and place it in the basket tb 3
Success: True
# episodes completed so far: 167
# successes: 165 (98.8%)
Current task success rate: 1.0
Current total success rate: 0.9880239520958084

Task: pick up the milk and place it in the basket tb 6
Success: True
# episodes completed so far: 168
# successes: 166 (98.8%)
Current task success rate: 1.0
Current total success rate: 0.9880952380952381

Task: pick up the milk and place it in the basket tb 8
Success: True
# episodes completed so far: 169
# successes: 167 (98.8%)
Current task success rate: 1.0
Current total success rate: 0.9881656804733728

Task: pick up the milk and place it in the basket tb 9
Success: True
# episodes completed so far: 170
# successes: 168 (98.8%)
Current task success rate: 1.0
Current total success rate: 0.9882352941176471

Task: pick up the orange juice and place it in the basket table 1
Success: True
# episodes completed so far: 171
# successes: 169 (98.8%)
Current task success rate: 1.0
Current total success rate: 0.9883040935672515

Task: pick up the orange juice and place it in the basket table 10
Success: True
# episodes completed so far: 172
# successes: 170 (98.8%)
Current task success rate: 1.0
Current total success rate: 0.9883720930232558

Task: pick up the orange juice and place it in the basket table 11
Success: True
# episodes completed so far: 173
# successes: 171 (98.8%)
Current task success rate: 1.0
Current total success rate: 0.9884393063583815

Task: pick up the orange juice and place it in the basket table 12
Success: True
# episodes completed so far: 174
# successes: 172 (98.9%)
Current task success rate: 1.0
Current total success rate: 0.9885057471264368

Task: pick up the orange juice and place it in the basket table 14
Success: True
# episodes completed so far: 175
# successes: 173 (98.9%)
Current task success rate: 1.0
Current total success rate: 0.9885714285714285

Task: pick up the orange juice and place it in the basket table 16
Success: True
# episodes completed so far: 176
# successes: 174 (98.9%)
Current task success rate: 1.0
Current total success rate: 0.9886363636363636

Task: pick up the orange juice and place it in the basket table 17
Success: True
# episodes completed so far: 177
# successes: 175 (98.9%)
Current task success rate: 1.0
Current total success rate: 0.9887005649717514

Task: pick up the orange juice and place it in the basket table 18
Success: True
# episodes completed so far: 178
# successes: 176 (98.9%)
Current task success rate: 1.0
Current total success rate: 0.9887640449438202

Task: pick up the orange juice and place it in the basket table 19
Success: True
# episodes completed so far: 179
# successes: 177 (98.9%)
Current task success rate: 1.0
Current total success rate: 0.9888268156424581

Task: pick up the orange juice and place it in the basket table 2
Success: True
# episodes completed so far: 180
# successes: 178 (98.9%)
Current task success rate: 1.0
Current total success rate: 0.9888888888888889

Task: pick up the orange juice and place it in the basket table 20
Success: True
# episodes completed so far: 181
# successes: 179 (98.9%)
Current task success rate: 1.0
Current total success rate: 0.988950276243094

Task: pick up the orange juice and place it in the basket table 22
Success: True
# episodes completed so far: 182
# successes: 180 (98.9%)
Current task success rate: 1.0
Current total success rate: 0.989010989010989

Task: pick up the orange juice and place it in the basket table 23
Success: True
# episodes completed so far: 183
# successes: 181 (98.9%)
Current task success rate: 1.0
Current total success rate: 0.9890710382513661

Task: pick up the orange juice and place it in the basket table 25
Success: True
# episodes completed so far: 184
# successes: 182 (98.9%)
Current task success rate: 1.0
Current total success rate: 0.9891304347826086

Task: pick up the orange juice and place it in the basket table 28
Success: True
# episodes completed so far: 185
# successes: 183 (98.9%)
Current task success rate: 1.0
Current total success rate: 0.9891891891891892

Task: pick up the orange juice and place it in the basket table 3
Success: True
# episodes completed so far: 186
# successes: 184 (98.9%)
Current task success rate: 1.0
Current total success rate: 0.989247311827957

Task: pick up the orange juice and place it in the basket table 5
Success: True
# episodes completed so far: 187
# successes: 185 (98.9%)
Current task success rate: 1.0
Current total success rate: 0.9893048128342246

Task: pick up the orange juice and place it in the basket table 6
Success: True
# episodes completed so far: 188
# successes: 186 (98.9%)
Current task success rate: 1.0
Current total success rate: 0.9893617021276596

Task: pick up the orange juice and place it in the basket table 7
Success: True
# episodes completed so far: 189
# successes: 187 (98.9%)
Current task success rate: 1.0
Current total success rate: 0.9894179894179894

Task: pick up the orange juice and place it in the basket table 8
Success: True
# episodes completed so far: 190
# successes: 188 (98.9%)
Current task success rate: 1.0
Current total success rate: 0.9894736842105263

Task: pick up the orange juice and place it in the basket table 9
Success: True
# episodes completed so far: 191
# successes: 189 (99.0%)
Current task success rate: 1.0
Current total success rate: 0.9895287958115183

Task: pick up the orange juice and place it in the basket tb 1
Success: True
# episodes completed so far: 192
# successes: 190 (99.0%)
Current task success rate: 1.0
Current total success rate: 0.9895833333333334

Task: pick up the orange juice and place it in the basket tb 10
Success: True
# episodes completed so far: 193
# successes: 191 (99.0%)
Current task success rate: 1.0
Current total success rate: 0.9896373056994818

Task: pick up the orange juice and place it in the basket tb 11
Success: True
# episodes completed so far: 194
# successes: 192 (99.0%)
Current task success rate: 1.0
Current total success rate: 0.9896907216494846

Task: pick up the orange juice and place it in the basket tb 12
Success: True
# episodes completed so far: 195
# successes: 193 (99.0%)
Current task success rate: 1.0
Current total success rate: 0.9897435897435898

Task: pick up the orange juice and place it in the basket tb 13
Success: True
# episodes completed so far: 196
# successes: 194 (99.0%)
Current task success rate: 1.0
Current total success rate: 0.9897959183673469

Task: pick up the orange juice and place it in the basket tb 14
Success: True
# episodes completed so far: 197
# successes: 195 (99.0%)
Current task success rate: 1.0
Current total success rate: 0.9898477157360406

Task: pick up the orange juice and place it in the basket tb 15
Success: True
# episodes completed so far: 198
# successes: 196 (99.0%)
Current task success rate: 1.0
Current total success rate: 0.98989898989899

Task: pick up the orange juice and place it in the basket tb 16
Success: True
# episodes completed so far: 199
# successes: 197 (99.0%)
Current task success rate: 1.0
Current total success rate: 0.9899497487437185

Task: pick up the orange juice and place it in the basket tb 17
Success: True
# episodes completed so far: 200
# successes: 198 (99.0%)
Current task success rate: 1.0
Current total success rate: 0.99

Task: pick up the orange juice and place it in the basket tb 18
Success: True
# episodes completed so far: 201
# successes: 199 (99.0%)
Current task success rate: 1.0
Current total success rate: 0.9900497512437811

Task: pick up the orange juice and place it in the basket tb 19
Success: True
# episodes completed so far: 202
# successes: 200 (99.0%)
Current task success rate: 1.0
Current total success rate: 0.9900990099009901

Task: pick up the orange juice and place it in the basket tb 20
Success: True
# episodes completed so far: 203
# successes: 201 (99.0%)
Current task success rate: 1.0
Current total success rate: 0.9901477832512315

Task: pick up the orange juice and place it in the basket tb 21
Success: True
# episodes completed so far: 204
# successes: 202 (99.0%)
Current task success rate: 1.0
Current total success rate: 0.9901960784313726

Task: pick up the orange juice and place it in the basket tb 22
Success: True
# episodes completed so far: 205
# successes: 203 (99.0%)
Current task success rate: 1.0
Current total success rate: 0.9902439024390244

Task: pick up the orange juice and place it in the basket tb 3
Success: True
# episodes completed so far: 206
# successes: 204 (99.0%)
Current task success rate: 1.0
Current total success rate: 0.9902912621359223

Task: pick up the orange juice and place it in the basket tb 4
Success: True
# episodes completed so far: 207
# successes: 205 (99.0%)
Current task success rate: 1.0
Current total success rate: 0.9903381642512077

Task: pick up the orange juice and place it in the basket tb 5
Success: True
# episodes completed so far: 208
# successes: 206 (99.0%)
Current task success rate: 1.0
Current total success rate: 0.9903846153846154

Task: pick up the orange juice and place it in the basket tb 8
Success: True
# episodes completed so far: 209
# successes: 207 (99.0%)
Current task success rate: 1.0
Current total success rate: 0.9904306220095693

Task: pick up the orange juice and place it in the basket tb 9
Success: True
# episodes completed so far: 210
# successes: 208 (99.0%)
Current task success rate: 1.0
Current total success rate: 0.9904761904761905

Task: pick up the salad dressing and place it in the basket table 1
Success: True
# episodes completed so far: 211
# successes: 209 (99.1%)
Current task success rate: 1.0
Current total success rate: 0.990521327014218

Task: pick up the salad dressing and place it in the basket table 15
Success: True
# episodes completed so far: 212
# successes: 210 (99.1%)
Current task success rate: 1.0
Current total success rate: 0.9905660377358491

Task: pick up the salad dressing and place it in the basket table 2
Success: True
# episodes completed so far: 213
# successes: 211 (99.1%)
Current task success rate: 1.0
Current total success rate: 0.9906103286384976

Task: pick up the salad dressing and place it in the basket table 21
Success: True
# episodes completed so far: 214
# successes: 212 (99.1%)
Current task success rate: 1.0
Current total success rate: 0.9906542056074766

Task: pick up the salad dressing and place it in the basket table 22
Success: True
# episodes completed so far: 215
# successes: 213 (99.1%)
Current task success rate: 1.0
Current total success rate: 0.9906976744186047

Task: pick up the salad dressing and place it in the basket table 23
Success: True
# episodes completed so far: 216
# successes: 214 (99.1%)
Current task success rate: 1.0
Current total success rate: 0.9907407407407407

Task: pick up the salad dressing and place it in the basket table 3
Success: True
# episodes completed so far: 217
# successes: 215 (99.1%)
Current task success rate: 1.0
Current total success rate: 0.9907834101382489

Task: pick up the salad dressing and place it in the basket table 4
Success: True
# episodes completed so far: 218
# successes: 216 (99.1%)
Current task success rate: 1.0
Current total success rate: 0.9908256880733946

Task: pick up the salad dressing and place it in the basket table 6
Success: True
# episodes completed so far: 219
# successes: 217 (99.1%)
Current task success rate: 1.0
Current total success rate: 0.9908675799086758

Task: pick up the salad dressing and place it in the basket table 7
Success: True
# episodes completed so far: 220
# successes: 218 (99.1%)
Current task success rate: 1.0
Current total success rate: 0.990909090909091

Task: pick up the salad dressing and place it in the basket table 9
Success: True
# episodes completed so far: 221
# successes: 219 (99.1%)
Current task success rate: 1.0
Current total success rate: 0.9909502262443439

Task: pick up the salad dressing and place it in the basket tb 1
Success: True
# episodes completed so far: 222
# successes: 220 (99.1%)
Current task success rate: 1.0
Current total success rate: 0.990990990990991

Task: pick up the salad dressing and place it in the basket tb 12
Success: True
# episodes completed so far: 223
# successes: 221 (99.1%)
Current task success rate: 1.0
Current total success rate: 0.9910313901345291

Task: pick up the salad dressing and place it in the basket tb 13
Success: True
# episodes completed so far: 224
# successes: 222 (99.1%)
Current task success rate: 1.0
Current total success rate: 0.9910714285714286

Task: pick up the salad dressing and place it in the basket tb 15
Success: True
# episodes completed so far: 225
# successes: 223 (99.1%)
Current task success rate: 1.0
Current total success rate: 0.9911111111111112

Task: pick up the salad dressing and place it in the basket tb 16
Success: True
# episodes completed so far: 226
# successes: 224 (99.1%)
Current task success rate: 1.0
Current total success rate: 0.9911504424778761

Task: pick up the salad dressing and place it in the basket tb 18
Success: True
# episodes completed so far: 227
# successes: 225 (99.1%)
Current task success rate: 1.0
Current total success rate: 0.9911894273127754

Task: pick up the salad dressing and place it in the basket tb 2
Success: True
# episodes completed so far: 228
# successes: 226 (99.1%)
Current task success rate: 1.0
Current total success rate: 0.9912280701754386

Task: pick up the salad dressing and place it in the basket tb 23
Success: True
# episodes completed so far: 229
# successes: 227 (99.1%)
Current task success rate: 1.0
Current total success rate: 0.9912663755458515

Task: pick up the salad dressing and place it in the basket tb 3
Success: True
# episodes completed so far: 230
# successes: 228 (99.1%)
Current task success rate: 1.0
Current total success rate: 0.991304347826087

Task: pick up the salad dressing and place it in the basket tb 4
Success: True
# episodes completed so far: 231
# successes: 229 (99.1%)
Current task success rate: 1.0
Current total success rate: 0.9913419913419913

Task: pick up the salad dressing and place it in the basket tb 5
Success: True
# episodes completed so far: 232
# successes: 230 (99.1%)
Current task success rate: 1.0
Current total success rate: 0.9913793103448276

Task: pick up the salad dressing and place it in the basket tb 6
Success: True
# episodes completed so far: 233
# successes: 231 (99.1%)
Current task success rate: 1.0
Current total success rate: 0.9914163090128756

Task: pick up the salad dressing and place it in the basket tb 8
Success: True
# episodes completed so far: 234
# successes: 232 (99.1%)
Current task success rate: 1.0
Current total success rate: 0.9914529914529915

Task: pick up the salad dressing and place it in the basket tb 9
Success: True
# episodes completed so far: 235
# successes: 233 (99.1%)
Current task success rate: 1.0
Current total success rate: 0.9914893617021276

Task: pick up the tomato sauce and place it in the basket table 1
Success: True
# episodes completed so far: 236
# successes: 234 (99.2%)
Current task success rate: 1.0
Current total success rate: 0.9915254237288136

Task: pick up the tomato sauce and place it in the basket table 14
Success: True
# episodes completed so far: 237
# successes: 235 (99.2%)
Current task success rate: 1.0
Current total success rate: 0.9915611814345991

Task: pick up the tomato sauce and place it in the basket table 17
Success: True
# episodes completed so far: 238
# successes: 236 (99.2%)
Current task success rate: 1.0
Current total success rate: 0.9915966386554622

Task: pick up the tomato sauce and place it in the basket table 2
Success: True
# episodes completed so far: 239
# successes: 237 (99.2%)
Current task success rate: 1.0
Current total success rate: 0.9916317991631799

Task: pick up the tomato sauce and place it in the basket table 23
Success: True
# episodes completed so far: 240
# successes: 238 (99.2%)
Current task success rate: 1.0
Current total success rate: 0.9916666666666667

Task: pick up the tomato sauce and place it in the basket table 27
Success: True
# episodes completed so far: 241
# successes: 239 (99.2%)
Current task success rate: 1.0
Current total success rate: 0.991701244813278

Task: pick up the tomato sauce and place it in the basket table 28
Success: True
# episodes completed so far: 242
# successes: 240 (99.2%)
Current task success rate: 1.0
Current total success rate: 0.9917355371900827

Task: pick up the tomato sauce and place it in the basket table 3
Success: True
# episodes completed so far: 243
# successes: 241 (99.2%)
Current task success rate: 1.0
Current total success rate: 0.9917695473251029

Task: pick up the tomato sauce and place it in the basket table 4
Success: True
# episodes completed so far: 244
# successes: 242 (99.2%)
Current task success rate: 1.0
Current total success rate: 0.9918032786885246

Task: pick up the tomato sauce and place it in the basket tb 1
Success: True
# episodes completed so far: 245
# successes: 243 (99.2%)
Current task success rate: 1.0
Current total success rate: 0.9918367346938776

Task: pick up the tomato sauce and place it in the basket tb 12
Success: True
# episodes completed so far: 246
# successes: 244 (99.2%)
Current task success rate: 1.0
Current total success rate: 0.991869918699187

Task: pick up the tomato sauce and place it in the basket tb 2
Success: True
# episodes completed so far: 247
# successes: 245 (99.2%)
Current task success rate: 1.0
Current total success rate: 0.9919028340080972

Task: pick up the tomato sauce and place it in the basket tb 6
Success: True
# episodes completed so far: 248
# successes: 246 (99.2%)
Current task success rate: 1.0
Current total success rate: 0.9919354838709677

Task: pick up the alphabet soup and place it in the basket view 0 0 100 0 0 initstate 11
Success: True
# episodes completed so far: 249
# successes: 247 (99.2%)
Current task success rate: 1.0
Current total success rate: 0.9919678714859438

Task: pick up the alphabet soup and place it in the basket view 0 0 100 0 0 initstate 51
Success: True
# episodes completed so far: 250
# successes: 248 (99.2%)
Current task success rate: 1.0
Current total success rate: 0.992

Task: pick up the alphabet soup and place it in the basket view 0 0 100 0 0 initstate 71
Success: True
# episodes completed so far: 251
# successes: 249 (99.2%)
Current task success rate: 1.0
Current total success rate: 0.9920318725099602

Task: pick up the alphabet soup and place it in the basket view 0 0 100 0 0 initstate 81
Success: True
# episodes completed so far: 252
# successes: 250 (99.2%)
Current task success rate: 1.0
Current total success rate: 0.9920634920634921

Task: pick up the alphabet soup and place it in the basket view 0 0 100 0 0 initstate 101
Success: False
# episodes completed so far: 253
# successes: 250 (98.8%)
Current task success rate: 0.0
Current total success rate: 0.9881422924901185

Task: pick up the alphabet soup and place it in the basket view 0 0 100 0 0 initstate 121
Success: True
# episodes completed so far: 254
# successes: 251 (98.8%)
Current task success rate: 1.0
Current total success rate: 0.9881889763779528

Task: pick up the alphabet soup and place it in the basket view 0 0 100 0 0 initstate 131
Success: True
# episodes completed so far: 255
# successes: 252 (98.8%)
Current task success rate: 1.0
Current total success rate: 0.9882352941176471

Task: pick up the alphabet soup and place it in the basket view 0 0 100 0 0 initstate 141
Success: False
# episodes completed so far: 256
# successes: 252 (98.4%)
Current task success rate: 0.0
Current total success rate: 0.984375

Task: pick up the alphabet soup and place it in the basket view 0 0 100 0 0 initstate 161
Success: False
# episodes completed so far: 257
# successes: 252 (98.1%)
Current task success rate: 0.0
Current total success rate: 0.980544747081712

Task: pick up the alphabet soup and place it in the basket view 0 0 100 0 0 initstate 171
Success: True
# episodes completed so far: 258
# successes: 253 (98.1%)
Current task success rate: 1.0
Current total success rate: 0.9806201550387597

Task: pick up the alphabet soup and place it in the basket view 0 0 100 0 0 initstate 181
Success: False
# episodes completed so far: 259
# successes: 253 (97.7%)
Current task success rate: 0.0
Current total success rate: 0.9768339768339769

Task: pick up the alphabet soup and place it in the basket view 0 0 100 0 0 initstate 191
Success: True
# episodes completed so far: 260
# successes: 254 (97.7%)
Current task success rate: 1.0
Current total success rate: 0.9769230769230769

Task: pick up the alphabet soup and place it in the basket view 0 0 100 0 0 initstate 201
Success: False
# episodes completed so far: 261
# successes: 254 (97.3%)
Current task success rate: 0.0
Current total success rate: 0.9731800766283525

Task: pick up the alphabet soup and place it in the basket view 0 0 100 0 0 initstate 211
Success: True
# episodes completed so far: 262
# successes: 255 (97.3%)
Current task success rate: 1.0
Current total success rate: 0.9732824427480916

Task: pick up the alphabet soup and place it in the basket view 0 0 100 0 0 initstate 221
Success: False
# episodes completed so far: 263
# successes: 255 (97.0%)
Current task success rate: 0.0
Current total success rate: 0.9695817490494296

Task: pick up the alphabet soup and place it in the basket view 0 0 100 0 0 initstate 231
Success: True
# episodes completed so far: 264
# successes: 256 (97.0%)
Current task success rate: 1.0
Current total success rate: 0.9696969696969697

Task: pick up the alphabet soup and place it in the basket view 0 0 100 0 0 initstate 241
Success: True
# episodes completed so far: 265
# successes: 257 (97.0%)
Current task success rate: 1.0
Current total success rate: 0.969811320754717

Task: pick up the alphabet soup and place it in the basket view 0 0 100 0 0 initstate 251
Success: False
# episodes completed so far: 266
# successes: 257 (96.6%)
Current task success rate: 0.0
Current total success rate: 0.9661654135338346

Task: pick up the alphabet soup and place it in the basket view 0 0 100 0 0 initstate 261
Success: False
# episodes completed so far: 267
# successes: 257 (96.3%)
Current task success rate: 0.0
Current total success rate: 0.9625468164794008

Task: pick up the alphabet soup and place it in the basket view 0 0 100 0 0 initstate 271
Success: True
# episodes completed so far: 268
# successes: 258 (96.3%)
Current task success rate: 1.0
Current total success rate: 0.9626865671641791

Task: pick up the alphabet soup and place it in the basket view 0 0 100 0 0 initstate 281
Success: True
# episodes completed so far: 269
# successes: 259 (96.3%)
Current task success rate: 1.0
Current total success rate: 0.9628252788104089

Task: pick up the alphabet soup and place it in the basket view 0 0 100 0 0 initstate 291
Success: False
# episodes completed so far: 270
# successes: 259 (95.9%)
Current task success rate: 0.0
Current total success rate: 0.9592592592592593

Task: pick up the alphabet soup and place it in the basket view 0 0 100 0 0 initstate 301
Success: False
# episodes completed so far: 271
# successes: 259 (95.6%)
Current task success rate: 0.0
Current total success rate: 0.955719557195572

Task: pick up the alphabet soup and place it in the basket view 0 0 100 0 0 initstate 311
Success: False
# episodes completed so far: 272
# successes: 259 (95.2%)
Current task success rate: 0.0
Current total success rate: 0.9522058823529411

Task: pick up the alphabet soup and place it in the basket view 0 0 100 0 0 initstate 321
Success: False
# episodes completed so far: 273
# successes: 259 (94.9%)
Current task success rate: 0.0
Current total success rate: 0.9487179487179487

Task: pick up the alphabet soup and place it in the basket view 0 0 100 0 0 initstate 331
Success: False
# episodes completed so far: 274
# successes: 259 (94.5%)
Current task success rate: 0.0
Current total success rate: 0.9452554744525548

Task: pick up the alphabet soup and place it in the basket view 0 0 100 0 0 initstate 341
Success: True
# episodes completed so far: 275
# successes: 260 (94.5%)
Current task success rate: 1.0
Current total success rate: 0.9454545454545454

Task: pick up the alphabet soup and place it in the basket view 0 0 100 0 0 initstate 351
Success: True
# episodes completed so far: 276
# successes: 261 (94.6%)
Current task success rate: 1.0
Current total success rate: 0.9456521739130435

Task: pick up the alphabet soup and place it in the basket view 0 0 100 0 0 initstate 361
Success: False
# episodes completed so far: 277
# successes: 261 (94.2%)
Current task success rate: 0.0
Current total success rate: 0.9422382671480144

Task: pick up the alphabet soup and place it in the basket view 0 0 100 0 0 initstate 371
Success: False
# episodes completed so far: 278
# successes: 261 (93.9%)
Current task success rate: 0.0
Current total success rate: 0.9388489208633094

Task: pick up the alphabet soup and place it in the basket view 0 0 100 0 0 initstate 381
Success: False
# episodes completed so far: 279
# successes: 261 (93.5%)
Current task success rate: 0.0
Current total success rate: 0.9354838709677419

Task: pick up the alphabet soup and place it in the basket view 0 0 100 0 0 initstate 391
Success: False
# episodes completed so far: 280
# successes: 261 (93.2%)
Current task success rate: 0.0
Current total success rate: 0.9321428571428572

Task: pick up the alphabet soup and place it in the basket view 0 0 100 0 0 initstate 401
Success: False
# episodes completed so far: 281
# successes: 261 (92.9%)
Current task success rate: 0.0
Current total success rate: 0.9288256227758007

Task: pick up the alphabet soup and place it in the basket view 0 0 100 0 0 initstate 411
Success: False
# episodes completed so far: 282
# successes: 261 (92.6%)
Current task success rate: 0.0
Current total success rate: 0.925531914893617

Task: pick up the alphabet soup and place it in the basket view 0 0 100 0 0 initstate 421
Success: False
# episodes completed so far: 283
# successes: 261 (92.2%)
Current task success rate: 0.0
Current total success rate: 0.9222614840989399

Task: pick up the alphabet soup and place it in the basket view 0 0 100 0 0 initstate 431
Success: False
# episodes completed so far: 284
# successes: 261 (91.9%)
Current task success rate: 0.0
Current total success rate: 0.9190140845070423

Task: pick up the alphabet soup and place it in the basket view 0 0 100 0 0 initstate 441
Success: False
# episodes completed so far: 285
# successes: 261 (91.6%)
Current task success rate: 0.0
Current total success rate: 0.9157894736842105

Task: pick up the alphabet soup and place it in the basket view 0 0 100 0 0 initstate 451
Success: False
# episodes completed so far: 286
# successes: 261 (91.3%)
Current task success rate: 0.0
Current total success rate: 0.9125874125874126

Task: pick up the alphabet soup and place it in the basket view 0 0 100 0 0 initstate 461
Success: False
# episodes completed so far: 287
# successes: 261 (90.9%)
Current task success rate: 0.0
Current total success rate: 0.9094076655052264

Task: pick up the alphabet soup and place it in the basket view 0 0 100 0 0 initstate 471
Success: True
# episodes completed so far: 288
# successes: 262 (91.0%)
Current task success rate: 1.0
Current total success rate: 0.9097222222222222

Task: pick up the alphabet soup and place it in the basket view 0 0 100 0 0 initstate 481
Success: True
# episodes completed so far: 289
# successes: 263 (91.0%)
Current task success rate: 1.0
Current total success rate: 0.9100346020761245

Task: pick up the alphabet soup and place it in the basket view 0 0 100 0 0 initstate 491
Success: False
# episodes completed so far: 290
# successes: 263 (90.7%)
Current task success rate: 0.0
Current total success rate: 0.906896551724138

Task: pick up the cream cheese and place it in the basket view 0 0 100 0 0 initstate 2
Success: True
# episodes completed so far: 291
# successes: 264 (90.7%)
Current task success rate: 1.0
Current total success rate: 0.9072164948453608

Task: pick up the cream cheese and place it in the basket view 0 0 100 0 0 initstate 42
Success: True
# episodes completed so far: 292
# successes: 265 (90.8%)
Current task success rate: 1.0
Current total success rate: 0.9075342465753424

Task: pick up the cream cheese and place it in the basket view 0 0 100 0 0 initstate 62
Success: True
# episodes completed so far: 293
# successes: 266 (90.8%)
Current task success rate: 1.0
Current total success rate: 0.9078498293515358

Task: pick up the cream cheese and place it in the basket view 0 0 100 0 0 initstate 102
Success: True
# episodes completed so far: 294
# successes: 267 (90.8%)
Current task success rate: 1.0
Current total success rate: 0.9081632653061225

Task: pick up the cream cheese and place it in the basket view 0 0 100 0 0 initstate 112
Success: True
# episodes completed so far: 295
# successes: 268 (90.8%)
Current task success rate: 1.0
Current total success rate: 0.9084745762711864

Task: pick up the cream cheese and place it in the basket view 0 0 100 0 0 initstate 132
Success: True
# episodes completed so far: 296
# successes: 269 (90.9%)
Current task success rate: 1.0
Current total success rate: 0.9087837837837838

Task: pick up the cream cheese and place it in the basket view 0 0 100 0 0 initstate 142
Success: True
# episodes completed so far: 297
# successes: 270 (90.9%)
Current task success rate: 1.0
Current total success rate: 0.9090909090909091

Task: pick up the cream cheese and place it in the basket view 0 0 100 0 0 initstate 152
Success: True
# episodes completed so far: 298
# successes: 271 (90.9%)
Current task success rate: 1.0
Current total success rate: 0.9093959731543624

Task: pick up the cream cheese and place it in the basket view 0 0 100 0 0 initstate 162
Success: True
# episodes completed so far: 299
# successes: 272 (91.0%)
Current task success rate: 1.0
Current total success rate: 0.9096989966555183

Task: pick up the cream cheese and place it in the basket view 0 0 100 0 0 initstate 172
Success: True
# episodes completed so far: 300
# successes: 273 (91.0%)
Current task success rate: 1.0
Current total success rate: 0.91

Task: pick up the cream cheese and place it in the basket view 0 0 100 0 0 initstate 192
Success: True
# episodes completed so far: 301
# successes: 274 (91.0%)
Current task success rate: 1.0
Current total success rate: 0.9102990033222591

Task: pick up the cream cheese and place it in the basket view 0 0 100 0 0 initstate 202
Success: True
# episodes completed so far: 302
# successes: 275 (91.1%)
Current task success rate: 1.0
Current total success rate: 0.9105960264900662

Task: pick up the cream cheese and place it in the basket view 0 0 100 0 0 initstate 222
Success: False
# episodes completed so far: 303
# successes: 275 (90.8%)
Current task success rate: 0.0
Current total success rate: 0.9075907590759076

Task: pick up the cream cheese and place it in the basket view 0 0 100 0 0 initstate 232
Success: True
# episodes completed so far: 304
# successes: 276 (90.8%)
Current task success rate: 1.0
Current total success rate: 0.9078947368421053

Task: pick up the cream cheese and place it in the basket view 0 0 100 0 0 initstate 242
Success: True
# episodes completed so far: 305
# successes: 277 (90.8%)
Current task success rate: 1.0
Current total success rate: 0.9081967213114754

Task: pick up the cream cheese and place it in the basket view 0 0 100 0 0 initstate 252
Success: True
# episodes completed so far: 306
# successes: 278 (90.8%)
Current task success rate: 1.0
Current total success rate: 0.9084967320261438

Task: pick up the cream cheese and place it in the basket view 0 0 100 0 0 initstate 262
Success: True
# episodes completed so far: 307
# successes: 279 (90.9%)
Current task success rate: 1.0
Current total success rate: 0.9087947882736156

Task: pick up the cream cheese and place it in the basket view 0 0 100 0 0 initstate 282
Success: True
# episodes completed so far: 308
# successes: 280 (90.9%)
Current task success rate: 1.0
Current total success rate: 0.9090909090909091

Task: pick up the cream cheese and place it in the basket view 0 0 100 0 0 initstate 292
Success: False
# episodes completed so far: 309
# successes: 280 (90.6%)
Current task success rate: 0.0
Current total success rate: 0.9061488673139159

Task: pick up the cream cheese and place it in the basket view 0 0 100 0 0 initstate 302
Success: False
# episodes completed so far: 310
# successes: 280 (90.3%)
Current task success rate: 0.0
Current total success rate: 0.9032258064516129

Task: pick up the cream cheese and place it in the basket view 0 0 100 0 0 initstate 312
Success: False
# episodes completed so far: 311
# successes: 280 (90.0%)
Current task success rate: 0.0
Current total success rate: 0.9003215434083601

Task: pick up the cream cheese and place it in the basket view 0 0 100 0 0 initstate 322
Success: False
# episodes completed so far: 312
# successes: 280 (89.7%)
Current task success rate: 0.0
Current total success rate: 0.8974358974358975

Task: pick up the cream cheese and place it in the basket view 0 0 100 0 0 initstate 332
Success: True
# episodes completed so far: 313
# successes: 281 (89.8%)
Current task success rate: 1.0
Current total success rate: 0.8977635782747604

Task: pick up the cream cheese and place it in the basket view 0 0 100 0 0 initstate 342
Success: False
# episodes completed so far: 314
# successes: 281 (89.5%)
Current task success rate: 0.0
Current total success rate: 0.8949044585987261

Task: pick up the cream cheese and place it in the basket view 0 0 100 0 0 initstate 352
Success: False
# episodes completed so far: 315
# successes: 281 (89.2%)
Current task success rate: 0.0
Current total success rate: 0.8920634920634921

Task: pick up the cream cheese and place it in the basket view 0 0 100 0 0 initstate 362
Success: False
# episodes completed so far: 316
# successes: 281 (88.9%)
Current task success rate: 0.0
Current total success rate: 0.8892405063291139

Task: pick up the cream cheese and place it in the basket view 0 0 100 0 0 initstate 372
Success: False
# episodes completed so far: 317
# successes: 281 (88.6%)
Current task success rate: 0.0
Current total success rate: 0.886435331230284

Task: pick up the cream cheese and place it in the basket view 0 0 100 0 0 initstate 382
Success: False
# episodes completed so far: 318
# successes: 281 (88.4%)
Current task success rate: 0.0
Current total success rate: 0.8836477987421384

Task: pick up the cream cheese and place it in the basket view 0 0 100 0 0 initstate 392
Success: False
# episodes completed so far: 319
# successes: 281 (88.1%)
Current task success rate: 0.0
Current total success rate: 0.8808777429467085

Task: pick up the cream cheese and place it in the basket view 0 0 100 0 0 initstate 402
Success: True
# episodes completed so far: 320
# successes: 282 (88.1%)
Current task success rate: 1.0
Current total success rate: 0.88125

Task: pick up the cream cheese and place it in the basket view 0 0 100 0 0 initstate 412
Success: False
# episodes completed so far: 321
# successes: 282 (87.9%)
Current task success rate: 0.0
Current total success rate: 0.8785046728971962

Task: pick up the cream cheese and place it in the basket view 0 0 100 0 0 initstate 422
Success: False
# episodes completed so far: 322
# successes: 282 (87.6%)
Current task success rate: 0.0
Current total success rate: 0.8757763975155279

Task: pick up the cream cheese and place it in the basket view 0 0 100 0 0 initstate 432
Success: True
# episodes completed so far: 323
# successes: 283 (87.6%)
Current task success rate: 1.0
Current total success rate: 0.8761609907120743

Task: pick up the cream cheese and place it in the basket view 0 0 100 0 0 initstate 442
Success: True
# episodes completed so far: 324
# successes: 284 (87.7%)
Current task success rate: 1.0
Current total success rate: 0.8765432098765432

Task: pick up the cream cheese and place it in the basket view 0 0 100 0 0 initstate 452
Success: False
# episodes completed so far: 325
# successes: 284 (87.4%)
Current task success rate: 0.0
Current total success rate: 0.8738461538461538

Task: pick up the cream cheese and place it in the basket view 0 0 100 0 0 initstate 462
Success: False
# episodes completed so far: 326
# successes: 284 (87.1%)
Current task success rate: 0.0
Current total success rate: 0.8711656441717791

Task: pick up the cream cheese and place it in the basket view 0 0 100 0 0 initstate 472
Success: False
# episodes completed so far: 327
# successes: 284 (86.9%)
Current task success rate: 0.0
Current total success rate: 0.8685015290519877

Task: pick up the cream cheese and place it in the basket view 0 0 100 0 0 initstate 482
Success: True
# episodes completed so far: 328
# successes: 285 (86.9%)
Current task success rate: 1.0
Current total success rate: 0.8689024390243902

Task: pick up the cream cheese and place it in the basket view 0 0 100 0 0 initstate 492
Success: True
# episodes completed so far: 329
# successes: 286 (86.9%)
Current task success rate: 1.0
Current total success rate: 0.8693009118541033

Task: pick up the salad dressing and place it in the basket view 0 0 100 0 0 initstate 3
Success: True
# episodes completed so far: 330
# successes: 287 (87.0%)
Current task success rate: 1.0
Current total success rate: 0.8696969696969697

Task: pick up the salad dressing and place it in the basket view 0 0 100 0 0 initstate 23
Success: True
# episodes completed so far: 331
# successes: 288 (87.0%)
Current task success rate: 1.0
Current total success rate: 0.8700906344410876

Task: pick up the salad dressing and place it in the basket view 0 0 100 0 0 initstate 63
Success: True
# episodes completed so far: 332
# successes: 289 (87.0%)
Current task success rate: 1.0
Current total success rate: 0.8704819277108434

Task: pick up the salad dressing and place it in the basket view 0 0 100 0 0 initstate 73
Success: True
# episodes completed so far: 333
# successes: 290 (87.1%)
Current task success rate: 1.0
Current total success rate: 0.8708708708708709

Task: pick up the salad dressing and place it in the basket view 0 0 100 0 0 initstate 83
Success: True
# episodes completed so far: 334
# successes: 291 (87.1%)
Current task success rate: 1.0
Current total success rate: 0.8712574850299402

Task: pick up the salad dressing and place it in the basket view 0 0 100 0 0 initstate 103
Success: False
# episodes completed so far: 335
# successes: 291 (86.9%)
Current task success rate: 0.0
Current total success rate: 0.8686567164179104

Task: pick up the salad dressing and place it in the basket view 0 0 100 0 0 initstate 113
Success: False
# episodes completed so far: 336
# successes: 291 (86.6%)
Current task success rate: 0.0
Current total success rate: 0.8660714285714286

Task: pick up the salad dressing and place it in the basket view 0 0 100 0 0 initstate 123
Success: True
# episodes completed so far: 337
# successes: 292 (86.6%)
Current task success rate: 1.0
Current total success rate: 0.8664688427299704

Task: pick up the salad dressing and place it in the basket view 0 0 100 0 0 initstate 133
Success: True
# episodes completed so far: 338
# successes: 293 (86.7%)
Current task success rate: 1.0
Current total success rate: 0.8668639053254438

Task: pick up the salad dressing and place it in the basket view 0 0 100 0 0 initstate 153
Success: True
# episodes completed so far: 339
# successes: 294 (86.7%)
Current task success rate: 1.0
Current total success rate: 0.8672566371681416

Task: pick up the salad dressing and place it in the basket view 0 0 100 0 0 initstate 163
Success: True
# episodes completed so far: 340
# successes: 295 (86.8%)
Current task success rate: 1.0
Current total success rate: 0.8676470588235294

Task: pick up the salad dressing and place it in the basket view 0 0 100 0 0 initstate 173
Success: True
# episodes completed so far: 341
# successes: 296 (86.8%)
Current task success rate: 1.0
Current total success rate: 0.8680351906158358

Task: pick up the salad dressing and place it in the basket view 0 0 100 0 0 initstate 183
Success: True
# episodes completed so far: 342
# successes: 297 (86.8%)
Current task success rate: 1.0
Current total success rate: 0.868421052631579

Task: pick up the salad dressing and place it in the basket view 0 0 100 0 0 initstate 203
Success: True
# episodes completed so far: 343
# successes: 298 (86.9%)
Current task success rate: 1.0
Current total success rate: 0.8688046647230321

Task: pick up the salad dressing and place it in the basket view 0 0 100 0 0 initstate 213
Success: False
# episodes completed so far: 344
# successes: 298 (86.6%)
Current task success rate: 0.0
Current total success rate: 0.8662790697674418

Task: pick up the salad dressing and place it in the basket view 0 0 100 0 0 initstate 223
Success: False
# episodes completed so far: 345
# successes: 298 (86.4%)
Current task success rate: 0.0
Current total success rate: 0.863768115942029

Task: pick up the salad dressing and place it in the basket view 0 0 100 0 0 initstate 233
Success: True
# episodes completed so far: 346
# successes: 299 (86.4%)
Current task success rate: 1.0
Current total success rate: 0.8641618497109826

Task: pick up the salad dressing and place it in the basket view 0 0 100 0 0 initstate 243
Success: False
# episodes completed so far: 347
# successes: 299 (86.2%)
Current task success rate: 0.0
Current total success rate: 0.861671469740634

Task: pick up the salad dressing and place it in the basket view 0 0 100 0 0 initstate 263
Success: False
# episodes completed so far: 348
# successes: 299 (85.9%)
Current task success rate: 0.0
Current total success rate: 0.8591954022988506

Task: pick up the salad dressing and place it in the basket view 0 0 100 0 0 initstate 273
Success: False
# episodes completed so far: 349
# successes: 299 (85.7%)
Current task success rate: 0.0
Current total success rate: 0.8567335243553008

Task: pick up the salad dressing and place it in the basket view 0 0 100 0 0 initstate 283
Success: True
# episodes completed so far: 350
# successes: 300 (85.7%)
Current task success rate: 1.0
Current total success rate: 0.8571428571428571

Task: pick up the salad dressing and place it in the basket view 0 0 100 0 0 initstate 293
Success: False
# episodes completed so far: 351
# successes: 300 (85.5%)
Current task success rate: 0.0
Current total success rate: 0.8547008547008547

Task: pick up the salad dressing and place it in the basket view 0 0 100 0 0 initstate 303
Success: False
# episodes completed so far: 352
# successes: 300 (85.2%)
Current task success rate: 0.0
Current total success rate: 0.8522727272727273

Task: pick up the salad dressing and place it in the basket view 0 0 100 0 0 initstate 313
Success: False
# episodes completed so far: 353
# successes: 300 (85.0%)
Current task success rate: 0.0
Current total success rate: 0.8498583569405099

Task: pick up the salad dressing and place it in the basket view 0 0 100 0 0 initstate 323
Success: False
# episodes completed so far: 354
# successes: 300 (84.7%)
Current task success rate: 0.0
Current total success rate: 0.847457627118644

Task: pick up the salad dressing and place it in the basket view 0 0 100 0 0 initstate 333
Success: True
# episodes completed so far: 355
# successes: 301 (84.8%)
Current task success rate: 1.0
Current total success rate: 0.847887323943662

Task: pick up the salad dressing and place it in the basket view 0 0 100 0 0 initstate 343
Success: True
# episodes completed so far: 356
# successes: 302 (84.8%)
Current task success rate: 1.0
Current total success rate: 0.848314606741573

Task: pick up the salad dressing and place it in the basket view 0 0 100 0 0 initstate 353
Success: False
# episodes completed so far: 357
# successes: 302 (84.6%)
Current task success rate: 0.0
Current total success rate: 0.84593837535014

Task: pick up the salad dressing and place it in the basket view 0 0 100 0 0 initstate 363
Success: False
# episodes completed so far: 358
# successes: 302 (84.4%)
Current task success rate: 0.0
Current total success rate: 0.8435754189944135

Task: pick up the salad dressing and place it in the basket view 0 0 100 0 0 initstate 373
Success: False
# episodes completed so far: 359
# successes: 302 (84.1%)
Current task success rate: 0.0
Current total success rate: 0.841225626740947

Task: pick up the salad dressing and place it in the basket view 0 0 100 0 0 initstate 393
Success: False
# episodes completed so far: 360
# successes: 302 (83.9%)
Current task success rate: 0.0
Current total success rate: 0.8388888888888889

Task: pick up the salad dressing and place it in the basket view 0 0 100 0 0 initstate 403
Success: False
# episodes completed so far: 361
# successes: 302 (83.7%)
Current task success rate: 0.0
Current total success rate: 0.8365650969529086

Task: pick up the salad dressing and place it in the basket view 0 0 100 0 0 initstate 413
Success: True
# episodes completed so far: 362
# successes: 303 (83.7%)
Current task success rate: 1.0
Current total success rate: 0.8370165745856354

Task: pick up the salad dressing and place it in the basket view 0 0 100 0 0 initstate 423
Success: False
# episodes completed so far: 363
# successes: 303 (83.5%)
Current task success rate: 0.0
Current total success rate: 0.8347107438016529

Task: pick up the salad dressing and place it in the basket view 0 0 100 0 0 initstate 443
Success: True
# episodes completed so far: 364
# successes: 304 (83.5%)
Current task success rate: 1.0
Current total success rate: 0.8351648351648352

Task: pick up the salad dressing and place it in the basket view 0 0 100 0 0 initstate 453
Success: False
# episodes completed so far: 365
# successes: 304 (83.3%)
Current task success rate: 0.0
Current total success rate: 0.8328767123287671

Task: pick up the salad dressing and place it in the basket view 0 0 100 0 0 initstate 463
Success: True
# episodes completed so far: 366
# successes: 305 (83.3%)
Current task success rate: 1.0
Current total success rate: 0.8333333333333334

Task: pick up the salad dressing and place it in the basket view 0 0 100 0 0 initstate 473
Success: False
# episodes completed so far: 367
# successes: 305 (83.1%)
Current task success rate: 0.0
Current total success rate: 0.8310626702997275

Task: pick up the salad dressing and place it in the basket view 0 0 100 0 0 initstate 483
Success: False
# episodes completed so far: 368
# successes: 305 (82.9%)
Current task success rate: 0.0
Current total success rate: 0.8288043478260869

Task: pick up the salad dressing and place it in the basket view 0 0 100 0 0 initstate 493
Success: True
# episodes completed so far: 369
# successes: 306 (82.9%)
Current task success rate: 1.0
Current total success rate: 0.8292682926829268

Task: pick up the bbq sauce and place it in the basket view 0 0 100 0 0 initstate 4
Success: True
# episodes completed so far: 370
# successes: 307 (83.0%)
Current task success rate: 1.0
Current total success rate: 0.8297297297297297

Task: pick up the bbq sauce and place it in the basket view 0 0 100 0 0 initstate 74
Success: True
# episodes completed so far: 371
# successes: 308 (83.0%)
Current task success rate: 1.0
Current total success rate: 0.8301886792452831

Task: pick up the bbq sauce and place it in the basket view 0 0 100 0 0 initstate 114
Success: False
# episodes completed so far: 372
# successes: 308 (82.8%)
Current task success rate: 0.0
Current total success rate: 0.8279569892473119

Task: pick up the bbq sauce and place it in the basket view 0 0 100 0 0 initstate 124
Success: True
# episodes completed so far: 373
# successes: 309 (82.8%)
Current task success rate: 1.0
Current total success rate: 0.8284182305630027

Task: pick up the bbq sauce and place it in the basket view 0 0 100 0 0 initstate 144
Success: True
# episodes completed so far: 374
# successes: 310 (82.9%)
Current task success rate: 1.0
Current total success rate: 0.8288770053475936

Task: pick up the bbq sauce and place it in the basket view 0 0 100 0 0 initstate 154
Success: True
# episodes completed so far: 375
# successes: 311 (82.9%)
Current task success rate: 1.0
Current total success rate: 0.8293333333333334

Task: pick up the bbq sauce and place it in the basket view 0 0 100 0 0 initstate 164
Success: True
# episodes completed so far: 376
# successes: 312 (83.0%)
Current task success rate: 1.0
Current total success rate: 0.8297872340425532

Task: pick up the bbq sauce and place it in the basket view 0 0 100 0 0 initstate 184
Success: False
# episodes completed so far: 377
# successes: 312 (82.8%)
Current task success rate: 0.0
Current total success rate: 0.8275862068965517

Task: pick up the bbq sauce and place it in the basket view 0 0 100 0 0 initstate 194
Success: True
# episodes completed so far: 378
# successes: 313 (82.8%)
Current task success rate: 1.0
Current total success rate: 0.828042328042328

Task: pick up the bbq sauce and place it in the basket view 0 0 100 0 0 initstate 204
Success: True
# episodes completed so far: 379
# successes: 314 (82.8%)
Current task success rate: 1.0
Current total success rate: 0.8284960422163589

Task: pick up the bbq sauce and place it in the basket view 0 0 100 0 0 initstate 214
Success: False
# episodes completed so far: 380
# successes: 314 (82.6%)
Current task success rate: 0.0
Current total success rate: 0.8263157894736842

Task: pick up the bbq sauce and place it in the basket view 0 0 100 0 0 initstate 224
Success: True
# episodes completed so far: 381
# successes: 315 (82.7%)
Current task success rate: 1.0
Current total success rate: 0.8267716535433071

Task: pick up the bbq sauce and place it in the basket view 0 0 100 0 0 initstate 234
Success: True
# episodes completed so far: 382
# successes: 316 (82.7%)
Current task success rate: 1.0
Current total success rate: 0.8272251308900523

Task: pick up the bbq sauce and place it in the basket view 0 0 100 0 0 initstate 254
Success: False
# episodes completed so far: 383
# successes: 316 (82.5%)
Current task success rate: 0.0
Current total success rate: 0.825065274151436

Task: pick up the bbq sauce and place it in the basket view 0 0 100 0 0 initstate 264
Success: True
# episodes completed so far: 384
# successes: 317 (82.6%)
Current task success rate: 1.0
Current total success rate: 0.8255208333333334

Task: pick up the bbq sauce and place it in the basket view 0 0 100 0 0 initstate 274
Success: False
# episodes completed so far: 385
# successes: 317 (82.3%)
Current task success rate: 0.0
Current total success rate: 0.8233766233766234

Task: pick up the bbq sauce and place it in the basket view 0 0 100 0 0 initstate 284
Success: True
# episodes completed so far: 386
# successes: 318 (82.4%)
Current task success rate: 1.0
Current total success rate: 0.8238341968911918

Task: pick up the bbq sauce and place it in the basket view 0 0 100 0 0 initstate 294
Success: True
# episodes completed so far: 387
# successes: 319 (82.4%)
Current task success rate: 1.0
Current total success rate: 0.8242894056847545

Task: pick up the bbq sauce and place it in the basket view 0 0 100 0 0 initstate 304
Success: False
# episodes completed so far: 388
# successes: 319 (82.2%)
Current task success rate: 0.0
Current total success rate: 0.8221649484536082

Task: pick up the bbq sauce and place it in the basket view 0 0 100 0 0 initstate 314
Success: False
# episodes completed so far: 389
# successes: 319 (82.0%)
Current task success rate: 0.0
Current total success rate: 0.8200514138817481

Task: pick up the bbq sauce and place it in the basket view 0 0 100 0 0 initstate 324
Success: False
# episodes completed so far: 390
# successes: 319 (81.8%)
Current task success rate: 0.0
Current total success rate: 0.8179487179487179

Task: pick up the bbq sauce and place it in the basket view 0 0 100 0 0 initstate 334
Success: False
# episodes completed so far: 391
# successes: 319 (81.6%)
Current task success rate: 0.0
Current total success rate: 0.8158567774936062

Task: pick up the bbq sauce and place it in the basket view 0 0 100 0 0 initstate 344
Success: True
# episodes completed so far: 392
# successes: 320 (81.6%)
Current task success rate: 1.0
Current total success rate: 0.8163265306122449

Task: pick up the bbq sauce and place it in the basket view 0 0 100 0 0 initstate 354
Success: True
# episodes completed so far: 393
# successes: 321 (81.7%)
Current task success rate: 1.0
Current total success rate: 0.816793893129771

Task: pick up the bbq sauce and place it in the basket view 0 0 100 0 0 initstate 364
Success: True
# episodes completed so far: 394
# successes: 322 (81.7%)
Current task success rate: 1.0
Current total success rate: 0.817258883248731

Task: pick up the bbq sauce and place it in the basket view 0 0 100 0 0 initstate 374
Success: True
# episodes completed so far: 395
# successes: 323 (81.8%)
Current task success rate: 1.0
Current total success rate: 0.8177215189873418

Task: pick up the bbq sauce and place it in the basket view 0 0 100 0 0 initstate 384
Success: True
# episodes completed so far: 396
# successes: 324 (81.8%)
Current task success rate: 1.0
Current total success rate: 0.8181818181818182

Task: pick up the bbq sauce and place it in the basket view 0 0 100 0 0 initstate 394
Success: False
# episodes completed so far: 397
# successes: 324 (81.6%)
Current task success rate: 0.0
Current total success rate: 0.8161209068010076

Task: pick up the bbq sauce and place it in the basket view 0 0 100 0 0 initstate 404
Success: True
# episodes completed so far: 398
# successes: 325 (81.7%)
Current task success rate: 1.0
Current total success rate: 0.8165829145728644

Task: pick up the bbq sauce and place it in the basket view 0 0 100 0 0 initstate 414
Success: False
# episodes completed so far: 399
# successes: 325 (81.5%)
Current task success rate: 0.0
Current total success rate: 0.8145363408521303

Task: pick up the bbq sauce and place it in the basket view 0 0 100 0 0 initstate 424
Success: False
# episodes completed so far: 400
# successes: 325 (81.2%)
Current task success rate: 0.0
Current total success rate: 0.8125

Task: pick up the bbq sauce and place it in the basket view 0 0 100 0 0 initstate 434
Success: False
# episodes completed so far: 401
# successes: 325 (81.0%)
Current task success rate: 0.0
Current total success rate: 0.8104738154613467

Task: pick up the bbq sauce and place it in the basket view 0 0 100 0 0 initstate 444
Success: False
# episodes completed so far: 402
# successes: 325 (80.8%)
Current task success rate: 0.0
Current total success rate: 0.8084577114427861

Task: pick up the bbq sauce and place it in the basket view 0 0 100 0 0 initstate 454
Success: False
# episodes completed so far: 403
# successes: 325 (80.6%)
Current task success rate: 0.0
Current total success rate: 0.8064516129032258

Task: pick up the bbq sauce and place it in the basket view 0 0 100 0 0 initstate 464
Success: False
# episodes completed so far: 404
# successes: 325 (80.4%)
Current task success rate: 0.0
Current total success rate: 0.8044554455445545

Task: pick up the bbq sauce and place it in the basket view 0 0 100 0 0 initstate 474
Success: False
# episodes completed so far: 405
# successes: 325 (80.2%)
Current task success rate: 0.0
Current total success rate: 0.8024691358024691

Task: pick up the bbq sauce and place it in the basket view 0 0 100 0 0 initstate 484
Success: True
# episodes completed so far: 406
# successes: 326 (80.3%)
Current task success rate: 1.0
Current total success rate: 0.8029556650246306

Task: pick up the bbq sauce and place it in the basket view 0 0 100 0 0 initstate 494
Success: False
# episodes completed so far: 407
# successes: 326 (80.1%)
Current task success rate: 0.0
Current total success rate: 0.800982800982801

Task: pick up the ketchup and place it in the basket view 0 0 100 0 0 initstate 45
Success: True
# episodes completed so far: 408
# successes: 327 (80.1%)
Current task success rate: 1.0
Current total success rate: 0.8014705882352942

Task: pick up the ketchup and place it in the basket view 0 0 100 0 0 initstate 65
Success: True
# episodes completed so far: 409
# successes: 328 (80.2%)
Current task success rate: 1.0
Current total success rate: 0.8019559902200489

Task: pick up the ketchup and place it in the basket view 0 0 100 0 0 initstate 95
Success: True
# episodes completed so far: 410
# successes: 329 (80.2%)
Current task success rate: 1.0
Current total success rate: 0.802439024390244

Task: pick up the ketchup and place it in the basket view 0 0 100 0 0 initstate 115
Success: False
# episodes completed so far: 411
# successes: 329 (80.0%)
Current task success rate: 0.0
Current total success rate: 0.8004866180048662

Task: pick up the ketchup and place it in the basket view 0 0 100 0 0 initstate 135
Success: True
# episodes completed so far: 412
# successes: 330 (80.1%)
Current task success rate: 1.0
Current total success rate: 0.8009708737864077

Task: pick up the ketchup and place it in the basket view 0 0 100 0 0 initstate 145
Success: False
# episodes completed so far: 413
# successes: 330 (79.9%)
Current task success rate: 0.0
Current total success rate: 0.7990314769975787

Task: pick up the ketchup and place it in the basket view 0 0 100 0 0 initstate 155
Success: True
# episodes completed so far: 414
# successes: 331 (80.0%)
Current task success rate: 1.0
Current total success rate: 0.7995169082125604

Task: pick up the ketchup and place it in the basket view 0 0 100 0 0 initstate 175
Success: False
# episodes completed so far: 415
# successes: 331 (79.8%)
Current task success rate: 0.0
Current total success rate: 0.7975903614457831

Task: pick up the ketchup and place it in the basket view 0 0 100 0 0 initstate 185
Success: True
# episodes completed so far: 416
# successes: 332 (79.8%)
Current task success rate: 1.0
Current total success rate: 0.7980769230769231

Task: pick up the ketchup and place it in the basket view 0 0 100 0 0 initstate 205
Success: True
# episodes completed so far: 417
# successes: 333 (79.9%)
Current task success rate: 1.0
Current total success rate: 0.7985611510791367

Task: pick up the ketchup and place it in the basket view 0 0 100 0 0 initstate 225
Success: False
# episodes completed so far: 418
# successes: 333 (79.7%)
Current task success rate: 0.0
Current total success rate: 0.7966507177033493

Task: pick up the ketchup and place it in the basket view 0 0 100 0 0 initstate 235
Success: False
# episodes completed so far: 419
# successes: 333 (79.5%)
Current task success rate: 0.0
Current total success rate: 0.7947494033412887

Task: pick up the ketchup and place it in the basket view 0 0 100 0 0 initstate 245
Success: False
# episodes completed so far: 420
# successes: 333 (79.3%)
Current task success rate: 0.0
Current total success rate: 0.7928571428571428

Task: pick up the ketchup and place it in the basket view 0 0 100 0 0 initstate 255
Success: True
# episodes completed so far: 421
# successes: 334 (79.3%)
Current task success rate: 1.0
Current total success rate: 0.7933491686460807

Task: pick up the ketchup and place it in the basket view 0 0 100 0 0 initstate 265
Success: False
# episodes completed so far: 422
# successes: 334 (79.1%)
Current task success rate: 0.0
Current total success rate: 0.7914691943127962

Task: pick up the ketchup and place it in the basket view 0 0 100 0 0 initstate 275
Success: True
# episodes completed so far: 423
# successes: 335 (79.2%)
Current task success rate: 1.0
Current total success rate: 0.7919621749408984

Task: pick up the ketchup and place it in the basket view 0 0 100 0 0 initstate 285
Success: True
# episodes completed so far: 424
# successes: 336 (79.2%)
Current task success rate: 1.0
Current total success rate: 0.7924528301886793

Task: pick up the ketchup and place it in the basket view 0 0 100 0 0 initstate 295
Success: False
# episodes completed so far: 425
# successes: 336 (79.1%)
Current task success rate: 0.0
Current total success rate: 0.7905882352941176

Task: pick up the ketchup and place it in the basket view 0 0 100 0 0 initstate 305
Success: False
# episodes completed so far: 426
# successes: 336 (78.9%)
Current task success rate: 0.0
Current total success rate: 0.7887323943661971

Task: pick up the ketchup and place it in the basket view 0 0 100 0 0 initstate 315
Success: False
# episodes completed so far: 427
# successes: 336 (78.7%)
Current task success rate: 0.0
Current total success rate: 0.7868852459016393

Task: pick up the ketchup and place it in the basket view 0 0 100 0 0 initstate 325
Success: False
# episodes completed so far: 428
# successes: 336 (78.5%)
Current task success rate: 0.0
Current total success rate: 0.7850467289719626

Task: pick up the ketchup and place it in the basket view 0 0 100 0 0 initstate 335
Success: True
# episodes completed so far: 429
# successes: 337 (78.6%)
Current task success rate: 1.0
Current total success rate: 0.7855477855477856

Task: pick up the ketchup and place it in the basket view 0 0 100 0 0 initstate 345
Success: True
# episodes completed so far: 430
# successes: 338 (78.6%)
Current task success rate: 1.0
Current total success rate: 0.786046511627907

Task: pick up the ketchup and place it in the basket view 0 0 100 0 0 initstate 355
Success: False
# episodes completed so far: 431
# successes: 338 (78.4%)
Current task success rate: 0.0
Current total success rate: 0.7842227378190255

Task: pick up the ketchup and place it in the basket view 0 0 100 0 0 initstate 365
Success: False
# episodes completed so far: 432
# successes: 338 (78.2%)
Current task success rate: 0.0
Current total success rate: 0.7824074074074074

Task: pick up the ketchup and place it in the basket view 0 0 100 0 0 initstate 375
Success: False
# episodes completed so far: 433
# successes: 338 (78.1%)
Current task success rate: 0.0
Current total success rate: 0.7806004618937644

Task: pick up the ketchup and place it in the basket view 0 0 100 0 0 initstate 385
Success: False
# episodes completed so far: 434
# successes: 338 (77.9%)
Current task success rate: 0.0
Current total success rate: 0.7788018433179723

Task: pick up the ketchup and place it in the basket view 0 0 100 0 0 initstate 395
Success: False
# episodes completed so far: 435
# successes: 338 (77.7%)
Current task success rate: 0.0
Current total success rate: 0.7770114942528735

Task: pick up the ketchup and place it in the basket view 0 0 100 0 0 initstate 405
Success: False
# episodes completed so far: 436
# successes: 338 (77.5%)
Current task success rate: 0.0
Current total success rate: 0.7752293577981652

Task: pick up the ketchup and place it in the basket view 0 0 100 0 0 initstate 415
Success: False
# episodes completed so far: 437
# successes: 338 (77.3%)
Current task success rate: 0.0
Current total success rate: 0.7734553775743707

Task: pick up the ketchup and place it in the basket view 0 0 100 0 0 initstate 425
Success: True
# episodes completed so far: 438
# successes: 339 (77.4%)
Current task success rate: 1.0
Current total success rate: 0.773972602739726

Task: pick up the ketchup and place it in the basket view 0 0 100 0 0 initstate 435
Success: True
# episodes completed so far: 439
# successes: 340 (77.4%)
Current task success rate: 1.0
Current total success rate: 0.7744874715261959

Task: pick up the ketchup and place it in the basket view 0 0 100 0 0 initstate 445
Success: True
# episodes completed so far: 440
# successes: 341 (77.5%)
Current task success rate: 1.0
Current total success rate: 0.775

Task: pick up the ketchup and place it in the basket view 0 0 100 0 0 initstate 455
Success: True
# episodes completed so far: 441
# successes: 342 (77.6%)
Current task success rate: 1.0
Current total success rate: 0.7755102040816326

Task: pick up the ketchup and place it in the basket view 0 0 100 0 0 initstate 465
Success: False
# episodes completed so far: 442
# successes: 342 (77.4%)
Current task success rate: 0.0
Current total success rate: 0.7737556561085973

Task: pick up the ketchup and place it in the basket view 0 0 100 0 0 initstate 475
Success: False
# episodes completed so far: 443
# successes: 342 (77.2%)
Current task success rate: 0.0
Current total success rate: 0.7720090293453724

Task: pick up the ketchup and place it in the basket view 0 0 100 0 0 initstate 485
Success: False
# episodes completed so far: 444
# successes: 342 (77.0%)
Current task success rate: 0.0
Current total success rate: 0.7702702702702703

Task: pick up the ketchup and place it in the basket view 0 0 100 0 0 initstate 495
Success: False
# episodes completed so far: 445
# successes: 342 (76.9%)
Current task success rate: 0.0
Current total success rate: 0.7685393258426966

Task: pick up the tomato sauce and place it in the basket view 0 0 100 0 0 initstate 6
Success: True
# episodes completed so far: 446
# successes: 343 (76.9%)
Current task success rate: 1.0
Current total success rate: 0.7690582959641256

Task: pick up the tomato sauce and place it in the basket view 0 0 100 0 0 initstate 16
Success: True
# episodes completed so far: 447
# successes: 344 (77.0%)
Current task success rate: 1.0
Current total success rate: 0.7695749440715883

Task: pick up the tomato sauce and place it in the basket view 0 0 100 0 0 initstate 106
Success: True
# episodes completed so far: 448
# successes: 345 (77.0%)
Current task success rate: 1.0
Current total success rate: 0.7700892857142857

Task: pick up the tomato sauce and place it in the basket view 0 0 100 0 0 initstate 126
Success: True
# episodes completed so far: 449
# successes: 346 (77.1%)
Current task success rate: 1.0
Current total success rate: 0.7706013363028953

Task: pick up the tomato sauce and place it in the basket view 0 0 100 0 0 initstate 136
Success: True
# episodes completed so far: 450
# successes: 347 (77.1%)
Current task success rate: 1.0
Current total success rate: 0.7711111111111111

Task: pick up the tomato sauce and place it in the basket view 0 0 100 0 0 initstate 146
Success: True
# episodes completed so far: 451
# successes: 348 (77.2%)
Current task success rate: 1.0
Current total success rate: 0.7716186252771619

Task: pick up the tomato sauce and place it in the basket view 0 0 100 0 0 initstate 156
Success: False
# episodes completed so far: 452
# successes: 348 (77.0%)
Current task success rate: 0.0
Current total success rate: 0.7699115044247787

Task: pick up the tomato sauce and place it in the basket view 0 0 100 0 0 initstate 176
Success: True
# episodes completed so far: 453
# successes: 349 (77.0%)
Current task success rate: 1.0
Current total success rate: 0.7704194260485652

Task: pick up the tomato sauce and place it in the basket view 0 0 100 0 0 initstate 186
Success: False
# episodes completed so far: 454
# successes: 349 (76.9%)
Current task success rate: 0.0
Current total success rate: 0.7687224669603524

Task: pick up the tomato sauce and place it in the basket view 0 0 100 0 0 initstate 196
Success: True
# episodes completed so far: 455
# successes: 350 (76.9%)
Current task success rate: 1.0
Current total success rate: 0.7692307692307693

Task: pick up the tomato sauce and place it in the basket view 0 0 100 0 0 initstate 206
Success: True
# episodes completed so far: 456
# successes: 351 (77.0%)
Current task success rate: 1.0
Current total success rate: 0.7697368421052632

Task: pick up the tomato sauce and place it in the basket view 0 0 100 0 0 initstate 216
Success: False
# episodes completed so far: 457
# successes: 351 (76.8%)
Current task success rate: 0.0
Current total success rate: 0.7680525164113785

Task: pick up the tomato sauce and place it in the basket view 0 0 100 0 0 initstate 226
Success: True
# episodes completed so far: 458
# successes: 352 (76.9%)
Current task success rate: 1.0
Current total success rate: 0.7685589519650655

Task: pick up the tomato sauce and place it in the basket view 0 0 100 0 0 initstate 236
Success: True
# episodes completed so far: 459
# successes: 353 (76.9%)
Current task success rate: 1.0
Current total success rate: 0.7690631808278867

Task: pick up the tomato sauce and place it in the basket view 0 0 100 0 0 initstate 246
Success: True
# episodes completed so far: 460
# successes: 354 (77.0%)
Current task success rate: 1.0
Current total success rate: 0.7695652173913043

Task: pick up the tomato sauce and place it in the basket view 0 0 100 0 0 initstate 256
Success: False
# episodes completed so far: 461
# successes: 354 (76.8%)
Current task success rate: 0.0
Current total success rate: 0.7678958785249458

Task: pick up the tomato sauce and place it in the basket view 0 0 100 0 0 initstate 266
Success: False
# episodes completed so far: 462
# successes: 354 (76.6%)
Current task success rate: 0.0
Current total success rate: 0.7662337662337663

Task: pick up the tomato sauce and place it in the basket view 0 0 100 0 0 initstate 276
Success: True
# episodes completed so far: 463
# successes: 355 (76.7%)
Current task success rate: 1.0
Current total success rate: 0.7667386609071274

Task: pick up the tomato sauce and place it in the basket view 0 0 100 0 0 initstate 286
Success: False
# episodes completed so far: 464
# successes: 355 (76.5%)
Current task success rate: 0.0
Current total success rate: 0.7650862068965517

Task: pick up the tomato sauce and place it in the basket view 0 0 100 0 0 initstate 296
Success: False
# episodes completed so far: 465
# successes: 355 (76.3%)
Current task success rate: 0.0
Current total success rate: 0.7634408602150538

Task: pick up the tomato sauce and place it in the basket view 0 0 100 0 0 initstate 306
Success: False
# episodes completed so far: 466
# successes: 355 (76.2%)
Current task success rate: 0.0
Current total success rate: 0.7618025751072961

Task: pick up the tomato sauce and place it in the basket view 0 0 100 0 0 initstate 316
Success: False
# episodes completed so far: 467
# successes: 355 (76.0%)
Current task success rate: 0.0
Current total success rate: 0.7601713062098501

Task: pick up the tomato sauce and place it in the basket view 0 0 100 0 0 initstate 326
Success: False
# episodes completed so far: 468
# successes: 355 (75.9%)
Current task success rate: 0.0
Current total success rate: 0.7585470085470085

Task: pick up the tomato sauce and place it in the basket view 0 0 100 0 0 initstate 346
Success: True
# episodes completed so far: 469
# successes: 356 (75.9%)
Current task success rate: 1.0
Current total success rate: 0.7590618336886994

Task: pick up the tomato sauce and place it in the basket view 0 0 100 0 0 initstate 356
Success: True
# episodes completed so far: 470
# successes: 357 (76.0%)
Current task success rate: 1.0
Current total success rate: 0.7595744680851064

Task: pick up the tomato sauce and place it in the basket view 0 0 100 0 0 initstate 366
Success: True
# episodes completed so far: 471
# successes: 358 (76.0%)
Current task success rate: 1.0
Current total success rate: 0.7600849256900213

Task: pick up the tomato sauce and place it in the basket view 0 0 100 0 0 initstate 376
Success: False
# episodes completed so far: 472
# successes: 358 (75.8%)
Current task success rate: 0.0
Current total success rate: 0.7584745762711864

Task: pick up the tomato sauce and place it in the basket view 0 0 100 0 0 initstate 386
Success: False
# episodes completed so far: 473
# successes: 358 (75.7%)
Current task success rate: 0.0
Current total success rate: 0.7568710359408034

Task: pick up the tomato sauce and place it in the basket view 0 0 100 0 0 initstate 396
Success: False
# episodes completed so far: 474
# successes: 358 (75.5%)
Current task success rate: 0.0
Current total success rate: 0.7552742616033755

Task: pick up the tomato sauce and place it in the basket view 0 0 100 0 0 initstate 406
Success: True
# episodes completed so far: 475
# successes: 359 (75.6%)
Current task success rate: 1.0
Current total success rate: 0.7557894736842106

Task: pick up the tomato sauce and place it in the basket view 0 0 100 0 0 initstate 416
Success: False
# episodes completed so far: 476
# successes: 359 (75.4%)
Current task success rate: 0.0
Current total success rate: 0.7542016806722689

Task: pick up the tomato sauce and place it in the basket view 0 0 100 0 0 initstate 426
Success: False
# episodes completed so far: 477
# successes: 359 (75.3%)
Current task success rate: 0.0
Current total success rate: 0.7526205450733753

Task: pick up the tomato sauce and place it in the basket view 0 0 100 0 0 initstate 436
Success: False
# episodes completed so far: 478
# successes: 359 (75.1%)
Current task success rate: 0.0
Current total success rate: 0.7510460251046025

Task: pick up the tomato sauce and place it in the basket view 0 0 100 0 0 initstate 446
Success: False
# episodes completed so far: 479
# successes: 359 (74.9%)
Current task success rate: 0.0
Current total success rate: 0.7494780793319415

Task: pick up the tomato sauce and place it in the basket view 0 0 100 0 0 initstate 456
Success: True
# episodes completed so far: 480
# successes: 360 (75.0%)
Current task success rate: 1.0
Current total success rate: 0.75

Task: pick up the tomato sauce and place it in the basket view 0 0 100 0 0 initstate 466
Success: True
# episodes completed so far: 481
# successes: 361 (75.1%)
Current task success rate: 1.0
Current total success rate: 0.7505197505197505

Task: pick up the tomato sauce and place it in the basket view 0 0 100 0 0 initstate 476
Success: True
# episodes completed so far: 482
# successes: 362 (75.1%)
Current task success rate: 1.0
Current total success rate: 0.7510373443983402

Task: pick up the tomato sauce and place it in the basket view 0 0 100 0 0 initstate 496
Success: True
# episodes completed so far: 483
# successes: 363 (75.2%)
Current task success rate: 1.0
Current total success rate: 0.7515527950310559

Task: pick up the butter and place it in the basket view 0 0 100 0 0 initstate 17
Success: True
# episodes completed so far: 484
# successes: 364 (75.2%)
Current task success rate: 1.0
Current total success rate: 0.7520661157024794

Task: pick up the butter and place it in the basket view 0 0 100 0 0 initstate 47
Success: True
# episodes completed so far: 485
# successes: 365 (75.3%)
Current task success rate: 1.0
Current total success rate: 0.7525773195876289

Task: pick up the butter and place it in the basket view 0 0 100 0 0 initstate 67
Success: True
# episodes completed so far: 486
# successes: 366 (75.3%)
Current task success rate: 1.0
Current total success rate: 0.7530864197530864

Task: pick up the butter and place it in the basket view 0 0 100 0 0 initstate 77
Success: True
# episodes completed so far: 487
# successes: 367 (75.4%)
Current task success rate: 1.0
Current total success rate: 0.7535934291581109

Task: pick up the butter and place it in the basket view 0 0 100 0 0 initstate 107
Success: True
# episodes completed so far: 488
# successes: 368 (75.4%)
Current task success rate: 1.0
Current total success rate: 0.7540983606557377

Task: pick up the butter and place it in the basket view 0 0 100 0 0 initstate 117
Success: True
# episodes completed so far: 489
# successes: 369 (75.5%)
Current task success rate: 1.0
Current total success rate: 0.754601226993865

Task: pick up the butter and place it in the basket view 0 0 100 0 0 initstate 127
Success: True
# episodes completed so far: 490
# successes: 370 (75.5%)
Current task success rate: 1.0
Current total success rate: 0.7551020408163265

Task: pick up the butter and place it in the basket view 0 0 100 0 0 initstate 137
Success: True
# episodes completed so far: 491
# successes: 371 (75.6%)
Current task success rate: 1.0
Current total success rate: 0.7556008146639511

Task: pick up the butter and place it in the basket view 0 0 100 0 0 initstate 147
Success: True
# episodes completed so far: 492
# successes: 372 (75.6%)
Current task success rate: 1.0
Current total success rate: 0.7560975609756098

Task: pick up the butter and place it in the basket view 0 0 100 0 0 initstate 157
Success: True
# episodes completed so far: 493
# successes: 373 (75.7%)
Current task success rate: 1.0
Current total success rate: 0.7565922920892495

Task: pick up the butter and place it in the basket view 0 0 100 0 0 initstate 167
Success: False
# episodes completed so far: 494
# successes: 373 (75.5%)
Current task success rate: 0.0
Current total success rate: 0.7550607287449392

Task: pick up the butter and place it in the basket view 0 0 100 0 0 initstate 177
Success: True
# episodes completed so far: 495
# successes: 374 (75.6%)
Current task success rate: 1.0
Current total success rate: 0.7555555555555555

Task: pick up the butter and place it in the basket view 0 0 100 0 0 initstate 197
Success: True
# episodes completed so far: 496
# successes: 375 (75.6%)
Current task success rate: 1.0
Current total success rate: 0.7560483870967742

Task: pick up the butter and place it in the basket view 0 0 100 0 0 initstate 207
Success: True
# episodes completed so far: 497
# successes: 376 (75.7%)
Current task success rate: 1.0
Current total success rate: 0.7565392354124748

Task: pick up the butter and place it in the basket view 0 0 100 0 0 initstate 217
Success: False
# episodes completed so far: 498
# successes: 376 (75.5%)
Current task success rate: 0.0
Current total success rate: 0.7550200803212851

Task: pick up the butter and place it in the basket view 0 0 100 0 0 initstate 237
Success: True
# episodes completed so far: 499
# successes: 377 (75.6%)
Current task success rate: 1.0
Current total success rate: 0.7555110220440882

Task: pick up the butter and place it in the basket view 0 0 100 0 0 initstate 247
Success: True
# episodes completed so far: 500
# successes: 378 (75.6%)
Current task success rate: 1.0
Current total success rate: 0.756

Task: pick up the butter and place it in the basket view 0 0 100 0 0 initstate 257
Success: False
# episodes completed so far: 501
# successes: 378 (75.4%)
Current task success rate: 0.0
Current total success rate: 0.7544910179640718

Task: pick up the butter and place it in the basket view 0 0 100 0 0 initstate 267
Success: True
# episodes completed so far: 502
# successes: 379 (75.5%)
Current task success rate: 1.0
Current total success rate: 0.7549800796812749

Task: pick up the butter and place it in the basket view 0 0 100 0 0 initstate 277
Success: True
# episodes completed so far: 503
# successes: 380 (75.5%)
Current task success rate: 1.0
Current total success rate: 0.7554671968190855

Task: pick up the butter and place it in the basket view 0 0 100 0 0 initstate 287
Success: True
# episodes completed so far: 504
# successes: 381 (75.6%)
Current task success rate: 1.0
Current total success rate: 0.7559523809523809

Task: pick up the butter and place it in the basket view 0 0 100 0 0 initstate 297
Success: True
# episodes completed so far: 505
# successes: 382 (75.6%)
Current task success rate: 1.0
Current total success rate: 0.7564356435643564

Task: pick up the butter and place it in the basket view 0 0 100 0 0 initstate 307
Success: True
# episodes completed so far: 506
# successes: 383 (75.7%)
Current task success rate: 1.0
Current total success rate: 0.7569169960474308

Task: pick up the butter and place it in the basket view 0 0 100 0 0 initstate 317
Success: True
# episodes completed so far: 507
# successes: 384 (75.7%)
Current task success rate: 1.0
Current total success rate: 0.757396449704142

Task: pick up the butter and place it in the basket view 0 0 100 0 0 initstate 327
Success: True
# episodes completed so far: 508
# successes: 385 (75.8%)
Current task success rate: 1.0
Current total success rate: 0.7578740157480315

Task: pick up the butter and place it in the basket view 0 0 100 0 0 initstate 337
Success: False
# episodes completed so far: 509
# successes: 385 (75.6%)
Current task success rate: 0.0
Current total success rate: 0.756385068762279

Task: pick up the butter and place it in the basket view 0 0 100 0 0 initstate 347
Success: True
# episodes completed so far: 510
# successes: 386 (75.7%)
Current task success rate: 1.0
Current total success rate: 0.7568627450980392

Task: pick up the butter and place it in the basket view 0 0 100 0 0 initstate 357
Success: False
# episodes completed so far: 511
# successes: 386 (75.5%)
Current task success rate: 0.0
Current total success rate: 0.7553816046966731

Task: pick up the butter and place it in the basket view 0 0 100 0 0 initstate 367
Success: True
# episodes completed so far: 512
# successes: 387 (75.6%)
Current task success rate: 1.0
Current total success rate: 0.755859375

Task: pick up the butter and place it in the basket view 0 0 100 0 0 initstate 377
Success: True
# episodes completed so far: 513
# successes: 388 (75.6%)
Current task success rate: 1.0
Current total success rate: 0.7563352826510721

Task: pick up the butter and place it in the basket view 0 0 100 0 0 initstate 387
Success: False
# episodes completed so far: 514
# successes: 388 (75.5%)
Current task success rate: 0.0
Current total success rate: 0.754863813229572

Task: pick up the butter and place it in the basket view 0 0 100 0 0 initstate 397
Success: True
# episodes completed so far: 515
# successes: 389 (75.5%)
Current task success rate: 1.0
Current total success rate: 0.7553398058252427

Task: pick up the butter and place it in the basket view 0 0 100 0 0 initstate 407
Success: True
# episodes completed so far: 516
# successes: 390 (75.6%)
Current task success rate: 1.0
Current total success rate: 0.7558139534883721

Task: pick up the butter and place it in the basket view 0 0 100 0 0 initstate 417
Success: False
# episodes completed so far: 517
# successes: 390 (75.4%)
Current task success rate: 0.0
Current total success rate: 0.7543520309477756

Task: pick up the butter and place it in the basket view 0 0 100 0 0 initstate 427
Success: False
# episodes completed so far: 518
# successes: 390 (75.3%)
Current task success rate: 0.0
Current total success rate: 0.752895752895753

Task: pick up the butter and place it in the basket view 0 0 100 0 0 initstate 437
Success: True
# episodes completed so far: 519
# successes: 391 (75.3%)
Current task success rate: 1.0
Current total success rate: 0.7533718689788054

Task: pick up the butter and place it in the basket view 0 0 100 0 0 initstate 447
Success: False
# episodes completed so far: 520
# successes: 391 (75.2%)
Current task success rate: 0.0
Current total success rate: 0.7519230769230769

Task: pick up the butter and place it in the basket view 0 0 100 0 0 initstate 457
Success: False
# episodes completed so far: 521
# successes: 391 (75.0%)
Current task success rate: 0.0
Current total success rate: 0.7504798464491362

Task: pick up the butter and place it in the basket view 0 0 100 0 0 initstate 467
Success: True
# episodes completed so far: 522
# successes: 392 (75.1%)
Current task success rate: 1.0
Current total success rate: 0.7509578544061303

Task: pick up the butter and place it in the basket view 0 0 100 0 0 initstate 477
Success: False
# episodes completed so far: 523
# successes: 392 (75.0%)
Current task success rate: 0.0
Current total success rate: 0.7495219885277247

Task: pick up the butter and place it in the basket view 0 0 100 0 0 initstate 487
Success: False
# episodes completed so far: 524
# successes: 392 (74.8%)
Current task success rate: 0.0
Current total success rate: 0.7480916030534351

Task: pick up the butter and place it in the basket view 0 0 100 0 0 initstate 497
Success: False
# episodes completed so far: 525
# successes: 392 (74.7%)
Current task success rate: 0.0
Current total success rate: 0.7466666666666667

Task: pick up the milk and place it in the basket view 0 0 100 0 0 initstate 78
Success: True
# episodes completed so far: 526
# successes: 393 (74.7%)
Current task success rate: 1.0
Current total success rate: 0.747148288973384

Task: pick up the milk and place it in the basket view 0 0 100 0 0 initstate 88
Success: True
# episodes completed so far: 527
# successes: 394 (74.8%)
Current task success rate: 1.0
Current total success rate: 0.7476280834914611

Task: pick up the milk and place it in the basket view 0 0 100 0 0 initstate 108
Success: True
# episodes completed so far: 528
# successes: 395 (74.8%)
Current task success rate: 1.0
Current total success rate: 0.7481060606060606

Task: pick up the milk and place it in the basket view 0 0 100 0 0 initstate 118
Success: True
# episodes completed so far: 529
# successes: 396 (74.9%)
Current task success rate: 1.0
Current total success rate: 0.7485822306238186

Task: pick up the milk and place it in the basket view 0 0 100 0 0 initstate 128
Success: True
# episodes completed so far: 530
# successes: 397 (74.9%)
Current task success rate: 1.0
Current total success rate: 0.7490566037735849

Task: pick up the milk and place it in the basket view 0 0 100 0 0 initstate 148
Success: True
# episodes completed so far: 531
# successes: 398 (75.0%)
Current task success rate: 1.0
Current total success rate: 0.7495291902071564

Task: pick up the milk and place it in the basket view 0 0 100 0 0 initstate 158
Success: True
# episodes completed so far: 532
# successes: 399 (75.0%)
Current task success rate: 1.0
Current total success rate: 0.75

Task: pick up the milk and place it in the basket view 0 0 100 0 0 initstate 168
Success: False
# episodes completed so far: 533
# successes: 399 (74.9%)
Current task success rate: 0.0
Current total success rate: 0.7485928705440901

Task: pick up the milk and place it in the basket view 0 0 100 0 0 initstate 178
Success: False
# episodes completed so far: 534
# successes: 399 (74.7%)
Current task success rate: 0.0
Current total success rate: 0.7471910112359551

Task: pick up the milk and place it in the basket view 0 0 100 0 0 initstate 188
Success: True
# episodes completed so far: 535
# successes: 400 (74.8%)
Current task success rate: 1.0
Current total success rate: 0.7476635514018691

Task: pick up the milk and place it in the basket view 0 0 100 0 0 initstate 198
Success: True
# episodes completed so far: 536
# successes: 401 (74.8%)
Current task success rate: 1.0
Current total success rate: 0.7481343283582089

Task: pick up the milk and place it in the basket view 0 0 100 0 0 initstate 208
Success: False
# episodes completed so far: 537
# successes: 401 (74.7%)
Current task success rate: 0.0
Current total success rate: 0.7467411545623837

Task: pick up the milk and place it in the basket view 0 0 100 0 0 initstate 228
Success: True
# episodes completed so far: 538
# successes: 402 (74.7%)
Current task success rate: 1.0
Current total success rate: 0.7472118959107806

Task: pick up the milk and place it in the basket view 0 0 100 0 0 initstate 238
Success: False
# episodes completed so far: 539
# successes: 402 (74.6%)
Current task success rate: 0.0
Current total success rate: 0.7458256029684601

Task: pick up the milk and place it in the basket view 0 0 100 0 0 initstate 248
Success: True
# episodes completed so far: 540
# successes: 403 (74.6%)
Current task success rate: 1.0
Current total success rate: 0.7462962962962963

Task: pick up the milk and place it in the basket view 0 0 100 0 0 initstate 258
Success: False
# episodes completed so far: 541
# successes: 403 (74.5%)
Current task success rate: 0.0
Current total success rate: 0.744916820702403

Task: pick up the milk and place it in the basket view 0 0 100 0 0 initstate 268
Success: True
# episodes completed so far: 542
# successes: 404 (74.5%)
Current task success rate: 1.0
Current total success rate: 0.7453874538745388

Task: pick up the milk and place it in the basket view 0 0 100 0 0 initstate 278
Success: True
# episodes completed so far: 543
# successes: 405 (74.6%)
Current task success rate: 1.0
Current total success rate: 0.7458563535911602

Task: pick up the milk and place it in the basket view 0 0 100 0 0 initstate 288
Success: True
# episodes completed so far: 544
# successes: 406 (74.6%)
Current task success rate: 1.0
Current total success rate: 0.7463235294117647

Task: pick up the milk and place it in the basket view 0 0 100 0 0 initstate 298
Success: True
# episodes completed so far: 545
# successes: 407 (74.7%)
Current task success rate: 1.0
Current total success rate: 0.7467889908256881

Task: pick up the milk and place it in the basket view 0 0 100 0 0 initstate 308
Success: True
# episodes completed so far: 546
# successes: 408 (74.7%)
Current task success rate: 1.0
Current total success rate: 0.7472527472527473

Task: pick up the milk and place it in the basket view 0 0 100 0 0 initstate 318
Success: True
# episodes completed so far: 547
# successes: 409 (74.8%)
Current task success rate: 1.0
Current total success rate: 0.7477148080438757

Task: pick up the milk and place it in the basket view 0 0 100 0 0 initstate 328
Success: False
# episodes completed so far: 548
# successes: 409 (74.6%)
Current task success rate: 0.0
Current total success rate: 0.7463503649635036

Task: pick up the milk and place it in the basket view 0 0 100 0 0 initstate 338
Success: False
# episodes completed so far: 549
# successes: 409 (74.5%)
Current task success rate: 0.0
Current total success rate: 0.7449908925318761

Task: pick up the milk and place it in the basket view 0 0 100 0 0 initstate 348
Success: True
# episodes completed so far: 550
# successes: 410 (74.5%)
Current task success rate: 1.0
Current total success rate: 0.7454545454545455

Task: pick up the milk and place it in the basket view 0 0 100 0 0 initstate 358
Success: False
# episodes completed so far: 551
# successes: 410 (74.4%)
Current task success rate: 0.0
Current total success rate: 0.7441016333938294

Task: pick up the milk and place it in the basket view 0 0 100 0 0 initstate 368
Success: True
# episodes completed so far: 552
# successes: 411 (74.5%)
Current task success rate: 1.0
Current total success rate: 0.7445652173913043

Task: pick up the milk and place it in the basket view 0 0 100 0 0 initstate 378
Success: False
# episodes completed so far: 553
# successes: 411 (74.3%)
Current task success rate: 0.0
Current total success rate: 0.7432188065099458

Task: pick up the milk and place it in the basket view 0 0 100 0 0 initstate 388
Success: False
# episodes completed so far: 554
# successes: 411 (74.2%)
Current task success rate: 0.0
Current total success rate: 0.7418772563176895

Task: pick up the milk and place it in the basket view 0 0 100 0 0 initstate 398
Success: False
# episodes completed so far: 555
# successes: 411 (74.1%)
Current task success rate: 0.0
Current total success rate: 0.7405405405405405

Task: pick up the milk and place it in the basket view 0 0 100 0 0 initstate 408
Success: True
# episodes completed so far: 556
# successes: 412 (74.1%)
Current task success rate: 1.0
Current total success rate: 0.7410071942446043

Task: pick up the milk and place it in the basket view 0 0 100 0 0 initstate 418
Success: False
# episodes completed so far: 557
# successes: 412 (74.0%)
Current task success rate: 0.0
Current total success rate: 0.7396768402154399

Task: pick up the milk and place it in the basket view 0 0 100 0 0 initstate 428
Success: False
# episodes completed so far: 558
# successes: 412 (73.8%)
Current task success rate: 0.0
Current total success rate: 0.7383512544802867

Task: pick up the milk and place it in the basket view 0 0 100 0 0 initstate 438
Success: False
# episodes completed so far: 559
# successes: 412 (73.7%)
Current task success rate: 0.0
Current total success rate: 0.7370304114490162

Task: pick up the milk and place it in the basket view 0 0 100 0 0 initstate 448
Success: False
# episodes completed so far: 560
# successes: 412 (73.6%)
Current task success rate: 0.0
Current total success rate: 0.7357142857142858

Task: pick up the milk and place it in the basket view 0 0 100 0 0 initstate 458
Success: False
# episodes completed so far: 561
# successes: 412 (73.4%)
Current task success rate: 0.0
Current total success rate: 0.7344028520499108

Task: pick up the milk and place it in the basket view 0 0 100 0 0 initstate 468
Success: True
# episodes completed so far: 562
# successes: 413 (73.5%)
Current task success rate: 1.0
Current total success rate: 0.7348754448398577

Task: pick up the milk and place it in the basket view 0 0 100 0 0 initstate 478
Success: False
# episodes completed so far: 563
# successes: 413 (73.4%)
Current task success rate: 0.0
Current total success rate: 0.7335701598579041

Task: pick up the milk and place it in the basket view 0 0 100 0 0 initstate 488
Success: False
# episodes completed so far: 564
# successes: 413 (73.2%)
Current task success rate: 0.0
Current total success rate: 0.7322695035460993

Task: pick up the milk and place it in the basket view 0 0 100 0 0 initstate 498
Success: False
# episodes completed so far: 565
# successes: 413 (73.1%)
Current task success rate: 0.0
Current total success rate: 0.7309734513274336

Task: pick up the chocolate pudding and place it in the basket view 0 0 100 0 0 initstate 99
Success: True
# episodes completed so far: 566
# successes: 414 (73.1%)
Current task success rate: 1.0
Current total success rate: 0.7314487632508834

Task: pick up the chocolate pudding and place it in the basket view 0 0 100 0 0 initstate 129
Success: False
# episodes completed so far: 567
# successes: 414 (73.0%)
Current task success rate: 0.0
Current total success rate: 0.7301587301587301

Task: pick up the chocolate pudding and place it in the basket view 0 0 100 0 0 initstate 139
Success: False
# episodes completed so far: 568
# successes: 414 (72.9%)
Current task success rate: 0.0
Current total success rate: 0.7288732394366197

Task: pick up the chocolate pudding and place it in the basket view 0 0 100 0 0 initstate 149
Success: True
# episodes completed so far: 569
# successes: 415 (72.9%)
Current task success rate: 1.0
Current total success rate: 0.7293497363796133

Task: pick up the chocolate pudding and place it in the basket view 0 0 100 0 0 initstate 159
Success: True
# episodes completed so far: 570
# successes: 416 (73.0%)
Current task success rate: 1.0
Current total success rate: 0.7298245614035088

Task: pick up the chocolate pudding and place it in the basket view 0 0 100 0 0 initstate 209
Success: True
# episodes completed so far: 571
# successes: 417 (73.0%)
Current task success rate: 1.0
Current total success rate: 0.7302977232924693

Task: pick up the chocolate pudding and place it in the basket view 0 0 100 0 0 initstate 219
Success: False
# episodes completed so far: 572
# successes: 417 (72.9%)
Current task success rate: 0.0
Current total success rate: 0.7290209790209791

Task: pick up the chocolate pudding and place it in the basket view 0 0 100 0 0 initstate 229
Success: False
# episodes completed so far: 573
# successes: 417 (72.8%)
Current task success rate: 0.0
Current total success rate: 0.7277486910994765

Task: pick up the chocolate pudding and place it in the basket view 0 0 100 0 0 initstate 239
Success: True
# episodes completed so far: 574
# successes: 418 (72.8%)
Current task success rate: 1.0
Current total success rate: 0.7282229965156795

Task: pick up the chocolate pudding and place it in the basket view 0 0 100 0 0 initstate 249
Success: True
# episodes completed so far: 575
# successes: 419 (72.9%)
Current task success rate: 1.0
Current total success rate: 0.7286956521739131

Task: pick up the chocolate pudding and place it in the basket view 0 0 100 0 0 initstate 269
Success: True
# episodes completed so far: 576
# successes: 420 (72.9%)
Current task success rate: 1.0
Current total success rate: 0.7291666666666666

Task: pick up the chocolate pudding and place it in the basket view 0 0 100 0 0 initstate 279
Success: True
# episodes completed so far: 577
# successes: 421 (73.0%)
Current task success rate: 1.0
Current total success rate: 0.729636048526863

Task: pick up the chocolate pudding and place it in the basket view 0 0 100 0 0 initstate 289
Success: True
# episodes completed so far: 578
# successes: 422 (73.0%)
Current task success rate: 1.0
Current total success rate: 0.7301038062283737

Task: pick up the chocolate pudding and place it in the basket view 0 0 100 0 0 initstate 299
Success: True
# episodes completed so far: 579
# successes: 423 (73.1%)
Current task success rate: 1.0
Current total success rate: 0.7305699481865285

Task: pick up the chocolate pudding and place it in the basket view 0 0 100 0 0 initstate 309
Success: True
# episodes completed so far: 580
# successes: 424 (73.1%)
Current task success rate: 1.0
Current total success rate: 0.7310344827586207

Task: pick up the chocolate pudding and place it in the basket view 0 0 100 0 0 initstate 319
Success: True
# episodes completed so far: 581
# successes: 425 (73.1%)
Current task success rate: 1.0
Current total success rate: 0.7314974182444062

Task: pick up the chocolate pudding and place it in the basket view 0 0 100 0 0 initstate 329
Success: False
# episodes completed so far: 582
# successes: 425 (73.0%)
Current task success rate: 0.0
Current total success rate: 0.7302405498281787

Task: pick up the chocolate pudding and place it in the basket view 0 0 100 0 0 initstate 339
Success: True
# episodes completed so far: 583
# successes: 426 (73.1%)
Current task success rate: 1.0
Current total success rate: 0.7307032590051458

Task: pick up the chocolate pudding and place it in the basket view 0 0 100 0 0 initstate 349
Success: False
# episodes completed so far: 584
# successes: 426 (72.9%)
Current task success rate: 0.0
Current total success rate: 0.7294520547945206

Task: pick up the chocolate pudding and place it in the basket view 0 0 100 0 0 initstate 359
Success: False
# episodes completed so far: 585
# successes: 426 (72.8%)
Current task success rate: 0.0
Current total success rate: 0.7282051282051282

Task: pick up the chocolate pudding and place it in the basket view 0 0 100 0 0 initstate 369
Success: True
# episodes completed so far: 586
# successes: 427 (72.9%)
Current task success rate: 1.0
Current total success rate: 0.7286689419795221

Task: pick up the chocolate pudding and place it in the basket view 0 0 100 0 0 initstate 379
Success: False
# episodes completed so far: 587
# successes: 427 (72.7%)
Current task success rate: 0.0
Current total success rate: 0.727427597955707

Task: pick up the chocolate pudding and place it in the basket view 0 0 100 0 0 initstate 389
Success: False
# episodes completed so far: 588
# successes: 427 (72.6%)
Current task success rate: 0.0
Current total success rate: 0.7261904761904762

Task: pick up the chocolate pudding and place it in the basket view 0 0 100 0 0 initstate 399
Success: False
# episodes completed so far: 589
# successes: 427 (72.5%)
Current task success rate: 0.0
Current total success rate: 0.7249575551782682

Task: pick up the chocolate pudding and place it in the basket view 0 0 100 0 0 initstate 409
Success: True
# episodes completed so far: 590
# successes: 428 (72.5%)
Current task success rate: 1.0
Current total success rate: 0.7254237288135593

Task: pick up the chocolate pudding and place it in the basket view 0 0 100 0 0 initstate 419
Success: False
# episodes completed so far: 591
# successes: 428 (72.4%)
Current task success rate: 0.0
Current total success rate: 0.7241962774957699

Task: pick up the chocolate pudding and place it in the basket view 0 0 100 0 0 initstate 429
Success: False
# episodes completed so far: 592
# successes: 428 (72.3%)
Current task success rate: 0.0
Current total success rate: 0.722972972972973

Task: pick up the chocolate pudding and place it in the basket view 0 0 100 0 0 initstate 439
Success: False
# episodes completed so far: 593
# successes: 428 (72.2%)
Current task success rate: 0.0
Current total success rate: 0.7217537942664418

Task: pick up the chocolate pudding and place it in the basket view 0 0 100 0 0 initstate 449
Success: False
# episodes completed so far: 594
# successes: 428 (72.1%)
Current task success rate: 0.0
Current total success rate: 0.7205387205387206

Task: pick up the chocolate pudding and place it in the basket view 0 0 100 0 0 initstate 459
Success: False
# episodes completed so far: 595
# successes: 428 (71.9%)
Current task success rate: 0.0
Current total success rate: 0.719327731092437

Task: pick up the chocolate pudding and place it in the basket view 0 0 100 0 0 initstate 469
Success: False
# episodes completed so far: 596
# successes: 428 (71.8%)
Current task success rate: 0.0
Current total success rate: 0.7181208053691275

Task: pick up the chocolate pudding and place it in the basket view 0 0 100 0 0 initstate 479
Success: False
# episodes completed so far: 597
# successes: 428 (71.7%)
Current task success rate: 0.0
Current total success rate: 0.7169179229480737

Task: pick up the chocolate pudding and place it in the basket view 0 0 100 0 0 initstate 489
Success: True
# episodes completed so far: 598
# successes: 429 (71.7%)
Current task success rate: 1.0
Current total success rate: 0.717391304347826

Task: pick up the chocolate pudding and place it in the basket view 0 0 100 0 0 initstate 499
Success: False
# episodes completed so far: 599
# successes: 429 (71.6%)
Current task success rate: 0.0
Current total success rate: 0.7161936560934892

Task: pick up the orange juice and place it in the basket view 0 0 100 0 0 initstate 30
Success: True
# episodes completed so far: 600
# successes: 430 (71.7%)
Current task success rate: 1.0
Current total success rate: 0.7166666666666667

Task: pick up the orange juice and place it in the basket view 0 0 100 0 0 initstate 40
Success: True
# episodes completed so far: 601
# successes: 431 (71.7%)
Current task success rate: 1.0
Current total success rate: 0.7171381031613977

Task: pick up the orange juice and place it in the basket view 0 0 100 0 0 initstate 50
Success: True
# episodes completed so far: 602
# successes: 432 (71.8%)
Current task success rate: 1.0
Current total success rate: 0.717607973421927

Task: pick up the orange juice and place it in the basket view 0 0 100 0 0 initstate 60
Success: True
# episodes completed so far: 603
# successes: 433 (71.8%)
Current task success rate: 1.0
Current total success rate: 0.7180762852404643

Task: pick up the orange juice and place it in the basket view 0 0 100 0 0 initstate 70
Success: True
# episodes completed so far: 604
# successes: 434 (71.9%)
Current task success rate: 1.0
Current total success rate: 0.7185430463576159

Task: pick up the orange juice and place it in the basket view 0 0 100 0 0 initstate 80
Success: True
# episodes completed so far: 605
# successes: 435 (71.9%)
Current task success rate: 1.0
Current total success rate: 0.71900826446281

Task: pick up the orange juice and place it in the basket view 0 0 100 0 0 initstate 90
Success: True
# episodes completed so far: 606
# successes: 436 (71.9%)
Current task success rate: 1.0
Current total success rate: 0.7194719471947195

Task: pick up the orange juice and place it in the basket view 0 0 100 0 0 initstate 100
Success: True
# episodes completed so far: 607
# successes: 437 (72.0%)
Current task success rate: 1.0
Current total success rate: 0.7199341021416804

Task: pick up the orange juice and place it in the basket view 0 0 100 0 0 initstate 110
Success: True
# episodes completed so far: 608
# successes: 438 (72.0%)
Current task success rate: 1.0
Current total success rate: 0.7203947368421053

Task: pick up the orange juice and place it in the basket view 0 0 100 0 0 initstate 120
Success: True
# episodes completed so far: 609
# successes: 439 (72.1%)
Current task success rate: 1.0
Current total success rate: 0.7208538587848933

Task: pick up the orange juice and place it in the basket view 0 0 100 0 0 initstate 130
Success: True
# episodes completed so far: 610
# successes: 440 (72.1%)
Current task success rate: 1.0
Current total success rate: 0.7213114754098361

Task: pick up the orange juice and place it in the basket view 0 0 100 0 0 initstate 140
Success: True
# episodes completed so far: 611
# successes: 441 (72.2%)
Current task success rate: 1.0
Current total success rate: 0.7217675941080196

Task: pick up the orange juice and place it in the basket view 0 0 100 0 0 initstate 150
Success: True
# episodes completed so far: 612
# successes: 442 (72.2%)
Current task success rate: 1.0
Current total success rate: 0.7222222222222222

Task: pick up the orange juice and place it in the basket view 0 0 100 0 0 initstate 160
Success: True
# episodes completed so far: 613
# successes: 443 (72.3%)
Current task success rate: 1.0
Current total success rate: 0.7226753670473083

Task: pick up the orange juice and place it in the basket view 0 0 100 0 0 initstate 170
Success: True
# episodes completed so far: 614
# successes: 444 (72.3%)
Current task success rate: 1.0
Current total success rate: 0.7231270358306189

Task: pick up the orange juice and place it in the basket view 0 0 100 0 0 initstate 180
Success: True
# episodes completed so far: 615
# successes: 445 (72.4%)
Current task success rate: 1.0
Current total success rate: 0.7235772357723578

Task: pick up the orange juice and place it in the basket view 0 0 100 0 0 initstate 190
Success: True
# episodes completed so far: 616
# successes: 446 (72.4%)
Current task success rate: 1.0
Current total success rate: 0.724025974025974

Task: pick up the orange juice and place it in the basket view 0 0 100 0 0 initstate 200
Success: True
# episodes completed so far: 617
# successes: 447 (72.4%)
Current task success rate: 1.0
Current total success rate: 0.7244732576985413

Task: pick up the orange juice and place it in the basket view 0 0 100 0 0 initstate 210
Success: True
# episodes completed so far: 618
# successes: 448 (72.5%)
Current task success rate: 1.0
Current total success rate: 0.7249190938511327

Task: pick up the orange juice and place it in the basket view 0 0 100 0 0 initstate 220
Success: True
# episodes completed so far: 619
# successes: 449 (72.5%)
Current task success rate: 1.0
Current total success rate: 0.7253634894991923

Task: pick up the orange juice and place it in the basket view 0 0 100 0 0 initstate 230
Success: True
# episodes completed so far: 620
# successes: 450 (72.6%)
Current task success rate: 1.0
Current total success rate: 0.7258064516129032

Task: pick up the orange juice and place it in the basket view 0 0 100 0 0 initstate 240
Success: True
# episodes completed so far: 621
# successes: 451 (72.6%)
Current task success rate: 1.0
Current total success rate: 0.7262479871175523

Task: pick up the orange juice and place it in the basket view 0 0 100 0 0 initstate 250
Success: True
# episodes completed so far: 622
# successes: 452 (72.7%)
Current task success rate: 1.0
Current total success rate: 0.7266881028938906

Task: pick up the orange juice and place it in the basket view 0 0 100 0 0 initstate 260
Success: False
# episodes completed so far: 623
# successes: 452 (72.6%)
Current task success rate: 0.0
Current total success rate: 0.7255216693418941

Task: pick up the orange juice and place it in the basket view 0 0 100 0 0 initstate 270
Success: False
# episodes completed so far: 624
# successes: 452 (72.4%)
Current task success rate: 0.0
Current total success rate: 0.7243589743589743

Task: pick up the orange juice and place it in the basket view 0 0 100 0 0 initstate 280
Success: True
# episodes completed so far: 625
# successes: 453 (72.5%)
Current task success rate: 1.0
Current total success rate: 0.7248

Task: pick up the orange juice and place it in the basket view 0 0 100 0 0 initstate 290
Success: True
# episodes completed so far: 626
# successes: 454 (72.5%)
Current task success rate: 1.0
Current total success rate: 0.7252396166134185

Task: pick up the orange juice and place it in the basket view 0 0 100 0 0 initstate 300
Success: False
# episodes completed so far: 627
# successes: 454 (72.4%)
Current task success rate: 0.0
Current total success rate: 0.7240829346092504

Task: pick up the orange juice and place it in the basket view 0 0 100 0 0 initstate 310
Success: False
# episodes completed so far: 628
# successes: 454 (72.3%)
Current task success rate: 0.0
Current total success rate: 0.7229299363057324

Task: pick up the orange juice and place it in the basket view 0 0 100 0 0 initstate 320
Success: True
# episodes completed so far: 629
# successes: 455 (72.3%)
Current task success rate: 1.0
Current total success rate: 0.7233704292527822

Task: pick up the orange juice and place it in the basket view 0 0 100 0 0 initstate 330
Success: True
# episodes completed so far: 630
# successes: 456 (72.4%)
Current task success rate: 1.0
Current total success rate: 0.7238095238095238

Task: pick up the orange juice and place it in the basket view 0 0 100 0 0 initstate 340
Success: False
# episodes completed so far: 631
# successes: 456 (72.3%)
Current task success rate: 0.0
Current total success rate: 0.722662440570523

Task: pick up the orange juice and place it in the basket view 0 0 100 0 0 initstate 350
Success: True
# episodes completed so far: 632
# successes: 457 (72.3%)
Current task success rate: 1.0
Current total success rate: 0.7231012658227848

Task: pick up the orange juice and place it in the basket view 0 0 100 0 0 initstate 360
Success: False
# episodes completed so far: 633
# successes: 457 (72.2%)
Current task success rate: 0.0
Current total success rate: 0.721958925750395

Task: pick up the orange juice and place it in the basket view 0 0 100 0 0 initstate 370
Success: False
# episodes completed so far: 634
# successes: 457 (72.1%)
Current task success rate: 0.0
Current total success rate: 0.7208201892744479

Task: pick up the orange juice and place it in the basket view 0 0 100 0 0 initstate 380
Success: True
# episodes completed so far: 635
# successes: 458 (72.1%)
Current task success rate: 1.0
Current total success rate: 0.721259842519685

Task: pick up the orange juice and place it in the basket view 0 0 100 0 0 initstate 390
Success: False
# episodes completed so far: 636
# successes: 458 (72.0%)
Current task success rate: 0.0
Current total success rate: 0.720125786163522

Task: pick up the orange juice and place it in the basket view 0 0 100 0 0 initstate 400
Success: False
# episodes completed so far: 637
# successes: 458 (71.9%)
Current task success rate: 0.0
Current total success rate: 0.7189952904238619

Task: pick up the orange juice and place it in the basket view 0 0 100 0 0 initstate 410
Success: True
# episodes completed so far: 638
# successes: 459 (71.9%)
Current task success rate: 1.0
Current total success rate: 0.719435736677116

Task: pick up the orange juice and place it in the basket view 0 0 100 0 0 initstate 420
Success: False
# episodes completed so far: 639
# successes: 459 (71.8%)
Current task success rate: 0.0
Current total success rate: 0.7183098591549296

Task: pick up the orange juice and place it in the basket view 0 0 100 0 0 initstate 430
Success: True
# episodes completed so far: 640
# successes: 460 (71.9%)
Current task success rate: 1.0
Current total success rate: 0.71875

Task: pick up the orange juice and place it in the basket view 0 0 100 0 0 initstate 440
Success: False
# episodes completed so far: 641
# successes: 460 (71.8%)
Current task success rate: 0.0
Current total success rate: 0.717628705148206

Task: pick up the orange juice and place it in the basket view 0 0 100 0 0 initstate 450
Success: False
# episodes completed so far: 642
# successes: 460 (71.7%)
Current task success rate: 0.0
Current total success rate: 0.7165109034267912

Task: pick up the orange juice and place it in the basket view 0 0 100 0 0 initstate 460
Success: False
# episodes completed so far: 643
# successes: 460 (71.5%)
Current task success rate: 0.0
Current total success rate: 0.7153965785381027

Task: pick up the orange juice and place it in the basket view 0 0 100 0 0 initstate 470
Success: True
# episodes completed so far: 644
# successes: 461 (71.6%)
Current task success rate: 1.0
Current total success rate: 0.7158385093167702

Task: pick up the orange juice and place it in the basket view 0 0 100 0 0 initstate 480
Success: False
# episodes completed so far: 645
# successes: 461 (71.5%)
Current task success rate: 0.0
Current total success rate: 0.7147286821705426

Task: pick up the orange juice and place it in the basket view 0 0 100 0 0 initstate 490
Success: False
# episodes completed so far: 646
# successes: 461 (71.4%)
Current task success rate: 0.0
Current total success rate: 0.7136222910216719

Task: pick up the alphabet soup and place it in the basket view 0 0 100 2 4 initstate 0
Success: True
# episodes completed so far: 647
# successes: 462 (71.4%)
Current task success rate: 1.0
Current total success rate: 0.714064914992272

Task: pick up the alphabet soup and place it in the basket view 0 0 100 2 6 initstate 0
Success: False
# episodes completed so far: 648
# successes: 462 (71.3%)
Current task success rate: 0.0
Current total success rate: 0.7129629629629629

Task: pick up the alphabet soup and place it in the basket view 0 0 100 2 8 initstate 0
Success: True
# episodes completed so far: 649
# successes: 463 (71.3%)
Current task success rate: 1.0
Current total success rate: 0.7134052388289677

Task: pick up the alphabet soup and place it in the basket view 0 0 100 2 10 initstate 0
Success: False
# episodes completed so far: 650
# successes: 463 (71.2%)
Current task success rate: 0.0
Current total success rate: 0.7123076923076923

Task: pick up the alphabet soup and place it in the basket view 0 0 100 2 350 initstate 0
Success: True
# episodes completed so far: 651
# successes: 464 (71.3%)
Current task success rate: 1.0
Current total success rate: 0.7127496159754224

Task: pick up the alphabet soup and place it in the basket view 0 0 100 2 352 initstate 0
Success: True
# episodes completed so far: 652
# successes: 465 (71.3%)
Current task success rate: 1.0
Current total success rate: 0.7131901840490797

Task: pick up the alphabet soup and place it in the basket view 0 0 100 2 354 initstate 0
Success: False
# episodes completed so far: 653
# successes: 465 (71.2%)
Current task success rate: 0.0
Current total success rate: 0.7120980091883614

Task: pick up the alphabet soup and place it in the basket view 1 15 100 0 0 initstate 0
Success: True
# episodes completed so far: 654
# successes: 466 (71.3%)
Current task success rate: 1.0
Current total success rate: 0.7125382262996942

Task: pick up the alphabet soup and place it in the basket view 2 15 100 0 0 initstate 0
Success: True
# episodes completed so far: 655
# successes: 467 (71.3%)
Current task success rate: 1.0
Current total success rate: 0.7129770992366412

Task: pick up the alphabet soup and place it in the basket view 4 15 100 0 0 initstate 0
Success: True
# episodes completed so far: 656
# successes: 468 (71.3%)
Current task success rate: 1.0
Current total success rate: 0.7134146341463414

Task: pick up the alphabet soup and place it in the basket view 5 15 100 0 0 initstate 0
Success: True
# episodes completed so far: 657
# successes: 469 (71.4%)
Current task success rate: 1.0
Current total success rate: 0.7138508371385084

Task: pick up the alphabet soup and place it in the basket view 6 15 100 0 0 initstate 0
Success: True
# episodes completed so far: 658
# successes: 470 (71.4%)
Current task success rate: 1.0
Current total success rate: 0.7142857142857143

Task: pick up the alphabet soup and place it in the basket view 7 15 100 0 0 initstate 0
Success: True
# episodes completed so far: 659
# successes: 471 (71.5%)
Current task success rate: 1.0
Current total success rate: 0.7147192716236722

Task: pick up the alphabet soup and place it in the basket view 8 15 100 0 0 initstate 0
Success: True
# episodes completed so far: 660
# successes: 472 (71.5%)
Current task success rate: 1.0
Current total success rate: 0.7151515151515152

Task: pick up the alphabet soup and place it in the basket view 9 15 100 0 0 initstate 0
Success: True
# episodes completed so far: 661
# successes: 473 (71.6%)
Current task success rate: 1.0
Current total success rate: 0.7155824508320726

Task: pick up the alphabet soup and place it in the basket view 10 15 100 0 0 initstate 0
Success: True
# episodes completed so far: 662
# successes: 474 (71.6%)
Current task success rate: 1.0
Current total success rate: 0.716012084592145

Task: pick up the alphabet soup and place it in the basket view 11 15 100 0 0 initstate 0
Success: True
# episodes completed so far: 663
# successes: 475 (71.6%)
Current task success rate: 1.0
Current total success rate: 0.7164404223227753

Task: pick up the alphabet soup and place it in the basket view 12 15 100 0 0 initstate 0
Success: True
# episodes completed so far: 664
# successes: 476 (71.7%)
Current task success rate: 1.0
Current total success rate: 0.7168674698795181

Task: pick up the alphabet soup and place it in the basket view 13 15 100 0 0 initstate 0
Success: True
# episodes completed so far: 665
# successes: 477 (71.7%)
Current task success rate: 1.0
Current total success rate: 0.7172932330827068

Task: pick up the alphabet soup and place it in the basket view 14 15 100 0 0 initstate 0
Success: True
# episodes completed so far: 666
# successes: 478 (71.8%)
Current task success rate: 1.0
Current total success rate: 0.7177177177177178

Task: pick up the alphabet soup and place it in the basket view 15 15 100 0 0 initstate 0
Success: True
# episodes completed so far: 667
# successes: 479 (71.8%)
Current task success rate: 1.0
Current total success rate: 0.7181409295352323

Task: pick up the cream cheese and place it in the basket view 0 0 115 0 0 initstate 0
Success: True
# episodes completed so far: 668
# successes: 480 (71.9%)
Current task success rate: 1.0
Current total success rate: 0.718562874251497

Task: pick up the cream cheese and place it in the basket view 0 0 119 0 0 initstate 0
Success: False
# episodes completed so far: 669
# successes: 480 (71.7%)
Current task success rate: 0.0
Current total success rate: 0.7174887892376681

Task: pick up the cream cheese and place it in the basket view 0 0 120 0 0 initstate 0
Success: False
# episodes completed so far: 670
# successes: 480 (71.6%)
Current task success rate: 0.0
Current total success rate: 0.7164179104477612

Task: pick up the cream cheese and place it in the basket view 0 0 100 4 6 initstate 0
Success: False
# episodes completed so far: 671
# successes: 480 (71.5%)
Current task success rate: 0.0
Current total success rate: 0.7153502235469449

Task: pick up the cream cheese and place it in the basket view 0 0 100 4 8 initstate 0
Success: False
# episodes completed so far: 672
# successes: 480 (71.4%)
Current task success rate: 0.0
Current total success rate: 0.7142857142857143

Task: pick up the cream cheese and place it in the basket view 0 0 100 4 10 initstate 0
Success: False
# episodes completed so far: 673
# successes: 480 (71.3%)
Current task success rate: 0.0
Current total success rate: 0.7132243684992571

Task: pick up the cream cheese and place it in the basket view 0 0 100 4 350 initstate 0
Success: True
# episodes completed so far: 674
# successes: 481 (71.4%)
Current task success rate: 1.0
Current total success rate: 0.7136498516320475

Task: pick up the cream cheese and place it in the basket view 0 0 100 4 352 initstate 0
Success: True
# episodes completed so far: 675
# successes: 482 (71.4%)
Current task success rate: 1.0
Current total success rate: 0.7140740740740741

Task: pick up the cream cheese and place it in the basket view 16 15 100 0 0 initstate 0
Success: True
# episodes completed so far: 676
# successes: 483 (71.4%)
Current task success rate: 1.0
Current total success rate: 0.7144970414201184

Task: pick up the cream cheese and place it in the basket view 18 15 100 0 0 initstate 0
Success: True
# episodes completed so far: 677
# successes: 484 (71.5%)
Current task success rate: 1.0
Current total success rate: 0.7149187592319055

Task: pick up the cream cheese and place it in the basket view 19 15 100 0 0 initstate 0
Success: True
# episodes completed so far: 678
# successes: 485 (71.5%)
Current task success rate: 1.0
Current total success rate: 0.7153392330383481

Task: pick up the cream cheese and place it in the basket view 20 15 100 0 0 initstate 0
Success: True
# episodes completed so far: 679
# successes: 486 (71.6%)
Current task success rate: 1.0
Current total success rate: 0.7157584683357879

Task: pick up the cream cheese and place it in the basket view 21 15 100 0 0 initstate 0
Success: True
# episodes completed so far: 680
# successes: 487 (71.6%)
Current task success rate: 1.0
Current total success rate: 0.7161764705882353

Task: pick up the cream cheese and place it in the basket view 22 0 100 0 0 initstate 0
Success: True
# episodes completed so far: 681
# successes: 488 (71.7%)
Current task success rate: 1.0
Current total success rate: 0.7165932452276065

Task: pick up the cream cheese and place it in the basket view 22 15 100 0 0 initstate 0
Success: True
# episodes completed so far: 682
# successes: 489 (71.7%)
Current task success rate: 1.0
Current total success rate: 0.717008797653959

Task: pick up the cream cheese and place it in the basket view 23 15 100 0 0 initstate 0
Success: True
# episodes completed so far: 683
# successes: 490 (71.7%)
Current task success rate: 1.0
Current total success rate: 0.7174231332357247

Task: pick up the cream cheese and place it in the basket view 24 15 100 0 0 initstate 0
Success: True
# episodes completed so far: 684
# successes: 491 (71.8%)
Current task success rate: 1.0
Current total success rate: 0.7178362573099415

Task: pick up the cream cheese and place it in the basket view 27 15 100 0 0 initstate 0
Success: True
# episodes completed so far: 685
# successes: 492 (71.8%)
Current task success rate: 1.0
Current total success rate: 0.7182481751824817

Task: pick up the cream cheese and place it in the basket view 29 15 100 0 0 initstate 0
Success: True
# episodes completed so far: 686
# successes: 493 (71.9%)
Current task success rate: 1.0
Current total success rate: 0.7186588921282799

Task: pick up the cream cheese and place it in the basket view 30 15 100 0 0 initstate 0
Success: True
# episodes completed so far: 687
# successes: 494 (71.9%)
Current task success rate: 1.0
Current total success rate: 0.7190684133915575

Task: pick up the salad dressing and place it in the basket view 0 0 121 0 0 initstate 0
Success: True
# episodes completed so far: 688
# successes: 495 (71.9%)
Current task success rate: 1.0
Current total success rate: 0.7194767441860465

Task: pick up the salad dressing and place it in the basket view 0 0 122 0 0 initstate 0
Success: False
# episodes completed so far: 689
# successes: 495 (71.8%)
Current task success rate: 0.0
Current total success rate: 0.7184325108853411

Task: pick up the salad dressing and place it in the basket view 0 0 123 0 0 initstate 0
Success: True
# episodes completed so far: 690
# successes: 496 (71.9%)
Current task success rate: 1.0
Current total success rate: 0.7188405797101449

Task: pick up the salad dressing and place it in the basket view 0 0 124 0 0 initstate 0
Success: True
# episodes completed so far: 691
# successes: 497 (71.9%)
Current task success rate: 1.0
Current total success rate: 0.7192474674384949

Task: pick up the salad dressing and place it in the basket view 0 0 125 0 0 initstate 0
Success: False
# episodes completed so far: 692
# successes: 497 (71.8%)
Current task success rate: 0.0
Current total success rate: 0.7182080924855492

Task: pick up the salad dressing and place it in the basket view 0 0 126 0 0 initstate 0
Success: False
# episodes completed so far: 693
# successes: 497 (71.7%)
Current task success rate: 0.0
Current total success rate: 0.7171717171717171

Task: pick up the salad dressing and place it in the basket view 0 0 127 0 0 initstate 0
Success: True
# episodes completed so far: 694
# successes: 498 (71.8%)
Current task success rate: 1.0
Current total success rate: 0.7175792507204611

Task: pick up the salad dressing and place it in the basket view 0 0 128 0 0 initstate 0
Success: False
# episodes completed so far: 695
# successes: 498 (71.7%)
Current task success rate: 0.0
Current total success rate: 0.7165467625899281

Task: pick up the salad dressing and place it in the basket view 0 0 129 0 0 initstate 0
Success: False
# episodes completed so far: 696
# successes: 498 (71.6%)
Current task success rate: 0.0
Current total success rate: 0.7155172413793104

Task: pick up the salad dressing and place it in the basket view 0 0 130 0 0 initstate 0
Success: True
# episodes completed so far: 697
# successes: 499 (71.6%)
Current task success rate: 1.0
Current total success rate: 0.7159253945480631

Task: pick up the salad dressing and place it in the basket view 0 0 100 6 2 initstate 0
Success: True
# episodes completed so far: 698
# successes: 500 (71.6%)
Current task success rate: 1.0
Current total success rate: 0.7163323782234957

Task: pick up the salad dressing and place it in the basket view 0 0 100 6 4 initstate 0
Success: False
# episodes completed so far: 699
# successes: 500 (71.5%)
Current task success rate: 0.0
Current total success rate: 0.7153075822603719

Task: pick up the salad dressing and place it in the basket view 0 0 100 6 6 initstate 0
Success: False
# episodes completed so far: 700
# successes: 500 (71.4%)
Current task success rate: 0.0
Current total success rate: 0.7142857142857143

Task: pick up the salad dressing and place it in the basket view 0 0 100 6 8 initstate 0
Success: False
# episodes completed so far: 701
# successes: 500 (71.3%)
Current task success rate: 0.0
Current total success rate: 0.7132667617689016

Task: pick up the salad dressing and place it in the basket view 0 0 100 6 10 initstate 0
Success: False
# episodes completed so far: 702
# successes: 500 (71.2%)
Current task success rate: 0.0
Current total success rate: 0.7122507122507122

Task: pick up the salad dressing and place it in the basket view 0 0 100 6 350 initstate 0
Success: False
# episodes completed so far: 703
# successes: 500 (71.1%)
Current task success rate: 0.0
Current total success rate: 0.7112375533428165

Task: pick up the salad dressing and place it in the basket view 0 0 100 6 358 initstate 0
Success: False
# episodes completed so far: 704
# successes: 500 (71.0%)
Current task success rate: 0.0
Current total success rate: 0.7102272727272727

Task: pick up the salad dressing and place it in the basket view 31 0 100 0 0 initstate 0
Success: True
# episodes completed so far: 705
# successes: 501 (71.1%)
Current task success rate: 1.0
Current total success rate: 0.7106382978723405

Task: pick up the salad dressing and place it in the basket view 31 15 100 0 0 initstate 0
Success: True
# episodes completed so far: 706
# successes: 502 (71.1%)
Current task success rate: 1.0
Current total success rate: 0.7110481586402266

Task: pick up the salad dressing and place it in the basket view 32 0 100 0 0 initstate 0
Success: True
# episodes completed so far: 707
# successes: 503 (71.1%)
Current task success rate: 1.0
Current total success rate: 0.7114568599717115

Task: pick up the salad dressing and place it in the basket view 32 15 100 0 0 initstate 0
Success: True
# episodes completed so far: 708
# successes: 504 (71.2%)
Current task success rate: 1.0
Current total success rate: 0.711864406779661

Task: pick up the salad dressing and place it in the basket view 33 0 100 0 0 initstate 0
Success: True
# episodes completed so far: 709
# successes: 505 (71.2%)
Current task success rate: 1.0
Current total success rate: 0.7122708039492243

Task: pick up the salad dressing and place it in the basket view 33 15 100 0 0 initstate 0
Success: True
# episodes completed so far: 710
# successes: 506 (71.3%)
Current task success rate: 1.0
Current total success rate: 0.7126760563380282

Task: pick up the salad dressing and place it in the basket view 34 0 100 0 0 initstate 0
Success: True
# episodes completed so far: 711
# successes: 507 (71.3%)
Current task success rate: 1.0
Current total success rate: 0.7130801687763713

Task: pick up the salad dressing and place it in the basket view 34 15 100 0 0 initstate 0
Success: True
# episodes completed so far: 712
# successes: 508 (71.3%)
Current task success rate: 1.0
Current total success rate: 0.7134831460674157

Task: pick up the salad dressing and place it in the basket view 35 0 100 0 0 initstate 0
Success: True
# episodes completed so far: 713
# successes: 509 (71.4%)
Current task success rate: 1.0
Current total success rate: 0.7138849929873773

Task: pick up the salad dressing and place it in the basket view 35 15 100 0 0 initstate 0
Success: True
# episodes completed so far: 714
# successes: 510 (71.4%)
Current task success rate: 1.0
Current total success rate: 0.7142857142857143

Task: pick up the salad dressing and place it in the basket view 36 0 100 0 0 initstate 0
Success: True
# episodes completed so far: 715
# successes: 511 (71.5%)
Current task success rate: 1.0
Current total success rate: 0.7146853146853147

Task: pick up the salad dressing and place it in the basket view 36 15 100 0 0 initstate 0
Success: True
# episodes completed so far: 716
# successes: 512 (71.5%)
Current task success rate: 1.0
Current total success rate: 0.7150837988826816

Task: pick up the salad dressing and place it in the basket view 37 0 100 0 0 initstate 0
Success: True
# episodes completed so far: 717
# successes: 513 (71.5%)
Current task success rate: 1.0
Current total success rate: 0.7154811715481172

Task: pick up the salad dressing and place it in the basket view 37 15 100 0 0 initstate 0
Success: True
# episodes completed so far: 718
# successes: 514 (71.6%)
Current task success rate: 1.0
Current total success rate: 0.7158774373259053

Task: pick up the salad dressing and place it in the basket view 38 0 100 0 0 initstate 0
Success: True
# episodes completed so far: 719
# successes: 515 (71.6%)
Current task success rate: 1.0
Current total success rate: 0.7162726008344924

Task: pick up the salad dressing and place it in the basket view 38 15 100 0 0 initstate 0
Success: True
# episodes completed so far: 720
# successes: 516 (71.7%)
Current task success rate: 1.0
Current total success rate: 0.7166666666666667

Task: pick up the salad dressing and place it in the basket view 39 0 100 0 0 initstate 0
Success: True
# episodes completed so far: 721
# successes: 517 (71.7%)
Current task success rate: 1.0
Current total success rate: 0.7170596393897365

Task: pick up the salad dressing and place it in the basket view 39 15 100 0 0 initstate 0
Success: True
# episodes completed so far: 722
# successes: 518 (71.7%)
Current task success rate: 1.0
Current total success rate: 0.7174515235457064

Task: pick up the salad dressing and place it in the basket view 40 0 100 0 0 initstate 0
Success: False
# episodes completed so far: 723
# successes: 518 (71.6%)
Current task success rate: 0.0
Current total success rate: 0.7164591977869986

Task: pick up the salad dressing and place it in the basket view 40 15 100 0 0 initstate 0
Success: True
# episodes completed so far: 724
# successes: 519 (71.7%)
Current task success rate: 1.0
Current total success rate: 0.7168508287292817

Task: pick up the salad dressing and place it in the basket view 41 0 100 0 0 initstate 0
Success: True
# episodes completed so far: 725
# successes: 520 (71.7%)
Current task success rate: 1.0
Current total success rate: 0.7172413793103448

Task: pick up the salad dressing and place it in the basket view 41 15 100 0 0 initstate 0
Success: True
# episodes completed so far: 726
# successes: 521 (71.8%)
Current task success rate: 1.0
Current total success rate: 0.7176308539944903

Task: pick up the salad dressing and place it in the basket view 42 0 100 0 0 initstate 0
Success: False
# episodes completed so far: 727
# successes: 521 (71.7%)
Current task success rate: 0.0
Current total success rate: 0.7166437414030261

Task: pick up the salad dressing and place it in the basket view 42 15 100 0 0 initstate 0
Success: True
# episodes completed so far: 728
# successes: 522 (71.7%)
Current task success rate: 1.0
Current total success rate: 0.717032967032967

Task: pick up the salad dressing and place it in the basket view 43 0 100 0 0 initstate 0
Success: True
# episodes completed so far: 729
# successes: 523 (71.7%)
Current task success rate: 1.0
Current total success rate: 0.7174211248285323

Task: pick up the salad dressing and place it in the basket view 43 15 100 0 0 initstate 0
Success: True
# episodes completed so far: 730
# successes: 524 (71.8%)
Current task success rate: 1.0
Current total success rate: 0.7178082191780822

Task: pick up the salad dressing and place it in the basket view 44 0 100 0 0 initstate 0
Success: False
# episodes completed so far: 731
# successes: 524 (71.7%)
Current task success rate: 0.0
Current total success rate: 0.7168262653898769

Task: pick up the salad dressing and place it in the basket view 44 15 100 0 0 initstate 0
Success: True
# episodes completed so far: 732
# successes: 525 (71.7%)
Current task success rate: 1.0
Current total success rate: 0.7172131147540983

Task: pick up the salad dressing and place it in the basket view 45 0 100 0 0 initstate 0
Success: False
# episodes completed so far: 733
# successes: 525 (71.6%)
Current task success rate: 0.0
Current total success rate: 0.7162346521145976

Task: pick up the salad dressing and place it in the basket view 45 15 100 0 0 initstate 0
Success: False
# episodes completed so far: 734
# successes: 525 (71.5%)
Current task success rate: 0.0
Current total success rate: 0.715258855585831

Task: pick up the bbq sauce and place it in the basket view 0 0 132 0 0 initstate 0
Success: True
# episodes completed so far: 735
# successes: 526 (71.6%)
Current task success rate: 1.0
Current total success rate: 0.7156462585034014

Task: pick up the bbq sauce and place it in the basket view 0 0 133 0 0 initstate 0
Success: False
# episodes completed so far: 736
# successes: 526 (71.5%)
Current task success rate: 0.0
Current total success rate: 0.7146739130434783

Task: pick up the bbq sauce and place it in the basket view 0 0 134 0 0 initstate 0
Success: True
# episodes completed so far: 737
# successes: 527 (71.5%)
Current task success rate: 1.0
Current total success rate: 0.7150610583446404

Task: pick up the bbq sauce and place it in the basket view 0 0 135 0 0 initstate 0
Success: True
# episodes completed so far: 738
# successes: 528 (71.5%)
Current task success rate: 1.0
Current total success rate: 0.7154471544715447

Task: pick up the bbq sauce and place it in the basket view 0 0 136 0 0 initstate 0
Success: False
# episodes completed so far: 739
# successes: 528 (71.4%)
Current task success rate: 0.0
Current total success rate: 0.7144790257104194

Task: pick up the bbq sauce and place it in the basket view 0 0 137 0 0 initstate 0
Success: True
# episodes completed so far: 740
# successes: 529 (71.5%)
Current task success rate: 1.0
Current total success rate: 0.7148648648648649

Task: pick up the bbq sauce and place it in the basket view 0 0 138 0 0 initstate 0
Success: True
# episodes completed so far: 741
# successes: 530 (71.5%)
Current task success rate: 1.0
Current total success rate: 0.7152496626180836

Task: pick up the bbq sauce and place it in the basket view 0 0 139 0 0 initstate 0
Success: True
# episodes completed so far: 742
# successes: 531 (71.6%)
Current task success rate: 1.0
Current total success rate: 0.715633423180593

Task: pick up the bbq sauce and place it in the basket view 0 0 140 0 0 initstate 0
Success: True
# episodes completed so far: 743
# successes: 532 (71.6%)
Current task success rate: 1.0
Current total success rate: 0.7160161507402423

Task: pick up the bbq sauce and place it in the basket view 0 0 100 8 2 initstate 0
Success: True
# episodes completed so far: 744
# successes: 533 (71.6%)
Current task success rate: 1.0
Current total success rate: 0.7163978494623656

Task: pick up the bbq sauce and place it in the basket view 0 0 100 8 4 initstate 0
Success: False
# episodes completed so far: 745
# successes: 533 (71.5%)
Current task success rate: 0.0
Current total success rate: 0.7154362416107383

Task: pick up the bbq sauce and place it in the basket view 0 0 100 8 6 initstate 0
Success: False
# episodes completed so far: 746
# successes: 533 (71.4%)
Current task success rate: 0.0
Current total success rate: 0.7144772117962467

Task: pick up the bbq sauce and place it in the basket view 0 0 100 8 8 initstate 0
Success: False
# episodes completed so far: 747
# successes: 533 (71.4%)
Current task success rate: 0.0
Current total success rate: 0.713520749665328

Task: pick up the bbq sauce and place it in the basket view 0 0 100 8 10 initstate 0
Success: False
# episodes completed so far: 748
# successes: 533 (71.3%)
Current task success rate: 0.0
Current total success rate: 0.7125668449197861

Task: pick up the bbq sauce and place it in the basket view 0 0 100 8 350 initstate 0
Success: True
# episodes completed so far: 749
# successes: 534 (71.3%)
Current task success rate: 1.0
Current total success rate: 0.7129506008010681

Task: pick up the bbq sauce and place it in the basket view 0 0 100 8 352 initstate 0
Success: True
# episodes completed so far: 750
# successes: 535 (71.3%)
Current task success rate: 1.0
Current total success rate: 0.7133333333333334

Task: pick up the bbq sauce and place it in the basket view 0 0 100 8 354 initstate 0
Success: True
# episodes completed so far: 751
# successes: 536 (71.4%)
Current task success rate: 1.0
Current total success rate: 0.7137150466045273

Task: pick up the bbq sauce and place it in the basket view 0 0 100 8 358 initstate 0
Success: True
# episodes completed so far: 752
# successes: 537 (71.4%)
Current task success rate: 1.0
Current total success rate: 0.714095744680851

Task: pick up the bbq sauce and place it in the basket view 46 0 100 0 0 initstate 0
Success: False
# episodes completed so far: 753
# successes: 537 (71.3%)
Current task success rate: 0.0
Current total success rate: 0.7131474103585658

Task: pick up the bbq sauce and place it in the basket view 46 15 100 0 0 initstate 0
Success: False
# episodes completed so far: 754
# successes: 537 (71.2%)
Current task success rate: 0.0
Current total success rate: 0.7122015915119363

Task: pick up the bbq sauce and place it in the basket view 47 0 100 0 0 initstate 0
Success: False
# episodes completed so far: 755
# successes: 537 (71.1%)
Current task success rate: 0.0
Current total success rate: 0.7112582781456953

Task: pick up the bbq sauce and place it in the basket view 47 15 100 0 0 initstate 0
Success: True
# episodes completed so far: 756
# successes: 538 (71.2%)
Current task success rate: 1.0
Current total success rate: 0.7116402116402116

Task: pick up the bbq sauce and place it in the basket view 48 0 100 0 0 initstate 0
Success: False
# episodes completed so far: 757
# successes: 538 (71.1%)
Current task success rate: 0.0
Current total success rate: 0.7107001321003963

Task: pick up the bbq sauce and place it in the basket view 48 15 100 0 0 initstate 0
Success: True
# episodes completed so far: 758
# successes: 539 (71.1%)
Current task success rate: 1.0
Current total success rate: 0.7110817941952506

Task: pick up the bbq sauce and place it in the basket view 49 0 100 0 0 initstate 0
Success: False
# episodes completed so far: 759
# successes: 539 (71.0%)
Current task success rate: 0.0
Current total success rate: 0.7101449275362319

Task: pick up the bbq sauce and place it in the basket view 49 15 100 0 0 initstate 0
Success: True
# episodes completed so far: 760
# successes: 540 (71.1%)
Current task success rate: 1.0
Current total success rate: 0.7105263157894737

Task: pick up the bbq sauce and place it in the basket view 50 0 100 0 0 initstate 0
Success: False
# episodes completed so far: 761
# successes: 540 (71.0%)
Current task success rate: 0.0
Current total success rate: 0.709592641261498

Task: pick up the bbq sauce and place it in the basket view 51 0 100 0 0 initstate 0
Success: False
# episodes completed so far: 762
# successes: 540 (70.9%)
Current task success rate: 0.0
Current total success rate: 0.7086614173228346

Task: pick up the bbq sauce and place it in the basket view 51 15 100 0 0 initstate 0
Success: True
# episodes completed so far: 763
# successes: 541 (70.9%)
Current task success rate: 1.0
Current total success rate: 0.709043250327654

Task: pick up the bbq sauce and place it in the basket view 52 0 100 0 0 initstate 0
Success: False
# episodes completed so far: 764
# successes: 541 (70.8%)
Current task success rate: 0.0
Current total success rate: 0.7081151832460733

Task: pick up the bbq sauce and place it in the basket view 52 15 100 0 0 initstate 0
Success: True
# episodes completed so far: 765
# successes: 542 (70.8%)
Current task success rate: 1.0
Current total success rate: 0.7084967320261438

Task: pick up the bbq sauce and place it in the basket view 53 0 100 0 0 initstate 0
Success: False
# episodes completed so far: 766
# successes: 542 (70.8%)
Current task success rate: 0.0
Current total success rate: 0.7075718015665796

Task: pick up the bbq sauce and place it in the basket view 53 15 100 0 0 initstate 0
Success: False
# episodes completed so far: 767
# successes: 542 (70.7%)
Current task success rate: 0.0
Current total success rate: 0.7066492829204694

Task: pick up the bbq sauce and place it in the basket view 54 0 100 0 0 initstate 0
Success: False
# episodes completed so far: 768
# successes: 542 (70.6%)
Current task success rate: 0.0
Current total success rate: 0.7057291666666666

Task: pick up the bbq sauce and place it in the basket view 54 15 100 0 0 initstate 0
Success: True
# episodes completed so far: 769
# successes: 543 (70.6%)
Current task success rate: 1.0
Current total success rate: 0.706111833550065

Task: pick up the bbq sauce and place it in the basket view 55 0 100 0 0 initstate 0
Success: False
# episodes completed so far: 770
# successes: 543 (70.5%)
Current task success rate: 0.0
Current total success rate: 0.7051948051948052

Task: pick up the bbq sauce and place it in the basket view 55 15 100 0 0 initstate 0
Success: True
# episodes completed so far: 771
# successes: 544 (70.6%)
Current task success rate: 1.0
Current total success rate: 0.7055771725032426

Task: pick up the bbq sauce and place it in the basket view 56 0 100 0 0 initstate 0
Success: False
# episodes completed so far: 772
# successes: 544 (70.5%)
Current task success rate: 0.0
Current total success rate: 0.7046632124352331

Task: pick up the bbq sauce and place it in the basket view 56 15 100 0 0 initstate 0
Success: True
# episodes completed so far: 773
# successes: 545 (70.5%)
Current task success rate: 1.0
Current total success rate: 0.705045278137128

Task: pick up the bbq sauce and place it in the basket view 57 0 100 0 0 initstate 0
Success: False
# episodes completed so far: 774
# successes: 545 (70.4%)
Current task success rate: 0.0
Current total success rate: 0.7041343669250646

Task: pick up the bbq sauce and place it in the basket view 57 15 100 0 0 initstate 0
Success: True
# episodes completed so far: 775
# successes: 546 (70.5%)
Current task success rate: 1.0
Current total success rate: 0.704516129032258

Task: pick up the bbq sauce and place it in the basket view 58 0 100 0 0 initstate 0
Success: False
# episodes completed so far: 776
# successes: 546 (70.4%)
Current task success rate: 0.0
Current total success rate: 0.7036082474226805

Task: pick up the bbq sauce and place it in the basket view 58 15 100 0 0 initstate 0
Success: True
# episodes completed so far: 777
# successes: 547 (70.4%)
Current task success rate: 1.0
Current total success rate: 0.703989703989704

Task: pick up the bbq sauce and place it in the basket view 59 0 100 0 0 initstate 0
Success: False
# episodes completed so far: 778
# successes: 547 (70.3%)
Current task success rate: 0.0
Current total success rate: 0.7030848329048843

Task: pick up the bbq sauce and place it in the basket view 59 15 100 0 0 initstate 0
Success: True
# episodes completed so far: 779
# successes: 548 (70.3%)
Current task success rate: 1.0
Current total success rate: 0.7034659820282413

Task: pick up the bbq sauce and place it in the basket view 60 0 100 0 0 initstate 0
Success: False
# episodes completed so far: 780
# successes: 548 (70.3%)
Current task success rate: 0.0
Current total success rate: 0.7025641025641025

Task: pick up the bbq sauce and place it in the basket view 60 15 100 0 0 initstate 0
Success: True
# episodes completed so far: 781
# successes: 549 (70.3%)
Current task success rate: 1.0
Current total success rate: 0.7029449423815621

Task: pick up the ketchup and place it in the basket view 0 0 141 0 0 initstate 0
Success: True
# episodes completed so far: 782
# successes: 550 (70.3%)
Current task success rate: 1.0
Current total success rate: 0.7033248081841432

Task: pick up the ketchup and place it in the basket view 0 0 142 0 0 initstate 0
Success: True
# episodes completed so far: 783
# successes: 551 (70.4%)
Current task success rate: 1.0
Current total success rate: 0.7037037037037037

Task: pick up the ketchup and place it in the basket view 0 0 143 0 0 initstate 0
Success: True
# episodes completed so far: 784
# successes: 552 (70.4%)
Current task success rate: 1.0
Current total success rate: 0.7040816326530612

Task: pick up the ketchup and place it in the basket view 0 0 144 0 0 initstate 0
Success: True
# episodes completed so far: 785
# successes: 553 (70.4%)
Current task success rate: 1.0
Current total success rate: 0.7044585987261146

Task: pick up the ketchup and place it in the basket view 0 0 145 0 0 initstate 0
Success: True
# episodes completed so far: 786
# successes: 554 (70.5%)
Current task success rate: 1.0
Current total success rate: 0.7048346055979644

Task: pick up the ketchup and place it in the basket view 0 0 146 0 0 initstate 0
Success: True
# episodes completed so far: 787
# successes: 555 (70.5%)
Current task success rate: 1.0
Current total success rate: 0.7052096569250318

Task: pick up the ketchup and place it in the basket view 0 0 147 0 0 initstate 0
Success: True
# episodes completed so far: 788
# successes: 556 (70.6%)
Current task success rate: 1.0
Current total success rate: 0.7055837563451777

Task: pick up the ketchup and place it in the basket view 0 0 148 0 0 initstate 0
Success: True
# episodes completed so far: 789
# successes: 557 (70.6%)
Current task success rate: 1.0
Current total success rate: 0.70595690747782

Task: pick up the ketchup and place it in the basket view 0 0 149 0 0 initstate 0
Success: True
# episodes completed so far: 790
# successes: 558 (70.6%)
Current task success rate: 1.0
Current total success rate: 0.7063291139240506

Task: pick up the ketchup and place it in the basket view 0 0 150 0 0 initstate 0
Success: True
# episodes completed so far: 791
# successes: 559 (70.7%)
Current task success rate: 1.0
Current total success rate: 0.706700379266751

Task: pick up the ketchup and place it in the basket view 0 0 100 10 2 initstate 0
Success: True
# episodes completed so far: 792
# successes: 560 (70.7%)
Current task success rate: 1.0
Current total success rate: 0.7070707070707071

Task: pick up the ketchup and place it in the basket view 0 0 100 10 4 initstate 0
Success: False
# episodes completed so far: 793
# successes: 560 (70.6%)
Current task success rate: 0.0
Current total success rate: 0.7061790668348046

Task: pick up the ketchup and place it in the basket view 0 0 100 10 6 initstate 0
Success: False
# episodes completed so far: 794
# successes: 560 (70.5%)
Current task success rate: 0.0
Current total success rate: 0.7052896725440806

Task: pick up the ketchup and place it in the basket view 0 0 100 10 8 initstate 0
Success: False
# episodes completed so far: 795
# successes: 560 (70.4%)
Current task success rate: 0.0
Current total success rate: 0.7044025157232704

Task: pick up the ketchup and place it in the basket view 0 0 100 10 10 initstate 0
Success: False
# episodes completed so far: 796
# successes: 560 (70.4%)
Current task success rate: 0.0
Current total success rate: 0.7035175879396985

Task: pick up the ketchup and place it in the basket view 0 0 100 10 350 initstate 0
Success: False
# episodes completed so far: 797
# successes: 560 (70.3%)
Current task success rate: 0.0
Current total success rate: 0.7026348808030113

Task: pick up the ketchup and place it in the basket view 0 0 100 10 352 initstate 0
Success: False
# episodes completed so far: 798
# successes: 560 (70.2%)
Current task success rate: 0.0
Current total success rate: 0.7017543859649122

Task: pick up the ketchup and place it in the basket view 0 0 100 10 354 initstate 0
Success: False
# episodes completed so far: 799
# successes: 560 (70.1%)
Current task success rate: 0.0
Current total success rate: 0.7008760951188986

Task: pick up the ketchup and place it in the basket view 0 0 100 10 356 initstate 0
Success: False
# episodes completed so far: 800
# successes: 560 (70.0%)
Current task success rate: 0.0
Current total success rate: 0.7

Task: pick up the ketchup and place it in the basket view 0 0 100 10 358 initstate 0
Success: True
# episodes completed so far: 801
# successes: 561 (70.0%)
Current task success rate: 1.0
Current total success rate: 0.700374531835206

Task: pick up the ketchup and place it in the basket view 61 0 100 0 0 initstate 0
Success: False
# episodes completed so far: 802
# successes: 561 (70.0%)
Current task success rate: 0.0
Current total success rate: 0.699501246882793

Task: pick up the ketchup and place it in the basket view 61 15 100 0 0 initstate 0
Success: False
# episodes completed so far: 803
# successes: 561 (69.9%)
Current task success rate: 0.0
Current total success rate: 0.6986301369863014

Task: pick up the ketchup and place it in the basket view 62 0 100 0 0 initstate 0
Success: False
# episodes completed so far: 804
# successes: 561 (69.8%)
Current task success rate: 0.0
Current total success rate: 0.6977611940298507

Task: pick up the ketchup and place it in the basket view 63 0 100 0 0 initstate 0
Success: False
# episodes completed so far: 805
# successes: 561 (69.7%)
Current task success rate: 0.0
Current total success rate: 0.6968944099378882

Task: pick up the ketchup and place it in the basket view 63 15 100 0 0 initstate 0
Success: False
# episodes completed so far: 806
# successes: 561 (69.6%)
Current task success rate: 0.0
Current total success rate: 0.6960297766749379

Task: pick up the ketchup and place it in the basket view 64 15 100 0 0 initstate 0
Success: False
# episodes completed so far: 807
# successes: 561 (69.5%)
Current task success rate: 0.0
Current total success rate: 0.6951672862453532

Task: pick up the ketchup and place it in the basket view 65 0 100 0 0 initstate 0
Success: False
# episodes completed so far: 808
# successes: 561 (69.4%)
Current task success rate: 0.0
Current total success rate: 0.6943069306930693

Task: pick up the ketchup and place it in the basket view 65 15 100 0 0 initstate 0
Success: False
# episodes completed so far: 809
# successes: 561 (69.3%)
Current task success rate: 0.0
Current total success rate: 0.6934487021013597

Task: pick up the ketchup and place it in the basket view 66 0 100 0 0 initstate 0
Success: False
# episodes completed so far: 810
# successes: 561 (69.3%)
Current task success rate: 0.0
Current total success rate: 0.6925925925925925

Task: pick up the ketchup and place it in the basket view 66 15 100 0 0 initstate 0
Success: False
# episodes completed so far: 811
# successes: 561 (69.2%)
Current task success rate: 0.0
Current total success rate: 0.6917385943279901

Task: pick up the ketchup and place it in the basket view 67 0 100 0 0 initstate 0
Success: False
# episodes completed so far: 812
# successes: 561 (69.1%)
Current task success rate: 0.0
Current total success rate: 0.6908866995073891

Task: pick up the ketchup and place it in the basket view 67 15 100 0 0 initstate 0
Success: False
# episodes completed so far: 813
# successes: 561 (69.0%)
Current task success rate: 0.0
Current total success rate: 0.6900369003690037

Task: pick up the ketchup and place it in the basket view 68 0 100 0 0 initstate 0
Success: False
# episodes completed so far: 814
# successes: 561 (68.9%)
Current task success rate: 0.0
Current total success rate: 0.6891891891891891

Task: pick up the ketchup and place it in the basket view 68 15 100 0 0 initstate 0
Success: False
# episodes completed so far: 815
# successes: 561 (68.8%)
Current task success rate: 0.0
Current total success rate: 0.6883435582822086

Task: pick up the ketchup and place it in the basket view 69 0 100 0 0 initstate 0
Success: False
# episodes completed so far: 816
# successes: 561 (68.8%)
Current task success rate: 0.0
Current total success rate: 0.6875

Task: pick up the ketchup and place it in the basket view 70 0 100 0 0 initstate 0
Success: False
# episodes completed so far: 817
# successes: 561 (68.7%)
Current task success rate: 0.0
Current total success rate: 0.6866585067319462

Task: pick up the ketchup and place it in the basket view 70 15 100 0 0 initstate 0
Success: False
# episodes completed so far: 818
# successes: 561 (68.6%)
Current task success rate: 0.0
Current total success rate: 0.6858190709046454

Task: pick up the ketchup and place it in the basket view 71 0 100 0 0 initstate 0
Success: False
# episodes completed so far: 819
# successes: 561 (68.5%)
Current task success rate: 0.0
Current total success rate: 0.684981684981685

Task: pick up the ketchup and place it in the basket view 71 15 100 0 0 initstate 0
Success: False
# episodes completed so far: 820
# successes: 561 (68.4%)
Current task success rate: 0.0
Current total success rate: 0.6841463414634147

Task: pick up the ketchup and place it in the basket view 72 0 100 0 0 initstate 0
Success: False
# episodes completed so far: 821
# successes: 561 (68.3%)
Current task success rate: 0.0
Current total success rate: 0.6833130328867235

Task: pick up the ketchup and place it in the basket view 72 15 100 0 0 initstate 0
Success: False
# episodes completed so far: 822
# successes: 561 (68.2%)
Current task success rate: 0.0
Current total success rate: 0.6824817518248175

Task: pick up the ketchup and place it in the basket view 73 0 100 0 0 initstate 0
Success: False
# episodes completed so far: 823
# successes: 561 (68.2%)
Current task success rate: 0.0
Current total success rate: 0.6816524908869988

Task: pick up the ketchup and place it in the basket view 73 15 100 0 0 initstate 0
Success: False
# episodes completed so far: 824
# successes: 561 (68.1%)
Current task success rate: 0.0
Current total success rate: 0.6808252427184466

Task: pick up the ketchup and place it in the basket view 74 0 100 0 0 initstate 0
Success: False
# episodes completed so far: 825
# successes: 561 (68.0%)
Current task success rate: 0.0
Current total success rate: 0.68

Task: pick up the ketchup and place it in the basket view 74 15 100 0 0 initstate 0
Success: False
# episodes completed so far: 826
# successes: 561 (67.9%)
Current task success rate: 0.0
Current total success rate: 0.6791767554479419

Task: pick up the ketchup and place it in the basket view 75 0 100 0 0 initstate 0
Success: False
# episodes completed so far: 827
# successes: 561 (67.8%)
Current task success rate: 0.0
Current total success rate: 0.6783555018137848

Task: pick up the ketchup and place it in the basket view 75 15 100 0 0 initstate 0
Success: False
# episodes completed so far: 828
# successes: 561 (67.8%)
Current task success rate: 0.0
Current total success rate: 0.677536231884058

Task: pick up the tomato sauce and place it in the basket view 0 0 151 0 0 initstate 0
Success: True
# episodes completed so far: 829
# successes: 562 (67.8%)
Current task success rate: 1.0
Current total success rate: 0.6779252110977081

Task: pick up the tomato sauce and place it in the basket view 0 0 152 0 0 initstate 0
Success: False
# episodes completed so far: 830
# successes: 562 (67.7%)
Current task success rate: 0.0
Current total success rate: 0.6771084337349398

Task: pick up the tomato sauce and place it in the basket view 0 0 153 0 0 initstate 0
Success: False
# episodes completed so far: 831
# successes: 562 (67.6%)
Current task success rate: 0.0
Current total success rate: 0.6762936221419976

Task: pick up the tomato sauce and place it in the basket view 0 0 154 0 0 initstate 0
Success: False
# episodes completed so far: 832
# successes: 562 (67.5%)
Current task success rate: 0.0
Current total success rate: 0.6754807692307693

Task: pick up the tomato sauce and place it in the basket view 0 0 155 0 0 initstate 0
Success: False
# episodes completed so far: 833
# successes: 562 (67.5%)
Current task success rate: 0.0
Current total success rate: 0.6746698679471789

Task: pick up the tomato sauce and place it in the basket view 0 0 156 0 0 initstate 0
Success: False
# episodes completed so far: 834
# successes: 562 (67.4%)
Current task success rate: 0.0
Current total success rate: 0.6738609112709832

Task: pick up the tomato sauce and place it in the basket view 0 0 157 0 0 initstate 0
Success: False
# episodes completed so far: 835
# successes: 562 (67.3%)
Current task success rate: 0.0
Current total success rate: 0.6730538922155689

Task: pick up the tomato sauce and place it in the basket view 0 0 158 0 0 initstate 0
Success: False
# episodes completed so far: 836
# successes: 562 (67.2%)
Current task success rate: 0.0
Current total success rate: 0.6722488038277512

Task: pick up the tomato sauce and place it in the basket view 0 0 159 0 0 initstate 0
Success: False
# episodes completed so far: 837
# successes: 562 (67.1%)
Current task success rate: 0.0
Current total success rate: 0.6714456391875747

Task: pick up the tomato sauce and place it in the basket view 0 0 160 0 0 initstate 0
Success: False
# episodes completed so far: 838
# successes: 562 (67.1%)
Current task success rate: 0.0
Current total success rate: 0.6706443914081146

Task: pick up the tomato sauce and place it in the basket view 0 0 100 350 2 initstate 0
Success: False
# episodes completed so far: 839
# successes: 562 (67.0%)
Current task success rate: 0.0
Current total success rate: 0.6698450536352801

Task: pick up the tomato sauce and place it in the basket view 0 0 100 350 4 initstate 0
Success: False
# episodes completed so far: 840
# successes: 562 (66.9%)
Current task success rate: 0.0
Current total success rate: 0.669047619047619

Task: pick up the tomato sauce and place it in the basket view 0 0 100 350 6 initstate 0
Success: False
# episodes completed so far: 841
# successes: 562 (66.8%)
Current task success rate: 0.0
Current total success rate: 0.6682520808561236

Task: pick up the tomato sauce and place it in the basket view 0 0 100 350 8 initstate 0
Success: False
# episodes completed so far: 842
# successes: 562 (66.7%)
Current task success rate: 0.0
Current total success rate: 0.667458432304038

Task: pick up the tomato sauce and place it in the basket view 0 0 100 350 10 initstate 0
Success: False
# episodes completed so far: 843
# successes: 562 (66.7%)
Current task success rate: 0.0
Current total success rate: 0.6666666666666666

Task: pick up the tomato sauce and place it in the basket view 0 0 100 350 350 initstate 0
Success: False
# episodes completed so far: 844
# successes: 562 (66.6%)
Current task success rate: 0.0
Current total success rate: 0.6658767772511849

Task: pick up the tomato sauce and place it in the basket view 0 0 100 350 352 initstate 0
Success: False
# episodes completed so far: 845
# successes: 562 (66.5%)
Current task success rate: 0.0
Current total success rate: 0.6650887573964497

Task: pick up the tomato sauce and place it in the basket view 0 0 100 350 354 initstate 0
Success: False
# episodes completed so far: 846
# successes: 562 (66.4%)
Current task success rate: 0.0
Current total success rate: 0.6643026004728132

Task: pick up the tomato sauce and place it in the basket view 0 0 100 350 356 initstate 0
Success: False
# episodes completed so far: 847
# successes: 562 (66.4%)
Current task success rate: 0.0
Current total success rate: 0.6635182998819362

Task: pick up the tomato sauce and place it in the basket view 0 0 100 350 358 initstate 0
Success: False
# episodes completed so far: 848
# successes: 562 (66.3%)
Current task success rate: 0.0
Current total success rate: 0.6627358490566038

Task: pick up the tomato sauce and place it in the basket view 285 0 100 0 0 initstate 0
Success: False
# episodes completed so far: 849
# successes: 562 (66.2%)
Current task success rate: 0.0
Current total success rate: 0.6619552414605419

Task: pick up the tomato sauce and place it in the basket view 285 15 100 0 0 initstate 0
Success: False
# episodes completed so far: 850
# successes: 562 (66.1%)
Current task success rate: 0.0
Current total success rate: 0.6611764705882353

Task: pick up the tomato sauce and place it in the basket view 286 0 100 0 0 initstate 0
Success: False
# episodes completed so far: 851
# successes: 562 (66.0%)
Current task success rate: 0.0
Current total success rate: 0.6603995299647474

Task: pick up the tomato sauce and place it in the basket view 286 15 100 0 0 initstate 0
Success: False
# episodes completed so far: 852
# successes: 562 (66.0%)
Current task success rate: 0.0
Current total success rate: 0.6596244131455399

Task: pick up the tomato sauce and place it in the basket view 287 0 100 0 0 initstate 0
Success: False
# episodes completed so far: 853
# successes: 562 (65.9%)
Current task success rate: 0.0
Current total success rate: 0.6588511137162955

Task: pick up the tomato sauce and place it in the basket view 287 15 100 0 0 initstate 0
Success: False
# episodes completed so far: 854
# successes: 562 (65.8%)
Current task success rate: 0.0
Current total success rate: 0.65807962529274

Task: pick up the tomato sauce and place it in the basket view 288 0 100 0 0 initstate 0
Success: False
# episodes completed so far: 855
# successes: 562 (65.7%)
Current task success rate: 0.0
Current total success rate: 0.6573099415204678

Task: pick up the tomato sauce and place it in the basket view 288 15 100 0 0 initstate 0
Success: False
# episodes completed so far: 856
# successes: 562 (65.7%)
Current task success rate: 0.0
Current total success rate: 0.6565420560747663

Task: pick up the tomato sauce and place it in the basket view 289 0 100 0 0 initstate 0
Success: False
# episodes completed so far: 857
# successes: 562 (65.6%)
Current task success rate: 0.0
Current total success rate: 0.6557759626604434

Task: pick up the tomato sauce and place it in the basket view 289 15 100 0 0 initstate 0
Success: False
# episodes completed so far: 858
# successes: 562 (65.5%)
Current task success rate: 0.0
Current total success rate: 0.655011655011655

Task: pick up the tomato sauce and place it in the basket view 290 0 100 0 0 initstate 0
Success: False
# episodes completed so far: 859
# successes: 562 (65.4%)
Current task success rate: 0.0
Current total success rate: 0.6542491268917345

Task: pick up the tomato sauce and place it in the basket view 290 15 100 0 0 initstate 0
Success: False
# episodes completed so far: 860
# successes: 562 (65.3%)
Current task success rate: 0.0
Current total success rate: 0.6534883720930232

Task: pick up the tomato sauce and place it in the basket view 291 0 100 0 0 initstate 0
Success: False
# episodes completed so far: 861
# successes: 562 (65.3%)
Current task success rate: 0.0
Current total success rate: 0.6527293844367015

Task: pick up the tomato sauce and place it in the basket view 291 15 100 0 0 initstate 0
Success: False
# episodes completed so far: 862
# successes: 562 (65.2%)
Current task success rate: 0.0
Current total success rate: 0.6519721577726219

Task: pick up the tomato sauce and place it in the basket view 292 0 100 0 0 initstate 0
Success: False
# episodes completed so far: 863
# successes: 562 (65.1%)
Current task success rate: 0.0
Current total success rate: 0.6512166859791425

Task: pick up the tomato sauce and place it in the basket view 292 15 100 0 0 initstate 0
Success: False
# episodes completed so far: 864
# successes: 562 (65.0%)
Current task success rate: 0.0
Current total success rate: 0.6504629629629629

Task: pick up the tomato sauce and place it in the basket view 293 0 100 0 0 initstate 0
Success: False
# episodes completed so far: 865
# successes: 562 (65.0%)
Current task success rate: 0.0
Current total success rate: 0.6497109826589595

Task: pick up the tomato sauce and place it in the basket view 293 15 100 0 0 initstate 0
Success: False
# episodes completed so far: 866
# successes: 562 (64.9%)
Current task success rate: 0.0
Current total success rate: 0.648960739030023

Task: pick up the tomato sauce and place it in the basket view 294 0 100 0 0 initstate 0
Success: False
# episodes completed so far: 867
# successes: 562 (64.8%)
Current task success rate: 0.0
Current total success rate: 0.6482122260668973

Task: pick up the tomato sauce and place it in the basket view 294 15 100 0 0 initstate 0
Success: False
# episodes completed so far: 868
# successes: 562 (64.7%)
Current task success rate: 0.0
Current total success rate: 0.6474654377880185

Task: pick up the tomato sauce and place it in the basket view 295 0 100 0 0 initstate 0
Success: False
# episodes completed so far: 869
# successes: 562 (64.7%)
Current task success rate: 0.0
Current total success rate: 0.6467203682393556

Task: pick up the tomato sauce and place it in the basket view 295 15 100 0 0 initstate 0
Success: False
# episodes completed so far: 870
# successes: 562 (64.6%)
Current task success rate: 0.0
Current total success rate: 0.6459770114942529

Task: pick up the tomato sauce and place it in the basket view 296 0 100 0 0 initstate 0
Success: False
# episodes completed so far: 871
# successes: 562 (64.5%)
Current task success rate: 0.0
Current total success rate: 0.6452353616532721

Task: pick up the tomato sauce and place it in the basket view 296 15 100 0 0 initstate 0
Success: False
# episodes completed so far: 872
# successes: 562 (64.4%)
Current task success rate: 0.0
Current total success rate: 0.6444954128440367

Task: pick up the tomato sauce and place it in the basket view 297 0 100 0 0 initstate 0
Success: False
# episodes completed so far: 873
# successes: 562 (64.4%)
Current task success rate: 0.0
Current total success rate: 0.6437571592210768

Task: pick up the tomato sauce and place it in the basket view 297 15 100 0 0 initstate 0
Success: False
# episodes completed so far: 874
# successes: 562 (64.3%)
Current task success rate: 0.0
Current total success rate: 0.6430205949656751

Task: pick up the tomato sauce and place it in the basket view 298 0 100 0 0 initstate 0
Success: False
# episodes completed so far: 875
# successes: 562 (64.2%)
Current task success rate: 0.0
Current total success rate: 0.6422857142857142

Task: pick up the tomato sauce and place it in the basket view 298 15 100 0 0 initstate 0
Success: False
# episodes completed so far: 876
# successes: 562 (64.2%)
Current task success rate: 0.0
Current total success rate: 0.6415525114155252

Task: pick up the tomato sauce and place it in the basket view 299 0 100 0 0 initstate 0
Success: False
# episodes completed so far: 877
# successes: 562 (64.1%)
Current task success rate: 0.0
Current total success rate: 0.6408209806157354

Task: pick up the tomato sauce and place it in the basket view 299 15 100 0 0 initstate 0
Success: False
# episodes completed so far: 878
# successes: 562 (64.0%)
Current task success rate: 0.0
Current total success rate: 0.6400911161731208

Task: pick up the butter and place it in the basket view 0 0 161 0 0 initstate 0
Success: False
# episodes completed so far: 879
# successes: 562 (63.9%)
Current task success rate: 0.0
Current total success rate: 0.6393629124004551

Task: pick up the butter and place it in the basket view 0 0 162 0 0 initstate 0
Success: True
# episodes completed so far: 880
# successes: 563 (64.0%)
Current task success rate: 1.0
Current total success rate: 0.6397727272727273

Task: pick up the butter and place it in the basket view 0 0 163 0 0 initstate 0
Success: True
# episodes completed so far: 881
# successes: 564 (64.0%)
Current task success rate: 1.0
Current total success rate: 0.6401816118047673

Task: pick up the butter and place it in the basket view 0 0 164 0 0 initstate 0
Success: True
# episodes completed so far: 882
# successes: 565 (64.1%)
Current task success rate: 1.0
Current total success rate: 0.6405895691609977

Task: pick up the butter and place it in the basket view 0 0 165 0 0 initstate 0
Success: False
# episodes completed so far: 883
# successes: 565 (64.0%)
Current task success rate: 0.0
Current total success rate: 0.6398640996602492

Task: pick up the butter and place it in the basket view 0 0 166 0 0 initstate 0
Success: True
# episodes completed so far: 884
# successes: 566 (64.0%)
Current task success rate: 1.0
Current total success rate: 0.6402714932126696

Task: pick up the butter and place it in the basket view 0 0 167 0 0 initstate 0
Success: False
# episodes completed so far: 885
# successes: 566 (64.0%)
Current task success rate: 0.0
Current total success rate: 0.63954802259887

Task: pick up the butter and place it in the basket view 0 0 168 0 0 initstate 0
Success: False
# episodes completed so far: 886
# successes: 566 (63.9%)
Current task success rate: 0.0
Current total success rate: 0.6388261851015802

Task: pick up the butter and place it in the basket view 0 0 169 0 0 initstate 0
Success: True
# episodes completed so far: 887
# successes: 567 (63.9%)
Current task success rate: 1.0
Current total success rate: 0.6392333709131905

Task: pick up the butter and place it in the basket view 0 0 170 0 0 initstate 0
Success: True
# episodes completed so far: 888
# successes: 568 (64.0%)
Current task success rate: 1.0
Current total success rate: 0.6396396396396397

Task: pick up the butter and place it in the basket view 0 0 100 352 2 initstate 0
Success: True
# episodes completed so far: 889
# successes: 569 (64.0%)
Current task success rate: 1.0
Current total success rate: 0.6400449943757031

Task: pick up the butter and place it in the basket view 0 0 100 352 4 initstate 0
Success: False
# episodes completed so far: 890
# successes: 569 (63.9%)
Current task success rate: 0.0
Current total success rate: 0.6393258426966292

Task: pick up the butter and place it in the basket view 0 0 100 352 6 initstate 0
Success: True
# episodes completed so far: 891
# successes: 570 (64.0%)
Current task success rate: 1.0
Current total success rate: 0.6397306397306397

Task: pick up the butter and place it in the basket view 0 0 100 352 10 initstate 0
Success: False
# episodes completed so far: 892
# successes: 570 (63.9%)
Current task success rate: 0.0
Current total success rate: 0.6390134529147982

Task: pick up the butter and place it in the basket view 0 0 100 352 350 initstate 0
Success: False
# episodes completed so far: 893
# successes: 570 (63.8%)
Current task success rate: 0.0
Current total success rate: 0.6382978723404256

Task: pick up the butter and place it in the basket view 0 0 100 352 352 initstate 0
Success: False
# episodes completed so far: 894
# successes: 570 (63.8%)
Current task success rate: 0.0
Current total success rate: 0.6375838926174496

Task: pick up the butter and place it in the basket view 0 0 100 352 354 initstate 0
Success: False
# episodes completed so far: 895
# successes: 570 (63.7%)
Current task success rate: 0.0
Current total success rate: 0.6368715083798883

Task: pick up the butter and place it in the basket view 0 0 100 352 356 initstate 0
Success: False
# episodes completed so far: 896
# successes: 570 (63.6%)
Current task success rate: 0.0
Current total success rate: 0.6361607142857143

Task: pick up the butter and place it in the basket view 0 0 100 352 358 initstate 0
Success: False
# episodes completed so far: 897
# successes: 570 (63.5%)
Current task success rate: 0.0
Current total success rate: 0.6354515050167224

Task: pick up the butter and place it in the basket view 300 0 100 0 0 initstate 0
Success: False
# episodes completed so far: 898
# successes: 570 (63.5%)
Current task success rate: 0.0
Current total success rate: 0.6347438752783965

Task: pick up the butter and place it in the basket view 300 15 100 0 0 initstate 0
Success: False
# episodes completed so far: 899
# successes: 570 (63.4%)
Current task success rate: 0.0
Current total success rate: 0.6340378197997776

Task: pick up the butter and place it in the basket view 301 0 100 0 0 initstate 0
Success: False
# episodes completed so far: 900
# successes: 570 (63.3%)
Current task success rate: 0.0
Current total success rate: 0.6333333333333333

Task: pick up the butter and place it in the basket view 301 15 100 0 0 initstate 0
Success: False
# episodes completed so far: 901
# successes: 570 (63.3%)
Current task success rate: 0.0
Current total success rate: 0.632630410654828

Task: pick up the butter and place it in the basket view 302 0 100 0 0 initstate 0
Success: False
# episodes completed so far: 902
# successes: 570 (63.2%)
Current task success rate: 0.0
Current total success rate: 0.6319290465631929

Task: pick up the butter and place it in the basket view 302 15 100 0 0 initstate 0
Success: False
# episodes completed so far: 903
# successes: 570 (63.1%)
Current task success rate: 0.0
Current total success rate: 0.6312292358803987

Task: pick up the butter and place it in the basket view 303 0 100 0 0 initstate 0
Success: False
# episodes completed so far: 904
# successes: 570 (63.1%)
Current task success rate: 0.0
Current total success rate: 0.6305309734513275

Task: pick up the butter and place it in the basket view 303 15 100 0 0 initstate 0
Success: False
# episodes completed so far: 905
# successes: 570 (63.0%)
Current task success rate: 0.0
Current total success rate: 0.6298342541436464

Task: pick up the butter and place it in the basket view 304 0 100 0 0 initstate 0
Success: False
# episodes completed so far: 906
# successes: 570 (62.9%)
Current task success rate: 0.0
Current total success rate: 0.6291390728476821

Task: pick up the butter and place it in the basket view 304 15 100 0 0 initstate 0
Success: False
# episodes completed so far: 907
# successes: 570 (62.8%)
Current task success rate: 0.0
Current total success rate: 0.6284454244762955

Task: pick up the butter and place it in the basket view 305 0 100 0 0 initstate 0
Success: False
# episodes completed so far: 908
# successes: 570 (62.8%)
Current task success rate: 0.0
Current total success rate: 0.6277533039647577

Task: pick up the butter and place it in the basket view 305 15 100 0 0 initstate 0
Success: False
# episodes completed so far: 909
# successes: 570 (62.7%)
Current task success rate: 0.0
Current total success rate: 0.6270627062706271

Task: pick up the butter and place it in the basket view 306 0 100 0 0 initstate 0
Success: False
# episodes completed so far: 910
# successes: 570 (62.6%)
Current task success rate: 0.0
Current total success rate: 0.6263736263736264

Task: pick up the butter and place it in the basket view 306 15 100 0 0 initstate 0
Success: False
# episodes completed so far: 911
# successes: 570 (62.6%)
Current task success rate: 0.0
Current total success rate: 0.6256860592755215

Task: pick up the butter and place it in the basket view 307 0 100 0 0 initstate 0
Success: False
# episodes completed so far: 912
# successes: 570 (62.5%)
Current task success rate: 0.0
Current total success rate: 0.625

Task: pick up the butter and place it in the basket view 307 15 100 0 0 initstate 0
Success: False
# episodes completed so far: 913
# successes: 570 (62.4%)
Current task success rate: 0.0
Current total success rate: 0.624315443592552

Task: pick up the butter and place it in the basket view 308 0 100 0 0 initstate 0
Success: False
# episodes completed so far: 914
# successes: 570 (62.4%)
Current task success rate: 0.0
Current total success rate: 0.6236323851203501

Task: pick up the butter and place it in the basket view 308 15 100 0 0 initstate 0
Success: False
# episodes completed so far: 915
# successes: 570 (62.3%)
Current task success rate: 0.0
Current total success rate: 0.6229508196721312

Task: pick up the butter and place it in the basket view 309 0 100 0 0 initstate 0
Success: False
# episodes completed so far: 916
# successes: 570 (62.2%)
Current task success rate: 0.0
Current total success rate: 0.6222707423580786

Task: pick up the butter and place it in the basket view 309 15 100 0 0 initstate 0
Success: False
# episodes completed so far: 917
# successes: 570 (62.2%)
Current task success rate: 0.0
Current total success rate: 0.6215921483097055

Task: pick up the butter and place it in the basket view 310 0 100 0 0 initstate 0
Success: False
# episodes completed so far: 918
# successes: 570 (62.1%)
Current task success rate: 0.0
Current total success rate: 0.6209150326797386

Task: pick up the butter and place it in the basket view 310 15 100 0 0 initstate 0
Success: False
# episodes completed so far: 919
# successes: 570 (62.0%)
Current task success rate: 0.0
Current total success rate: 0.6202393906420022

Task: pick up the butter and place it in the basket view 311 0 100 0 0 initstate 0
Success: False
# episodes completed so far: 920
# successes: 570 (62.0%)
Current task success rate: 0.0
Current total success rate: 0.6195652173913043

Task: pick up the butter and place it in the basket view 311 15 100 0 0 initstate 0
Success: False
# episodes completed so far: 921
# successes: 570 (61.9%)
Current task success rate: 0.0
Current total success rate: 0.6188925081433225

Task: pick up the butter and place it in the basket view 312 0 100 0 0 initstate 0
Success: False
# episodes completed so far: 922
# successes: 570 (61.8%)
Current task success rate: 0.0
Current total success rate: 0.6182212581344902

Task: pick up the butter and place it in the basket view 312 15 100 0 0 initstate 0
Success: False
# episodes completed so far: 923
# successes: 570 (61.8%)
Current task success rate: 0.0
Current total success rate: 0.6175514626218852

Task: pick up the butter and place it in the basket view 313 0 100 0 0 initstate 0
Success: False
# episodes completed so far: 924
# successes: 570 (61.7%)
Current task success rate: 0.0
Current total success rate: 0.6168831168831169

Task: pick up the butter and place it in the basket view 313 15 100 0 0 initstate 0
Success: False
# episodes completed so far: 925
# successes: 570 (61.6%)
Current task success rate: 0.0
Current total success rate: 0.6162162162162163

Task: pick up the butter and place it in the basket view 314 0 100 0 0 initstate 0
Success: False
# episodes completed so far: 926
# successes: 570 (61.6%)
Current task success rate: 0.0
Current total success rate: 0.6155507559395248

Task: pick up the butter and place it in the basket view 314 15 100 0 0 initstate 0
Success: False
# episodes completed so far: 927
# successes: 570 (61.5%)
Current task success rate: 0.0
Current total success rate: 0.6148867313915858

Task: pick up the milk and place it in the basket view 0 0 171 0 0 initstate 0
Success: True
# episodes completed so far: 928
# successes: 571 (61.5%)
Current task success rate: 1.0
Current total success rate: 0.615301724137931

Task: pick up the milk and place it in the basket view 0 0 172 0 0 initstate 0
Success: True
# episodes completed so far: 929
# successes: 572 (61.6%)
Current task success rate: 1.0
Current total success rate: 0.6157158234660925

Task: pick up the milk and place it in the basket view 0 0 173 0 0 initstate 0
Success: True
# episodes completed so far: 930
# successes: 573 (61.6%)
Current task success rate: 1.0
Current total success rate: 0.6161290322580645

Task: pick up the milk and place it in the basket view 0 0 174 0 0 initstate 0
Success: False
# episodes completed so far: 931
# successes: 573 (61.5%)
Current task success rate: 0.0
Current total success rate: 0.6154672395273899

Task: pick up the milk and place it in the basket view 0 0 175 0 0 initstate 0
Success: True
# episodes completed so far: 932
# successes: 574 (61.6%)
Current task success rate: 1.0
Current total success rate: 0.6158798283261803

Task: pick up the milk and place it in the basket view 0 0 176 0 0 initstate 0
Success: False
# episodes completed so far: 933
# successes: 574 (61.5%)
Current task success rate: 0.0
Current total success rate: 0.6152197213290461

Task: pick up the milk and place it in the basket view 0 0 177 0 0 initstate 0
Success: False
# episodes completed so far: 934
# successes: 574 (61.5%)
Current task success rate: 0.0
Current total success rate: 0.6145610278372591

Task: pick up the milk and place it in the basket view 0 0 178 0 0 initstate 0
Success: False
# episodes completed so far: 935
# successes: 574 (61.4%)
Current task success rate: 0.0
Current total success rate: 0.613903743315508

Task: pick up the milk and place it in the basket view 0 0 179 0 0 initstate 0
Success: False
# episodes completed so far: 936
# successes: 574 (61.3%)
Current task success rate: 0.0
Current total success rate: 0.6132478632478633

Task: pick up the milk and place it in the basket view 0 0 180 0 0 initstate 0
Success: False
# episodes completed so far: 937
# successes: 574 (61.3%)
Current task success rate: 0.0
Current total success rate: 0.6125933831376734

Task: pick up the milk and place it in the basket view 0 0 100 354 2 initstate 0
Success: True
# episodes completed so far: 938
# successes: 575 (61.3%)
Current task success rate: 1.0
Current total success rate: 0.6130063965884861

Task: pick up the milk and place it in the basket view 0 0 100 354 4 initstate 0
Success: True
# episodes completed so far: 939
# successes: 576 (61.3%)
Current task success rate: 1.0
Current total success rate: 0.6134185303514377

Task: pick up the milk and place it in the basket view 0 0 100 354 6 initstate 0
Success: False
# episodes completed so far: 940
# successes: 576 (61.3%)
Current task success rate: 0.0
Current total success rate: 0.6127659574468085

Task: pick up the milk and place it in the basket view 0 0 100 354 10 initstate 0
Success: False
# episodes completed so far: 941
# successes: 576 (61.2%)
Current task success rate: 0.0
Current total success rate: 0.61211477151966

Task: pick up the milk and place it in the basket view 0 0 100 354 350 initstate 0
Success: False
# episodes completed so far: 942
# successes: 576 (61.1%)
Current task success rate: 0.0
Current total success rate: 0.6114649681528662

Task: pick up the milk and place it in the basket view 0 0 100 354 352 initstate 0
Success: False
# episodes completed so far: 943
# successes: 576 (61.1%)
Current task success rate: 0.0
Current total success rate: 0.6108165429480382

Task: pick up the milk and place it in the basket view 0 0 100 354 354 initstate 0
Success: False
# episodes completed so far: 944
# successes: 576 (61.0%)
Current task success rate: 0.0
Current total success rate: 0.6101694915254238

Task: pick up the milk and place it in the basket view 0 0 100 354 356 initstate 0
Success: False
# episodes completed so far: 945
# successes: 576 (61.0%)
Current task success rate: 0.0
Current total success rate: 0.6095238095238096

Task: pick up the milk and place it in the basket view 0 0 100 354 358 initstate 0
Success: False
# episodes completed so far: 946
# successes: 576 (60.9%)
Current task success rate: 0.0
Current total success rate: 0.6088794926004228

Task: pick up the milk and place it in the basket view 315 0 100 0 0 initstate 0
Success: False
# episodes completed so far: 947
# successes: 576 (60.8%)
Current task success rate: 0.0
Current total success rate: 0.6082365364308342

Task: pick up the milk and place it in the basket view 315 15 100 0 0 initstate 0
Success: False
# episodes completed so far: 948
# successes: 576 (60.8%)
Current task success rate: 0.0
Current total success rate: 0.6075949367088608

Task: pick up the milk and place it in the basket view 316 0 100 0 0 initstate 0
Success: False
# episodes completed so far: 949
# successes: 576 (60.7%)
Current task success rate: 0.0
Current total success rate: 0.60695468914647

Task: pick up the milk and place it in the basket view 316 15 100 0 0 initstate 0
Success: False
# episodes completed so far: 950
# successes: 576 (60.6%)
Current task success rate: 0.0
Current total success rate: 0.6063157894736843

Task: pick up the milk and place it in the basket view 317 0 100 0 0 initstate 0
Success: False
# episodes completed so far: 951
# successes: 576 (60.6%)
Current task success rate: 0.0
Current total success rate: 0.6056782334384858

Task: pick up the milk and place it in the basket view 317 15 100 0 0 initstate 0
Success: False
# episodes completed so far: 952
# successes: 576 (60.5%)
Current task success rate: 0.0
Current total success rate: 0.6050420168067226

Task: pick up the milk and place it in the basket view 318 0 100 0 0 initstate 0
Success: False
# episodes completed so far: 953
# successes: 576 (60.4%)
Current task success rate: 0.0
Current total success rate: 0.6044071353620147

Task: pick up the milk and place it in the basket view 318 15 100 0 0 initstate 0
Success: False
# episodes completed so far: 954
# successes: 576 (60.4%)
Current task success rate: 0.0
Current total success rate: 0.6037735849056604

Task: pick up the milk and place it in the basket view 319 0 100 0 0 initstate 0
Success: False
# episodes completed so far: 955
# successes: 576 (60.3%)
Current task success rate: 0.0
Current total success rate: 0.6031413612565445

Task: pick up the milk and place it in the basket view 319 15 100 0 0 initstate 0
Success: False
# episodes completed so far: 956
# successes: 576 (60.3%)
Current task success rate: 0.0
Current total success rate: 0.602510460251046

Task: pick up the milk and place it in the basket view 320 0 100 0 0 initstate 0
Success: False
# episodes completed so far: 957
# successes: 576 (60.2%)
Current task success rate: 0.0
Current total success rate: 0.6018808777429467

Task: pick up the milk and place it in the basket view 320 15 100 0 0 initstate 0
Success: False
# episodes completed so far: 958
# successes: 576 (60.1%)
Current task success rate: 0.0
Current total success rate: 0.6012526096033403

Task: pick up the milk and place it in the basket view 321 0 100 0 0 initstate 0
Success: False
# episodes completed so far: 959
# successes: 576 (60.1%)
Current task success rate: 0.0
Current total success rate: 0.6006256517205423

Task: pick up the milk and place it in the basket view 321 15 100 0 0 initstate 0
Success: False
# episodes completed so far: 960
# successes: 576 (60.0%)
Current task success rate: 0.0
Current total success rate: 0.6

Task: pick up the milk and place it in the basket view 322 0 100 0 0 initstate 0
Success: False
# episodes completed so far: 961
# successes: 576 (59.9%)
Current task success rate: 0.0
Current total success rate: 0.5993756503642039

Task: pick up the milk and place it in the basket view 322 15 100 0 0 initstate 0
Success: False
# episodes completed so far: 962
# successes: 576 (59.9%)
Current task success rate: 0.0
Current total success rate: 0.5987525987525988

Task: pick up the milk and place it in the basket view 323 0 100 0 0 initstate 0
Success: False
# episodes completed so far: 963
# successes: 576 (59.8%)
Current task success rate: 0.0
Current total success rate: 0.5981308411214953

Task: pick up the milk and place it in the basket view 323 15 100 0 0 initstate 0
Success: False
# episodes completed so far: 964
# successes: 576 (59.8%)
Current task success rate: 0.0
Current total success rate: 0.5975103734439834

Task: pick up the milk and place it in the basket view 324 0 100 0 0 initstate 0
Success: False
# episodes completed so far: 965
# successes: 576 (59.7%)
Current task success rate: 0.0
Current total success rate: 0.5968911917098445

Task: pick up the milk and place it in the basket view 324 15 100 0 0 initstate 0
Success: False
# episodes completed so far: 966
# successes: 576 (59.6%)
Current task success rate: 0.0
Current total success rate: 0.5962732919254659

Task: pick up the milk and place it in the basket view 325 15 100 0 0 initstate 0
Success: False
# episodes completed so far: 967
# successes: 576 (59.6%)
Current task success rate: 0.0
Current total success rate: 0.5956566701137539

Task: pick up the milk and place it in the basket view 326 0 100 0 0 initstate 0
Success: False
# episodes completed so far: 968
# successes: 576 (59.5%)
Current task success rate: 0.0
Current total success rate: 0.5950413223140496

Task: pick up the milk and place it in the basket view 326 15 100 0 0 initstate 0
Success: False
# episodes completed so far: 969
# successes: 576 (59.4%)
Current task success rate: 0.0
Current total success rate: 0.5944272445820433

Task: pick up the milk and place it in the basket view 327 0 100 0 0 initstate 0
Success: False
# episodes completed so far: 970
# successes: 576 (59.4%)
Current task success rate: 0.0
Current total success rate: 0.5938144329896907

Task: pick up the milk and place it in the basket view 327 15 100 0 0 initstate 0
Success: False
# episodes completed so far: 971
# successes: 576 (59.3%)
Current task success rate: 0.0
Current total success rate: 0.5932028836251287

Task: pick up the milk and place it in the basket view 328 0 100 0 0 initstate 0
Success: False
# episodes completed so far: 972
# successes: 576 (59.3%)
Current task success rate: 0.0
Current total success rate: 0.5925925925925926

Task: pick up the milk and place it in the basket view 328 15 100 0 0 initstate 0
Success: False
# episodes completed so far: 973
# successes: 576 (59.2%)
Current task success rate: 0.0
Current total success rate: 0.591983556012333

Task: pick up the milk and place it in the basket view 329 0 100 0 0 initstate 0
Success: False
# episodes completed so far: 974
# successes: 576 (59.1%)
Current task success rate: 0.0
Current total success rate: 0.5913757700205339

Task: pick up the milk and place it in the basket view 329 15 100 0 0 initstate 0
Success: False
# episodes completed so far: 975
# successes: 576 (59.1%)
Current task success rate: 0.0
Current total success rate: 0.5907692307692308

Task: pick up the chocolate pudding and place it in the basket view 0 0 181 0 0 initstate 0
Success: False
# episodes completed so far: 976
# successes: 576 (59.0%)
Current task success rate: 0.0
Current total success rate: 0.5901639344262295

Task: pick up the chocolate pudding and place it in the basket view 0 0 182 0 0 initstate 0
Success: False
# episodes completed so far: 977
# successes: 576 (59.0%)
Current task success rate: 0.0
Current total success rate: 0.5895598771750256

Task: pick up the chocolate pudding and place it in the basket view 0 0 183 0 0 initstate 0
Success: False
# episodes completed so far: 978
# successes: 576 (58.9%)
Current task success rate: 0.0
Current total success rate: 0.588957055214724

Task: pick up the chocolate pudding and place it in the basket view 0 0 184 0 0 initstate 0
Success: False
# episodes completed so far: 979
# successes: 576 (58.8%)
Current task success rate: 0.0
Current total success rate: 0.5883554647599591

Task: pick up the chocolate pudding and place it in the basket view 0 0 185 0 0 initstate 0
Success: False
# episodes completed so far: 980
# successes: 576 (58.8%)
Current task success rate: 0.0
Current total success rate: 0.5877551020408164

Task: pick up the chocolate pudding and place it in the basket view 0 0 186 0 0 initstate 0
Success: False
# episodes completed so far: 981
# successes: 576 (58.7%)
Current task success rate: 0.0
Current total success rate: 0.5871559633027523

Task: pick up the chocolate pudding and place it in the basket view 0 0 187 0 0 initstate 0
Success: False
# episodes completed so far: 982
# successes: 576 (58.7%)
Current task success rate: 0.0
Current total success rate: 0.5865580448065173

Task: pick up the chocolate pudding and place it in the basket view 0 0 188 0 0 initstate 0
Success: False
# episodes completed so far: 983
# successes: 576 (58.6%)
Current task success rate: 0.0
Current total success rate: 0.5859613428280773

Task: pick up the chocolate pudding and place it in the basket view 0 0 189 0 0 initstate 0
Success: False
# episodes completed so far: 984
# successes: 576 (58.5%)
Current task success rate: 0.0
Current total success rate: 0.5853658536585366

Task: pick up the chocolate pudding and place it in the basket view 0 0 190 0 0 initstate 0
Success: False
# episodes completed so far: 985
# successes: 576 (58.5%)
Current task success rate: 0.0
Current total success rate: 0.584771573604061

Task: pick up the chocolate pudding and place it in the basket view 0 0 100 356 10 initstate 0
Success: True
# episodes completed so far: 986
# successes: 577 (58.5%)
Current task success rate: 1.0
Current total success rate: 0.5851926977687627

Task: pick up the chocolate pudding and place it in the basket view 0 0 100 356 350 initstate 0
Success: False
# episodes completed so far: 987
# successes: 577 (58.5%)
Current task success rate: 0.0
Current total success rate: 0.5845997973657548

Task: pick up the chocolate pudding and place it in the basket view 0 0 100 356 352 initstate 0
Success: False
# episodes completed so far: 988
# successes: 577 (58.4%)
Current task success rate: 0.0
Current total success rate: 0.5840080971659919

Task: pick up the chocolate pudding and place it in the basket view 0 0 100 356 354 initstate 0
Success: False
# episodes completed so far: 989
# successes: 577 (58.3%)
Current task success rate: 0.0
Current total success rate: 0.583417593528817

Task: pick up the chocolate pudding and place it in the basket view 330 0 100 0 0 initstate 0
Success: False
# episodes completed so far: 990
# successes: 577 (58.3%)
Current task success rate: 0.0
Current total success rate: 0.5828282828282828

Task: pick up the chocolate pudding and place it in the basket view 330 15 100 0 0 initstate 0
Success: False
# episodes completed so far: 991
# successes: 577 (58.2%)
Current task success rate: 0.0
Current total success rate: 0.5822401614530777

Task: pick up the chocolate pudding and place it in the basket view 331 0 100 0 0 initstate 0
Success: False
# episodes completed so far: 992
# successes: 577 (58.2%)
Current task success rate: 0.0
Current total success rate: 0.5816532258064516

Task: pick up the chocolate pudding and place it in the basket view 331 15 100 0 0 initstate 0
Success: True
# episodes completed so far: 993
# successes: 578 (58.2%)
Current task success rate: 1.0
Current total success rate: 0.5820745216515609

Task: pick up the chocolate pudding and place it in the basket view 332 0 100 0 0 initstate 0
Success: True
# episodes completed so far: 994
# successes: 579 (58.2%)
Current task success rate: 1.0
Current total success rate: 0.5824949698189135

Task: pick up the chocolate pudding and place it in the basket view 332 15 100 0 0 initstate 0
Success: True
# episodes completed so far: 995
# successes: 580 (58.3%)
Current task success rate: 1.0
Current total success rate: 0.5829145728643216

Task: pick up the chocolate pudding and place it in the basket view 333 0 100 0 0 initstate 0
Success: True
# episodes completed so far: 996
# successes: 581 (58.3%)
Current task success rate: 1.0
Current total success rate: 0.5833333333333334

Task: pick up the chocolate pudding and place it in the basket view 333 15 100 0 0 initstate 0
Success: True
# episodes completed so far: 997
# successes: 582 (58.4%)
Current task success rate: 1.0
Current total success rate: 0.5837512537612839

Task: pick up the chocolate pudding and place it in the basket view 334 0 100 0 0 initstate 0
Success: True
# episodes completed so far: 998
# successes: 583 (58.4%)
Current task success rate: 1.0
Current total success rate: 0.5841683366733467

Task: pick up the chocolate pudding and place it in the basket view 334 15 100 0 0 initstate 0
Success: True
# episodes completed so far: 999
# successes: 584 (58.5%)
Current task success rate: 1.0
Current total success rate: 0.5845845845845846

Task: pick up the chocolate pudding and place it in the basket view 335 0 100 0 0 initstate 0
Success: True
# episodes completed so far: 1000
# successes: 585 (58.5%)
Current task success rate: 1.0
Current total success rate: 0.585

Task: pick up the chocolate pudding and place it in the basket view 335 15 100 0 0 initstate 0
Success: True
# episodes completed so far: 1001
# successes: 586 (58.5%)
Current task success rate: 1.0
Current total success rate: 0.5854145854145855

Task: pick up the chocolate pudding and place it in the basket view 336 0 100 0 0 initstate 0
Success: True
# episodes completed so far: 1002
# successes: 587 (58.6%)
Current task success rate: 1.0
Current total success rate: 0.5858283433133733

Task: pick up the chocolate pudding and place it in the basket view 336 15 100 0 0 initstate 0
Success: True
# episodes completed so far: 1003
# successes: 588 (58.6%)
Current task success rate: 1.0
Current total success rate: 0.5862412761714856

Task: pick up the chocolate pudding and place it in the basket view 337 0 100 0 0 initstate 0
Success: True
# episodes completed so far: 1004
# successes: 589 (58.7%)
Current task success rate: 1.0
Current total success rate: 0.5866533864541833

Task: pick up the chocolate pudding and place it in the basket view 337 15 100 0 0 initstate 0
Success: True
# episodes completed so far: 1005
# successes: 590 (58.7%)
Current task success rate: 1.0
Current total success rate: 0.5870646766169154

Task: pick up the chocolate pudding and place it in the basket view 338 0 100 0 0 initstate 0
Success: True
# episodes completed so far: 1006
# successes: 591 (58.7%)
Current task success rate: 1.0
Current total success rate: 0.5874751491053678

Task: pick up the chocolate pudding and place it in the basket view 338 15 100 0 0 initstate 0
Success: True
# episodes completed so far: 1007
# successes: 592 (58.8%)
Current task success rate: 1.0
Current total success rate: 0.5878848063555114

Task: pick up the chocolate pudding and place it in the basket view 339 0 100 0 0 initstate 0
Success: True
# episodes completed so far: 1008
# successes: 593 (58.8%)
Current task success rate: 1.0
Current total success rate: 0.5882936507936508

Task: pick up the chocolate pudding and place it in the basket view 339 15 100 0 0 initstate 0
Success: True
# episodes completed so far: 1009
# successes: 594 (58.9%)
Current task success rate: 1.0
Current total success rate: 0.5887016848364718

Task: pick up the chocolate pudding and place it in the basket view 340 0 100 0 0 initstate 0
Success: True
# episodes completed so far: 1010
# successes: 595 (58.9%)
Current task success rate: 1.0
Current total success rate: 0.5891089108910891

Task: pick up the chocolate pudding and place it in the basket view 340 15 100 0 0 initstate 0
Success: True
# episodes completed so far: 1011
# successes: 596 (59.0%)
Current task success rate: 1.0
Current total success rate: 0.5895153313550939

Task: pick up the chocolate pudding and place it in the basket view 341 15 100 0 0 initstate 0
Success: True
# episodes completed so far: 1012
# successes: 597 (59.0%)
Current task success rate: 1.0
Current total success rate: 0.5899209486166008

Task: pick up the chocolate pudding and place it in the basket view 342 0 100 0 0 initstate 0
Success: True
# episodes completed so far: 1013
# successes: 598 (59.0%)
Current task success rate: 1.0
Current total success rate: 0.5903257650542941

Task: pick up the chocolate pudding and place it in the basket view 342 15 100 0 0 initstate 0
Success: True
# episodes completed so far: 1014
# successes: 599 (59.1%)
Current task success rate: 1.0
Current total success rate: 0.5907297830374754

Task: pick up the chocolate pudding and place it in the basket view 343 15 100 0 0 initstate 0
Success: True
# episodes completed so far: 1015
# successes: 600 (59.1%)
Current task success rate: 1.0
Current total success rate: 0.5911330049261084

Task: pick up the chocolate pudding and place it in the basket view 344 15 100 0 0 initstate 0
Success: True
# episodes completed so far: 1016
# successes: 601 (59.2%)
Current task success rate: 1.0
Current total success rate: 0.5915354330708661

Task: pick up the orange juice and place it in the basket view 0 0 191 0 0 initstate 0
Success: False
# episodes completed so far: 1017
# successes: 601 (59.1%)
Current task success rate: 0.0
Current total success rate: 0.5909537856440511

Task: pick up the orange juice and place it in the basket view 0 0 192 0 0 initstate 0
Success: False
# episodes completed so far: 1018
# successes: 601 (59.0%)
Current task success rate: 0.0
Current total success rate: 0.5903732809430255

Task: pick up the orange juice and place it in the basket view 0 0 193 0 0 initstate 0
Success: False
# episodes completed so far: 1019
# successes: 601 (59.0%)
Current task success rate: 0.0
Current total success rate: 0.5897939156035329

Task: pick up the orange juice and place it in the basket view 0 0 194 0 0 initstate 0
Success: False
# episodes completed so far: 1020
# successes: 601 (58.9%)
Current task success rate: 0.0
Current total success rate: 0.5892156862745098

Task: pick up the orange juice and place it in the basket view 0 0 195 0 0 initstate 0
Success: False
# episodes completed so far: 1021
# successes: 601 (58.9%)
Current task success rate: 0.0
Current total success rate: 0.5886385896180215

Task: pick up the orange juice and place it in the basket view 0 0 196 0 0 initstate 0
Success: False
# episodes completed so far: 1022
# successes: 601 (58.8%)
Current task success rate: 0.0
Current total success rate: 0.5880626223091977

Task: pick up the orange juice and place it in the basket view 0 0 197 0 0 initstate 0
Success: False
# episodes completed so far: 1023
# successes: 601 (58.7%)
Current task success rate: 0.0
Current total success rate: 0.5874877810361682

Task: pick up the orange juice and place it in the basket view 0 0 198 0 0 initstate 0
Success: False
# episodes completed so far: 1024
# successes: 601 (58.7%)
Current task success rate: 0.0
Current total success rate: 0.5869140625

Task: pick up the orange juice and place it in the basket view 0 0 199 0 0 initstate 0
Success: False
# episodes completed so far: 1025
# successes: 601 (58.6%)
Current task success rate: 0.0
Current total success rate: 0.5863414634146341

Task: pick up the orange juice and place it in the basket view 0 0 200 0 0 initstate 0
Success: False
# episodes completed so far: 1026
# successes: 601 (58.6%)
Current task success rate: 0.0
Current total success rate: 0.5857699805068226

Task: pick up the orange juice and place it in the basket view 0 0 100 358 2 initstate 0
Success: True
# episodes completed so far: 1027
# successes: 602 (58.6%)
Current task success rate: 1.0
Current total success rate: 0.5861733203505355

Task: pick up the orange juice and place it in the basket view 0 0 100 358 6 initstate 0
Success: False
# episodes completed so far: 1028
# successes: 602 (58.6%)
Current task success rate: 0.0
Current total success rate: 0.585603112840467

Task: pick up the orange juice and place it in the basket view 0 0 100 358 8 initstate 0
Success: False
# episodes completed so far: 1029
# successes: 602 (58.5%)
Current task success rate: 0.0
Current total success rate: 0.5850340136054422

Task: pick up the orange juice and place it in the basket view 0 0 100 358 10 initstate 0
Success: False
# episodes completed so far: 1030
# successes: 602 (58.4%)
Current task success rate: 0.0
Current total success rate: 0.5844660194174758

Task: pick up the orange juice and place it in the basket view 0 0 100 358 350 initstate 0
Success: False
# episodes completed so far: 1031
# successes: 602 (58.4%)
Current task success rate: 0.0
Current total success rate: 0.5838991270611057

Task: pick up the orange juice and place it in the basket view 0 0 100 358 352 initstate 0
Success: False
# episodes completed so far: 1032
# successes: 602 (58.3%)
Current task success rate: 0.0
Current total success rate: 0.5833333333333334

Task: pick up the orange juice and place it in the basket view 0 0 100 358 354 initstate 0
Success: False
# episodes completed so far: 1033
# successes: 602 (58.3%)
Current task success rate: 0.0
Current total success rate: 0.5827686350435625

Task: pick up the orange juice and place it in the basket view 345 0 100 0 0 initstate 0
Success: True
# episodes completed so far: 1034
# successes: 603 (58.3%)
Current task success rate: 1.0
Current total success rate: 0.5831721470019342

Task: pick up the orange juice and place it in the basket view 345 15 100 0 0 initstate 0
Success: True
# episodes completed so far: 1035
# successes: 604 (58.4%)
Current task success rate: 1.0
Current total success rate: 0.5835748792270531

Task: pick up the orange juice and place it in the basket view 346 0 100 0 0 initstate 0
Success: True
# episodes completed so far: 1036
# successes: 605 (58.4%)
Current task success rate: 1.0
Current total success rate: 0.583976833976834

Task: pick up the orange juice and place it in the basket view 347 0 100 0 0 initstate 0
Success: True
# episodes completed so far: 1037
# successes: 606 (58.4%)
Current task success rate: 1.0
Current total success rate: 0.5843780135004821

Task: pick up the orange juice and place it in the basket view 352 15 100 0 0 initstate 0
Success: True
# episodes completed so far: 1038
# successes: 607 (58.5%)
Current task success rate: 1.0
Current total success rate: 0.5847784200385356

Task: pick up the orange juice and place it in the basket view 355 15 100 0 0 initstate 0
Success: True
# episodes completed so far: 1039
# successes: 608 (58.5%)
Current task success rate: 1.0
Current total success rate: 0.5851780558229066

Task: pick up the orange juice and place it in the basket view 356 0 100 0 0 initstate 0
Success: True
# episodes completed so far: 1040
# successes: 609 (58.6%)
Current task success rate: 1.0
Current total success rate: 0.5855769230769231

Task: pick up the orange juice and place it in the basket view 356 15 100 0 0 initstate 0
Success: True
# episodes completed so far: 1041
# successes: 610 (58.6%)
Current task success rate: 1.0
Current total success rate: 0.5859750240153698

Task: pick up the orange juice and place it in the basket view 359 15 100 0 0 initstate 0
Success: True
# episodes completed so far: 1042
# successes: 611 (58.6%)
Current task success rate: 1.0
Current total success rate: 0.5863723608445297

Task: as part of our grocery organization please pick up the alphabet soup and place it in the basket
Success: True
# episodes completed so far: 1043
# successes: 612 (58.7%)
Current task success rate: 1.0
Current total success rate: 0.5867689357622243

Task: collect the alphabet soup and set it in the basket
Success: True
# episodes completed so far: 1044
# successes: 613 (58.7%)
Current task success rate: 1.0
Current total success rate: 0.5871647509578544

Task: collect the brothbased entrée with letters and position it in the woven container
Success: True
# episodes completed so far: 1045
# successes: 614 (58.8%)
Current task success rate: 1.0
Current total success rate: 0.5875598086124402

Task: would you mind picking up the alphabet soup from the shelf and placing it in the basket
Success: True
# episodes completed so far: 1046
# successes: 615 (58.8%)
Current task success rate: 1.0
Current total success rate: 0.5879541108986616

Task: lift the alphabet soup and insert it into the basket
Success: True
# episodes completed so far: 1047
# successes: 616 (58.8%)
Current task success rate: 1.0
Current total success rate: 0.5883476599808978

Task: grasp the alphabet soup and set it in the basket
Success: True
# episodes completed so far: 1048
# successes: 617 (58.9%)
Current task success rate: 1.0
Current total success rate: 0.5887404580152672

Task: to complete this step pick up the alphabet soup carefully and place it in the basket
Success: True
# episodes completed so far: 1049
# successes: 618 (58.9%)
Current task success rate: 1.0
Current total success rate: 0.5891325071496664

Task: lift the soup featuring letters and deposit it in the woven holder
Success: True
# episodes completed so far: 1050
# successes: 619 (59.0%)
Current task success rate: 1.0
Current total success rate: 0.5895238095238096

Task: before the store closes pick up the alphabet soup and place it in the shopping basket
Success: True
# episodes completed so far: 1051
# successes: 620 (59.0%)
Current task success rate: 1.0
Current total success rate: 0.5899143672692674

Task: as part of our alphabet learning activity pick up the alphabet soup and place it in the basket
Success: True
# episodes completed so far: 1052
# successes: 621 (59.0%)
Current task success rate: 1.0
Current total success rate: 0.5903041825095057

Task: as your next task locate the alphabet soup pick it up and place it in the basket
Success: True
# episodes completed so far: 1053
# successes: 622 (59.1%)
Current task success rate: 1.0
Current total success rate: 0.5906932573599241

Task: the basket is ready now please pick up the alphabet soup and place it inside
Success: True
# episodes completed so far: 1054
# successes: 623 (59.1%)
Current task success rate: 1.0
Current total success rate: 0.5910815939278937

Task: could you put the alphabet soup in the basket please
Success: True
# episodes completed so far: 1055
# successes: 624 (59.1%)
Current task success rate: 1.0
Current total success rate: 0.5914691943127962

Task: pick up the container of noodle letters and place it in the woven holder
Success: True
# episodes completed so far: 1056
# successes: 625 (59.2%)
Current task success rate: 1.0
Current total success rate: 0.5918560606060606

Task: grasp the alphabet soup and deposit it in the hamper
Success: True
# episodes completed so far: 1057
# successes: 626 (59.2%)
Current task success rate: 1.0
Current total success rate: 0.5922421948912016

Task: the next item to organize is the alphabet soup please pick it up and place it in the basket
Success: True
# episodes completed so far: 1058
# successes: 627 (59.3%)
Current task success rate: 1.0
Current total success rate: 0.5926275992438563

Task: can you put the alphabet soup in the basket
Success: True
# episodes completed so far: 1059
# successes: 628 (59.3%)
Current task success rate: 1.0
Current total success rate: 0.5930122757318225

Task: for our cooking project we need you to pick up the alphabet soup and place it in the basket
Success: True
# episodes completed so far: 1060
# successes: 629 (59.3%)
Current task success rate: 1.0
Current total success rate: 0.5933962264150944

Task: could you make sure the alphabet soup ends up in the basket
Success: True
# episodes completed so far: 1061
# successes: 630 (59.4%)
Current task success rate: 1.0
Current total success rate: 0.5937794533459001

Task: grab the alphabet soup and set it in the basket
Success: True
# episodes completed so far: 1062
# successes: 631 (59.4%)
Current task success rate: 1.0
Current total success rate: 0.5941619585687382

Task: pick up the bowl of letterthemed broth and place it in the woven container
Success: False
# episodes completed so far: 1063
# successes: 631 (59.4%)
Current task success rate: 0.0
Current total success rate: 0.5936030103480715

Task: pick up the brothy concoction of lettershaped pasta and place it in the woven container
Success: False
# episodes completed so far: 1064
# successes: 631 (59.3%)
Current task success rate: 0.0
Current total success rate: 0.5930451127819549

Task: for todays task pick up the alphabet soup and carefully place it in the basket
Success: True
# episodes completed so far: 1065
# successes: 632 (59.3%)
Current task success rate: 1.0
Current total success rate: 0.5934272300469483

Task: grasp the cream cheese and deposit it into the basket
Success: True
# episodes completed so far: 1066
# successes: 633 (59.4%)
Current task success rate: 1.0
Current total success rate: 0.5938086303939962

Task: collect the cream cheese and set it in the basket
Success: True
# episodes completed so far: 1067
# successes: 634 (59.4%)
Current task success rate: 1.0
Current total success rate: 0.5941893158388004

Task: the cream cheese should be picked up and placed in the basket immediately
Success: True
# episodes completed so far: 1068
# successes: 635 (59.5%)
Current task success rate: 1.0
Current total success rate: 0.5945692883895131

Task: grasp the spreadable dairy product and deposit it into the woven container
Success: False
# episodes completed so far: 1069
# successes: 635 (59.4%)
Current task success rate: 0.0
Current total success rate: 0.5940130963517306

Task: grasp the spreadable dairy product and position it within the woven container
Success: False
# episodes completed so far: 1070
# successes: 635 (59.3%)
Current task success rate: 0.0
Current total success rate: 0.5934579439252337

Task: lift the cream cheese and position it in the basket
Success: True
# episodes completed so far: 1071
# successes: 636 (59.4%)
Current task success rate: 1.0
Current total success rate: 0.5938375350140056

Task: lift the spread often used for bagels and add it to the container meant for holding items during shopping
Success: False
# episodes completed so far: 1072
# successes: 636 (59.3%)
Current task success rate: 0.0
Current total success rate: 0.5932835820895522

Task: pick up the spreadable dairy product and place it in the woven carrying container
Success: False
# episodes completed so far: 1073
# successes: 636 (59.3%)
Current task success rate: 0.0
Current total success rate: 0.5927306616961789

Task: please retrieve the cream cheese and put it into the basket
Success: True
# episodes completed so far: 1074
# successes: 637 (59.3%)
Current task success rate: 1.0
Current total success rate: 0.5931098696461825

Task: pick up the spread often used on bagels and place it in the container typically made of woven materials
Success: False
# episodes completed so far: 1075
# successes: 637 (59.3%)
Current task success rate: 0.0
Current total success rate: 0.5925581395348837

Task: for our recipe well need to pick up the cream cheese and place it in the basket
Success: True
# episodes completed so far: 1076
# successes: 638 (59.3%)
Current task success rate: 1.0
Current total success rate: 0.5929368029739777

Task: can you put the cream cheese in the basket for me
Success: True
# episodes completed so far: 1077
# successes: 639 (59.3%)
Current task success rate: 1.0
Current total success rate: 0.5933147632311978

Task: could you get the cream cheese and put it in the basket please
Success: True
# episodes completed so far: 1078
# successes: 640 (59.4%)
Current task success rate: 1.0
Current total success rate: 0.5936920222634509

Task: grasp the spread used for bagels and relocate it to the woven container for holding items
Success: False
# episodes completed so far: 1079
# successes: 640 (59.3%)
Current task success rate: 0.0
Current total success rate: 0.593141797961075

Task: were running low on time quickly pick up the cream cheese and put it in the basket
Success: True
# episodes completed so far: 1080
# successes: 641 (59.4%)
Current task success rate: 1.0
Current total success rate: 0.5935185185185186

Task: lift the spread used on bagels and deposit it inside the woven container
Success: False
# episodes completed so far: 1081
# successes: 641 (59.3%)
Current task success rate: 0.0
Current total success rate: 0.5929694727104533

Task: grasp the spread often used on bagels and position it within the woven container designed for carrying items
Success: False
# episodes completed so far: 1082
# successes: 641 (59.2%)
Current task success rate: 0.0
Current total success rate: 0.5924214417744916

Task: lets get the cream cheese and place it in the basket shall we
Success: True
# episodes completed so far: 1083
# successes: 642 (59.3%)
Current task success rate: 1.0
Current total success rate: 0.592797783933518

Task: add the cream cheese to the basket
Success: True
# episodes completed so far: 1084
# successes: 643 (59.3%)
Current task success rate: 1.0
Current total success rate: 0.5931734317343174

Task: grasp the cream cheese and insert it into the basket
Success: True
# episodes completed so far: 1085
# successes: 644 (59.4%)
Current task success rate: 1.0
Current total success rate: 0.5935483870967742

Task: pick up the spread used on bagels and place it in the woven container for carrying items
Success: False
# episodes completed so far: 1086
# successes: 644 (59.3%)
Current task success rate: 0.0
Current total success rate: 0.5930018416206262

Task: would you mind putting the cream cheese in the basket for me please
Success: True
# episodes completed so far: 1087
# successes: 645 (59.3%)
Current task success rate: 1.0
Current total success rate: 0.593376264949402

Task: grasp the cream cheese and position it inside the basket
Success: True
# episodes completed so far: 1088
# successes: 646 (59.4%)
Current task success rate: 1.0
Current total success rate: 0.59375

Task: could you please pick up the cream cheese and put it in the basket
Success: True
# episodes completed so far: 1089
# successes: 647 (59.4%)
Current task success rate: 1.0
Current total success rate: 0.5941230486685032

Task: grasp the cream cheese and deposit it in the basket
Success: True
# episodes completed so far: 1090
# successes: 648 (59.4%)
Current task success rate: 1.0
Current total success rate: 0.5944954128440367

Task: grab the cream cheese and put it in the basket
Success: True
# episodes completed so far: 1091
# successes: 649 (59.5%)
Current task success rate: 1.0
Current total success rate: 0.5948670944087993

Task: gather the soft spreadable dairy product and position it inside the woven container
Success: False
# episodes completed so far: 1092
# successes: 649 (59.4%)
Current task success rate: 0.0
Current total success rate: 0.5943223443223443

Task: your task is simple pick up the cream cheese and place it in the basket
Success: True
# episodes completed so far: 1093
# successes: 650 (59.5%)
Current task success rate: 1.0
Current total success rate: 0.5946935041171089

Task: would you mind picking up the cream cheese and moving it to the basket
Success: True
# episodes completed so far: 1094
# successes: 651 (59.5%)
Current task success rate: 1.0
Current total success rate: 0.5950639853747715

Task: lift the spreadable dairy product and deposit it inside the woven container
Success: False
# episodes completed so far: 1095
# successes: 651 (59.5%)
Current task success rate: 0.0
Current total success rate: 0.5945205479452055

Task: grasp the cream cheese and set it in the basket
Success: True
# episodes completed so far: 1096
# successes: 652 (59.5%)
Current task success rate: 1.0
Current total success rate: 0.5948905109489051

Task: lift the spread often used on bagels and move it to the woven container
Success: False
# episodes completed so far: 1097
# successes: 652 (59.4%)
Current task success rate: 0.0
Current total success rate: 0.5943482224247949

Task: the cream cheese is on the counter please pick it up and place it in the basket
Success: True
# episodes completed so far: 1098
# successes: 653 (59.5%)
Current task success rate: 1.0
Current total success rate: 0.5947176684881603

Task: could you add the cream cheese to the basket
Success: True
# episodes completed so far: 1099
# successes: 654 (59.5%)
Current task success rate: 1.0
Current total success rate: 0.5950864422202001

Task: pick up the condiment intended for greens and place it in the woven container for carrying items
Success: True
# episodes completed so far: 1100
# successes: 655 (59.5%)
Current task success rate: 1.0
Current total success rate: 0.5954545454545455

Task: after washing your hands please pick up the salad dressing and place it in the basket
Success: True
# episodes completed so far: 1101
# successes: 656 (59.6%)
Current task success rate: 1.0
Current total success rate: 0.5958219800181653

Task: the recipe calls for dressing would you mind picking it up and putting it in the basket
Success: True
# episodes completed so far: 1102
# successes: 657 (59.6%)
Current task success rate: 1.0
Current total success rate: 0.5961887477313974

Task: can you ensure the salad dressing ends up in the basket
Success: True
# episodes completed so far: 1103
# successes: 658 (59.7%)
Current task success rate: 1.0
Current total success rate: 0.5965548504079783

Task: pick up the condiment used for enhancing the flavor of leafy greens and place it in the woven container for carrying items
Success: True
# episodes completed so far: 1104
# successes: 659 (59.7%)
Current task success rate: 1.0
Current total success rate: 0.5969202898550725

Task: grasp the container of liquid used for enhancing the flavor of leafy greens and rest it within the woven container for carrying items
Success: True
# episodes completed so far: 1105
# successes: 660 (59.7%)
Current task success rate: 1.0
Current total success rate: 0.5972850678733032

Task: pick up the condiment used for flavoring greens and place it in the woven container
Success: True
# episodes completed so far: 1106
# successes: 661 (59.8%)
Current task success rate: 1.0
Current total success rate: 0.5976491862567812

Task: before you sit down pick up the salad dressing and place it in the basket on the counter
Success: True
# episodes completed so far: 1107
# successes: 662 (59.8%)
Current task success rate: 1.0
Current total success rate: 0.5980126467931346

Task: pick up the bottle containing the liquid used for enhancing the flavor of greens and vegetables and place it in the woven container for carrying items
Success: True
# episodes completed so far: 1108
# successes: 663 (59.8%)
Current task success rate: 1.0
Current total success rate: 0.5983754512635379

Task: before the guests arrive pick up the salad dressing and place it in the basket on the dining table
Success: True
# episodes completed so far: 1109
# successes: 664 (59.9%)
Current task success rate: 1.0
Current total success rate: 0.5987376014427412

Task: pick up the condiment used for flavoring greens and place it in the carrying container designed for shopping
Success: True
# episodes completed so far: 1110
# successes: 665 (59.9%)
Current task success rate: 1.0
Current total success rate: 0.5990990990990991

Task: grasp the container for enhancing the flavor of greens and relocate it to the woven holder for carrying items
Success: True
# episodes completed so far: 1111
# successes: 666 (59.9%)
Current task success rate: 1.0
Current total success rate: 0.5994599459945995

Task: im preparing dinner could you help by picking up the salad dressing and placing it in the basket
Success: True
# episodes completed so far: 1112
# successes: 667 (60.0%)
Current task success rate: 1.0
Current total success rate: 0.5998201438848921

Task: pick up the condiment used for enhancing the flavor of greens and relocate it to the carrying container designed for holding groceries
Success: True
# episodes completed so far: 1113
# successes: 668 (60.0%)
Current task success rate: 1.0
Current total success rate: 0.6001796945193172

Task: the basket looks empty pick up the salad dressing and place it there to complete our meal setup
Success: True
# episodes completed so far: 1114
# successes: 669 (60.1%)
Current task success rate: 1.0
Current total success rate: 0.6005385996409336

Task: pick up the liquid condiment for greens and place it in the woven carrier
Success: True
# episodes completed so far: 1115
# successes: 670 (60.1%)
Current task success rate: 1.0
Current total success rate: 0.600896860986547

Task: please make sure the salad dressing ends up in the basket
Success: True
# episodes completed so far: 1116
# successes: 671 (60.1%)
Current task success rate: 1.0
Current total success rate: 0.6012544802867383

Task: could you put the salad dressing in the basket for me
Success: True
# episodes completed so far: 1117
# successes: 672 (60.2%)
Current task success rate: 1.0
Current total success rate: 0.6016114592658908

Task: our picnic isnt ready yet pick up the salad dressing and place it in the basket with other condiments
Success: True
# episodes completed so far: 1118
# successes: 673 (60.2%)
Current task success rate: 1.0
Current total success rate: 0.6019677996422182

Task: for food safety reasons please pick up the salad dressing and place it in the sealed basket
Success: True
# episodes completed so far: 1119
# successes: 674 (60.2%)
Current task success rate: 1.0
Current total success rate: 0.6023235031277927

Task: pick up the condiment often used on leafy green dishes and place it in the woven container
Success: True
# episodes completed so far: 1120
# successes: 675 (60.3%)
Current task success rate: 1.0
Current total success rate: 0.6026785714285714

Task: grab the salad dressing and set it in the basket
Success: True
# episodes completed so far: 1121
# successes: 676 (60.3%)
Current task success rate: 1.0
Current total success rate: 0.6030330062444246

Task: ensure the salad dressing ends up in the basket
Success: True
# episodes completed so far: 1122
# successes: 677 (60.3%)
Current task success rate: 1.0
Current total success rate: 0.6033868092691622

Task: grasp the container of liquid condiment and deposit it in the woven holder
Success: True
# episodes completed so far: 1123
# successes: 678 (60.4%)
Current task success rate: 1.0
Current total success rate: 0.603739982190561

Task: grasp the salad dressing and position it in the basket
Success: True
# episodes completed so far: 1124
# successes: 679 (60.4%)
Current task success rate: 1.0
Current total success rate: 0.6040925266903915

Task: pick up the liquid condiment for greens and place it in the woven container for carrying items
Success: True
# episodes completed so far: 1125
# successes: 680 (60.4%)
Current task success rate: 1.0
Current total success rate: 0.6044444444444445

Task: our grocery list is almost done just pick up the salad dressing and place it in the basket
Success: True
# episodes completed so far: 1126
# successes: 681 (60.5%)
Current task success rate: 1.0
Current total success rate: 0.6047957371225577

Task: grab the salad sauce and set it in the basket
Success: True
# episodes completed so far: 1127
# successes: 682 (60.5%)
Current task success rate: 1.0
Current total success rate: 0.6051464063886424

Task: the salad isnt complete yet grab the dressing and place it in the basket with the other ingredients
Success: True
# episodes completed so far: 1128
# successes: 683 (60.5%)
Current task success rate: 1.0
Current total success rate: 0.6054964539007093

Task: id like the salad dressing in the basket please
Success: True
# episodes completed so far: 1129
# successes: 684 (60.6%)
Current task success rate: 1.0
Current total success rate: 0.6058458813108946

Task: the basket is missing one item pick up the salad dressing and place it there to complete the set
Success: True
# episodes completed so far: 1130
# successes: 685 (60.6%)
Current task success rate: 1.0
Current total success rate: 0.6061946902654868

Task: to save time later pick up the salad dressing now and place it in the meal prep basket
Success: True
# episodes completed so far: 1131
# successes: 686 (60.7%)
Current task success rate: 1.0
Current total success rate: 0.6065428824049514

Task: lift the salad dressing and set it in the basket
Success: True
# episodes completed so far: 1132
# successes: 687 (60.7%)
Current task success rate: 1.0
Current total success rate: 0.6068904593639576

Task: for our healthy meal prep please pick up the salad dressing and add it to the basket
Success: True
# episodes completed so far: 1133
# successes: 688 (60.7%)
Current task success rate: 1.0
Current total success rate: 0.6072374227714034

Task: grab the salad condiment and set it in the basket
Success: True
# episodes completed so far: 1134
# successes: 689 (60.8%)
Current task success rate: 1.0
Current total success rate: 0.607583774250441

Task: pick up the condiment used for flavoring greens and place it in the container for carrying goods
Success: True
# episodes completed so far: 1135
# successes: 690 (60.8%)
Current task success rate: 1.0
Current total success rate: 0.6079295154185022

Task: dont forget the condiments pick up the bbq sauce and place it in the basket
Success: True
# episodes completed so far: 1136
# successes: 691 (60.8%)
Current task success rate: 1.0
Current total success rate: 0.608274647887324

Task: grasp the smoky grilling condiment and deposit it into the woven container
Success: True
# episodes completed so far: 1137
# successes: 692 (60.9%)
Current task success rate: 1.0
Current total success rate: 0.6086191732629728

Task: to prepare for dinner your task is to pick up the bbq sauce and place it in the basket
Success: True
# episodes completed so far: 1138
# successes: 693 (60.9%)
Current task success rate: 1.0
Current total success rate: 0.6089630931458699

Task: for our cookout later could you pick up the bbq sauce and put it in the basket
Success: True
# episodes completed so far: 1139
# successes: 694 (60.9%)
Current task success rate: 1.0
Current total success rate: 0.6093064091308165

Task: i love bbq sauce please pick it up and put it in the shopping basket for me
Success: True
# episodes completed so far: 1140
# successes: 695 (61.0%)
Current task success rate: 1.0
Current total success rate: 0.6096491228070176

Task: lift the bbq sauce and set it in the basket
Success: True
# episodes completed so far: 1141
# successes: 696 (61.0%)
Current task success rate: 1.0
Current total success rate: 0.6099912357581069

Task: make sure the bbq sauce ends up in the basket
Success: True
# episodes completed so far: 1142
# successes: 697 (61.0%)
Current task success rate: 1.0
Current total success rate: 0.6103327495621717

Task: grasp the condiment typically used for grilling meats and position it in the container for carrying purchases
Success: False
# episodes completed so far: 1143
# successes: 697 (61.0%)
Current task success rate: 0.0
Current total success rate: 0.6097987751531059

Task: for safety please pick up the bbq sauce carefully and place it in the basket
Success: True
# episodes completed so far: 1144
# successes: 698 (61.0%)
Current task success rate: 1.0
Current total success rate: 0.6101398601398601

Task: grasp the condiment often used for grilling meats and transfer it to the woven container
Success: True
# episodes completed so far: 1145
# successes: 699 (61.0%)
Current task success rate: 1.0
Current total success rate: 0.6104803493449782

Task: grasp the condiment often used for grilling and deposit it into the woven container
Success: True
# episodes completed so far: 1146
# successes: 700 (61.1%)
Current task success rate: 1.0
Current total success rate: 0.6108202443280978

Task: grab the bbq condiment and set it in the basket
Success: True
# episodes completed so far: 1147
# successes: 701 (61.1%)
Current task success rate: 1.0
Current total success rate: 0.6111595466434177

Task: lets organize the kitchen pick up the bbq sauce and place it in the basket with other condiments
Success: True
# episodes completed so far: 1148
# successes: 702 (61.1%)
Current task success rate: 1.0
Current total success rate: 0.6114982578397212

Task: could you do me a favor pick up the bbq sauce and place it in the basket please
Success: True
# episodes completed so far: 1149
# successes: 703 (61.2%)
Current task success rate: 1.0
Current total success rate: 0.6118363794604004

Task: retrieve the bbq sauce and set it in the basket
Success: True
# episodes completed so far: 1150
# successes: 704 (61.2%)
Current task success rate: 1.0
Current total success rate: 0.6121739130434782

Task: grab the bbq condiment and set it in the basket
Success: True
# episodes completed so far: 1151
# successes: 705 (61.3%)
Current task success rate: 1.0
Current total success rate: 0.6125108601216334

Task: could you put the bbq sauce in the basket please
Success: True
# episodes completed so far: 1152
# successes: 706 (61.3%)
Current task success rate: 1.0
Current total success rate: 0.6128472222222222

Task: pick up the condiment generally used for grilling and place it in the container for carrying items
Success: False
# episodes completed so far: 1153
# successes: 706 (61.2%)
Current task success rate: 0.0
Current total success rate: 0.6123156981786644

Task: could you put the bbq sauce in the basket for me please
Success: False
# episodes completed so far: 1154
# successes: 706 (61.2%)
Current task success rate: 0.0
Current total success rate: 0.6117850953206239

Task: take the bbq sauce and set it in the basket
Success: True
# episodes completed so far: 1155
# successes: 707 (61.2%)
Current task success rate: 1.0
Current total success rate: 0.6121212121212121

Task: the bbq sauce is essential for our meal so pick it up and place it in the basket now
Success: True
# episodes completed so far: 1156
# successes: 708 (61.2%)
Current task success rate: 1.0
Current total success rate: 0.6124567474048442

Task: put the bbq sauce in the basket
Success: True
# episodes completed so far: 1157
# successes: 709 (61.3%)
Current task success rate: 1.0
Current total success rate: 0.6127917026793431

Task: grasp the condiment bottle used for grilling and deposit it into the woven container
Success: True
# episodes completed so far: 1158
# successes: 710 (61.3%)
Current task success rate: 1.0
Current total success rate: 0.613126079447323

Task: take hold of the condiment bottle typically used for grilling and deposit it inside the woven container designed for holding items
Success: True
# episodes completed so far: 1159
# successes: 711 (61.3%)
Current task success rate: 1.0
Current total success rate: 0.6134598792062123

Task: the bbq sauce is on the counter pick it up and place it in the basket would you
Success: True
# episodes completed so far: 1160
# successes: 712 (61.4%)
Current task success rate: 1.0
Current total success rate: 0.6137931034482759

Task: can you ensure the bbq sauce ends up in the basket
Success: True
# episodes completed so far: 1161
# successes: 713 (61.4%)
Current task success rate: 1.0
Current total success rate: 0.6141257536606374

Task: grab the ketchup and set it in the basket
Success: True
# episodes completed so far: 1162
# successes: 714 (61.4%)
Current task success rate: 1.0
Current total success rate: 0.6144578313253012

Task: for our bbq preparation we need you to pick up the ketchup and place it in the basket
Success: True
# episodes completed so far: 1163
# successes: 715 (61.5%)
Current task success rate: 1.0
Current total success rate: 0.6147893379191746

Task: can you make sure the ketchup ends up in the basket
Success: True
# episodes completed so far: 1164
# successes: 716 (61.5%)
Current task success rate: 1.0
Current total success rate: 0.6151202749140894

Task: grab the ketchup and position it in the basket
Success: True
# episodes completed so far: 1165
# successes: 717 (61.5%)
Current task success rate: 1.0
Current total success rate: 0.615450643776824

Task: for inventory purposes please pick up the ketchup and place it in the designated basket
Success: True
# episodes completed so far: 1166
# successes: 718 (61.6%)
Current task success rate: 1.0
Current total success rate: 0.6157804459691252

Task: quick task pick up the ketchup thats near the fridge and put it in the basket
Success: True
# episodes completed so far: 1167
# successes: 719 (61.6%)
Current task success rate: 1.0
Current total success rate: 0.6161096829477292

Task: before you leave remember to pick up the ketchup and place it in the basket by the door
Success: True
# episodes completed so far: 1168
# successes: 720 (61.6%)
Current task success rate: 1.0
Current total success rate: 0.6164383561643836

Task: for proper organization pick up the ketchup bottle and place it in the basket labeled condiments
Success: True
# episodes completed so far: 1169
# successes: 721 (61.7%)
Current task success rate: 1.0
Current total success rate: 0.6167664670658682

Task: lift the red condiment bottle and position it within the woven container
Success: False
# episodes completed so far: 1170
# successes: 721 (61.6%)
Current task success rate: 0.0
Current total success rate: 0.6162393162393163

Task: the cooking show starts soon first pick up the ketchup and place it in the basket
Success: True
# episodes completed so far: 1171
# successes: 722 (61.7%)
Current task success rate: 1.0
Current total success rate: 0.6165670367207515

Task: attention please pick up the heinz ketchup bottle and place it in the wicker basket
Success: True
# episodes completed so far: 1172
# successes: 723 (61.7%)
Current task success rate: 1.0
Current total success rate: 0.6168941979522184

Task: collect the ketchup and deposit it in the basket
Success: True
# episodes completed so far: 1173
# successes: 724 (61.7%)
Current task success rate: 1.0
Current total success rate: 0.6172208013640239

Task: could you please pick up the ketchup and put it in the basket its for the picnic later
Success: True
# episodes completed so far: 1174
# successes: 725 (61.8%)
Current task success rate: 1.0
Current total success rate: 0.6175468483816013

Task: pick up the red condiment bottle and place it in the container for carrying items
Success: False
# episodes completed so far: 1175
# successes: 725 (61.7%)
Current task success rate: 0.0
Current total success rate: 0.6170212765957447

Task: grab the ketchup and put it in the basket
Success: True
# episodes completed so far: 1176
# successes: 726 (61.7%)
Current task success rate: 1.0
Current total success rate: 0.6173469387755102

Task: i noticed the ketchup is out of place would you pick it up and put it in the basket
Success: True
# episodes completed so far: 1177
# successes: 727 (61.8%)
Current task success rate: 1.0
Current total success rate: 0.6176720475785896

Task: retrieve the red condiment bottle and deposit it into the woven container
Success: False
# episodes completed so far: 1178
# successes: 727 (61.7%)
Current task success rate: 0.0
Current total success rate: 0.6171477079796265

Task: grasp the red condiment container and set it inside the woven storage holder
Success: False
# episodes completed so far: 1179
# successes: 727 (61.7%)
Current task success rate: 0.0
Current total success rate: 0.6166242578456319

Task: hey there would you mind picking up that ketchup and putting it in the basket thanks
Success: True
# episodes completed so far: 1180
# successes: 728 (61.7%)
Current task success rate: 1.0
Current total success rate: 0.6169491525423729

Task: before the guests arrive pick up the ketchup and place it in the basket on the patio
Success: True
# episodes completed so far: 1181
# successes: 729 (61.7%)
Current task success rate: 1.0
Current total success rate: 0.6172734970364098

Task: could you put the ketchup in the basket
Success: True
# episodes completed so far: 1182
# successes: 730 (61.8%)
Current task success rate: 1.0
Current total success rate: 0.6175972927241963

Task: our checklist says we need the ketchup could you pick it up and place it in the basket
Success: True
# episodes completed so far: 1183
# successes: 731 (61.8%)
Current task success rate: 1.0
Current total success rate: 0.6179205409974641

Task: lift the ketchup and position it in the basket
Success: True
# episodes completed so far: 1184
# successes: 732 (61.8%)
Current task success rate: 1.0
Current total success rate: 0.6182432432432432

Task: grasp the red condiment container and set it inside the woven holder
Success: False
# episodes completed so far: 1185
# successes: 732 (61.8%)
Current task success rate: 0.0
Current total success rate: 0.6177215189873417

Task: pick up the ketchup bottle now and transfer it to the basket on your left
Success: True
# episodes completed so far: 1186
# successes: 733 (61.8%)
Current task success rate: 1.0
Current total success rate: 0.6180438448566611

Task: grasp the red condiment bottle and deposit it inside the woven container designed for holding items
Success: False
# episodes completed so far: 1187
# successes: 733 (61.8%)
Current task success rate: 0.0
Current total success rate: 0.6175231676495366

Task: could you put the ketchup in the basket for me please
Success: True
# episodes completed so far: 1188
# successes: 734 (61.8%)
Current task success rate: 1.0
Current total success rate: 0.6178451178451179

Task: the ketchup belongs with the condiments please pick it up and place it in the basket
Success: True
# episodes completed so far: 1189
# successes: 735 (61.8%)
Current task success rate: 1.0
Current total success rate: 0.6181665264928511

Task: can you put the ketchup in the basket please
Success: True
# episodes completed so far: 1190
# successes: 736 (61.8%)
Current task success rate: 1.0
Current total success rate: 0.6184873949579832

Task: lift the red condiment container and set it inside the woven holder
Success: False
# episodes completed so far: 1191
# successes: 736 (61.8%)
Current task success rate: 0.0
Current total success rate: 0.617968094038623

Task: grasp the red condiment bottle and position it inside the woven container
Success: False
# episodes completed so far: 1192
# successes: 736 (61.7%)
Current task success rate: 0.0
Current total success rate: 0.6174496644295302

Task: gather the ketchup and set it in the basket
Success: True
# episodes completed so far: 1193
# successes: 737 (61.8%)
Current task success rate: 1.0
Current total success rate: 0.6177703269069572

Task: grasp the red condiment bottle and deposit it into the woven carrying container
Success: True
# episodes completed so far: 1194
# successes: 738 (61.8%)
Current task success rate: 1.0
Current total success rate: 0.6180904522613065

Task: gather the ketchup and set it in the basket
Success: True
# episodes completed so far: 1195
# successes: 739 (61.8%)
Current task success rate: 1.0
Current total success rate: 0.6184100418410042

Task: pick up the ketchup from the table not the mustard and put it in the basket please
Success: True
# episodes completed so far: 1196
# successes: 740 (61.9%)
Current task success rate: 1.0
Current total success rate: 0.6187290969899666

Task: grasp the ketchup and position it in the basket
Success: True
# episodes completed so far: 1197
# successes: 741 (61.9%)
Current task success rate: 1.0
Current total success rate: 0.6190476190476191

Task: pick up the condiment used for enhancing the flavor of burgers and fries and place it in the woven container for carrying items
Success: False
# episodes completed so far: 1198
# successes: 741 (61.9%)
Current task success rate: 0.0
Current total success rate: 0.6185308848080133

Task: could you put the tomato sauce in the basket for me
Success: True
# episodes completed so far: 1199
# successes: 742 (61.9%)
Current task success rate: 1.0
Current total success rate: 0.6188490408673895

Task: could you add the tomato sauce to the basket please
Success: True
# episodes completed so far: 1200
# successes: 743 (61.9%)
Current task success rate: 1.0
Current total success rate: 0.6191666666666666

Task: the shopping is done now just pick up the tomato sauce and place it in the basket
Success: True
# episodes completed so far: 1201
# successes: 744 (61.9%)
Current task success rate: 1.0
Current total success rate: 0.6194837635303914

Task: collect the tomato sauce and deposit it in the basket
Success: True
# episodes completed so far: 1202
# successes: 745 (62.0%)
Current task success rate: 1.0
Current total success rate: 0.6198003327787022

Task: im busy with other things could you pick up the tomato sauce and place it in the basket
Success: True
# episodes completed so far: 1203
# successes: 746 (62.0%)
Current task success rate: 1.0
Current total success rate: 0.6201163757273483

Task: could you put the tomato sauce in the basket for me please
Success: True
# episodes completed so far: 1204
# successes: 747 (62.0%)
Current task success rate: 1.0
Current total success rate: 0.6204318936877077

Task: lift the red condiment made from crushed garden fruits and position it within the woven container
Success: False
# episodes completed so far: 1205
# successes: 747 (62.0%)
Current task success rate: 0.0
Current total success rate: 0.6199170124481328

Task: the tomato sauce needs to go in the basket would you mind handling that
Success: True
# episodes completed so far: 1206
# successes: 748 (62.0%)
Current task success rate: 1.0
Current total success rate: 0.6202321724709784

Task: please put the tomato sauce in the basket
Success: True
# episodes completed so far: 1207
# successes: 749 (62.1%)
Current task success rate: 1.0
Current total success rate: 0.6205468102734052

Task: dont forget to pick up the tomato sauce and place it in the basket before we begin
Success: True
# episodes completed so far: 1208
# successes: 750 (62.1%)
Current task success rate: 1.0
Current total success rate: 0.6208609271523179

Task: grab the tomato sauce and put it in the basket
Success: True
# episodes completed so far: 1209
# successes: 751 (62.1%)
Current task success rate: 1.0
Current total success rate: 0.6211745244003308

Task: grasp the red condiment made from crushed fruits and deposit it inside the woven container for carrying items
Success: False
# episodes completed so far: 1210
# successes: 751 (62.1%)
Current task success rate: 0.0
Current total success rate: 0.6206611570247934

Task: were almost ready to cook just need you to pick up the tomato sauce and place it in the basket
Success: True
# episodes completed so far: 1211
# successes: 752 (62.1%)
Current task success rate: 1.0
Current total success rate: 0.6209744013212222

Task: take hold of the red pasta topping and put it inside the woven carrier
Success: False
# episodes completed so far: 1212
# successes: 752 (62.0%)
Current task success rate: 0.0
Current total success rate: 0.6204620462046204

Task: could you please pick up the tomato sauce and put it in the basket id really appreciate it
Success: True
# episodes completed so far: 1213
# successes: 753 (62.1%)
Current task success rate: 1.0
Current total success rate: 0.6207749381698269

Task: grasp the red pasta topping and deposit it in the woven container
Success: False
# episodes completed so far: 1214
# successes: 753 (62.0%)
Current task success rate: 0.0
Current total success rate: 0.6202635914332785

Task: grasp the container of red pasta condiment and deposit it into the woven carrier
Success: True
# episodes completed so far: 1215
# successes: 754 (62.1%)
Current task success rate: 1.0
Current total success rate: 0.6205761316872428

Task: pick up the red condiment derived from fruits and place it in the woven container
Success: False
# episodes completed so far: 1216
# successes: 754 (62.0%)
Current task success rate: 0.0
Current total success rate: 0.6200657894736842

Task: the tomato sauce should go with the other ingredients so please pick it up and place it in the basket
Success: True
# episodes completed so far: 1217
# successes: 755 (62.0%)
Current task success rate: 1.0
Current total success rate: 0.6203779786359901

Task: collect the tomato sauce and set it in the basket
Success: True
# episodes completed so far: 1218
# successes: 756 (62.1%)
Current task success rate: 1.0
Current total success rate: 0.6206896551724138

Task: before setting the table please pick up the tomato sauce and place it in the basket
Success: True
# episodes completed so far: 1219
# successes: 757 (62.1%)
Current task success rate: 1.0
Current total success rate: 0.6210008203445447

Task: for our spaghetti dinner well need the tomato sauce in the basket could you handle that
Success: True
# episodes completed so far: 1220
# successes: 758 (62.1%)
Current task success rate: 1.0
Current total success rate: 0.6213114754098361

Task: before we start cooking remember to pick up the tomato sauce and put it in the basket
Success: True
# episodes completed so far: 1221
# successes: 759 (62.2%)
Current task success rate: 1.0
Current total success rate: 0.6216216216216216

Task: would you mind putting the tomato sauce in the basket
Success: True
# episodes completed so far: 1222
# successes: 760 (62.2%)
Current task success rate: 1.0
Current total success rate: 0.6219312602291326

Task: put the tomato sauce in the basket
Success: True
# episodes completed so far: 1223
# successes: 761 (62.2%)
Current task success rate: 1.0
Current total success rate: 0.6222403924775143

Task: grasp the tomato sauce and set it in the basket
Success: True
# episodes completed so far: 1224
# successes: 762 (62.3%)
Current task success rate: 1.0
Current total success rate: 0.6225490196078431

Task: the recipe calls for tomato sauce so please pick it up and put it in the basket
Success: True
# episodes completed so far: 1225
# successes: 763 (62.3%)
Current task success rate: 1.0
Current total success rate: 0.6228571428571429

Task: collect the tomato sauce and position it inside the basket
Success: True
# episodes completed so far: 1226
# successes: 764 (62.3%)
Current task success rate: 1.0
Current total success rate: 0.6231647634584013

Task: grasp the red condiment container and deposit it into the woven holder
Success: False
# episodes completed so far: 1227
# successes: 764 (62.3%)
Current task success rate: 0.0
Current total success rate: 0.6226568867155664

Task: grasp the red pasta topping and deposit it inside the woven container
Success: False
# episodes completed so far: 1228
# successes: 764 (62.2%)
Current task success rate: 0.0
Current total success rate: 0.6221498371335505

Task: i noticed the tomato sauce is out could you pick it up and place it in the basket
Success: True
# episodes completed so far: 1229
# successes: 765 (62.2%)
Current task success rate: 1.0
Current total success rate: 0.6224572823433686

Task: grab the tomato sauce and set it in the basket
Success: True
# episodes completed so far: 1230
# successes: 766 (62.3%)
Current task success rate: 1.0
Current total success rate: 0.6227642276422765

Task: the tomato sauce is the last item pick it up and place it in the basket to complete our prep
Success: True
# episodes completed so far: 1231
# successes: 767 (62.3%)
Current task success rate: 1.0
Current total success rate: 0.6230706742485784

Task: to help with dinner pick up the tomato sauce and place it in the basket on the table
Success: True
# episodes completed so far: 1232
# successes: 768 (62.3%)
Current task success rate: 1.0
Current total success rate: 0.6233766233766234

Task: please make sure the tomato sauce ends up in the basket
Success: True
# episodes completed so far: 1233
# successes: 769 (62.4%)
Current task success rate: 1.0
Current total success rate: 0.6236820762368208

Task: lift the cylindrical container of red pasta condiment and set it inside the woven carrier
Success: True
# episodes completed so far: 1234
# successes: 770 (62.4%)
Current task success rate: 1.0
Current total success rate: 0.6239870340356564

Task: grasp the yellow dairy spread and transfer it to the woven carrying container
Success: True
# episodes completed so far: 1235
# successes: 771 (62.4%)
Current task success rate: 1.0
Current total success rate: 0.6242914979757085

Task: can you please put the butter in the basket
Success: True
# episodes completed so far: 1236
# successes: 772 (62.5%)
Current task success rate: 1.0
Current total success rate: 0.6245954692556634

Task: lift the butter and position it in the basket
Success: True
# episodes completed so far: 1237
# successes: 773 (62.5%)
Current task success rate: 1.0
Current total success rate: 0.6248989490703315

Task: grab the butter and set it in the basket
Success: True
# episodes completed so far: 1238
# successes: 774 (62.5%)
Current task success rate: 1.0
Current total success rate: 0.6252019386106623

Task: pick up the dairy product used for cooking and spreading on bread and place it in the woven container for carrying items
Success: True
# episodes completed so far: 1239
# successes: 775 (62.6%)
Current task success rate: 1.0
Current total success rate: 0.6255044390637611

Task: i noticed the butter is out would you pick it up and place it in the basket please
Success: True
# episodes completed so far: 1240
# successes: 776 (62.6%)
Current task success rate: 1.0
Current total success rate: 0.6258064516129033

Task: grasp the creamy dairy spread and deposit it into the woven carrying container
Success: True
# episodes completed so far: 1241
# successes: 777 (62.6%)
Current task success rate: 1.0
Current total success rate: 0.6261079774375503

Task: grasp the dairy spread and place it in the woven container
Success: True
# episodes completed so far: 1242
# successes: 778 (62.6%)
Current task success rate: 1.0
Current total success rate: 0.6264090177133655

Task: the butter is getting soft quickly pick it up and place it in the chilled basket
Success: True
# episodes completed so far: 1243
# successes: 779 (62.7%)
Current task success rate: 1.0
Current total success rate: 0.6267095736122285

Task: grasp the butter and deposit it in the basket
Success: True
# episodes completed so far: 1244
# successes: 780 (62.7%)
Current task success rate: 1.0
Current total success rate: 0.6270096463022508

Task: grab the butter and put it in the hamper
Success: True
# episodes completed so far: 1245
# successes: 781 (62.7%)
Current task success rate: 1.0
Current total success rate: 0.6273092369477912

Task: gather the butter and set it in the basket
Success: True
# episodes completed so far: 1246
# successes: 782 (62.8%)
Current task success rate: 1.0
Current total success rate: 0.6276083467094703

Task: the basket looks empty pick up the butter from the counter and place it inside
Success: True
# episodes completed so far: 1247
# successes: 783 (62.8%)
Current task success rate: 1.0
Current total success rate: 0.627906976744186

Task: grasp the dairy spread and deposit it into the woven holder
Success: True
# episodes completed so far: 1248
# successes: 784 (62.8%)
Current task success rate: 1.0
Current total success rate: 0.6282051282051282

Task: could you put the butter in the basket thank you
Success: True
# episodes completed so far: 1249
# successes: 785 (62.9%)
Current task success rate: 1.0
Current total success rate: 0.6285028022417934

Task: the kitchen is getting organized please pick up the butter and place it in the basket on your right
Success: True
# episodes completed so far: 1250
# successes: 786 (62.9%)
Current task success rate: 1.0
Current total success rate: 0.6288

Task: sure make sure the butter ends up in the basket
Success: True
# episodes completed so far: 1251
# successes: 787 (62.9%)
Current task success rate: 1.0
Current total success rate: 0.6290967226219025

Task: lets keep things tidy pick up that butter and place it in the basket where it belongs
Success: True
# episodes completed so far: 1252
# successes: 788 (62.9%)
Current task success rate: 1.0
Current total success rate: 0.6293929712460063

Task: could you ensure the butter ends up in the basket
Success: True
# episodes completed so far: 1253
# successes: 789 (63.0%)
Current task success rate: 1.0
Current total success rate: 0.6296887470071828

Task: for proper storage pick up the butter and place it in the designated basket on the shelf
Success: True
# episodes completed so far: 1254
# successes: 790 (63.0%)
Current task success rate: 1.0
Current total success rate: 0.6299840510366826

Task: before the butter melts could you pick it up and place it in the basket thanks
Success: True
# episodes completed so far: 1255
# successes: 791 (63.0%)
Current task success rate: 1.0
Current total success rate: 0.6302788844621514

Task: as part of your kitchen duties today pick up the butter and place it in the storage basket
Success: True
# episodes completed so far: 1256
# successes: 792 (63.1%)
Current task success rate: 1.0
Current total success rate: 0.6305732484076433

Task: grasp the solid dairy product and deposit it in the woven container
Success: True
# episodes completed so far: 1257
# successes: 793 (63.1%)
Current task success rate: 1.0
Current total success rate: 0.6308671439936356

Task: grasp the yellow dairy spread and deposit it into the woven carrying container
Success: True
# episodes completed so far: 1258
# successes: 794 (63.1%)
Current task success rate: 1.0
Current total success rate: 0.6311605723370429

Task: the cooking instructions say we should pick up the butter and place it in the basket first
Success: True
# episodes completed so far: 1259
# successes: 795 (63.1%)
Current task success rate: 1.0
Current total success rate: 0.6314535345512311

Task: pick up the yellow dairy product used for cooking and spreading and place it in the woven container for holding items
Success: True
# episodes completed so far: 1260
# successes: 796 (63.2%)
Current task success rate: 1.0
Current total success rate: 0.6317460317460317

Task: grasp the solid dairy product and deposit it into the woven container
Success: True
# episodes completed so far: 1261
# successes: 797 (63.2%)
Current task success rate: 1.0
Current total success rate: 0.6320380650277557

Task: hey could you put the butter in the basket
Success: True
# episodes completed so far: 1262
# successes: 798 (63.2%)
Current task success rate: 1.0
Current total success rate: 0.6323296354992076

Task: grasp the dairy liquid container and deposit it in the woven carrier
Success: True
# episodes completed so far: 1263
# successes: 799 (63.3%)
Current task success rate: 1.0
Current total success rate: 0.6326207442596992

Task: before we leave dont forget to pick up the milk and put it in the picnic basket
Success: True
# episodes completed so far: 1264
# successes: 800 (63.3%)
Current task success rate: 1.0
Current total success rate: 0.6329113924050633

Task: grab the white beverage often consumed at breakfast and deposit it into the woven holder for carrying items
Success: True
# episodes completed so far: 1265
# successes: 801 (63.3%)
Current task success rate: 1.0
Current total success rate: 0.633201581027668

Task: grasp the liquid dairy product and deposit it into the woven container
Success: True
# episodes completed so far: 1266
# successes: 802 (63.3%)
Current task success rate: 1.0
Current total success rate: 0.6334913112164297

Task: grab the milk and put it in the basket
Success: True
# episodes completed so far: 1267
# successes: 803 (63.4%)
Current task success rate: 1.0
Current total success rate: 0.6337805840568271

Task: were organizing the kitchen your job is to pick up the milk and place it in the designated basket
Success: True
# episodes completed so far: 1268
# successes: 804 (63.4%)
Current task success rate: 1.0
Current total success rate: 0.6340694006309149

Task: grasp the container of cows beverage and deposit it in the woven holder
Success: True
# episodes completed so far: 1269
# successes: 805 (63.4%)
Current task success rate: 1.0
Current total success rate: 0.6343577620173365

Task: gather the milk and set it in the basket
Success: True
# episodes completed so far: 1270
# successes: 806 (63.5%)
Current task success rate: 1.0
Current total success rate: 0.6346456692913386

Task: can you put the milk into the basket
Success: True
# episodes completed so far: 1271
# successes: 807 (63.5%)
Current task success rate: 1.0
Current total success rate: 0.6349331235247836

Task: grasp the cold dairy liquid container and position it within the woven carrying accessory
Success: True
# episodes completed so far: 1272
# successes: 808 (63.5%)
Current task success rate: 1.0
Current total success rate: 0.6352201257861635

Task: collect the dairy product used in coffee and breakfast cereals and deposit it into the woven container for carrying items
Success: True
# episodes completed so far: 1273
# successes: 809 (63.6%)
Current task success rate: 1.0
Current total success rate: 0.6355066771406127

Task: the children need their milk pick it up from the counter and place it in their snack basket
Success: True
# episodes completed so far: 1274
# successes: 810 (63.6%)
Current task success rate: 1.0
Current total success rate: 0.6357927786499215

Task: pick up the dairy liquid container and place it in the woven carrying implement
Success: True
# episodes completed so far: 1275
# successes: 811 (63.6%)
Current task success rate: 1.0
Current total success rate: 0.636078431372549

Task: retrieve the milk and set it in the basket
Success: True
# episodes completed so far: 1276
# successes: 812 (63.6%)
Current task success rate: 1.0
Current total success rate: 0.6363636363636364

Task: could you please put the milk in the basket
Success: True
# episodes completed so far: 1277
# successes: 813 (63.7%)
Current task success rate: 1.0
Current total success rate: 0.6366483946750195

Task: lift the white liquid container and set it into the woven carrier
Success: True
# episodes completed so far: 1278
# successes: 814 (63.7%)
Current task success rate: 1.0
Current total success rate: 0.6369327073552425

Task: for our grocery organization please pick up the milk and transfer it to the basket
Success: True
# episodes completed so far: 1279
# successes: 815 (63.7%)
Current task success rate: 1.0
Current total success rate: 0.63721657544957

Task: grasp the chilled white liquid container and deposit it into the woven carrying accessory
Success: False
# episodes completed so far: 1280
# successes: 815 (63.7%)
Current task success rate: 0.0
Current total success rate: 0.63671875

Task: to help with dinner setup pick up the milk from the fridge and put it in the serving basket
Success: True
# episodes completed so far: 1281
# successes: 816 (63.7%)
Current task success rate: 1.0
Current total success rate: 0.6370023419203747

Task: please put the milk in the basket
Success: True
# episodes completed so far: 1282
# successes: 817 (63.7%)
Current task success rate: 1.0
Current total success rate: 0.6372854914196567

Task: to complete this chore simply pick up the milk container and place it inside the laundry basket just kidding use the food basket
Success: True
# episodes completed so far: 1283
# successes: 818 (63.8%)
Current task success rate: 1.0
Current total success rate: 0.6375681995323461

Task: grab the milk and deposit it in the basket
Success: True
# episodes completed so far: 1284
# successes: 819 (63.8%)
Current task success rate: 1.0
Current total success rate: 0.6378504672897196

Task: for proper storage pick up the open milk carton and place it in the refrigerator basket
Success: True
# episodes completed so far: 1285
# successes: 820 (63.8%)
Current task success rate: 1.0
Current total success rate: 0.6381322957198443

Task: would you mind putting the milk into the basket
Success: True
# episodes completed so far: 1286
# successes: 821 (63.8%)
Current task success rate: 1.0
Current total success rate: 0.6384136858475894

Task: for breakfast preparation please pick up the milk container and place it in the breakfast basket
Success: True
# episodes completed so far: 1287
# successes: 822 (63.9%)
Current task success rate: 1.0
Current total success rate: 0.6386946386946387

Task: could you please pick up the milk and put it in the basket its right there on the counter
Success: True
# episodes completed so far: 1288
# successes: 823 (63.9%)
Current task success rate: 1.0
Current total success rate: 0.6389751552795031

Task: grasp the liquid dairy product and deposit it inside the woven container
Success: True
# episodes completed so far: 1289
# successes: 824 (63.9%)
Current task success rate: 1.0
Current total success rate: 0.6392552366175329

Task: put the milk in the basket
Success: True
# episodes completed so far: 1290
# successes: 825 (64.0%)
Current task success rate: 1.0
Current total success rate: 0.6395348837209303

Task: grab the milk and set it in the basket
Success: True
# episodes completed so far: 1291
# successes: 826 (64.0%)
Current task success rate: 1.0
Current total success rate: 0.6398140975987606

Task: lift the milk and deposit it in the basket
Success: True
# episodes completed so far: 1292
# successes: 827 (64.0%)
Current task success rate: 1.0
Current total success rate: 0.6400928792569659

Task: our guests are arriving soon quickly pick up the milk and place it in the entertainment basket
Success: True
# episodes completed so far: 1293
# successes: 828 (64.0%)
Current task success rate: 1.0
Current total success rate: 0.6403712296983759

Task: grab the milk and deposit it in the basket
Success: True
# episodes completed so far: 1294
# successes: 829 (64.1%)
Current task success rate: 1.0
Current total success rate: 0.6406491499227203

Task: pick up the white liquid commonly obtained from cows and place it in the woven container used for carrying items
Success: True
# episodes completed so far: 1295
# successes: 830 (64.1%)
Current task success rate: 1.0
Current total success rate: 0.640926640926641

Task: could you put the milk in the basket for me
Success: True
# episodes completed so far: 1296
# successes: 831 (64.1%)
Current task success rate: 1.0
Current total success rate: 0.6412037037037037

Task: the recipe calls for milk first pick it up from the shelf and place it in your mixing basket
Success: True
# episodes completed so far: 1297
# successes: 832 (64.1%)
Current task success rate: 1.0
Current total success rate: 0.6414803392444102

Task: the shopping list is complete once you pick up the milk and add it to the basket with other items
Success: True
# episodes completed so far: 1298
# successes: 833 (64.2%)
Current task success rate: 1.0
Current total success rate: 0.6417565485362096

Task: grasp the chilled dairy beverage container and deposit it into the woven carrying holder
Success: True
# episodes completed so far: 1299
# successes: 834 (64.2%)
Current task success rate: 1.0
Current total success rate: 0.6420323325635104

Task: collect the milk and set it in the basket
Success: True
# episodes completed so far: 1300
# successes: 835 (64.2%)
Current task success rate: 1.0
Current total success rate: 0.6423076923076924

Task: could you ensure the milk ends up in the basket
Success: True
# episodes completed so far: 1301
# successes: 836 (64.3%)
Current task success rate: 1.0
Current total success rate: 0.6425826287471176

Task: could you put the milk in the basket for me please
Success: True
# episodes completed so far: 1302
# successes: 837 (64.3%)
Current task success rate: 1.0
Current total success rate: 0.6428571428571429

Task: pick up the dairy product that comes from cows and place it in the woven container for carrying items
Success: True
# episodes completed so far: 1303
# successes: 838 (64.3%)
Current task success rate: 1.0
Current total success rate: 0.6431312356101304

Task: as part of our kitchen cleanup i need you to pick up the milk and place it in the storage basket
Success: True
# episodes completed so far: 1304
# successes: 839 (64.3%)
Current task success rate: 1.0
Current total success rate: 0.6434049079754601

Task: collect the chocolate dessert and set it in the basket
Success: True
# episodes completed so far: 1305
# successes: 840 (64.4%)
Current task success rate: 1.0
Current total success rate: 0.6436781609195402

Task: pick up the creamy dessert made from cocoa and place it in the woven container for carrying items
Success: True
# episodes completed so far: 1306
# successes: 841 (64.4%)
Current task success rate: 1.0
Current total success rate: 0.6439509954058193

Task: were almost done shopping just pick up the chocolate pudding and place it in the basket
Success: True
# episodes completed so far: 1307
# successes: 842 (64.4%)
Current task success rate: 1.0
Current total success rate: 0.6442234123947972

Task: grab the chocolate pudding and set it in the basket
Success: True
# episodes completed so far: 1308
# successes: 843 (64.4%)
Current task success rate: 1.0
Current total success rate: 0.6444954128440367

Task: pick up the dessert made from cocoa and place it in the woven container
Success: True
# episodes completed so far: 1309
# successes: 844 (64.5%)
Current task success rate: 1.0
Current total success rate: 0.6447669977081741

Task: for our picnic later please pick up the chocolate pudding and place it in the basket
Success: True
# episodes completed so far: 1310
# successes: 845 (64.5%)
Current task success rate: 1.0
Current total success rate: 0.6450381679389313

Task: collect the chocolate pudding and set it in the basket
Success: True
# episodes completed so far: 1311
# successes: 846 (64.5%)
Current task success rate: 1.0
Current total success rate: 0.6453089244851259

Task: can you put the chocolate pudding in the basket
Success: True
# episodes completed so far: 1312
# successes: 847 (64.6%)
Current task success rate: 1.0
Current total success rate: 0.645579268292683

Task: could you put the chocolate pudding in the basket for me
Success: True
# episodes completed so far: 1313
# successes: 848 (64.6%)
Current task success rate: 1.0
Current total success rate: 0.6458492003046459

Task: as part of your chores today pick up the chocolate pudding and place it in the basket
Success: True
# episodes completed so far: 1314
# successes: 849 (64.6%)
Current task success rate: 1.0
Current total success rate: 0.6461187214611872

Task: lift the creamy sweet dessert made with cocoa and milk and set it inside the woven container for carrying items
Success: True
# episodes completed so far: 1315
# successes: 850 (64.6%)
Current task success rate: 1.0
Current total success rate: 0.6463878326996197

Task: gather the chocolate pudding and position it inside the basket
Success: True
# episodes completed so far: 1316
# successes: 851 (64.7%)
Current task success rate: 1.0
Current total success rate: 0.6466565349544073

Task: to complete your task pick up the chocolate pudding and place it in the basket
Success: True
# episodes completed so far: 1317
# successes: 852 (64.7%)
Current task success rate: 1.0
Current total success rate: 0.6469248291571754

Task: could you put the chocolate pudding in the basket for me please
Success: True
# episodes completed so far: 1318
# successes: 853 (64.7%)
Current task success rate: 1.0
Current total success rate: 0.6471927162367223

Task: can you put the chocolate pudding in the basket please
Success: True
# episodes completed so far: 1319
# successes: 854 (64.7%)
Current task success rate: 1.0
Current total success rate: 0.6474601971190296

Task: collect the chocolate pudding and set it in the basket
Success: True
# episodes completed so far: 1320
# successes: 855 (64.8%)
Current task success rate: 1.0
Current total success rate: 0.6477272727272727

Task: im organizing the groceries could you pick up the chocolate pudding and place it in the basket
Success: True
# episodes completed so far: 1321
# successes: 856 (64.8%)
Current task success rate: 1.0
Current total success rate: 0.647993943981832

Task: please put the chocolate pudding in the basket
Success: True
# episodes completed so far: 1322
# successes: 857 (64.8%)
Current task success rate: 1.0
Current total success rate: 0.6482602118003026

Task: before we leave remember to pick up the chocolate pudding and place it in the basket
Success: True
# episodes completed so far: 1323
# successes: 858 (64.9%)
Current task success rate: 1.0
Current total success rate: 0.6485260770975056

Task: pick up the dessert made from cocoa and milk and place it in the woven container
Success: True
# episodes completed so far: 1324
# successes: 859 (64.9%)
Current task success rate: 1.0
Current total success rate: 0.6487915407854985

Task: our shopping list says to pick up the chocolate pudding and place it in the basket
Success: True
# episodes completed so far: 1325
# successes: 860 (64.9%)
Current task success rate: 1.0
Current total success rate: 0.6490566037735849

Task: pick up the dessert usually made from cocoa and milk and place it in the woven container
Success: True
# episodes completed so far: 1326
# successes: 861 (64.9%)
Current task success rate: 1.0
Current total success rate: 0.6493212669683258

Task: lift the creamy cocoaflavored dessert and set it within the woven container
Success: True
# episodes completed so far: 1327
# successes: 862 (65.0%)
Current task success rate: 1.0
Current total success rate: 0.6495855312735493

Task: pick up the creamy dessert made with cocoa and place it in the woven container
Success: True
# episodes completed so far: 1328
# successes: 863 (65.0%)
Current task success rate: 1.0
Current total success rate: 0.6498493975903614

Task: lets prepare for the party by picking up the chocolate pudding and placing it in the basket
Success: True
# episodes completed so far: 1329
# successes: 864 (65.0%)
Current task success rate: 1.0
Current total success rate: 0.6501128668171557

Task: grasp the creamy dessert made with cocoa and place it inside the woven container
Success: True
# episodes completed so far: 1330
# successes: 865 (65.0%)
Current task success rate: 1.0
Current total success rate: 0.650375939849624

Task: pick up the creamy dessert confection made from cocoa and place it in the woven container for carrying items
Success: True
# episodes completed so far: 1331
# successes: 866 (65.1%)
Current task success rate: 1.0
Current total success rate: 0.6506386175807664

Task: dont forget our dessert pick up the chocolate pudding and place it in the basket
Success: True
# episodes completed so far: 1332
# successes: 867 (65.1%)
Current task success rate: 1.0
Current total success rate: 0.6509009009009009

Task: lift the chocolate pudding and position it inside the basket
Success: True
# episodes completed so far: 1333
# successes: 868 (65.1%)
Current task success rate: 1.0
Current total success rate: 0.6511627906976745

Task: grasp the creamy dessert flavored with cocoa and deposit it into the woven container
Success: True
# episodes completed so far: 1334
# successes: 869 (65.1%)
Current task success rate: 1.0
Current total success rate: 0.651424287856072

Task: the chocolate pudding looks delicious pick it up and place it in the basket would you
Success: True
# episodes completed so far: 1335
# successes: 870 (65.2%)
Current task success rate: 1.0
Current total success rate: 0.651685393258427

Task: lift the chocolate dessert and put it in the basket
Success: True
# episodes completed so far: 1336
# successes: 871 (65.2%)
Current task success rate: 1.0
Current total success rate: 0.6519461077844312

Task: grasp the creamy dessert often enjoyed after meals and deposit it into the woven container typically used for carrying items
Success: True
# episodes completed so far: 1337
# successes: 872 (65.2%)
Current task success rate: 1.0
Current total success rate: 0.6522064323111444

Task: im making my famous dessert please pick up the chocolate pudding and place it in the basket
Success: True
# episodes completed so far: 1338
# successes: 873 (65.2%)
Current task success rate: 1.0
Current total success rate: 0.6524663677130045

Task: the kids will love this pick up the chocolate pudding and place it in the basket
Success: True
# episodes completed so far: 1339
# successes: 874 (65.3%)
Current task success rate: 1.0
Current total success rate: 0.6527259148618372

Task: pick up the sweet creamy dessert traditionally made from cocoa and place it inside the woven container typically used for carrying items
Success: True
# episodes completed so far: 1340
# successes: 875 (65.3%)
Current task success rate: 1.0
Current total success rate: 0.6529850746268657

Task: pick up the creamy cocoabased dessert and place it in the woven container
Success: True
# episodes completed so far: 1341
# successes: 876 (65.3%)
Current task success rate: 1.0
Current total success rate: 0.6532438478747203

Task: this is the last item we need pick up the chocolate pudding and place it in the basket
Success: True
# episodes completed so far: 1342
# successes: 877 (65.4%)
Current task success rate: 1.0
Current total success rate: 0.6535022354694486

Task: pick up the creamy dessert made from cocoa and place it in the woven container
Success: True
# episodes completed so far: 1343
# successes: 878 (65.4%)
Current task success rate: 1.0
Current total success rate: 0.6537602382725242

Task: its time for dessert please pick up the chocolate pudding and place it in the basket
Success: True
# episodes completed so far: 1344
# successes: 879 (65.4%)
Current task success rate: 1.0
Current total success rate: 0.6540178571428571

Task: lift the chocolate dessert and set it in the basket
Success: True
# episodes completed so far: 1345
# successes: 880 (65.4%)
Current task success rate: 1.0
Current total success rate: 0.654275092936803

Task: could you please put the chocolate pudding in the basket
Success: True
# episodes completed so far: 1346
# successes: 881 (65.5%)
Current task success rate: 1.0
Current total success rate: 0.6545319465081724

Task: carefully pick up the chocolate pudding and place it in the basket without spilling any
Success: True
# episodes completed so far: 1347
# successes: 882 (65.5%)
Current task success rate: 1.0
Current total success rate: 0.6547884187082406

Task: the recipe calls for this pick up the chocolate pudding and place it in the basket
Success: True
# episodes completed so far: 1348
# successes: 883 (65.5%)
Current task success rate: 1.0
Current total success rate: 0.6550445103857567

Task: grab the chocolate dessert and put it in the hamper
Success: True
# episodes completed so far: 1349
# successes: 884 (65.5%)
Current task success rate: 1.0
Current total success rate: 0.6553002223869533

Task: grasp the chocolate dessert and set it in the hamper
Success: True
# episodes completed so far: 1350
# successes: 885 (65.6%)
Current task success rate: 1.0
Current total success rate: 0.6555555555555556

Task: pick up the dessert made from milk sugar and cocoa and place it in the woven container for carrying items
Success: True
# episodes completed so far: 1351
# successes: 886 (65.6%)
Current task success rate: 1.0
Current total success rate: 0.6558105107327905

Task: for the baking project please pick up the chocolate pudding and place it in the basket
Success: True
# episodes completed so far: 1352
# successes: 887 (65.6%)
Current task success rate: 1.0
Current total success rate: 0.6560650887573964

Task: pick up the dessert made from cocoa and milk and place it in the woven container for carrying items
Success: True
# episodes completed so far: 1353
# successes: 888 (65.6%)
Current task success rate: 1.0
Current total success rate: 0.656319290465632

Task: grab the orange juice and put it in the carrier
Success: True
# episodes completed so far: 1354
# successes: 889 (65.7%)
Current task success rate: 1.0
Current total success rate: 0.656573116691285

Task: the recipe calls for chilled juice so pick up the orange juice and place it in the basket to cool
Success: True
# episodes completed so far: 1355
# successes: 890 (65.7%)
Current task success rate: 1.0
Current total success rate: 0.6568265682656826

Task: grab the orange juice and put it in the basket
Success: True
# episodes completed so far: 1356
# successes: 891 (65.7%)
Current task success rate: 1.0
Current total success rate: 0.6570796460176991

Task: lift the citrus beverage and deposit it in the woven container
Success: True
# episodes completed so far: 1357
# successes: 892 (65.7%)
Current task success rate: 1.0
Current total success rate: 0.6573323507737656

Task: collect the orange juice and deposit it in the basket
Success: True
# episodes completed so far: 1358
# successes: 893 (65.8%)
Current task success rate: 1.0
Current total success rate: 0.6575846833578792

Task: to prevent spills carefully pick up the orange juice and place it in the basket
Success: True
# episodes completed so far: 1359
# successes: 894 (65.8%)
Current task success rate: 1.0
Current total success rate: 0.6578366445916115

Task: grasp the citrus beverage container and deposit it into the woven carrying implement
Success: True
# episodes completed so far: 1360
# successes: 895 (65.8%)
Current task success rate: 1.0
Current total success rate: 0.6580882352941176

Task: the orange juice is on the counter please pick it up and place it in the basket
Success: True
# episodes completed so far: 1361
# successes: 896 (65.8%)
Current task success rate: 1.0
Current total success rate: 0.6583394562821455

Task: i noticed the orange juice is still out could you pick it up and place it in the basket
Success: True
# episodes completed so far: 1362
# successes: 897 (65.9%)
Current task success rate: 1.0
Current total success rate: 0.6585903083700441

Task: before organizing other items remember to pick up the orange juice and place it in the basket
Success: True
# episodes completed so far: 1363
# successes: 898 (65.9%)
Current task success rate: 1.0
Current total success rate: 0.6588407923697726

Task: for proper storage please pick up the orange juice and place it in the basket immediately
Success: True
# episodes completed so far: 1364
# successes: 899 (65.9%)
Current task success rate: 1.0
Current total success rate: 0.6590909090909091

Task: our guests are arriving soon pick up the orange juice and place it in the basket quickly
Success: True
# episodes completed so far: 1365
# successes: 900 (65.9%)
Current task success rate: 1.0
Current total success rate: 0.6593406593406593

Task: lets organize the groceries pick up the orange juice and place it in the basket
Success: True
# episodes completed so far: 1366
# successes: 901 (66.0%)
Current task success rate: 1.0
Current total success rate: 0.6595900439238653

Task: can you put the orange juice in the basket
Success: True
# episodes completed so far: 1367
# successes: 902 (66.0%)
Current task success rate: 1.0
Current total success rate: 0.6598390636430139

Task: lift the orange juice and set it in the basket
Success: True
# episodes completed so far: 1368
# successes: 903 (66.0%)
Current task success rate: 1.0
Current total success rate: 0.6600877192982456

Task: would you be so kind as to pick up the orange juice and place it in the basket thanks
Success: True
# episodes completed so far: 1369
# successes: 904 (66.0%)
Current task success rate: 1.0
Current total success rate: 0.660336011687363

Task: please put the orange juice in the basket
Success: True
# episodes completed so far: 1370
# successes: 905 (66.1%)
Current task success rate: 1.0
Current total success rate: 0.6605839416058394

Task: could you ensure the orange juice ends up in the basket
Success: True
# episodes completed so far: 1371
# successes: 906 (66.1%)
Current task success rate: 1.0
Current total success rate: 0.6608315098468271

Task: could you put the orange juice in the basket for me
Success: True
# episodes completed so far: 1372
# successes: 907 (66.1%)
Current task success rate: 1.0
Current total success rate: 0.6610787172011662

Task: grasp the container filled with a citrusbased beverage and deposit it into the woven holder designed for carrying items
Success: True
# episodes completed so far: 1373
# successes: 908 (66.1%)
Current task success rate: 1.0
Current total success rate: 0.6613255644573925

Task: grasp the container of citrusderived beverage and deposit it into the woven holder
Success: True
# episodes completed so far: 1374
# successes: 909 (66.2%)
Current task success rate: 1.0
Current total success rate: 0.6615720524017468

Task: can you make sure the orange juice ends up in the basket
Success: True
# episodes completed so far: 1375
# successes: 910 (66.2%)
Current task success rate: 1.0
Current total success rate: 0.6618181818181819

Task: lift the citrus beverage and put it into the woven container
Success: True
# episodes completed so far: 1376
# successes: 911 (66.2%)
Current task success rate: 1.0
Current total success rate: 0.6620639534883721

Task: lift the citrus beverage container and set it inside the woven holder
Success: True
# episodes completed so far: 1377
# successes: 912 (66.2%)
Current task success rate: 1.0
Current total success rate: 0.6623093681917211

Task: grasp the citrus beverage container and deposit it in the woven carrying accessory
Success: True
# episodes completed so far: 1378
# successes: 913 (66.3%)
Current task success rate: 1.0
Current total success rate: 0.6625544267053701

Task: grasp the citrus beverage container and deposit it in the woven carrier
Success: True
# episodes completed so far: 1379
# successes: 914 (66.3%)
Current task success rate: 1.0
Current total success rate: 0.662799129804206

Task: grasp the citrus beverage and deposit it in the woven container
Success: True
# episodes completed so far: 1380
# successes: 915 (66.3%)
Current task success rate: 1.0
Current total success rate: 0.6630434782608695

Task: before putting anything else away pick up the orange juice and place it in the basket
Success: True
# episodes completed so far: 1381
# successes: 916 (66.3%)
Current task success rate: 1.0
Current total success rate: 0.663287472845764

Task: could you put the orange juice in the basket please
Success: True
# episodes completed so far: 1382
# successes: 917 (66.4%)
Current task success rate: 1.0
Current total success rate: 0.6635311143270622

Task: grasp the container of citrusbased beverage and deposit it in the woven container for carrying items
Success: True
# episodes completed so far: 1383
# successes: 918 (66.4%)
Current task success rate: 1.0
Current total success rate: 0.6637744034707158

Task: for better organization always pick up the orange juice and place it in the designated basket
Success: True
# episodes completed so far: 1384
# successes: 919 (66.4%)
Current task success rate: 1.0
Current total success rate: 0.6640173410404624

Task: grab the orange juice and put it in the basket
Success: True
# episodes completed so far: 1385
# successes: 920 (66.4%)
Current task success rate: 1.0
Current total success rate: 0.6642599277978339

Task: put the orange juice in the basket please
Success: True
# episodes completed so far: 1386
# successes: 921 (66.5%)
Current task success rate: 1.0
Current total success rate: 0.6645021645021645

Task: grasp the citrus beverage and deposit it into the woven storage container
Success: True
# episodes completed so far: 1387
# successes: 922 (66.5%)
Current task success rate: 1.0
Current total success rate: 0.6647440519105984

Task: lift the citrusderived breakfast beverage and position it within the woven carrying container
Success: True
# episodes completed so far: 1388
# successes: 923 (66.5%)
Current task success rate: 1.0
Current total success rate: 0.6649855907780979

Task: the shopping list says we need to pick up the orange juice and place it in the basket first
Success: True
# episodes completed so far: 1389
# successes: 924 (66.5%)
Current task success rate: 1.0
Current total success rate: 0.6652267818574514

Task: grasp the citrusbased breakfast beverage and deposit it into the woven container
Success: True
# episodes completed so far: 1390
# successes: 925 (66.5%)
Current task success rate: 1.0
Current total success rate: 0.6654676258992805

Task: lift the citrusbased breakfast beverage and put it in the woven container
Success: True
# episodes completed so far: 1391
# successes: 926 (66.6%)
Current task success rate: 1.0
Current total success rate: 0.6657081236520489

Task: can you ensure the orange juice ends up in the basket
Success: True
# episodes completed so far: 1392
# successes: 927 (66.6%)
Current task success rate: 1.0
Current total success rate: 0.665948275862069

Task: as part of our shopping routine always pick up the orange juice and place it in the basket first
Success: True
# episodes completed so far: 1393
# successes: 928 (66.6%)
Current task success rate: 1.0
Current total success rate: 0.6661880832735104

Task: gather the orange juice and set it in the basket
Success: True
# episodes completed so far: 1394
# successes: 929 (66.6%)
Current task success rate: 1.0
Current total success rate: 0.6664275466284074

Task: grasp the orange juice and deposit it in the basket
Success: True
# episodes completed so far: 1395
# successes: 930 (66.7%)
Current task success rate: 1.0
Current total success rate: 0.6666666666666666

Task: the basket looks empty lets start by picking up the orange juice and placing it there
Success: True
# episodes completed so far: 1396
# successes: 931 (66.7%)
Current task success rate: 1.0
Current total success rate: 0.6669054441260746

Task: pick up the alphabet soup and place it in the basket view 0 0 100 0 0 initstate 0 noise 2
Success: True
# episodes completed so far: 1397
# successes: 932 (66.7%)
Current task success rate: 1.0
Current total success rate: 0.6671438797423049

Task: pick up the alphabet soup and place it in the basket view 0 0 100 0 0 initstate 0 noise 3
Success: False
# episodes completed so far: 1398
# successes: 932 (66.7%)
Current task success rate: 0.0
Current total success rate: 0.6666666666666666

Task: pick up the alphabet soup and place it in the basket view 0 0 100 0 0 initstate 0 noise 4
Success: True
# episodes completed so far: 1399
# successes: 933 (66.7%)
Current task success rate: 1.0
Current total success rate: 0.6669049320943531

Task: pick up the alphabet soup and place it in the basket view 0 0 100 0 0 initstate 0 noise 5
Success: True
# episodes completed so far: 1400
# successes: 934 (66.7%)
Current task success rate: 1.0
Current total success rate: 0.6671428571428571

Task: pick up the alphabet soup and place it in the basket view 0 0 100 0 0 initstate 0 noise 6
Success: True
# episodes completed so far: 1401
# successes: 935 (66.7%)
Current task success rate: 1.0
Current total success rate: 0.6673804425410421

Task: pick up the alphabet soup and place it in the basket view 0 0 100 0 0 initstate 0 noise 7
Success: True
# episodes completed so far: 1402
# successes: 936 (66.8%)
Current task success rate: 1.0
Current total success rate: 0.6676176890156919

Task: pick up the alphabet soup and place it in the basket view 0 0 100 0 0 initstate 0 noise 8
Success: True
# episodes completed so far: 1403
# successes: 937 (66.8%)
Current task success rate: 1.0
Current total success rate: 0.6678545972915182

Task: pick up the alphabet soup and place it in the basket view 0 0 100 0 0 initstate 0 noise 9
Success: False
# episodes completed so far: 1404
# successes: 937 (66.7%)
Current task success rate: 0.0
Current total success rate: 0.6673789173789174

Task: pick up the alphabet soup and place it in the basket view 0 0 100 0 0 initstate 0 noise 10
Success: False
# episodes completed so far: 1405
# successes: 937 (66.7%)
Current task success rate: 0.0
Current total success rate: 0.6669039145907474

Task: pick up the alphabet soup and place it in the basket view 0 0 100 0 0 initstate 0 noise 12
Success: True
# episodes completed so far: 1406
# successes: 938 (66.7%)
Current task success rate: 1.0
Current total success rate: 0.6671408250355618

Task: pick up the alphabet soup and place it in the basket view 0 0 100 0 0 initstate 0 noise 13
Success: True
# episodes completed so far: 1407
# successes: 939 (66.7%)
Current task success rate: 1.0
Current total success rate: 0.6673773987206824

Task: pick up the alphabet soup and place it in the basket view 0 0 100 0 0 initstate 0 noise 14
Success: True
# episodes completed so far: 1408
# successes: 940 (66.8%)
Current task success rate: 1.0
Current total success rate: 0.6676136363636364

Task: pick up the alphabet soup and place it in the basket view 0 0 100 0 0 initstate 0 noise 15
Success: False
# episodes completed so far: 1409
# successes: 940 (66.7%)
Current task success rate: 0.0
Current total success rate: 0.6671398154719659

Task: pick up the alphabet soup and place it in the basket view 0 0 100 0 0 initstate 0 noise 16
Success: False
# episodes completed so far: 1410
# successes: 940 (66.7%)
Current task success rate: 0.0
Current total success rate: 0.6666666666666666

Task: pick up the alphabet soup and place it in the basket view 0 0 100 0 0 initstate 0 noise 17
Success: False
# episodes completed so far: 1411
# successes: 940 (66.6%)
Current task success rate: 0.0
Current total success rate: 0.666194188518781

Task: pick up the alphabet soup and place it in the basket view 0 0 100 0 0 initstate 0 noise 18
Success: False
# episodes completed so far: 1412
# successes: 940 (66.6%)
Current task success rate: 0.0
Current total success rate: 0.6657223796033994

Task: pick up the alphabet soup and place it in the basket view 0 0 100 0 0 initstate 0 noise 19
Success: False
# episodes completed so far: 1413
# successes: 940 (66.5%)
Current task success rate: 0.0
Current total success rate: 0.6652512384996462

Task: pick up the alphabet soup and place it in the basket view 0 0 100 0 0 initstate 0 noise 20
Success: False
# episodes completed so far: 1414
# successes: 940 (66.5%)
Current task success rate: 0.0
Current total success rate: 0.6647807637906648

Task: pick up the alphabet soup and place it in the basket view 0 0 100 0 0 initstate 0 noise 22
Success: True
# episodes completed so far: 1415
# successes: 941 (66.5%)
Current task success rate: 1.0
Current total success rate: 0.665017667844523

Task: pick up the alphabet soup and place it in the basket view 0 0 100 0 0 initstate 0 noise 24
Success: False
# episodes completed so far: 1416
# successes: 941 (66.5%)
Current task success rate: 0.0
Current total success rate: 0.66454802259887

Task: pick up the alphabet soup and place it in the basket view 0 0 100 0 0 initstate 0 noise 25
Success: False
# episodes completed so far: 1417
# successes: 941 (66.4%)
Current task success rate: 0.0
Current total success rate: 0.6640790402258292

Task: pick up the alphabet soup and place it in the basket view 0 0 100 0 0 initstate 0 noise 26
Success: False
# episodes completed so far: 1418
# successes: 941 (66.4%)
Current task success rate: 0.0
Current total success rate: 0.6636107193229901

Task: pick up the alphabet soup and place it in the basket view 0 0 100 0 0 initstate 0 noise 27
Success: False
# episodes completed so far: 1419
# successes: 941 (66.3%)
Current task success rate: 0.0
Current total success rate: 0.6631430584918957

Task: pick up the alphabet soup and place it in the basket view 0 0 100 0 0 initstate 0 noise 28
Success: False
# episodes completed so far: 1420
# successes: 941 (66.3%)
Current task success rate: 0.0
Current total success rate: 0.6626760563380282

Task: pick up the alphabet soup and place it in the basket view 0 0 100 0 0 initstate 0 noise 29
Success: False
# episodes completed so far: 1421
# successes: 941 (66.2%)
Current task success rate: 0.0
Current total success rate: 0.6622097114707952

Task: pick up the alphabet soup and place it in the basket view 0 0 100 0 0 initstate 0 noise 30
Success: False
# episodes completed so far: 1422
# successes: 941 (66.2%)
Current task success rate: 0.0
Current total success rate: 0.6617440225035162

Task: pick up the alphabet soup and place it in the basket view 0 0 100 0 0 initstate 0 noise 35
Success: True
# episodes completed so far: 1423
# successes: 942 (66.2%)
Current task success rate: 1.0
Current total success rate: 0.6619817287420942

Task: pick up the alphabet soup and place it in the basket view 0 0 100 0 0 initstate 0 noise 36
Success: True
# episodes completed so far: 1424
# successes: 943 (66.2%)
Current task success rate: 1.0
Current total success rate: 0.6622191011235955

Task: pick up the alphabet soup and place it in the basket view 0 0 100 0 0 initstate 0 noise 37
Success: True
# episodes completed so far: 1425
# successes: 944 (66.2%)
Current task success rate: 1.0
Current total success rate: 0.6624561403508772

Task: pick up the alphabet soup and place it in the basket view 0 0 100 0 0 initstate 0 noise 38
Success: True
# episodes completed so far: 1426
# successes: 945 (66.3%)
Current task success rate: 1.0
Current total success rate: 0.6626928471248247

Task: pick up the alphabet soup and place it in the basket view 0 0 100 0 0 initstate 0 noise 39
Success: False
# episodes completed so far: 1427
# successes: 945 (66.2%)
Current task success rate: 0.0
Current total success rate: 0.662228451296426

Task: pick up the alphabet soup and place it in the basket view 0 0 100 0 0 initstate 0 noise 40
Success: False
# episodes completed so far: 1428
# successes: 945 (66.2%)
Current task success rate: 0.0
Current total success rate: 0.6617647058823529

Task: pick up the alphabet soup and place it in the basket view 0 0 100 0 0 initstate 0 noise 41
Success: True
# episodes completed so far: 1429
# successes: 946 (66.2%)
Current task success rate: 1.0
Current total success rate: 0.6620013995801259

Task: pick up the alphabet soup and place it in the basket view 0 0 100 0 0 initstate 0 noise 42
Success: True
# episodes completed so far: 1430
# successes: 947 (66.2%)
Current task success rate: 1.0
Current total success rate: 0.6622377622377622

Task: pick up the alphabet soup and place it in the basket view 0 0 100 0 0 initstate 0 noise 43
Success: True
# episodes completed so far: 1431
# successes: 948 (66.2%)
Current task success rate: 1.0
Current total success rate: 0.6624737945492662

Task: pick up the alphabet soup and place it in the basket view 0 0 100 0 0 initstate 0 noise 44
Success: True
# episodes completed so far: 1432
# successes: 949 (66.3%)
Current task success rate: 1.0
Current total success rate: 0.6627094972067039

Task: pick up the alphabet soup and place it in the basket view 0 0 100 0 0 initstate 0 noise 45
Success: True
# episodes completed so far: 1433
# successes: 950 (66.3%)
Current task success rate: 1.0
Current total success rate: 0.6629448709002094

Task: pick up the alphabet soup and place it in the basket view 0 0 100 0 0 initstate 0 noise 46
Success: True
# episodes completed so far: 1434
# successes: 951 (66.3%)
Current task success rate: 1.0
Current total success rate: 0.6631799163179917

Task: pick up the alphabet soup and place it in the basket view 0 0 100 0 0 initstate 0 noise 47
Success: False
# episodes completed so far: 1435
# successes: 951 (66.3%)
Current task success rate: 0.0
Current total success rate: 0.6627177700348432

Task: pick up the alphabet soup and place it in the basket view 0 0 100 0 0 initstate 0 noise 48
Success: False
# episodes completed so far: 1436
# successes: 951 (66.2%)
Current task success rate: 0.0
Current total success rate: 0.6622562674094707

Task: pick up the alphabet soup and place it in the basket view 0 0 100 0 0 initstate 0 noise 49
Success: False
# episodes completed so far: 1437
# successes: 951 (66.2%)
Current task success rate: 0.0
Current total success rate: 0.6617954070981211

Task: pick up the alphabet soup and place it in the basket view 0 0 100 0 0 initstate 0 noise 50
Success: False
# episodes completed so far: 1438
# successes: 951 (66.1%)
Current task success rate: 0.0
Current total success rate: 0.6613351877607788

Task: pick up the cream cheese and place it in the basket view 0 0 100 0 0 initstate 0 noise 1
Success: True
# episodes completed so far: 1439
# successes: 952 (66.2%)
Current task success rate: 1.0
Current total success rate: 0.6615705350938151

Task: pick up the cream cheese and place it in the basket view 0 0 100 0 0 initstate 0 noise 2
Success: True
# episodes completed so far: 1440
# successes: 953 (66.2%)
Current task success rate: 1.0
Current total success rate: 0.6618055555555555

Task: pick up the cream cheese and place it in the basket view 0 0 100 0 0 initstate 0 noise 3
Success: True
# episodes completed so far: 1441
# successes: 954 (66.2%)
Current task success rate: 1.0
Current total success rate: 0.6620402498265093

Task: pick up the cream cheese and place it in the basket view 0 0 100 0 0 initstate 0 noise 4
Success: True
# episodes completed so far: 1442
# successes: 955 (66.2%)
Current task success rate: 1.0
Current total success rate: 0.6622746185852982

Task: pick up the cream cheese and place it in the basket view 0 0 100 0 0 initstate 0 noise 5
Success: True
# episodes completed so far: 1443
# successes: 956 (66.3%)
Current task success rate: 1.0
Current total success rate: 0.6625086625086625

Task: pick up the cream cheese and place it in the basket view 0 0 100 0 0 initstate 0 noise 6
Success: True
# episodes completed so far: 1444
# successes: 957 (66.3%)
Current task success rate: 1.0
Current total success rate: 0.6627423822714681

Task: pick up the cream cheese and place it in the basket view 0 0 100 0 0 initstate 0 noise 7
Success: True
# episodes completed so far: 1445
# successes: 958 (66.3%)
Current task success rate: 1.0
Current total success rate: 0.6629757785467129

Task: pick up the cream cheese and place it in the basket view 0 0 100 0 0 initstate 0 noise 8
Success: False
# episodes completed so far: 1446
# successes: 958 (66.3%)
Current task success rate: 0.0
Current total success rate: 0.6625172890733056

Task: pick up the cream cheese and place it in the basket view 0 0 100 0 0 initstate 0 noise 9
Success: False
# episodes completed so far: 1447
# successes: 958 (66.2%)
Current task success rate: 0.0
Current total success rate: 0.6620594333102972

Task: pick up the cream cheese and place it in the basket view 0 0 100 0 0 initstate 0 noise 10
Success: True
# episodes completed so far: 1448
# successes: 959 (66.2%)
Current task success rate: 1.0
Current total success rate: 0.662292817679558

Task: pick up the cream cheese and place it in the basket view 0 0 100 0 0 initstate 0 noise 11
Success: True
# episodes completed so far: 1449
# successes: 960 (66.3%)
Current task success rate: 1.0
Current total success rate: 0.6625258799171843

Task: pick up the cream cheese and place it in the basket view 0 0 100 0 0 initstate 0 noise 12
Success: True
# episodes completed so far: 1450
# successes: 961 (66.3%)
Current task success rate: 1.0
Current total success rate: 0.6627586206896552

Task: pick up the cream cheese and place it in the basket view 0 0 100 0 0 initstate 0 noise 13
Success: True
# episodes completed so far: 1451
# successes: 962 (66.3%)
Current task success rate: 1.0
Current total success rate: 0.6629910406616126

Task: pick up the cream cheese and place it in the basket view 0 0 100 0 0 initstate 0 noise 14
Success: False
# episodes completed so far: 1452
# successes: 962 (66.3%)
Current task success rate: 0.0
Current total success rate: 0.662534435261708

Task: pick up the cream cheese and place it in the basket view 0 0 100 0 0 initstate 0 noise 15
Success: False
# episodes completed so far: 1453
# successes: 962 (66.2%)
Current task success rate: 0.0
Current total success rate: 0.6620784583620096

Task: pick up the cream cheese and place it in the basket view 0 0 100 0 0 initstate 0 noise 16
Success: False
# episodes completed so far: 1454
# successes: 962 (66.2%)
Current task success rate: 0.0
Current total success rate: 0.6616231086657497

Task: pick up the cream cheese and place it in the basket view 0 0 100 0 0 initstate 0 noise 17
Success: False
# episodes completed so far: 1455
# successes: 962 (66.1%)
Current task success rate: 0.0
Current total success rate: 0.6611683848797251

Task: pick up the cream cheese and place it in the basket view 0 0 100 0 0 initstate 0 noise 18
Success: False
# episodes completed so far: 1456
# successes: 962 (66.1%)
Current task success rate: 0.0
Current total success rate: 0.6607142857142857

Task: pick up the cream cheese and place it in the basket view 0 0 100 0 0 initstate 0 noise 19
Success: False
# episodes completed so far: 1457
# successes: 962 (66.0%)
Current task success rate: 0.0
Current total success rate: 0.6602608098833219

Task: pick up the cream cheese and place it in the basket view 0 0 100 0 0 initstate 0 noise 21
Success: True
# episodes completed so far: 1458
# successes: 963 (66.0%)
Current task success rate: 1.0
Current total success rate: 0.6604938271604939

Task: pick up the cream cheese and place it in the basket view 0 0 100 0 0 initstate 0 noise 22
Success: True
# episodes completed so far: 1459
# successes: 964 (66.1%)
Current task success rate: 1.0
Current total success rate: 0.660726525017135

Task: pick up the cream cheese and place it in the basket view 0 0 100 0 0 initstate 0 noise 24
Success: True
# episodes completed so far: 1460
# successes: 965 (66.1%)
Current task success rate: 1.0
Current total success rate: 0.660958904109589

Task: pick up the cream cheese and place it in the basket view 0 0 100 0 0 initstate 0 noise 25
Success: True
# episodes completed so far: 1461
# successes: 966 (66.1%)
Current task success rate: 1.0
Current total success rate: 0.6611909650924025

Task: pick up the cream cheese and place it in the basket view 0 0 100 0 0 initstate 0 noise 26
Success: True
# episodes completed so far: 1462
# successes: 967 (66.1%)
Current task success rate: 1.0
Current total success rate: 0.6614227086183311

Task: pick up the cream cheese and place it in the basket view 0 0 100 0 0 initstate 0 noise 27
Success: True
# episodes completed so far: 1463
# successes: 968 (66.2%)
Current task success rate: 1.0
Current total success rate: 0.6616541353383458

Task: pick up the cream cheese and place it in the basket view 0 0 100 0 0 initstate 0 noise 28
Success: True
# episodes completed so far: 1464
# successes: 969 (66.2%)
Current task success rate: 1.0
Current total success rate: 0.6618852459016393

Task: pick up the cream cheese and place it in the basket view 0 0 100 0 0 initstate 0 noise 29
Success: True
# episodes completed so far: 1465
# successes: 970 (66.2%)
Current task success rate: 1.0
Current total success rate: 0.6621160409556314

Task: pick up the cream cheese and place it in the basket view 0 0 100 0 0 initstate 0 noise 30
Success: True
# episodes completed so far: 1466
# successes: 971 (66.2%)
Current task success rate: 1.0
Current total success rate: 0.6623465211459755

Task: pick up the cream cheese and place it in the basket view 0 0 100 0 0 initstate 0 noise 32
Success: True
# episodes completed so far: 1467
# successes: 972 (66.3%)
Current task success rate: 1.0
Current total success rate: 0.6625766871165644

Task: pick up the cream cheese and place it in the basket view 0 0 100 0 0 initstate 0 noise 33
Success: True
# episodes completed so far: 1468
# successes: 973 (66.3%)
Current task success rate: 1.0
Current total success rate: 0.6628065395095368

Task: pick up the cream cheese and place it in the basket view 0 0 100 0 0 initstate 0 noise 34
Success: True
# episodes completed so far: 1469
# successes: 974 (66.3%)
Current task success rate: 1.0
Current total success rate: 0.6630360789652825

Task: pick up the cream cheese and place it in the basket view 0 0 100 0 0 initstate 0 noise 35
Success: True
# episodes completed so far: 1470
# successes: 975 (66.3%)
Current task success rate: 1.0
Current total success rate: 0.6632653061224489

Task: pick up the cream cheese and place it in the basket view 0 0 100 0 0 initstate 0 noise 36
Success: True
# episodes completed so far: 1471
# successes: 976 (66.3%)
Current task success rate: 1.0
Current total success rate: 0.663494221617947

Task: pick up the cream cheese and place it in the basket view 0 0 100 0 0 initstate 0 noise 37
Success: True
# episodes completed so far: 1472
# successes: 977 (66.4%)
Current task success rate: 1.0
Current total success rate: 0.6637228260869565

Task: pick up the cream cheese and place it in the basket view 0 0 100 0 0 initstate 0 noise 38
Success: True
# episodes completed so far: 1473
# successes: 978 (66.4%)
Current task success rate: 1.0
Current total success rate: 0.6639511201629328

Task: pick up the cream cheese and place it in the basket view 0 0 100 0 0 initstate 0 noise 41
Success: True
# episodes completed so far: 1474
# successes: 979 (66.4%)
Current task success rate: 1.0
Current total success rate: 0.664179104477612

Task: pick up the cream cheese and place it in the basket view 0 0 100 0 0 initstate 0 noise 42
Success: True
# episodes completed so far: 1475
# successes: 980 (66.4%)
Current task success rate: 1.0
Current total success rate: 0.6644067796610169

Task: pick up the cream cheese and place it in the basket view 0 0 100 0 0 initstate 0 noise 43
Success: True
# episodes completed so far: 1476
# successes: 981 (66.5%)
Current task success rate: 1.0
Current total success rate: 0.6646341463414634

Task: pick up the cream cheese and place it in the basket view 0 0 100 0 0 initstate 0 noise 44
Success: True
# episodes completed so far: 1477
# successes: 982 (66.5%)
Current task success rate: 1.0
Current total success rate: 0.6648612051455653

Task: pick up the cream cheese and place it in the basket view 0 0 100 0 0 initstate 0 noise 45
Success: False
# episodes completed so far: 1478
# successes: 982 (66.4%)
Current task success rate: 0.0
Current total success rate: 0.6644113667117727

Task: pick up the cream cheese and place it in the basket view 0 0 100 0 0 initstate 0 noise 47
Success: True
# episodes completed so far: 1479
# successes: 983 (66.5%)
Current task success rate: 1.0
Current total success rate: 0.6646382691007438

Task: pick up the cream cheese and place it in the basket view 0 0 100 0 0 initstate 0 noise 48
Success: False
# episodes completed so far: 1480
# successes: 983 (66.4%)
Current task success rate: 0.0
Current total success rate: 0.6641891891891892

Task: pick up the cream cheese and place it in the basket view 0 0 100 0 0 initstate 0 noise 49
Success: False
# episodes completed so far: 1481
# successes: 983 (66.4%)
Current task success rate: 0.0
Current total success rate: 0.6637407157326131

Task: pick up the cream cheese and place it in the basket view 0 0 100 0 0 initstate 0 noise 50
Success: False
# episodes completed so far: 1482
# successes: 983 (66.3%)
Current task success rate: 0.0
Current total success rate: 0.6632928475033738

Task: pick up the salad dressing and place it in the basket view 0 0 100 0 0 initstate 0 noise 1
Success: True
# episodes completed so far: 1483
# successes: 984 (66.4%)
Current task success rate: 1.0
Current total success rate: 0.6635198921105866

Task: pick up the salad dressing and place it in the basket view 0 0 100 0 0 initstate 0 noise 2
Success: True
# episodes completed so far: 1484
# successes: 985 (66.4%)
Current task success rate: 1.0
Current total success rate: 0.6637466307277629

Task: pick up the salad dressing and place it in the basket view 0 0 100 0 0 initstate 0 noise 3
Success: True
# episodes completed so far: 1485
# successes: 986 (66.4%)
Current task success rate: 1.0
Current total success rate: 0.663973063973064

Task: pick up the salad dressing and place it in the basket view 0 0 100 0 0 initstate 0 noise 4
Success: True
# episodes completed so far: 1486
# successes: 987 (66.4%)
Current task success rate: 1.0
Current total success rate: 0.6641991924629879

Task: pick up the salad dressing and place it in the basket view 0 0 100 0 0 initstate 0 noise 5
Success: True
# episodes completed so far: 1487
# successes: 988 (66.4%)
Current task success rate: 1.0
Current total success rate: 0.6644250168123739

Task: pick up the salad dressing and place it in the basket view 0 0 100 0 0 initstate 0 noise 6
Success: True
# episodes completed so far: 1488
# successes: 989 (66.5%)
Current task success rate: 1.0
Current total success rate: 0.6646505376344086

Task: pick up the salad dressing and place it in the basket view 0 0 100 0 0 initstate 0 noise 7
Success: True
# episodes completed so far: 1489
# successes: 990 (66.5%)
Current task success rate: 1.0
Current total success rate: 0.6648757555406313

Task: pick up the salad dressing and place it in the basket view 0 0 100 0 0 initstate 0 noise 8
Success: False
# episodes completed so far: 1490
# successes: 990 (66.4%)
Current task success rate: 0.0
Current total success rate: 0.6644295302013423

Task: pick up the salad dressing and place it in the basket view 0 0 100 0 0 initstate 0 noise 9
Success: False
# episodes completed so far: 1491
# successes: 990 (66.4%)
Current task success rate: 0.0
Current total success rate: 0.6639839034205232

Task: pick up the salad dressing and place it in the basket view 0 0 100 0 0 initstate 0 noise 12
Success: True
# episodes completed so far: 1492
# successes: 991 (66.4%)
Current task success rate: 1.0
Current total success rate: 0.6642091152815014

Task: pick up the salad dressing and place it in the basket view 0 0 100 0 0 initstate 0 noise 13
Success: True
# episodes completed so far: 1493
# successes: 992 (66.4%)
Current task success rate: 1.0
Current total success rate: 0.6644340254521098

Task: pick up the salad dressing and place it in the basket view 0 0 100 0 0 initstate 0 noise 14
Success: True
# episodes completed so far: 1494
# successes: 993 (66.5%)
Current task success rate: 1.0
Current total success rate: 0.6646586345381527

Task: pick up the salad dressing and place it in the basket view 0 0 100 0 0 initstate 0 noise 15
Success: True
# episodes completed so far: 1495
# successes: 994 (66.5%)
Current task success rate: 1.0
Current total success rate: 0.6648829431438127

Task: pick up the salad dressing and place it in the basket view 0 0 100 0 0 initstate 0 noise 16
Success: False
# episodes completed so far: 1496
# successes: 994 (66.4%)
Current task success rate: 0.0
Current total success rate: 0.6644385026737968

Task: pick up the salad dressing and place it in the basket view 0 0 100 0 0 initstate 0 noise 17
Success: False
# episodes completed so far: 1497
# successes: 994 (66.4%)
Current task success rate: 0.0
Current total success rate: 0.663994655978624

Task: pick up the salad dressing and place it in the basket view 0 0 100 0 0 initstate 0 noise 19
Success: False
# episodes completed so far: 1498
# successes: 994 (66.4%)
Current task success rate: 0.0
Current total success rate: 0.6635514018691588

Task: pick up the salad dressing and place it in the basket view 0 0 100 0 0 initstate 0 noise 20
Success: False
# episodes completed so far: 1499
# successes: 994 (66.3%)
Current task success rate: 0.0
Current total success rate: 0.6631087391594396

Task: pick up the salad dressing and place it in the basket view 0 0 100 0 0 initstate 0 noise 24
Success: True
# episodes completed so far: 1500
# successes: 995 (66.3%)
Current task success rate: 1.0
Current total success rate: 0.6633333333333333

Task: pick up the salad dressing and place it in the basket view 0 0 100 0 0 initstate 0 noise 25
Success: True
# episodes completed so far: 1501
# successes: 996 (66.4%)
Current task success rate: 1.0
Current total success rate: 0.6635576282478348

Task: pick up the salad dressing and place it in the basket view 0 0 100 0 0 initstate 0 noise 26
Success: True
# episodes completed so far: 1502
# successes: 997 (66.4%)
Current task success rate: 1.0
Current total success rate: 0.6637816245006658

Task: pick up the salad dressing and place it in the basket view 0 0 100 0 0 initstate 0 noise 27
Success: True
# episodes completed so far: 1503
# successes: 998 (66.4%)
Current task success rate: 1.0
Current total success rate: 0.6640053226879574

Task: pick up the salad dressing and place it in the basket view 0 0 100 0 0 initstate 0 noise 28
Success: True
# episodes completed so far: 1504
# successes: 999 (66.4%)
Current task success rate: 1.0
Current total success rate: 0.6642287234042553

Task: pick up the salad dressing and place it in the basket view 0 0 100 0 0 initstate 0 noise 29
Success: True
# episodes completed so far: 1505
# successes: 1000 (66.4%)
Current task success rate: 1.0
Current total success rate: 0.6644518272425249

Task: pick up the salad dressing and place it in the basket view 0 0 100 0 0 initstate 0 noise 30
Success: True
# episodes completed so far: 1506
# successes: 1001 (66.5%)
Current task success rate: 1.0
Current total success rate: 0.6646746347941567

Task: pick up the salad dressing and place it in the basket view 0 0 100 0 0 initstate 0 noise 33
Success: True
# episodes completed so far: 1507
# successes: 1002 (66.5%)
Current task success rate: 1.0
Current total success rate: 0.6648971466489715

Task: pick up the salad dressing and place it in the basket view 0 0 100 0 0 initstate 0 noise 34
Success: True
# episodes completed so far: 1508
# successes: 1003 (66.5%)
Current task success rate: 1.0
Current total success rate: 0.6651193633952255

Task: pick up the salad dressing and place it in the basket view 0 0 100 0 0 initstate 0 noise 35
Success: True
# episodes completed so far: 1509
# successes: 1004 (66.5%)
Current task success rate: 1.0
Current total success rate: 0.6653412856196156

Task: pick up the salad dressing and place it in the basket view 0 0 100 0 0 initstate 0 noise 36
Success: True
# episodes completed so far: 1510
# successes: 1005 (66.6%)
Current task success rate: 1.0
Current total success rate: 0.6655629139072847

Task: pick up the salad dressing and place it in the basket view 0 0 100 0 0 initstate 0 noise 37
Success: True
# episodes completed so far: 1511
# successes: 1006 (66.6%)
Current task success rate: 1.0
Current total success rate: 0.6657842488418266

Task: pick up the salad dressing and place it in the basket view 0 0 100 0 0 initstate 0 noise 38
Success: True
# episodes completed so far: 1512
# successes: 1007 (66.6%)
Current task success rate: 1.0
Current total success rate: 0.666005291005291

Task: pick up the salad dressing and place it in the basket view 0 0 100 0 0 initstate 0 noise 39
Success: True
# episodes completed so far: 1513
# successes: 1008 (66.6%)
Current task success rate: 1.0
Current total success rate: 0.666226040978189

Task: pick up the salad dressing and place it in the basket view 0 0 100 0 0 initstate 0 noise 40
Success: False
# episodes completed so far: 1514
# successes: 1008 (66.6%)
Current task success rate: 0.0
Current total success rate: 0.665785997357992

Task: pick up the salad dressing and place it in the basket view 0 0 100 0 0 initstate 0 noise 41
Success: True
# episodes completed so far: 1515
# successes: 1009 (66.6%)
Current task success rate: 1.0
Current total success rate: 0.666006600660066

Task: pick up the salad dressing and place it in the basket view 0 0 100 0 0 initstate 0 noise 42
Success: True
# episodes completed so far: 1516
# successes: 1010 (66.6%)
Current task success rate: 1.0
Current total success rate: 0.6662269129287599

Task: pick up the salad dressing and place it in the basket view 0 0 100 0 0 initstate 0 noise 43
Success: True
# episodes completed so far: 1517
# successes: 1011 (66.6%)
Current task success rate: 1.0
Current total success rate: 0.6664469347396177

Task: pick up the salad dressing and place it in the basket view 0 0 100 0 0 initstate 0 noise 44
Success: True
# episodes completed so far: 1518
# successes: 1012 (66.7%)
Current task success rate: 1.0
Current total success rate: 0.6666666666666666

Task: pick up the salad dressing and place it in the basket view 0 0 100 0 0 initstate 0 noise 45
Success: True
# episodes completed so far: 1519
# successes: 1013 (66.7%)
Current task success rate: 1.0
Current total success rate: 0.6668861092824226

Task: pick up the salad dressing and place it in the basket view 0 0 100 0 0 initstate 0 noise 46
Success: True
# episodes completed so far: 1520
# successes: 1014 (66.7%)
Current task success rate: 1.0
Current total success rate: 0.6671052631578948

Task: pick up the salad dressing and place it in the basket view 0 0 100 0 0 initstate 0 noise 47
Success: True
# episodes completed so far: 1521
# successes: 1015 (66.7%)
Current task success rate: 1.0
Current total success rate: 0.6673241288625904

Task: pick up the salad dressing and place it in the basket view 0 0 100 0 0 initstate 0 noise 48
Success: True
# episodes completed so far: 1522
# successes: 1016 (66.8%)
Current task success rate: 1.0
Current total success rate: 0.6675427069645203

Task: pick up the salad dressing and place it in the basket view 0 0 100 0 0 initstate 0 noise 49
Success: True
# episodes completed so far: 1523
# successes: 1017 (66.8%)
Current task success rate: 1.0
Current total success rate: 0.6677609980302035

Task: pick up the salad dressing and place it in the basket view 0 0 100 0 0 initstate 0 noise 50
Success: True
# episodes completed so far: 1524
# successes: 1018 (66.8%)
Current task success rate: 1.0
Current total success rate: 0.6679790026246719

Task: pick up the bbq sauce and place it in the basket view 0 0 100 0 0 initstate 0 noise 2
Success: True
# episodes completed so far: 1525
# successes: 1019 (66.8%)
Current task success rate: 1.0
Current total success rate: 0.6681967213114755

Task: pick up the bbq sauce and place it in the basket view 0 0 100 0 0 initstate 0 noise 3
Success: True
# episodes completed so far: 1526
# successes: 1020 (66.8%)
Current task success rate: 1.0
Current total success rate: 0.6684141546526867

Task: pick up the bbq sauce and place it in the basket view 0 0 100 0 0 initstate 0 noise 4
Success: True
# episodes completed so far: 1527
# successes: 1021 (66.9%)
Current task success rate: 1.0
Current total success rate: 0.6686313032089064

Task: pick up the bbq sauce and place it in the basket view 0 0 100 0 0 initstate 0 noise 5
Success: True
# episodes completed so far: 1528
# successes: 1022 (66.9%)
Current task success rate: 1.0
Current total success rate: 0.668848167539267

Task: pick up the bbq sauce and place it in the basket view 0 0 100 0 0 initstate 0 noise 6
Success: True
# episodes completed so far: 1529
# successes: 1023 (66.9%)
Current task success rate: 1.0
Current total success rate: 0.6690647482014388

Task: pick up the bbq sauce and place it in the basket view 0 0 100 0 0 initstate 0 noise 7
Success: True
# episodes completed so far: 1530
# successes: 1024 (66.9%)
Current task success rate: 1.0
Current total success rate: 0.6692810457516339

Task: pick up the bbq sauce and place it in the basket view 0 0 100 0 0 initstate 0 noise 8
Success: True
# episodes completed so far: 1531
# successes: 1025 (66.9%)
Current task success rate: 1.0
Current total success rate: 0.6694970607446113

Task: pick up the bbq sauce and place it in the basket view 0 0 100 0 0 initstate 0 noise 10
Success: False
# episodes completed so far: 1532
# successes: 1025 (66.9%)
Current task success rate: 0.0
Current total success rate: 0.6690600522193212

Task: pick up the bbq sauce and place it in the basket view 0 0 100 0 0 initstate 0 noise 12
Success: True
# episodes completed so far: 1533
# successes: 1026 (66.9%)
Current task success rate: 1.0
Current total success rate: 0.6692759295499021

Task: pick up the bbq sauce and place it in the basket view 0 0 100 0 0 initstate 0 noise 13
Success: True
# episodes completed so far: 1534
# successes: 1027 (66.9%)
Current task success rate: 1.0
Current total success rate: 0.6694915254237288

Task: pick up the bbq sauce and place it in the basket view 0 0 100 0 0 initstate 0 noise 14
Success: True
# episodes completed so far: 1535
# successes: 1028 (67.0%)
Current task success rate: 1.0
Current total success rate: 0.6697068403908795

Task: pick up the bbq sauce and place it in the basket view 0 0 100 0 0 initstate 0 noise 15
Success: True
# episodes completed so far: 1536
# successes: 1029 (67.0%)
Current task success rate: 1.0
Current total success rate: 0.669921875

Task: pick up the bbq sauce and place it in the basket view 0 0 100 0 0 initstate 0 noise 16
Success: True
# episodes completed so far: 1537
# successes: 1030 (67.0%)
Current task success rate: 1.0
Current total success rate: 0.6701366297983083

Task: pick up the bbq sauce and place it in the basket view 0 0 100 0 0 initstate 0 noise 17
Success: True
# episodes completed so far: 1538
# successes: 1031 (67.0%)
Current task success rate: 1.0
Current total success rate: 0.6703511053315995

Task: pick up the bbq sauce and place it in the basket view 0 0 100 0 0 initstate 0 noise 18
Success: False
# episodes completed so far: 1539
# successes: 1031 (67.0%)
Current task success rate: 0.0
Current total success rate: 0.6699155295646524

Task: pick up the bbq sauce and place it in the basket view 0 0 100 0 0 initstate 0 noise 19
Success: True
# episodes completed so far: 1540
# successes: 1032 (67.0%)
Current task success rate: 1.0
Current total success rate: 0.6701298701298701

Task: pick up the bbq sauce and place it in the basket view 0 0 100 0 0 initstate 0 noise 20
Success: True
# episodes completed so far: 1541
# successes: 1033 (67.0%)
Current task success rate: 1.0
Current total success rate: 0.6703439325113563

Task: pick up the bbq sauce and place it in the basket view 0 0 100 0 0 initstate 0 noise 24
Success: True
# episodes completed so far: 1542
# successes: 1034 (67.1%)
Current task success rate: 1.0
Current total success rate: 0.6705577172503242

Task: pick up the bbq sauce and place it in the basket view 0 0 100 0 0 initstate 0 noise 25
Success: False
# episodes completed so far: 1543
# successes: 1034 (67.0%)
Current task success rate: 0.0
Current total success rate: 0.6701231367465975

Task: pick up the bbq sauce and place it in the basket view 0 0 100 0 0 initstate 0 noise 26
Success: True
# episodes completed so far: 1544
# successes: 1035 (67.0%)
Current task success rate: 1.0
Current total success rate: 0.6703367875647669

Task: pick up the bbq sauce and place it in the basket view 0 0 100 0 0 initstate 0 noise 27
Success: True
# episodes completed so far: 1545
# successes: 1036 (67.1%)
Current task success rate: 1.0
Current total success rate: 0.6705501618122978

Task: pick up the bbq sauce and place it in the basket view 0 0 100 0 0 initstate 0 noise 28
Success: False
# episodes completed so far: 1546
# successes: 1036 (67.0%)
Current task success rate: 0.0
Current total success rate: 0.6701164294954722

Task: pick up the bbq sauce and place it in the basket view 0 0 100 0 0 initstate 0 noise 29
Success: True
# episodes completed so far: 1547
# successes: 1037 (67.0%)
Current task success rate: 1.0
Current total success rate: 0.6703296703296703

Task: pick up the bbq sauce and place it in the basket view 0 0 100 0 0 initstate 0 noise 30
Success: False
# episodes completed so far: 1548
# successes: 1037 (67.0%)
Current task success rate: 0.0
Current total success rate: 0.6698966408268734

Task: pick up the bbq sauce and place it in the basket view 0 0 100 0 0 initstate 0 noise 34
Success: True
# episodes completed so far: 1549
# successes: 1038 (67.0%)
Current task success rate: 1.0
Current total success rate: 0.6701097482246611

Task: pick up the bbq sauce and place it in the basket view 0 0 100 0 0 initstate 0 noise 35
Success: True
# episodes completed so far: 1550
# successes: 1039 (67.0%)
Current task success rate: 1.0
Current total success rate: 0.6703225806451613

Task: pick up the bbq sauce and place it in the basket view 0 0 100 0 0 initstate 0 noise 36
Success: True
# episodes completed so far: 1551
# successes: 1040 (67.1%)
Current task success rate: 1.0
Current total success rate: 0.670535138620245

Task: pick up the bbq sauce and place it in the basket view 0 0 100 0 0 initstate 0 noise 37
Success: True
# episodes completed so far: 1552
# successes: 1041 (67.1%)
Current task success rate: 1.0
Current total success rate: 0.6707474226804123

Task: pick up the bbq sauce and place it in the basket view 0 0 100 0 0 initstate 0 noise 38
Success: True
# episodes completed so far: 1553
# successes: 1042 (67.1%)
Current task success rate: 1.0
Current total success rate: 0.6709594333547971

Task: pick up the bbq sauce and place it in the basket view 0 0 100 0 0 initstate 0 noise 39
Success: True
# episodes completed so far: 1554
# successes: 1043 (67.1%)
Current task success rate: 1.0
Current total success rate: 0.6711711711711712

Task: pick up the bbq sauce and place it in the basket view 0 0 100 0 0 initstate 0 noise 40
Success: True
# episodes completed so far: 1555
# successes: 1044 (67.1%)
Current task success rate: 1.0
Current total success rate: 0.6713826366559486

Task: pick up the bbq sauce and place it in the basket view 0 0 100 0 0 initstate 0 noise 41
Success: True
# episodes completed so far: 1556
# successes: 1045 (67.2%)
Current task success rate: 1.0
Current total success rate: 0.6715938303341902

Task: pick up the bbq sauce and place it in the basket view 0 0 100 0 0 initstate 0 noise 42
Success: True
# episodes completed so far: 1557
# successes: 1046 (67.2%)
Current task success rate: 1.0
Current total success rate: 0.6718047527296083

Task: pick up the bbq sauce and place it in the basket view 0 0 100 0 0 initstate 0 noise 43
Success: True
# episodes completed so far: 1558
# successes: 1047 (67.2%)
Current task success rate: 1.0
Current total success rate: 0.67201540436457

Task: pick up the bbq sauce and place it in the basket view 0 0 100 0 0 initstate 0 noise 44
Success: True
# episodes completed so far: 1559
# successes: 1048 (67.2%)
Current task success rate: 1.0
Current total success rate: 0.6722257857601026

Task: pick up the bbq sauce and place it in the basket view 0 0 100 0 0 initstate 0 noise 45
Success: True
# episodes completed so far: 1560
# successes: 1049 (67.2%)
Current task success rate: 1.0
Current total success rate: 0.6724358974358975

Task: pick up the bbq sauce and place it in the basket view 0 0 100 0 0 initstate 0 noise 46
Success: True
# episodes completed so far: 1561
# successes: 1050 (67.3%)
Current task success rate: 1.0
Current total success rate: 0.672645739910314

Task: pick up the bbq sauce and place it in the basket view 0 0 100 0 0 initstate 0 noise 47
Success: True
# episodes completed so far: 1562
# successes: 1051 (67.3%)
Current task success rate: 1.0
Current total success rate: 0.6728553137003841

Task: pick up the bbq sauce and place it in the basket view 0 0 100 0 0 initstate 0 noise 48
Success: False
# episodes completed so far: 1563
# successes: 1051 (67.2%)
Current task success rate: 0.0
Current total success rate: 0.672424824056302

Task: pick up the bbq sauce and place it in the basket view 0 0 100 0 0 initstate 0 noise 49
Success: True
# episodes completed so far: 1564
# successes: 1052 (67.3%)
Current task success rate: 1.0
Current total success rate: 0.6726342710997443

Task: pick up the bbq sauce and place it in the basket view 0 0 100 0 0 initstate 0 noise 50
Success: True
# episodes completed so far: 1565
# successes: 1053 (67.3%)
Current task success rate: 1.0
Current total success rate: 0.6728434504792332

Task: pick up the ketchup and place it in the basket view 0 0 100 0 0 initstate 0 noise 1
Success: True
# episodes completed so far: 1566
# successes: 1054 (67.3%)
Current task success rate: 1.0
Current total success rate: 0.6730523627075351

Task: pick up the ketchup and place it in the basket view 0 0 100 0 0 initstate 0 noise 2
Success: True
# episodes completed so far: 1567
# successes: 1055 (67.3%)
Current task success rate: 1.0
Current total success rate: 0.6732610082961072

Task: pick up the ketchup and place it in the basket view 0 0 100 0 0 initstate 0 noise 3
Success: True
# episodes completed so far: 1568
# successes: 1056 (67.3%)
Current task success rate: 1.0
Current total success rate: 0.673469387755102

Task: pick up the ketchup and place it in the basket view 0 0 100 0 0 initstate 0 noise 4
Success: True
# episodes completed so far: 1569
# successes: 1057 (67.4%)
Current task success rate: 1.0
Current total success rate: 0.6736775015933716

Task: pick up the ketchup and place it in the basket view 0 0 100 0 0 initstate 0 noise 5
Success: True
# episodes completed so far: 1570
# successes: 1058 (67.4%)
Current task success rate: 1.0
Current total success rate: 0.6738853503184713

Task: pick up the ketchup and place it in the basket view 0 0 100 0 0 initstate 0 noise 6
Success: True
# episodes completed so far: 1571
# successes: 1059 (67.4%)
Current task success rate: 1.0
Current total success rate: 0.6740929344366645

Task: pick up the ketchup and place it in the basket view 0 0 100 0 0 initstate 0 noise 7
Success: True
# episodes completed so far: 1572
# successes: 1060 (67.4%)
Current task success rate: 1.0
Current total success rate: 0.6743002544529262

Task: pick up the ketchup and place it in the basket view 0 0 100 0 0 initstate 0 noise 8
Success: True
# episodes completed so far: 1573
# successes: 1061 (67.5%)
Current task success rate: 1.0
Current total success rate: 0.6745073108709473

Task: pick up the ketchup and place it in the basket view 0 0 100 0 0 initstate 0 noise 9
Success: False
# episodes completed so far: 1574
# successes: 1061 (67.4%)
Current task success rate: 0.0
Current total success rate: 0.6740787801778907

Task: pick up the ketchup and place it in the basket view 0 0 100 0 0 initstate 0 noise 10
Success: False
# episodes completed so far: 1575
# successes: 1061 (67.4%)
Current task success rate: 0.0
Current total success rate: 0.6736507936507936

Task: pick up the ketchup and place it in the basket view 0 0 100 0 0 initstate 0 noise 12
Success: True
# episodes completed so far: 1576
# successes: 1062 (67.4%)
Current task success rate: 1.0
Current total success rate: 0.6738578680203046

Task: pick up the ketchup and place it in the basket view 0 0 100 0 0 initstate 0 noise 13
Success: True
# episodes completed so far: 1577
# successes: 1063 (67.4%)
Current task success rate: 1.0
Current total success rate: 0.6740646797717185

Task: pick up the ketchup and place it in the basket view 0 0 100 0 0 initstate 0 noise 14
Success: True
# episodes completed so far: 1578
# successes: 1064 (67.4%)
Current task success rate: 1.0
Current total success rate: 0.6742712294043093

Task: pick up the ketchup and place it in the basket view 0 0 100 0 0 initstate 0 noise 15
Success: False
# episodes completed so far: 1579
# successes: 1064 (67.4%)
Current task success rate: 0.0
Current total success rate: 0.6738442051931602

Task: pick up the ketchup and place it in the basket view 0 0 100 0 0 initstate 0 noise 16
Success: False
# episodes completed so far: 1580
# successes: 1064 (67.3%)
Current task success rate: 0.0
Current total success rate: 0.6734177215189874

Task: pick up the ketchup and place it in the basket view 0 0 100 0 0 initstate 0 noise 17
Success: False
# episodes completed so far: 1581
# successes: 1064 (67.3%)
Current task success rate: 0.0
Current total success rate: 0.6729917773561037

Task: pick up the ketchup and place it in the basket view 0 0 100 0 0 initstate 0 noise 18
Success: False
# episodes completed so far: 1582
# successes: 1064 (67.3%)
Current task success rate: 0.0
Current total success rate: 0.672566371681416

Task: pick up the ketchup and place it in the basket view 0 0 100 0 0 initstate 0 noise 19
Success: False
# episodes completed so far: 1583
# successes: 1064 (67.2%)
Current task success rate: 0.0
Current total success rate: 0.6721415034744157

Task: pick up the ketchup and place it in the basket view 0 0 100 0 0 initstate 0 noise 20
Success: False
# episodes completed so far: 1584
# successes: 1064 (67.2%)
Current task success rate: 0.0
Current total success rate: 0.6717171717171717

Task: pick up the ketchup and place it in the basket view 0 0 100 0 0 initstate 0 noise 23
Success: True
# episodes completed so far: 1585
# successes: 1065 (67.2%)
Current task success rate: 1.0
Current total success rate: 0.6719242902208202

Task: pick up the ketchup and place it in the basket view 0 0 100 0 0 initstate 0 noise 24
Success: True
# episodes completed so far: 1586
# successes: 1066 (67.2%)
Current task success rate: 1.0
Current total success rate: 0.6721311475409836

Task: pick up the ketchup and place it in the basket view 0 0 100 0 0 initstate 0 noise 25
Success: False
# episodes completed so far: 1587
# successes: 1066 (67.2%)
Current task success rate: 0.0
Current total success rate: 0.6717076244486453

Task: pick up the ketchup and place it in the basket view 0 0 100 0 0 initstate 0 noise 26
Success: False
# episodes completed so far: 1588
# successes: 1066 (67.1%)
Current task success rate: 0.0
Current total success rate: 0.6712846347607053

Task: pick up the ketchup and place it in the basket view 0 0 100 0 0 initstate 0 noise 27
Success: True
# episodes completed so far: 1589
# successes: 1067 (67.1%)
Current task success rate: 1.0
Current total success rate: 0.6714915040906231

Task: pick up the ketchup and place it in the basket view 0 0 100 0 0 initstate 0 noise 28
Success: True
# episodes completed so far: 1590
# successes: 1068 (67.2%)
Current task success rate: 1.0
Current total success rate: 0.6716981132075471

Task: pick up the ketchup and place it in the basket view 0 0 100 0 0 initstate 0 noise 29
Success: False
# episodes completed so far: 1591
# successes: 1068 (67.1%)
Current task success rate: 0.0
Current total success rate: 0.6712759270898806

Task: pick up the ketchup and place it in the basket view 0 0 100 0 0 initstate 0 noise 30
Success: False
# episodes completed so far: 1592
# successes: 1068 (67.1%)
Current task success rate: 0.0
Current total success rate: 0.6708542713567839

Task: pick up the ketchup and place it in the basket view 0 0 100 0 0 initstate 0 noise 34
Success: True
# episodes completed so far: 1593
# successes: 1069 (67.1%)
Current task success rate: 1.0
Current total success rate: 0.6710608913998745

Task: pick up the ketchup and place it in the basket view 0 0 100 0 0 initstate 0 noise 35
Success: True
# episodes completed so far: 1594
# successes: 1070 (67.1%)
Current task success rate: 1.0
Current total success rate: 0.671267252195734

Task: pick up the ketchup and place it in the basket view 0 0 100 0 0 initstate 0 noise 36
Success: True
# episodes completed so far: 1595
# successes: 1071 (67.1%)
Current task success rate: 1.0
Current total success rate: 0.671473354231975

Task: pick up the ketchup and place it in the basket view 0 0 100 0 0 initstate 0 noise 37
Success: True
# episodes completed so far: 1596
# successes: 1072 (67.2%)
Current task success rate: 1.0
Current total success rate: 0.6716791979949874

Task: pick up the ketchup and place it in the basket view 0 0 100 0 0 initstate 0 noise 38
Success: True
# episodes completed so far: 1597
# successes: 1073 (67.2%)
Current task success rate: 1.0
Current total success rate: 0.6718847839699437

Task: pick up the ketchup and place it in the basket view 0 0 100 0 0 initstate 0 noise 39
Success: False
# episodes completed so far: 1598
# successes: 1073 (67.1%)
Current task success rate: 0.0
Current total success rate: 0.6714643304130162

Task: pick up the ketchup and place it in the basket view 0 0 100 0 0 initstate 0 noise 40
Success: False
# episodes completed so far: 1599
# successes: 1073 (67.1%)
Current task success rate: 0.0
Current total success rate: 0.6710444027517198

Task: pick up the ketchup and place it in the basket view 0 0 100 0 0 initstate 0 noise 41
Success: True
# episodes completed so far: 1600
# successes: 1074 (67.1%)
Current task success rate: 1.0
Current total success rate: 0.67125

Task: pick up the ketchup and place it in the basket view 0 0 100 0 0 initstate 0 noise 43
Success: False
# episodes completed so far: 1601
# successes: 1074 (67.1%)
Current task success rate: 0.0
Current total success rate: 0.6708307307932542

Task: pick up the ketchup and place it in the basket view 0 0 100 0 0 initstate 0 noise 44
Success: True
# episodes completed so far: 1602
# successes: 1075 (67.1%)
Current task success rate: 1.0
Current total success rate: 0.6710362047440699

Task: pick up the ketchup and place it in the basket view 0 0 100 0 0 initstate 0 noise 45
Success: True
# episodes completed so far: 1603
# successes: 1076 (67.1%)
Current task success rate: 1.0
Current total success rate: 0.6712414223331253

Task: pick up the ketchup and place it in the basket view 0 0 100 0 0 initstate 0 noise 46
Success: False
# episodes completed so far: 1604
# successes: 1076 (67.1%)
Current task success rate: 0.0
Current total success rate: 0.6708229426433915

Task: pick up the ketchup and place it in the basket view 0 0 100 0 0 initstate 0 noise 47
Success: False
# episodes completed so far: 1605
# successes: 1076 (67.0%)
Current task success rate: 0.0
Current total success rate: 0.670404984423676

Task: pick up the ketchup and place it in the basket view 0 0 100 0 0 initstate 0 noise 48
Success: False
# episodes completed so far: 1606
# successes: 1076 (67.0%)
Current task success rate: 0.0
Current total success rate: 0.6699875466998755

Task: pick up the ketchup and place it in the basket view 0 0 100 0 0 initstate 0 noise 49
Success: False
# episodes completed so far: 1607
# successes: 1076 (67.0%)
Current task success rate: 0.0
Current total success rate: 0.6695706285003111

Task: pick up the ketchup and place it in the basket view 0 0 100 0 0 initstate 0 noise 50
Success: False
# episodes completed so far: 1608
# successes: 1076 (66.9%)
Current task success rate: 0.0
Current total success rate: 0.6691542288557214

Task: pick up the tomato sauce and place it in the basket view 0 0 100 0 0 initstate 0 noise 1
Success: True
# episodes completed so far: 1609
# successes: 1077 (66.9%)
Current task success rate: 1.0
Current total success rate: 0.6693598508390305

Task: pick up the tomato sauce and place it in the basket view 0 0 100 0 0 initstate 0 noise 2
Success: True
# episodes completed so far: 1610
# successes: 1078 (67.0%)
Current task success rate: 1.0
Current total success rate: 0.6695652173913044

Task: pick up the tomato sauce and place it in the basket view 0 0 100 0 0 initstate 0 noise 3
Success: True
# episodes completed so far: 1611
# successes: 1079 (67.0%)
Current task success rate: 1.0
Current total success rate: 0.6697703289882061

Task: pick up the tomato sauce and place it in the basket view 0 0 100 0 0 initstate 0 noise 4
Success: True
# episodes completed so far: 1612
# successes: 1080 (67.0%)
Current task success rate: 1.0
Current total success rate: 0.6699751861042184

Task: pick up the tomato sauce and place it in the basket view 0 0 100 0 0 initstate 0 noise 5
Success: True
# episodes completed so far: 1613
# successes: 1081 (67.0%)
Current task success rate: 1.0
Current total success rate: 0.6701797892126472

Task: pick up the tomato sauce and place it in the basket view 0 0 100 0 0 initstate 0 noise 6
Success: True
# episodes completed so far: 1614
# successes: 1082 (67.0%)
Current task success rate: 1.0
Current total success rate: 0.6703841387856257

Task: pick up the tomato sauce and place it in the basket view 0 0 100 0 0 initstate 0 noise 7
Success: True
# episodes completed so far: 1615
# successes: 1083 (67.1%)
Current task success rate: 1.0
Current total success rate: 0.6705882352941176

Task: pick up the tomato sauce and place it in the basket view 0 0 100 0 0 initstate 0 noise 8
Success: True
# episodes completed so far: 1616
# successes: 1084 (67.1%)
Current task success rate: 1.0
Current total success rate: 0.6707920792079208

Task: pick up the tomato sauce and place it in the basket view 0 0 100 0 0 initstate 0 noise 9
Success: False
# episodes completed so far: 1617
# successes: 1084 (67.0%)
Current task success rate: 0.0
Current total success rate: 0.6703772418058133

Task: pick up the tomato sauce and place it in the basket view 0 0 100 0 0 initstate 0 noise 12
Success: True
# episodes completed so far: 1618
# successes: 1085 (67.1%)
Current task success rate: 1.0
Current total success rate: 0.6705809641532756

Task: pick up the tomato sauce and place it in the basket view 0 0 100 0 0 initstate 0 noise 13
Success: True
# episodes completed so far: 1619
# successes: 1086 (67.1%)
Current task success rate: 1.0
Current total success rate: 0.6707844348363187

Task: pick up the tomato sauce and place it in the basket view 0 0 100 0 0 initstate 0 noise 14
Success: True
# episodes completed so far: 1620
# successes: 1087 (67.1%)
Current task success rate: 1.0
Current total success rate: 0.6709876543209876

Task: pick up the tomato sauce and place it in the basket view 0 0 100 0 0 initstate 0 noise 15
Success: False
# episodes completed so far: 1621
# successes: 1087 (67.1%)
Current task success rate: 0.0
Current total success rate: 0.6705737199259716

Task: pick up the tomato sauce and place it in the basket view 0 0 100 0 0 initstate 0 noise 16
Success: True
# episodes completed so far: 1622
# successes: 1088 (67.1%)
Current task success rate: 1.0
Current total success rate: 0.6707768187422934

Task: pick up the tomato sauce and place it in the basket view 0 0 100 0 0 initstate 0 noise 17
Success: False
# episodes completed so far: 1623
# successes: 1088 (67.0%)
Current task success rate: 0.0
Current total success rate: 0.6703635243376463

Task: pick up the tomato sauce and place it in the basket view 0 0 100 0 0 initstate 0 noise 18
Success: False
# episodes completed so far: 1624
# successes: 1088 (67.0%)
Current task success rate: 0.0
Current total success rate: 0.6699507389162561

Task: pick up the tomato sauce and place it in the basket view 0 0 100 0 0 initstate 0 noise 19
Success: False
# episodes completed so far: 1625
# successes: 1088 (67.0%)
Current task success rate: 0.0
Current total success rate: 0.6695384615384615

Task: pick up the tomato sauce and place it in the basket view 0 0 100 0 0 initstate 0 noise 20
Success: False
# episodes completed so far: 1626
# successes: 1088 (66.9%)
Current task success rate: 0.0
Current total success rate: 0.6691266912669127

Task: pick up the tomato sauce and place it in the basket view 0 0 100 0 0 initstate 0 noise 23
Success: True
# episodes completed so far: 1627
# successes: 1089 (66.9%)
Current task success rate: 1.0
Current total success rate: 0.6693300553165334

Task: pick up the tomato sauce and place it in the basket view 0 0 100 0 0 initstate 0 noise 24
Success: True
# episodes completed so far: 1628
# successes: 1090 (67.0%)
Current task success rate: 1.0
Current total success rate: 0.6695331695331695

Task: pick up the tomato sauce and place it in the basket view 0 0 100 0 0 initstate 0 noise 25
Success: True
# episodes completed so far: 1629
# successes: 1091 (67.0%)
Current task success rate: 1.0
Current total success rate: 0.6697360343769183

Task: pick up the tomato sauce and place it in the basket view 0 0 100 0 0 initstate 0 noise 26
Success: True
# episodes completed so far: 1630
# successes: 1092 (67.0%)
Current task success rate: 1.0
Current total success rate: 0.6699386503067485

Task: pick up the tomato sauce and place it in the basket view 0 0 100 0 0 initstate 0 noise 27
Success: False
# episodes completed so far: 1631
# successes: 1092 (67.0%)
Current task success rate: 0.0
Current total success rate: 0.6695278969957081

Task: pick up the tomato sauce and place it in the basket view 0 0 100 0 0 initstate 0 noise 28
Success: False
# episodes completed so far: 1632
# successes: 1092 (66.9%)
Current task success rate: 0.0
Current total success rate: 0.6691176470588235

Task: pick up the tomato sauce and place it in the basket view 0 0 100 0 0 initstate 0 noise 29
Success: False
# episodes completed so far: 1633
# successes: 1092 (66.9%)
Current task success rate: 0.0
Current total success rate: 0.6687078995713411

Task: pick up the tomato sauce and place it in the basket view 0 0 100 0 0 initstate 0 noise 30
Success: False
# episodes completed so far: 1634
# successes: 1092 (66.8%)
Current task success rate: 0.0
Current total success rate: 0.6682986536107711

Task: pick up the tomato sauce and place it in the basket view 0 0 100 0 0 initstate 0 noise 33
Success: True
# episodes completed so far: 1635
# successes: 1093 (66.9%)
Current task success rate: 1.0
Current total success rate: 0.6685015290519878

Task: pick up the tomato sauce and place it in the basket view 0 0 100 0 0 initstate 0 noise 34
Success: True
# episodes completed so far: 1636
# successes: 1094 (66.9%)
Current task success rate: 1.0
Current total success rate: 0.6687041564792175

Task: pick up the tomato sauce and place it in the basket view 0 0 100 0 0 initstate 0 noise 35
Success: True
# episodes completed so far: 1637
# successes: 1095 (66.9%)
Current task success rate: 1.0
Current total success rate: 0.6689065363469762

Task: pick up the tomato sauce and place it in the basket view 0 0 100 0 0 initstate 0 noise 36
Success: True
# episodes completed so far: 1638
# successes: 1096 (66.9%)
Current task success rate: 1.0
Current total success rate: 0.6691086691086691

Task: pick up the tomato sauce and place it in the basket view 0 0 100 0 0 initstate 0 noise 37
Success: True
# episodes completed so far: 1639
# successes: 1097 (66.9%)
Current task success rate: 1.0
Current total success rate: 0.6693105552165954

Task: pick up the tomato sauce and place it in the basket view 0 0 100 0 0 initstate 0 noise 38
Success: True
# episodes completed so far: 1640
# successes: 1098 (67.0%)
Current task success rate: 1.0
Current total success rate: 0.6695121951219513

Task: pick up the tomato sauce and place it in the basket view 0 0 100 0 0 initstate 0 noise 39
Success: True
# episodes completed so far: 1641
# successes: 1099 (67.0%)
Current task success rate: 1.0
Current total success rate: 0.6697135892748324

Task: pick up the tomato sauce and place it in the basket view 0 0 100 0 0 initstate 0 noise 40
Success: False
# episodes completed so far: 1642
# successes: 1099 (66.9%)
Current task success rate: 0.0
Current total success rate: 0.669305724725944

Task: pick up the tomato sauce and place it in the basket view 0 0 100 0 0 initstate 0 noise 41
Success: True
# episodes completed so far: 1643
# successes: 1100 (67.0%)
Current task success rate: 1.0
Current total success rate: 0.6695069993913573

Task: pick up the tomato sauce and place it in the basket view 0 0 100 0 0 initstate 0 noise 42
Success: True
# episodes completed so far: 1644
# successes: 1101 (67.0%)
Current task success rate: 1.0
Current total success rate: 0.6697080291970803

Task: pick up the tomato sauce and place it in the basket view 0 0 100 0 0 initstate 0 noise 43
Success: True
# episodes completed so far: 1645
# successes: 1102 (67.0%)
Current task success rate: 1.0
Current total success rate: 0.6699088145896657

Task: pick up the tomato sauce and place it in the basket view 0 0 100 0 0 initstate 0 noise 44
Success: True
# episodes completed so far: 1646
# successes: 1103 (67.0%)
Current task success rate: 1.0
Current total success rate: 0.6701093560145808

Task: pick up the tomato sauce and place it in the basket view 0 0 100 0 0 initstate 0 noise 45
Success: True
# episodes completed so far: 1647
# successes: 1104 (67.0%)
Current task success rate: 1.0
Current total success rate: 0.6703096539162113

Task: pick up the tomato sauce and place it in the basket view 0 0 100 0 0 initstate 0 noise 46
Success: True
# episodes completed so far: 1648
# successes: 1105 (67.1%)
Current task success rate: 1.0
Current total success rate: 0.6705097087378641

Task: pick up the tomato sauce and place it in the basket view 0 0 100 0 0 initstate 0 noise 47
Success: True
# episodes completed so far: 1649
# successes: 1106 (67.1%)
Current task success rate: 1.0
Current total success rate: 0.6707095209217707

Task: pick up the tomato sauce and place it in the basket view 0 0 100 0 0 initstate 0 noise 48
Success: False
# episodes completed so far: 1650
# successes: 1106 (67.0%)
Current task success rate: 0.0
Current total success rate: 0.6703030303030303

Task: pick up the tomato sauce and place it in the basket view 0 0 100 0 0 initstate 0 noise 49
Success: True
# episodes completed so far: 1651
# successes: 1107 (67.1%)
Current task success rate: 1.0
Current total success rate: 0.6705027256208359

Task: pick up the tomato sauce and place it in the basket view 0 0 100 0 0 initstate 0 noise 50
Success: True
# episodes completed so far: 1652
# successes: 1108 (67.1%)
Current task success rate: 1.0
Current total success rate: 0.6707021791767555

Task: pick up the butter and place it in the basket view 0 0 100 0 0 initstate 0 noise 1
Success: True
# episodes completed so far: 1653
# successes: 1109 (67.1%)
Current task success rate: 1.0
Current total success rate: 0.6709013914095584

Task: pick up the butter and place it in the basket view 0 0 100 0 0 initstate 0 noise 2
Success: True
# episodes completed so far: 1654
# successes: 1110 (67.1%)
Current task success rate: 1.0
Current total success rate: 0.6711003627569528

Task: pick up the butter and place it in the basket view 0 0 100 0 0 initstate 0 noise 3
Success: True
# episodes completed so far: 1655
# successes: 1111 (67.1%)
Current task success rate: 1.0
Current total success rate: 0.6712990936555892

Task: pick up the butter and place it in the basket view 0 0 100 0 0 initstate 0 noise 4
Success: True
# episodes completed so far: 1656
# successes: 1112 (67.1%)
Current task success rate: 1.0
Current total success rate: 0.6714975845410628

Task: pick up the butter and place it in the basket view 0 0 100 0 0 initstate 0 noise 5
Success: True
# episodes completed so far: 1657
# successes: 1113 (67.2%)
Current task success rate: 1.0
Current total success rate: 0.6716958358479179

Task: pick up the butter and place it in the basket view 0 0 100 0 0 initstate 0 noise 6
Success: True
# episodes completed so far: 1658
# successes: 1114 (67.2%)
Current task success rate: 1.0
Current total success rate: 0.6718938480096501

Task: pick up the butter and place it in the basket view 0 0 100 0 0 initstate 0 noise 7
Success: True
# episodes completed so far: 1659
# successes: 1115 (67.2%)
Current task success rate: 1.0
Current total success rate: 0.67209162145871

Task: pick up the butter and place it in the basket view 0 0 100 0 0 initstate 0 noise 8
Success: True
# episodes completed so far: 1660
# successes: 1116 (67.2%)
Current task success rate: 1.0
Current total success rate: 0.672289156626506

Task: pick up the butter and place it in the basket view 0 0 100 0 0 initstate 0 noise 11
Success: True
# episodes completed so far: 1661
# successes: 1117 (67.2%)
Current task success rate: 1.0
Current total success rate: 0.6724864539434076

Task: pick up the butter and place it in the basket view 0 0 100 0 0 initstate 0 noise 12
Success: True
# episodes completed so far: 1662
# successes: 1118 (67.3%)
Current task success rate: 1.0
Current total success rate: 0.6726835138387485

Task: pick up the butter and place it in the basket view 0 0 100 0 0 initstate 0 noise 13
Success: True
# episodes completed so far: 1663
# successes: 1119 (67.3%)
Current task success rate: 1.0
Current total success rate: 0.6728803367408298

Task: pick up the butter and place it in the basket view 0 0 100 0 0 initstate 0 noise 14
Success: True
# episodes completed so far: 1664
# successes: 1120 (67.3%)
Current task success rate: 1.0
Current total success rate: 0.6730769230769231

Task: pick up the butter and place it in the basket view 0 0 100 0 0 initstate 0 noise 15
Success: False
# episodes completed so far: 1665
# successes: 1120 (67.3%)
Current task success rate: 0.0
Current total success rate: 0.6726726726726727

Task: pick up the butter and place it in the basket view 0 0 100 0 0 initstate 0 noise 16
Success: False
# episodes completed so far: 1666
# successes: 1120 (67.2%)
Current task success rate: 0.0
Current total success rate: 0.6722689075630253

Task: pick up the butter and place it in the basket view 0 0 100 0 0 initstate 0 noise 17
Success: False
# episodes completed so far: 1667
# successes: 1120 (67.2%)
Current task success rate: 0.0
Current total success rate: 0.671865626874625

Task: pick up the butter and place it in the basket view 0 0 100 0 0 initstate 0 noise 19
Success: False
# episodes completed so far: 1668
# successes: 1120 (67.1%)
Current task success rate: 0.0
Current total success rate: 0.6714628297362111

Task: pick up the butter and place it in the basket view 0 0 100 0 0 initstate 0 noise 20
Success: False
# episodes completed so far: 1669
# successes: 1120 (67.1%)
Current task success rate: 0.0
Current total success rate: 0.67106051527861

Task: pick up the butter and place it in the basket view 0 0 100 0 0 initstate 0 noise 21
Success: True
# episodes completed so far: 1670
# successes: 1121 (67.1%)
Current task success rate: 1.0
Current total success rate: 0.6712574850299401

Task: pick up the butter and place it in the basket view 0 0 100 0 0 initstate 0 noise 22
Success: True
# episodes completed so far: 1671
# successes: 1122 (67.1%)
Current task success rate: 1.0
Current total success rate: 0.6714542190305206

Task: pick up the butter and place it in the basket view 0 0 100 0 0 initstate 0 noise 23
Success: True
# episodes completed so far: 1672
# successes: 1123 (67.2%)
Current task success rate: 1.0
Current total success rate: 0.6716507177033493

Task: pick up the butter and place it in the basket view 0 0 100 0 0 initstate 0 noise 24
Success: True
# episodes completed so far: 1673
# successes: 1124 (67.2%)
Current task success rate: 1.0
Current total success rate: 0.6718469814704124

Task: pick up the butter and place it in the basket view 0 0 100 0 0 initstate 0 noise 25
Success: True
# episodes completed so far: 1674
# successes: 1125 (67.2%)
Current task success rate: 1.0
Current total success rate: 0.6720430107526881

Task: pick up the butter and place it in the basket view 0 0 100 0 0 initstate 0 noise 26
Success: False
# episodes completed so far: 1675
# successes: 1125 (67.2%)
Current task success rate: 0.0
Current total success rate: 0.6716417910447762

Task: pick up the butter and place it in the basket view 0 0 100 0 0 initstate 0 noise 27
Success: False
# episodes completed so far: 1676
# successes: 1125 (67.1%)
Current task success rate: 0.0
Current total success rate: 0.6712410501193318

Task: pick up the butter and place it in the basket view 0 0 100 0 0 initstate 0 noise 28
Success: False
# episodes completed so far: 1677
# successes: 1125 (67.1%)
Current task success rate: 0.0
Current total success rate: 0.6708407871198568

Task: pick up the butter and place it in the basket view 0 0 100 0 0 initstate 0 noise 29
Success: False
# episodes completed so far: 1678
# successes: 1125 (67.0%)
Current task success rate: 0.0
Current total success rate: 0.6704410011918951

Task: pick up the butter and place it in the basket view 0 0 100 0 0 initstate 0 noise 30
Success: False
# episodes completed so far: 1679
# successes: 1125 (67.0%)
Current task success rate: 0.0
Current total success rate: 0.6700416914830256

Task: pick up the butter and place it in the basket view 0 0 100 0 0 initstate 0 noise 33
Success: True
# episodes completed so far: 1680
# successes: 1126 (67.0%)
Current task success rate: 1.0
Current total success rate: 0.6702380952380952

Task: pick up the butter and place it in the basket view 0 0 100 0 0 initstate 0 noise 34
Success: True
# episodes completed so far: 1681
# successes: 1127 (67.0%)
Current task success rate: 1.0
Current total success rate: 0.6704342653182629

Task: pick up the butter and place it in the basket view 0 0 100 0 0 initstate 0 noise 35
Success: True
# episodes completed so far: 1682
# successes: 1128 (67.1%)
Current task success rate: 1.0
Current total success rate: 0.6706302021403091

Task: pick up the butter and place it in the basket view 0 0 100 0 0 initstate 0 noise 36
Success: True
# episodes completed so far: 1683
# successes: 1129 (67.1%)
Current task success rate: 1.0
Current total success rate: 0.6708259061200238

Task: pick up the butter and place it in the basket view 0 0 100 0 0 initstate 0 noise 37
Success: True
# episodes completed so far: 1684
# successes: 1130 (67.1%)
Current task success rate: 1.0
Current total success rate: 0.671021377672209

Task: pick up the butter and place it in the basket view 0 0 100 0 0 initstate 0 noise 38
Success: True
# episodes completed so far: 1685
# successes: 1131 (67.1%)
Current task success rate: 1.0
Current total success rate: 0.6712166172106825

Task: pick up the butter and place it in the basket view 0 0 100 0 0 initstate 0 noise 39
Success: True
# episodes completed so far: 1686
# successes: 1132 (67.1%)
Current task success rate: 1.0
Current total success rate: 0.6714116251482799

Task: pick up the butter and place it in the basket view 0 0 100 0 0 initstate 0 noise 40
Success: False
# episodes completed so far: 1687
# successes: 1132 (67.1%)
Current task success rate: 0.0
Current total success rate: 0.6710136336692353

Task: pick up the butter and place it in the basket view 0 0 100 0 0 initstate 0 noise 42
Success: True
# episodes completed so far: 1688
# successes: 1133 (67.1%)
Current task success rate: 1.0
Current total success rate: 0.6712085308056872

Task: pick up the butter and place it in the basket view 0 0 100 0 0 initstate 0 noise 43
Success: True
# episodes completed so far: 1689
# successes: 1134 (67.1%)
Current task success rate: 1.0
Current total success rate: 0.6714031971580817

Task: pick up the butter and place it in the basket view 0 0 100 0 0 initstate 0 noise 44
Success: True
# episodes completed so far: 1690
# successes: 1135 (67.2%)
Current task success rate: 1.0
Current total success rate: 0.6715976331360947

Task: pick up the butter and place it in the basket view 0 0 100 0 0 initstate 0 noise 45
Success: True
# episodes completed so far: 1691
# successes: 1136 (67.2%)
Current task success rate: 1.0
Current total success rate: 0.6717918391484329

Task: pick up the butter and place it in the basket view 0 0 100 0 0 initstate 0 noise 46
Success: True
# episodes completed so far: 1692
# successes: 1137 (67.2%)
Current task success rate: 1.0
Current total success rate: 0.6719858156028369

Task: pick up the butter and place it in the basket view 0 0 100 0 0 initstate 0 noise 47
Success: False
# episodes completed so far: 1693
# successes: 1137 (67.2%)
Current task success rate: 0.0
Current total success rate: 0.6715888954518606

Task: pick up the butter and place it in the basket view 0 0 100 0 0 initstate 0 noise 48
Success: False
# episodes completed so far: 1694
# successes: 1137 (67.1%)
Current task success rate: 0.0
Current total success rate: 0.6711924439197167

Task: pick up the butter and place it in the basket view 0 0 100 0 0 initstate 0 noise 49
Success: False
# episodes completed so far: 1695
# successes: 1137 (67.1%)
Current task success rate: 0.0
Current total success rate: 0.6707964601769911

Task: pick up the butter and place it in the basket view 0 0 100 0 0 initstate 0 noise 50
Success: True
# episodes completed so far: 1696
# successes: 1138 (67.1%)
Current task success rate: 1.0
Current total success rate: 0.6709905660377359

Task: pick up the milk and place it in the basket view 0 0 100 0 0 initstate 0 noise 2
Success: True
# episodes completed so far: 1697
# successes: 1139 (67.1%)
Current task success rate: 1.0
Current total success rate: 0.671184443134944

Task: pick up the milk and place it in the basket view 0 0 100 0 0 initstate 0 noise 3
Success: True
# episodes completed so far: 1698
# successes: 1140 (67.1%)
Current task success rate: 1.0
Current total success rate: 0.6713780918727915

Task: pick up the milk and place it in the basket view 0 0 100 0 0 initstate 0 noise 4
Success: False
# episodes completed so far: 1699
# successes: 1140 (67.1%)
Current task success rate: 0.0
Current total success rate: 0.6709829311359623

Task: pick up the milk and place it in the basket view 0 0 100 0 0 initstate 0 noise 5
Success: True
# episodes completed so far: 1700
# successes: 1141 (67.1%)
Current task success rate: 1.0
Current total success rate: 0.6711764705882353

Task: pick up the milk and place it in the basket view 0 0 100 0 0 initstate 0 noise 6
Success: True
# episodes completed so far: 1701
# successes: 1142 (67.1%)
Current task success rate: 1.0
Current total success rate: 0.6713697824808936

Task: pick up the milk and place it in the basket view 0 0 100 0 0 initstate 0 noise 7
Success: True
# episodes completed so far: 1702
# successes: 1143 (67.2%)
Current task success rate: 1.0
Current total success rate: 0.6715628672150411

Task: pick up the milk and place it in the basket view 0 0 100 0 0 initstate 0 noise 8
Success: True
# episodes completed so far: 1703
# successes: 1144 (67.2%)
Current task success rate: 1.0
Current total success rate: 0.6717557251908397

Task: pick up the milk and place it in the basket view 0 0 100 0 0 initstate 0 noise 9
Success: False
# episodes completed so far: 1704
# successes: 1144 (67.1%)
Current task success rate: 0.0
Current total success rate: 0.6713615023474179

Task: pick up the milk and place it in the basket view 0 0 100 0 0 initstate 0 noise 10
Success: False
# episodes completed so far: 1705
# successes: 1144 (67.1%)
Current task success rate: 0.0
Current total success rate: 0.6709677419354839

Task: pick up the milk and place it in the basket view 0 0 100 0 0 initstate 0 noise 12
Success: True
# episodes completed so far: 1706
# successes: 1145 (67.1%)
Current task success rate: 1.0
Current total success rate: 0.6711606096131302

Task: pick up the milk and place it in the basket view 0 0 100 0 0 initstate 0 noise 13
Success: True
# episodes completed so far: 1707
# successes: 1146 (67.1%)
Current task success rate: 1.0
Current total success rate: 0.671353251318102

Task: pick up the milk and place it in the basket view 0 0 100 0 0 initstate 0 noise 14
Success: True
# episodes completed so far: 1708
# successes: 1147 (67.2%)
Current task success rate: 1.0
Current total success rate: 0.6715456674473068

Task: pick up the milk and place it in the basket view 0 0 100 0 0 initstate 0 noise 15
Success: True
# episodes completed so far: 1709
# successes: 1148 (67.2%)
Current task success rate: 1.0
Current total success rate: 0.6717378583967232

Task: pick up the milk and place it in the basket view 0 0 100 0 0 initstate 0 noise 16
Success: False
# episodes completed so far: 1710
# successes: 1148 (67.1%)
Current task success rate: 0.0
Current total success rate: 0.6713450292397661

Task: pick up the milk and place it in the basket view 0 0 100 0 0 initstate 0 noise 17
Success: False
# episodes completed so far: 1711
# successes: 1148 (67.1%)
Current task success rate: 0.0
Current total success rate: 0.6709526592635885

Task: pick up the milk and place it in the basket view 0 0 100 0 0 initstate 0 noise 19
Success: False
# episodes completed so far: 1712
# successes: 1148 (67.1%)
Current task success rate: 0.0
Current total success rate: 0.6705607476635514

Task: pick up the milk and place it in the basket view 0 0 100 0 0 initstate 0 noise 20
Success: False
# episodes completed so far: 1713
# successes: 1148 (67.0%)
Current task success rate: 0.0
Current total success rate: 0.6701692936368944

Task: pick up the milk and place it in the basket view 0 0 100 0 0 initstate 0 noise 24
Success: True
# episodes completed so far: 1714
# successes: 1149 (67.0%)
Current task success rate: 1.0
Current total success rate: 0.6703617269544924

Task: pick up the milk and place it in the basket view 0 0 100 0 0 initstate 0 noise 25
Success: True
# episodes completed so far: 1715
# successes: 1150 (67.1%)
Current task success rate: 1.0
Current total success rate: 0.6705539358600583

Task: pick up the milk and place it in the basket view 0 0 100 0 0 initstate 0 noise 26
Success: True
# episodes completed so far: 1716
# successes: 1151 (67.1%)
Current task success rate: 1.0
Current total success rate: 0.6707459207459208

Task: pick up the milk and place it in the basket view 0 0 100 0 0 initstate 0 noise 27
Success: False
# episodes completed so far: 1717
# successes: 1151 (67.0%)
Current task success rate: 0.0
Current total success rate: 0.6703552708211997

Task: pick up the milk and place it in the basket view 0 0 100 0 0 initstate 0 noise 28
Success: False
# episodes completed so far: 1718
# successes: 1151 (67.0%)
Current task success rate: 0.0
Current total success rate: 0.669965075669383

Task: pick up the milk and place it in the basket view 0 0 100 0 0 initstate 0 noise 29
Success: False
# episodes completed so far: 1719
# successes: 1151 (67.0%)
Current task success rate: 0.0
Current total success rate: 0.6695753344968005

Task: pick up the milk and place it in the basket view 0 0 100 0 0 initstate 0 noise 30
Success: True
# episodes completed so far: 1720
# successes: 1152 (67.0%)
Current task success rate: 1.0
Current total success rate: 0.6697674418604651

Task: pick up the milk and place it in the basket view 0 0 100 0 0 initstate 0 noise 34
Success: True
# episodes completed so far: 1721
# successes: 1153 (67.0%)
Current task success rate: 1.0
Current total success rate: 0.6699593259732713

Task: pick up the milk and place it in the basket view 0 0 100 0 0 initstate 0 noise 35
Success: True
# episodes completed so far: 1722
# successes: 1154 (67.0%)
Current task success rate: 1.0
Current total success rate: 0.670150987224158

Task: pick up the milk and place it in the basket view 0 0 100 0 0 initstate 0 noise 36
Success: True
# episodes completed so far: 1723
# successes: 1155 (67.0%)
Current task success rate: 1.0
Current total success rate: 0.6703424260011608

Task: pick up the milk and place it in the basket view 0 0 100 0 0 initstate 0 noise 37
Success: True
# episodes completed so far: 1724
# successes: 1156 (67.1%)
Current task success rate: 1.0
Current total success rate: 0.6705336426914154

Task: pick up the milk and place it in the basket view 0 0 100 0 0 initstate 0 noise 38
Success: True
# episodes completed so far: 1725
# successes: 1157 (67.1%)
Current task success rate: 1.0
Current total success rate: 0.6707246376811594

Task: pick up the milk and place it in the basket view 0 0 100 0 0 initstate 0 noise 41
Success: True
# episodes completed so far: 1726
# successes: 1158 (67.1%)
Current task success rate: 1.0
Current total success rate: 0.6709154113557358

Task: pick up the milk and place it in the basket view 0 0 100 0 0 initstate 0 noise 42
Success: True
# episodes completed so far: 1727
# successes: 1159 (67.1%)
Current task success rate: 1.0
Current total success rate: 0.6711059640995947

Task: pick up the milk and place it in the basket view 0 0 100 0 0 initstate 0 noise 43
Success: True
# episodes completed so far: 1728
# successes: 1160 (67.1%)
Current task success rate: 1.0
Current total success rate: 0.6712962962962963

Task: pick up the milk and place it in the basket view 0 0 100 0 0 initstate 0 noise 44
Success: True
# episodes completed so far: 1729
# successes: 1161 (67.1%)
Current task success rate: 1.0
Current total success rate: 0.6714864083285136

Task: pick up the milk and place it in the basket view 0 0 100 0 0 initstate 0 noise 45
Success: True
# episodes completed so far: 1730
# successes: 1162 (67.2%)
Current task success rate: 1.0
Current total success rate: 0.6716763005780347

Task: pick up the milk and place it in the basket view 0 0 100 0 0 initstate 0 noise 46
Success: True
# episodes completed so far: 1731
# successes: 1163 (67.2%)
Current task success rate: 1.0
Current total success rate: 0.6718659734257655

Task: pick up the milk and place it in the basket view 0 0 100 0 0 initstate 0 noise 47
Success: False
# episodes completed so far: 1732
# successes: 1163 (67.1%)
Current task success rate: 0.0
Current total success rate: 0.6714780600461894

Task: pick up the milk and place it in the basket view 0 0 100 0 0 initstate 0 noise 48
Success: True
# episodes completed so far: 1733
# successes: 1164 (67.2%)
Current task success rate: 1.0
Current total success rate: 0.671667628390075

Task: pick up the milk and place it in the basket view 0 0 100 0 0 initstate 0 noise 49
Success: True
# episodes completed so far: 1734
# successes: 1165 (67.2%)
Current task success rate: 1.0
Current total success rate: 0.6718569780853518

Task: pick up the milk and place it in the basket view 0 0 100 0 0 initstate 0 noise 50
Success: True
# episodes completed so far: 1735
# successes: 1166 (67.2%)
Current task success rate: 1.0
Current total success rate: 0.6720461095100865

Task: pick up the chocolate pudding and place it in the basket view 0 0 100 0 0 initstate 0 noise 2
Success: True
# episodes completed so far: 1736
# successes: 1167 (67.2%)
Current task success rate: 1.0
Current total success rate: 0.6722350230414746

Task: pick up the chocolate pudding and place it in the basket view 0 0 100 0 0 initstate 0 noise 3
Success: True
# episodes completed so far: 1737
# successes: 1168 (67.2%)
Current task success rate: 1.0
Current total success rate: 0.6724237190558434

Task: pick up the chocolate pudding and place it in the basket view 0 0 100 0 0 initstate 0 noise 4
Success: True
# episodes completed so far: 1738
# successes: 1169 (67.3%)
Current task success rate: 1.0
Current total success rate: 0.6726121979286537

Task: pick up the chocolate pudding and place it in the basket view 0 0 100 0 0 initstate 0 noise 5
Success: True
# episodes completed so far: 1739
# successes: 1170 (67.3%)
Current task success rate: 1.0
Current total success rate: 0.6728004600345026

Task: pick up the chocolate pudding and place it in the basket view 0 0 100 0 0 initstate 0 noise 6
Success: True
# episodes completed so far: 1740
# successes: 1171 (67.3%)
Current task success rate: 1.0
Current total success rate: 0.6729885057471264

Task: pick up the chocolate pudding and place it in the basket view 0 0 100 0 0 initstate 0 noise 7
Success: True
# episodes completed so far: 1741
# successes: 1172 (67.3%)
Current task success rate: 1.0
Current total success rate: 0.6731763354394027

Task: pick up the chocolate pudding and place it in the basket view 0 0 100 0 0 initstate 0 noise 8
Success: False
# episodes completed so far: 1742
# successes: 1172 (67.3%)
Current task success rate: 0.0
Current total success rate: 0.6727898966704937

Task: pick up the chocolate pudding and place it in the basket view 0 0 100 0 0 initstate 0 noise 9
Success: False
# episodes completed so far: 1743
# successes: 1172 (67.2%)
Current task success rate: 0.0
Current total success rate: 0.672403901319564

Task: pick up the chocolate pudding and place it in the basket view 0 0 100 0 0 initstate 0 noise 10
Success: False
# episodes completed so far: 1744
# successes: 1172 (67.2%)
Current task success rate: 0.0
Current total success rate: 0.6720183486238532

Task: pick up the chocolate pudding and place it in the basket view 0 0 100 0 0 initstate 0 noise 12
Success: True
# episodes completed so far: 1745
# successes: 1173 (67.2%)
Current task success rate: 1.0
Current total success rate: 0.6722063037249284

Task: pick up the chocolate pudding and place it in the basket view 0 0 100 0 0 initstate 0 noise 13
Success: True
# episodes completed so far: 1746
# successes: 1174 (67.2%)
Current task success rate: 1.0
Current total success rate: 0.6723940435280642

Task: pick up the chocolate pudding and place it in the basket view 0 0 100 0 0 initstate 0 noise 14
Success: True
# episodes completed so far: 1747
# successes: 1175 (67.3%)
Current task success rate: 1.0
Current total success rate: 0.6725815684029766

Task: pick up the chocolate pudding and place it in the basket view 0 0 100 0 0 initstate 0 noise 15
Success: False
# episodes completed so far: 1748
# successes: 1175 (67.2%)
Current task success rate: 0.0
Current total success rate: 0.6721967963386728

Task: pick up the chocolate pudding and place it in the basket view 0 0 100 0 0 initstate 0 noise 16
Success: False
# episodes completed so far: 1749
# successes: 1175 (67.2%)
Current task success rate: 0.0
Current total success rate: 0.6718124642652945

Task: pick up the chocolate pudding and place it in the basket view 0 0 100 0 0 initstate 0 noise 17
Success: False
# episodes completed so far: 1750
# successes: 1175 (67.1%)
Current task success rate: 0.0
Current total success rate: 0.6714285714285714

Task: pick up the chocolate pudding and place it in the basket view 0 0 100 0 0 initstate 0 noise 18
Success: False
# episodes completed so far: 1751
# successes: 1175 (67.1%)
Current task success rate: 0.0
Current total success rate: 0.6710451170759566

Task: pick up the chocolate pudding and place it in the basket view 0 0 100 0 0 initstate 0 noise 19
Success: False
# episodes completed so far: 1752
# successes: 1175 (67.1%)
Current task success rate: 0.0
Current total success rate: 0.670662100456621

Task: pick up the chocolate pudding and place it in the basket view 0 0 100 0 0 initstate 0 noise 20
Success: False
# episodes completed so far: 1753
# successes: 1175 (67.0%)
Current task success rate: 0.0
Current total success rate: 0.6702795208214489

Task: pick up the chocolate pudding and place it in the basket view 0 0 100 0 0 initstate 0 noise 25
Success: False
# episodes completed so far: 1754
# successes: 1175 (67.0%)
Current task success rate: 0.0
Current total success rate: 0.669897377423033

Task: pick up the chocolate pudding and place it in the basket view 0 0 100 0 0 initstate 0 noise 26
Success: False
# episodes completed so far: 1755
# successes: 1175 (67.0%)
Current task success rate: 0.0
Current total success rate: 0.6695156695156695

Task: pick up the chocolate pudding and place it in the basket view 0 0 100 0 0 initstate 0 noise 27
Success: False
# episodes completed so far: 1756
# successes: 1175 (66.9%)
Current task success rate: 0.0
Current total success rate: 0.6691343963553531

Task: pick up the chocolate pudding and place it in the basket view 0 0 100 0 0 initstate 0 noise 28
Success: False
# episodes completed so far: 1757
# successes: 1175 (66.9%)
Current task success rate: 0.0
Current total success rate: 0.6687535571997724

Task: pick up the chocolate pudding and place it in the basket view 0 0 100 0 0 initstate 0 noise 29
Success: False
# episodes completed so far: 1758
# successes: 1175 (66.8%)
Current task success rate: 0.0
Current total success rate: 0.6683731513083049

Task: pick up the chocolate pudding and place it in the basket view 0 0 100 0 0 initstate 0 noise 30
Success: False
# episodes completed so far: 1759
# successes: 1175 (66.8%)
Current task success rate: 0.0
Current total success rate: 0.6679931779420125

Task: pick up the chocolate pudding and place it in the basket view 0 0 100 0 0 initstate 0 noise 31
Success: True
# episodes completed so far: 1760
# successes: 1176 (66.8%)
Current task success rate: 1.0
Current total success rate: 0.6681818181818182

Task: pick up the chocolate pudding and place it in the basket view 0 0 100 0 0 initstate 0 noise 32
Success: True
# episodes completed so far: 1761
# successes: 1177 (66.8%)
Current task success rate: 1.0
Current total success rate: 0.6683702441794435

Task: pick up the chocolate pudding and place it in the basket view 0 0 100 0 0 initstate 0 noise 35
Success: True
# episodes completed so far: 1762
# successes: 1178 (66.9%)
Current task success rate: 1.0
Current total success rate: 0.6685584562996595

Task: pick up the chocolate pudding and place it in the basket view 0 0 100 0 0 initstate 0 noise 36
Success: True
# episodes completed so far: 1763
# successes: 1179 (66.9%)
Current task success rate: 1.0
Current total success rate: 0.6687464549064095

Task: pick up the chocolate pudding and place it in the basket view 0 0 100 0 0 initstate 0 noise 37
Success: True
# episodes completed so far: 1764
# successes: 1180 (66.9%)
Current task success rate: 1.0
Current total success rate: 0.6689342403628118

Task: pick up the chocolate pudding and place it in the basket view 0 0 100 0 0 initstate 0 noise 38
Success: True
# episodes completed so far: 1765
# successes: 1181 (66.9%)
Current task success rate: 1.0
Current total success rate: 0.6691218130311615

Task: pick up the chocolate pudding and place it in the basket view 0 0 100 0 0 initstate 0 noise 39
Success: False
# episodes completed so far: 1766
# successes: 1181 (66.9%)
Current task success rate: 0.0
Current total success rate: 0.6687429218573047

Task: pick up the chocolate pudding and place it in the basket view 0 0 100 0 0 initstate 0 noise 40
Success: False
# episodes completed so far: 1767
# successes: 1181 (66.8%)
Current task success rate: 0.0
Current total success rate: 0.6683644595359366

Task: pick up the chocolate pudding and place it in the basket view 0 0 100 0 0 initstate 0 noise 41
Success: True
# episodes completed so far: 1768
# successes: 1182 (66.9%)
Current task success rate: 1.0
Current total success rate: 0.668552036199095

Task: pick up the chocolate pudding and place it in the basket view 0 0 100 0 0 initstate 0 noise 42
Success: True
# episodes completed so far: 1769
# successes: 1183 (66.9%)
Current task success rate: 1.0
Current total success rate: 0.6687394007914076

Task: pick up the chocolate pudding and place it in the basket view 0 0 100 0 0 initstate 0 noise 43
Success: True
# episodes completed so far: 1770
# successes: 1184 (66.9%)
Current task success rate: 1.0
Current total success rate: 0.6689265536723163

Task: pick up the chocolate pudding and place it in the basket view 0 0 100 0 0 initstate 0 noise 44
Success: True
# episodes completed so far: 1771
# successes: 1185 (66.9%)
Current task success rate: 1.0
Current total success rate: 0.6691134952004517

Task: pick up the chocolate pudding and place it in the basket view 0 0 100 0 0 initstate 0 noise 45
Success: True
# episodes completed so far: 1772
# successes: 1186 (66.9%)
Current task success rate: 1.0
Current total success rate: 0.6693002257336343

Task: pick up the chocolate pudding and place it in the basket view 0 0 100 0 0 initstate 0 noise 46
Success: True
# episodes completed so far: 1773
# successes: 1187 (66.9%)
Current task success rate: 1.0
Current total success rate: 0.6694867456288776

Task: pick up the chocolate pudding and place it in the basket view 0 0 100 0 0 initstate 0 noise 47
Success: False
# episodes completed so far: 1774
# successes: 1187 (66.9%)
Current task success rate: 0.0
Current total success rate: 0.669109357384442

Task: pick up the chocolate pudding and place it in the basket view 0 0 100 0 0 initstate 0 noise 48
Success: False
# episodes completed so far: 1775
# successes: 1187 (66.9%)
Current task success rate: 0.0
Current total success rate: 0.6687323943661971

Task: pick up the chocolate pudding and place it in the basket view 0 0 100 0 0 initstate 0 noise 49
Success: False
# episodes completed so far: 1776
# successes: 1187 (66.8%)
Current task success rate: 0.0
Current total success rate: 0.6683558558558559

Task: pick up the chocolate pudding and place it in the basket view 0 0 100 0 0 initstate 0 noise 50
Success: False
# episodes completed so far: 1777
# successes: 1187 (66.8%)
Current task success rate: 0.0
Current total success rate: 0.6679797411367473

Task: pick up the orange juice and place it in the basket view 0 0 100 0 0 initstate 0 noise 1
Success: True
# episodes completed so far: 1778
# successes: 1188 (66.8%)
Current task success rate: 1.0
Current total success rate: 0.6681664791901012

Task: pick up the orange juice and place it in the basket view 0 0 100 0 0 initstate 0 noise 3
Success: True
# episodes completed so far: 1779
# successes: 1189 (66.8%)
Current task success rate: 1.0
Current total success rate: 0.6683530073074762

Task: pick up the orange juice and place it in the basket view 0 0 100 0 0 initstate 0 noise 4
Success: True
# episodes completed so far: 1780
# successes: 1190 (66.9%)
Current task success rate: 1.0
Current total success rate: 0.6685393258426966

Task: pick up the orange juice and place it in the basket view 0 0 100 0 0 initstate 0 noise 5
Success: True
# episodes completed so far: 1781
# successes: 1191 (66.9%)
Current task success rate: 1.0
Current total success rate: 0.6687254351487928

Task: pick up the orange juice and place it in the basket view 0 0 100 0 0 initstate 0 noise 6
Success: True
# episodes completed so far: 1782
# successes: 1192 (66.9%)
Current task success rate: 1.0
Current total success rate: 0.6689113355780022

Task: pick up the orange juice and place it in the basket view 0 0 100 0 0 initstate 0 noise 7
Success: True
# episodes completed so far: 1783
# successes: 1193 (66.9%)
Current task success rate: 1.0
Current total success rate: 0.6690970274817722

Task: pick up the orange juice and place it in the basket view 0 0 100 0 0 initstate 0 noise 8
Success: False
# episodes completed so far: 1784
# successes: 1193 (66.9%)
Current task success rate: 0.0
Current total success rate: 0.6687219730941704

Task: pick up the orange juice and place it in the basket view 0 0 100 0 0 initstate 0 noise 9
Success: False
# episodes completed so far: 1785
# successes: 1193 (66.8%)
Current task success rate: 0.0
Current total success rate: 0.6683473389355742

Task: pick up the orange juice and place it in the basket view 0 0 100 0 0 initstate 0 noise 10
Success: False
# episodes completed so far: 1786
# successes: 1193 (66.8%)
Current task success rate: 0.0
Current total success rate: 0.667973124300112

Task: pick up the orange juice and place it in the basket view 0 0 100 0 0 initstate 0 noise 11
Success: True
# episodes completed so far: 1787
# successes: 1194 (66.8%)
Current task success rate: 1.0
Current total success rate: 0.668158925573587

Task: pick up the orange juice and place it in the basket view 0 0 100 0 0 initstate 0 noise 12
Success: True
# episodes completed so far: 1788
# successes: 1195 (66.8%)
Current task success rate: 1.0
Current total success rate: 0.6683445190156599

Task: pick up the orange juice and place it in the basket view 0 0 100 0 0 initstate 0 noise 13
Success: True
# episodes completed so far: 1789
# successes: 1196 (66.9%)
Current task success rate: 1.0
Current total success rate: 0.6685299049748463

Task: pick up the orange juice and place it in the basket view 0 0 100 0 0 initstate 0 noise 14
Success: False
# episodes completed so far: 1790
# successes: 1196 (66.8%)
Current task success rate: 0.0
Current total success rate: 0.6681564245810055

Task: pick up the orange juice and place it in the basket view 0 0 100 0 0 initstate 0 noise 15
Success: False
# episodes completed so far: 1791
# successes: 1196 (66.8%)
Current task success rate: 0.0
Current total success rate: 0.6677833612506979

Task: pick up the orange juice and place it in the basket view 0 0 100 0 0 initstate 0 noise 16
Success: False
# episodes completed so far: 1792
# successes: 1196 (66.7%)
Current task success rate: 0.0
Current total success rate: 0.6674107142857143

Task: pick up the orange juice and place it in the basket view 0 0 100 0 0 initstate 0 noise 17
Success: False
# episodes completed so far: 1793
# successes: 1196 (66.7%)
Current task success rate: 0.0
Current total success rate: 0.6670384829894033

Task: pick up the orange juice and place it in the basket view 0 0 100 0 0 initstate 0 noise 18
Success: False
# episodes completed so far: 1794
# successes: 1196 (66.7%)
Current task success rate: 0.0
Current total success rate: 0.6666666666666666

Task: pick up the orange juice and place it in the basket view 0 0 100 0 0 initstate 0 noise 19
Success: False
# episodes completed so far: 1795
# successes: 1196 (66.6%)
Current task success rate: 0.0
Current total success rate: 0.6662952646239554

Task: pick up the orange juice and place it in the basket view 0 0 100 0 0 initstate 0 noise 23
Success: True
# episodes completed so far: 1796
# successes: 1197 (66.6%)
Current task success rate: 1.0
Current total success rate: 0.6664810690423163

Task: pick up the orange juice and place it in the basket view 0 0 100 0 0 initstate 0 noise 25
Success: True
# episodes completed so far: 1797
# successes: 1198 (66.7%)
Current task success rate: 1.0
Current total success rate: 0.6666666666666666

Task: pick up the orange juice and place it in the basket view 0 0 100 0 0 initstate 0 noise 26
Success: False
# episodes completed so far: 1798
# successes: 1198 (66.6%)
Current task success rate: 0.0
Current total success rate: 0.6662958843159066

Task: pick up the orange juice and place it in the basket view 0 0 100 0 0 initstate 0 noise 27
Success: False
# episodes completed so far: 1799
# successes: 1198 (66.6%)
Current task success rate: 0.0
Current total success rate: 0.6659255141745414

Task: pick up the orange juice and place it in the basket view 0 0 100 0 0 initstate 0 noise 28
Success: False
# episodes completed so far: 1800
# successes: 1198 (66.6%)
Current task success rate: 0.0
Current total success rate: 0.6655555555555556

Task: pick up the orange juice and place it in the basket view 0 0 100 0 0 initstate 0 noise 29
Success: False
# episodes completed so far: 1801
# successes: 1198 (66.5%)
Current task success rate: 0.0
Current total success rate: 0.6651860077734592

Task: pick up the orange juice and place it in the basket view 0 0 100 0 0 initstate 0 noise 30
Success: False
# episodes completed so far: 1802
# successes: 1198 (66.5%)
Current task success rate: 0.0
Current total success rate: 0.6648168701442841

Task: pick up the orange juice and place it in the basket view 0 0 100 0 0 initstate 0 noise 33
Success: True
# episodes completed so far: 1803
# successes: 1199 (66.5%)
Current task success rate: 1.0
Current total success rate: 0.6650027731558513

Task: pick up the orange juice and place it in the basket view 0 0 100 0 0 initstate 0 noise 35
Success: True
# episodes completed so far: 1804
# successes: 1200 (66.5%)
Current task success rate: 1.0
Current total success rate: 0.6651884700665188

Task: pick up the orange juice and place it in the basket view 0 0 100 0 0 initstate 0 noise 36
Success: True
# episodes completed so far: 1805
# successes: 1201 (66.5%)
Current task success rate: 1.0
Current total success rate: 0.6653739612188365

Task: pick up the orange juice and place it in the basket view 0 0 100 0 0 initstate 0 noise 37
Success: True
# episodes completed so far: 1806
# successes: 1202 (66.6%)
Current task success rate: 1.0
Current total success rate: 0.6655592469545958

Task: pick up the orange juice and place it in the basket view 0 0 100 0 0 initstate 0 noise 38
Success: False
# episodes completed so far: 1807
# successes: 1202 (66.5%)
Current task success rate: 0.0
Current total success rate: 0.6651909241837299

Task: pick up the orange juice and place it in the basket view 0 0 100 0 0 initstate 0 noise 39
Success: False
# episodes completed so far: 1808
# successes: 1202 (66.5%)
Current task success rate: 0.0
Current total success rate: 0.6648230088495575

Task: pick up the orange juice and place it in the basket view 0 0 100 0 0 initstate 0 noise 40
Success: False
# episodes completed so far: 1809
# successes: 1202 (66.4%)
Current task success rate: 0.0
Current total success rate: 0.6644555002763958

Task: pick up the orange juice and place it in the basket view 0 0 100 0 0 initstate 0 noise 42
Success: True
# episodes completed so far: 1810
# successes: 1203 (66.5%)
Current task success rate: 1.0
Current total success rate: 0.6646408839779006

Task: pick up the orange juice and place it in the basket view 0 0 100 0 0 initstate 0 noise 43
Success: True
# episodes completed so far: 1811
# successes: 1204 (66.5%)
Current task success rate: 1.0
Current total success rate: 0.6648260629486472

Task: pick up the orange juice and place it in the basket view 0 0 100 0 0 initstate 0 noise 44
Success: True
# episodes completed so far: 1812
# successes: 1205 (66.5%)
Current task success rate: 1.0
Current total success rate: 0.6650110375275938

Task: pick up the orange juice and place it in the basket view 0 0 100 0 0 initstate 0 noise 45
Success: True
# episodes completed so far: 1813
# successes: 1206 (66.5%)
Current task success rate: 1.0
Current total success rate: 0.6651958080529509

Task: pick up the orange juice and place it in the basket view 0 0 100 0 0 initstate 0 noise 46
Success: False
# episodes completed so far: 1814
# successes: 1206 (66.5%)
Current task success rate: 0.0
Current total success rate: 0.6648291069459757

Task: pick up the orange juice and place it in the basket view 0 0 100 0 0 initstate 0 noise 47
Success: False
# episodes completed so far: 1815
# successes: 1206 (66.4%)
Current task success rate: 0.0
Current total success rate: 0.6644628099173554

Task: pick up the orange juice and place it in the basket view 0 0 100 0 0 initstate 0 noise 48
Success: False
# episodes completed so far: 1816
# successes: 1206 (66.4%)
Current task success rate: 0.0
Current total success rate: 0.6640969162995595

Task: pick up the orange juice and place it in the basket view 0 0 100 0 0 initstate 0 noise 49
Success: False
# episodes completed so far: 1817
# successes: 1206 (66.4%)
Current task success rate: 0.0
Current total success rate: 0.6637314254265272

Task: pick up the orange juice and place it in the basket view 0 0 100 0 0 initstate 0 noise 50
Success: False
# episodes completed so far: 1818
# successes: 1206 (66.3%)
Current task success rate: 0.0
Current total success rate: 0.6633663366336634

Task: pick up the alphabet soup and place it in the basket add 10
Success: True
# episodes completed so far: 1819
# successes: 1207 (66.4%)
Current task success rate: 1.0
Current total success rate: 0.6635514018691588

Task: pick up the alphabet soup and place it in the basket add 11
Success: True
# episodes completed so far: 1820
# successes: 1208 (66.4%)
Current task success rate: 1.0
Current total success rate: 0.6637362637362637

Task: pick up the alphabet soup and place it in the basket add 12
Success: True
# episodes completed so far: 1821
# successes: 1209 (66.4%)
Current task success rate: 1.0
Current total success rate: 0.6639209225700164

Task: pick up the alphabet soup and place it in the basket add 14
Success: True
# episodes completed so far: 1822
# successes: 1210 (66.4%)
Current task success rate: 1.0
Current total success rate: 0.6641053787047201

Task: pick up the alphabet soup and place it in the basket add 15
Success: True
# episodes completed so far: 1823
# successes: 1211 (66.4%)
Current task success rate: 1.0
Current total success rate: 0.664289632473944

Task: pick up the alphabet soup and place it in the basket add 16
Success: True
# episodes completed so far: 1824
# successes: 1212 (66.4%)
Current task success rate: 1.0
Current total success rate: 0.6644736842105263

Task: pick up the alphabet soup and place it in the basket add 18
Success: True
# episodes completed so far: 1825
# successes: 1213 (66.5%)
Current task success rate: 1.0
Current total success rate: 0.6646575342465754

Task: pick up the alphabet soup and place it in the basket add 19
Success: True
# episodes completed so far: 1826
# successes: 1214 (66.5%)
Current task success rate: 1.0
Current total success rate: 0.664841182913472

Task: pick up the alphabet soup and place it in the basket add 2
Success: True
# episodes completed so far: 1827
# successes: 1215 (66.5%)
Current task success rate: 1.0
Current total success rate: 0.6650246305418719

Task: pick up the alphabet soup and place it in the basket add 20
Success: True
# episodes completed so far: 1828
# successes: 1216 (66.5%)
Current task success rate: 1.0
Current total success rate: 0.6652078774617067

Task: pick up the alphabet soup and place it in the basket add 21
Success: True
# episodes completed so far: 1829
# successes: 1217 (66.5%)
Current task success rate: 1.0
Current total success rate: 0.665390924002187

Task: pick up the alphabet soup and place it in the basket add 22
Success: True
# episodes completed so far: 1830
# successes: 1218 (66.6%)
Current task success rate: 1.0
Current total success rate: 0.6655737704918033

Task: pick up the alphabet soup and place it in the basket add 24
Success: True
# episodes completed so far: 1831
# successes: 1219 (66.6%)
Current task success rate: 1.0
Current total success rate: 0.6657564172583288

Task: pick up the alphabet soup and place it in the basket add 25
Success: True
# episodes completed so far: 1832
# successes: 1220 (66.6%)
Current task success rate: 1.0
Current total success rate: 0.665938864628821

Task: pick up the alphabet soup and place it in the basket add 27
Success: True
# episodes completed so far: 1833
# successes: 1221 (66.6%)
Current task success rate: 1.0
Current total success rate: 0.6661211129296236

Task: pick up the alphabet soup and place it in the basket add 28
Success: True
# episodes completed so far: 1834
# successes: 1222 (66.6%)
Current task success rate: 1.0
Current total success rate: 0.6663031624863686

Task: pick up the alphabet soup and place it in the basket add 29
Success: True
# episodes completed so far: 1835
# successes: 1223 (66.6%)
Current task success rate: 1.0
Current total success rate: 0.6664850136239782

Task: pick up the alphabet soup and place it in the basket add 30
Success: True
# episodes completed so far: 1836
# successes: 1224 (66.7%)
Current task success rate: 1.0
Current total success rate: 0.6666666666666666

Task: pick up the alphabet soup and place it in the basket add 5
Success: True
# episodes completed so far: 1837
# successes: 1225 (66.7%)
Current task success rate: 1.0
Current total success rate: 0.6668481219379423

Task: pick up the alphabet soup and place it in the basket add 7
Success: True
# episodes completed so far: 1838
# successes: 1226 (66.7%)
Current task success rate: 1.0
Current total success rate: 0.6670293797606094

Task: pick up the alphabet soup and place it in the basket add 9
Success: True
# episodes completed so far: 1839
# successes: 1227 (66.7%)
Current task success rate: 1.0
Current total success rate: 0.66721044045677

Task: pick up the alphabet soup and place it in the basket level1 sample1
Success: True
# episodes completed so far: 1840
# successes: 1228 (66.7%)
Current task success rate: 1.0
Current total success rate: 0.6673913043478261

Task: pick up the alphabet soup and place it in the basket level1 sample2
Success: True
# episodes completed so far: 1841
# successes: 1229 (66.8%)
Current task success rate: 1.0
Current total success rate: 0.6675719717544812

Task: pick up the alphabet soup and place it in the basket level1 sample3
Success: True
# episodes completed so far: 1842
# successes: 1230 (66.8%)
Current task success rate: 1.0
Current total success rate: 0.6677524429967426

Task: pick up the alphabet soup and place it in the basket level1 sample4
Success: True
# episodes completed so far: 1843
# successes: 1231 (66.8%)
Current task success rate: 1.0
Current total success rate: 0.667932718393923

Task: pick up the alphabet soup and place it in the basket level2 sample1
Success: True
# episodes completed so far: 1844
# successes: 1232 (66.8%)
Current task success rate: 1.0
Current total success rate: 0.6681127982646421

Task: pick up the alphabet soup and place it in the basket level2 sample2
Success: True
# episodes completed so far: 1845
# successes: 1233 (66.8%)
Current task success rate: 1.0
Current total success rate: 0.6682926829268293

Task: pick up the alphabet soup and place it in the basket level2 sample3
Success: True
# episodes completed so far: 1846
# successes: 1234 (66.8%)
Current task success rate: 1.0
Current total success rate: 0.6684723726977249

Task: pick up the alphabet soup and place it in the basket level2 sample4
Success: True
# episodes completed so far: 1847
# successes: 1235 (66.9%)
Current task success rate: 1.0
Current total success rate: 0.668651867893882

Task: pick up the alphabet soup and place it in the basket level3 sample1
Success: True
# episodes completed so far: 1848
# successes: 1236 (66.9%)
Current task success rate: 1.0
Current total success rate: 0.6688311688311688

Task: pick up the alphabet soup and place it in the basket level3 sample2
Success: True
# episodes completed so far: 1849
# successes: 1237 (66.9%)
Current task success rate: 1.0
Current total success rate: 0.6690102758247701

Task: pick up the alphabet soup and place it in the basket level3 sample3
Success: True
# episodes completed so far: 1850
# successes: 1238 (66.9%)
Current task success rate: 1.0
Current total success rate: 0.6691891891891892

Task: pick up the alphabet soup and place it in the basket level3 sample4
Success: True
# episodes completed so far: 1851
# successes: 1239 (66.9%)
Current task success rate: 1.0
Current total success rate: 0.6693679092382496

Task: pick up the alphabet soup and place it in the basket level4 sample1
Success: True
# episodes completed so far: 1852
# successes: 1240 (67.0%)
Current task success rate: 1.0
Current total success rate: 0.6695464362850972

Task: pick up the alphabet soup and place it in the basket level4 sample2
Success: True
# episodes completed so far: 1853
# successes: 1241 (67.0%)
Current task success rate: 1.0
Current total success rate: 0.6697247706422018

Task: pick up the alphabet soup and place it in the basket level4 sample3
Success: True
# episodes completed so far: 1854
# successes: 1242 (67.0%)
Current task success rate: 1.0
Current total success rate: 0.6699029126213593

Task: pick up the alphabet soup and place it in the basket level4 sample4
Success: False
# episodes completed so far: 1855
# successes: 1242 (67.0%)
Current task success rate: 0.0
Current total success rate: 0.6695417789757412

Task: pick up the alphabet soup and place it in the basket level5 sample1
Success: False
# episodes completed so far: 1856
# successes: 1242 (66.9%)
Current task success rate: 0.0
Current total success rate: 0.6691810344827587

Task: pick up the alphabet soup and place it in the basket level5 sample2
Success: True
# episodes completed so far: 1857
# successes: 1243 (66.9%)
Current task success rate: 1.0
Current total success rate: 0.6693591814754981

Task: pick up the alphabet soup and place it in the basket level5 sample3
Success: False
# episodes completed so far: 1858
# successes: 1243 (66.9%)
Current task success rate: 0.0
Current total success rate: 0.6689989235737352

Task: pick up the alphabet soup and place it in the basket level5 sample4
Success: False
# episodes completed so far: 1859
# successes: 1243 (66.9%)
Current task success rate: 0.0
Current total success rate: 0.6686390532544378

Task: pick up the bbq sauce and place it in the basket add 10
Success: True
# episodes completed so far: 1860
# successes: 1244 (66.9%)
Current task success rate: 1.0
Current total success rate: 0.6688172043010753

Task: pick up the bbq sauce and place it in the basket add 11
Success: True
# episodes completed so far: 1861
# successes: 1245 (66.9%)
Current task success rate: 1.0
Current total success rate: 0.6689951638903815

Task: pick up the bbq sauce and place it in the basket add 13
Success: True
# episodes completed so far: 1862
# successes: 1246 (66.9%)
Current task success rate: 1.0
Current total success rate: 0.6691729323308271

Task: pick up the bbq sauce and place it in the basket add 14
Success: True
# episodes completed so far: 1863
# successes: 1247 (66.9%)
Current task success rate: 1.0
Current total success rate: 0.66935050993022

Task: pick up the bbq sauce and place it in the basket add 15
Success: True
# episodes completed so far: 1864
# successes: 1248 (67.0%)
Current task success rate: 1.0
Current total success rate: 0.6695278969957081

Task: pick up the bbq sauce and place it in the basket add 16
Success: True
# episodes completed so far: 1865
# successes: 1249 (67.0%)
Current task success rate: 1.0
Current total success rate: 0.6697050938337802

Task: pick up the bbq sauce and place it in the basket add 17
Success: True
# episodes completed so far: 1866
# successes: 1250 (67.0%)
Current task success rate: 1.0
Current total success rate: 0.669882100750268

Task: pick up the bbq sauce and place it in the basket add 18
Success: True
# episodes completed so far: 1867
# successes: 1251 (67.0%)
Current task success rate: 1.0
Current total success rate: 0.6700589180503481

Task: pick up the bbq sauce and place it in the basket add 19
Success: True
# episodes completed so far: 1868
# successes: 1252 (67.0%)
Current task success rate: 1.0
Current total success rate: 0.6702355460385439

Task: pick up the bbq sauce and place it in the basket add 21
Success: True
# episodes completed so far: 1869
# successes: 1253 (67.0%)
Current task success rate: 1.0
Current total success rate: 0.6704119850187266

Task: pick up the bbq sauce and place it in the basket add 22
Success: True
# episodes completed so far: 1870
# successes: 1254 (67.1%)
Current task success rate: 1.0
Current total success rate: 0.6705882352941176

Task: pick up the bbq sauce and place it in the basket add 23
Success: True
# episodes completed so far: 1871
# successes: 1255 (67.1%)
Current task success rate: 1.0
Current total success rate: 0.6707642971672902

Task: pick up the bbq sauce and place it in the basket add 24
Success: True
# episodes completed so far: 1872
# successes: 1256 (67.1%)
Current task success rate: 1.0
Current total success rate: 0.6709401709401709

Task: pick up the bbq sauce and place it in the basket add 26
Success: True
# episodes completed so far: 1873
# successes: 1257 (67.1%)
Current task success rate: 1.0
Current total success rate: 0.6711158569140416

Task: pick up the bbq sauce and place it in the basket add 27
Success: True
# episodes completed so far: 1874
# successes: 1258 (67.1%)
Current task success rate: 1.0
Current total success rate: 0.6712913553895411

Task: pick up the bbq sauce and place it in the basket add 28
Success: True
# episodes completed so far: 1875
# successes: 1259 (67.1%)
Current task success rate: 1.0
Current total success rate: 0.6714666666666667

Task: pick up the bbq sauce and place it in the basket add 3
Success: True
# episodes completed so far: 1876
# successes: 1260 (67.2%)
Current task success rate: 1.0
Current total success rate: 0.6716417910447762

Task: pick up the bbq sauce and place it in the basket add 30
Success: True
# episodes completed so far: 1877
# successes: 1261 (67.2%)
Current task success rate: 1.0
Current total success rate: 0.6718167288225892

Task: pick up the bbq sauce and place it in the basket add 4
Success: True
# episodes completed so far: 1878
# successes: 1262 (67.2%)
Current task success rate: 1.0
Current total success rate: 0.6719914802981896

Task: pick up the bbq sauce and place it in the basket add 5
Success: True
# episodes completed so far: 1879
# successes: 1263 (67.2%)
Current task success rate: 1.0
Current total success rate: 0.672166045769026

Task: pick up the bbq sauce and place it in the basket add 6
Success: True
# episodes completed so far: 1880
# successes: 1264 (67.2%)
Current task success rate: 1.0
Current total success rate: 0.6723404255319149

Task: pick up the bbq sauce and place it in the basket add 7
Success: True
# episodes completed so far: 1881
# successes: 1265 (67.3%)
Current task success rate: 1.0
Current total success rate: 0.672514619883041

Task: pick up the bbq sauce and place it in the basket add 8
Success: True
# episodes completed so far: 1882
# successes: 1266 (67.3%)
Current task success rate: 1.0
Current total success rate: 0.6726886291179596

Task: pick up the bbq sauce and place it in the basket add 9
Success: True
# episodes completed so far: 1883
# successes: 1267 (67.3%)
Current task success rate: 1.0
Current total success rate: 0.6728624535315985

Task: pick up the bbq sauce and place it in the basket level1 sample1
Success: True
# episodes completed so far: 1884
# successes: 1268 (67.3%)
Current task success rate: 1.0
Current total success rate: 0.673036093418259

Task: pick up the bbq sauce and place it in the basket level1 sample2
Success: True
# episodes completed so far: 1885
# successes: 1269 (67.3%)
Current task success rate: 1.0
Current total success rate: 0.673209549071618

Task: pick up the bbq sauce and place it in the basket level1 sample3
Success: True
# episodes completed so far: 1886
# successes: 1270 (67.3%)
Current task success rate: 1.0
Current total success rate: 0.6733828207847296

Task: pick up the bbq sauce and place it in the basket level1 sample4
Success: True
# episodes completed so far: 1887
# successes: 1271 (67.4%)
Current task success rate: 1.0
Current total success rate: 0.6735559088500265

Task: pick up the bbq sauce and place it in the basket level2 sample1
Success: True
# episodes completed so far: 1888
# successes: 1272 (67.4%)
Current task success rate: 1.0
Current total success rate: 0.673728813559322

Task: pick up the bbq sauce and place it in the basket level2 sample2
Success: True
# episodes completed so far: 1889
# successes: 1273 (67.4%)
Current task success rate: 1.0
Current total success rate: 0.6739015352038116

Task: pick up the bbq sauce and place it in the basket level2 sample3
Success: False
# episodes completed so far: 1890
# successes: 1273 (67.4%)
Current task success rate: 0.0
Current total success rate: 0.6735449735449736

Task: pick up the bbq sauce and place it in the basket level2 sample4
Success: True
# episodes completed so far: 1891
# successes: 1274 (67.4%)
Current task success rate: 1.0
Current total success rate: 0.6737176097303015

Task: pick up the bbq sauce and place it in the basket level3 sample1
Success: False
# episodes completed so far: 1892
# successes: 1274 (67.3%)
Current task success rate: 0.0
Current total success rate: 0.6733615221987315

Task: pick up the bbq sauce and place it in the basket level3 sample2
Success: False
# episodes completed so far: 1893
# successes: 1274 (67.3%)
Current task success rate: 0.0
Current total success rate: 0.6730058108821976

Task: pick up the bbq sauce and place it in the basket level3 sample3
Success: False
# episodes completed so far: 1894
# successes: 1274 (67.3%)
Current task success rate: 0.0
Current total success rate: 0.672650475184794

Task: pick up the bbq sauce and place it in the basket level3 sample4
Success: False
# episodes completed so far: 1895
# successes: 1274 (67.2%)
Current task success rate: 0.0
Current total success rate: 0.6722955145118733

Task: pick up the bbq sauce and place it in the basket level4 sample1
Success: False
# episodes completed so far: 1896
# successes: 1274 (67.2%)
Current task success rate: 0.0
Current total success rate: 0.6719409282700421

Task: pick up the bbq sauce and place it in the basket level4 sample2
Success: True
# episodes completed so far: 1897
# successes: 1275 (67.2%)
Current task success rate: 1.0
Current total success rate: 0.6721138639957828

Task: pick up the bbq sauce and place it in the basket level4 sample3
Success: False
# episodes completed so far: 1898
# successes: 1275 (67.2%)
Current task success rate: 0.0
Current total success rate: 0.6717597471022129

Task: pick up the bbq sauce and place it in the basket level4 sample4
Success: False
# episodes completed so far: 1899
# successes: 1275 (67.1%)
Current task success rate: 0.0
Current total success rate: 0.6714060031595577

Task: pick up the bbq sauce and place it in the basket level5 sample1
Success: True
# episodes completed so far: 1900
# successes: 1276 (67.2%)
Current task success rate: 1.0
Current total success rate: 0.671578947368421

Task: pick up the bbq sauce and place it in the basket level5 sample2
Success: False
# episodes completed so far: 1901
# successes: 1276 (67.1%)
Current task success rate: 0.0
Current total success rate: 0.6712256706996318

Task: pick up the bbq sauce and place it in the basket level5 sample3
Success: False
# episodes completed so far: 1902
# successes: 1276 (67.1%)
Current task success rate: 0.0
Current total success rate: 0.6708727655099895

Task: pick up the bbq sauce and place it in the basket level5 sample4
Success: False
# episodes completed so far: 1903
# successes: 1276 (67.1%)
Current task success rate: 0.0
Current total success rate: 0.6705202312138728

Task: pick up the butter and place it in the basket add 11
Success: True
# episodes completed so far: 1904
# successes: 1277 (67.1%)
Current task success rate: 1.0
Current total success rate: 0.6706932773109243

Task: pick up the butter and place it in the basket add 12
Success: True
# episodes completed so far: 1905
# successes: 1278 (67.1%)
Current task success rate: 1.0
Current total success rate: 0.6708661417322834

Task: pick up the butter and place it in the basket add 13
Success: True
# episodes completed so far: 1906
# successes: 1279 (67.1%)
Current task success rate: 1.0
Current total success rate: 0.6710388247639034

Task: pick up the butter and place it in the basket add 14
Success: True
# episodes completed so far: 1907
# successes: 1280 (67.1%)
Current task success rate: 1.0
Current total success rate: 0.6712113266911379

Task: pick up the butter and place it in the basket add 15
Success: True
# episodes completed so far: 1908
# successes: 1281 (67.1%)
Current task success rate: 1.0
Current total success rate: 0.6713836477987422

Task: pick up the butter and place it in the basket add 16
Success: True
# episodes completed so far: 1909
# successes: 1282 (67.2%)
Current task success rate: 1.0
Current total success rate: 0.6715557883708748

Task: pick up the butter and place it in the basket add 17
Success: True
# episodes completed so far: 1910
# successes: 1283 (67.2%)
Current task success rate: 1.0
Current total success rate: 0.6717277486910995

Task: pick up the butter and place it in the basket add 18
Success: True
# episodes completed so far: 1911
# successes: 1284 (67.2%)
Current task success rate: 1.0
Current total success rate: 0.6718995290423861

Task: pick up the butter and place it in the basket add 2
Success: True
# episodes completed so far: 1912
# successes: 1285 (67.2%)
Current task success rate: 1.0
Current total success rate: 0.672071129707113

Task: pick up the butter and place it in the basket add 20
Success: True
# episodes completed so far: 1913
# successes: 1286 (67.2%)
Current task success rate: 1.0
Current total success rate: 0.6722425509670674

Task: pick up the butter and place it in the basket add 21
Success: True
# episodes completed so far: 1914
# successes: 1287 (67.2%)
Current task success rate: 1.0
Current total success rate: 0.6724137931034483

Task: pick up the butter and place it in the basket add 22
Success: True
# episodes completed so far: 1915
# successes: 1288 (67.3%)
Current task success rate: 1.0
Current total success rate: 0.6725848563968668

Task: pick up the butter and place it in the basket add 23
Success: True
# episodes completed so far: 1916
# successes: 1289 (67.3%)
Current task success rate: 1.0
Current total success rate: 0.6727557411273486

Task: pick up the butter and place it in the basket add 25
Success: True
# episodes completed so far: 1917
# successes: 1290 (67.3%)
Current task success rate: 1.0
Current total success rate: 0.672926447574335

Task: pick up the butter and place it in the basket add 26
Success: True
# episodes completed so far: 1918
# successes: 1291 (67.3%)
Current task success rate: 1.0
Current total success rate: 0.6730969760166841

Task: pick up the butter and place it in the basket add 27
Success: True
# episodes completed so far: 1919
# successes: 1292 (67.3%)
Current task success rate: 1.0
Current total success rate: 0.6732673267326733

Task: pick up the butter and place it in the basket add 28
Success: True
# episodes completed so far: 1920
# successes: 1293 (67.3%)
Current task success rate: 1.0
Current total success rate: 0.6734375

Task: pick up the butter and place it in the basket add 29
Success: True
# episodes completed so far: 1921
# successes: 1294 (67.4%)
Current task success rate: 1.0
Current total success rate: 0.6736074960957834

Task: pick up the butter and place it in the basket add 3
Success: True
# episodes completed so far: 1922
# successes: 1295 (67.4%)
Current task success rate: 1.0
Current total success rate: 0.673777315296566

Task: pick up the butter and place it in the basket add 30
Success: True
# episodes completed so far: 1923
# successes: 1296 (67.4%)
Current task success rate: 1.0
Current total success rate: 0.6739469578783152

Task: pick up the butter and place it in the basket add 6
Success: True
# episodes completed so far: 1924
# successes: 1297 (67.4%)
Current task success rate: 1.0
Current total success rate: 0.6741164241164241

Task: pick up the butter and place it in the basket add 7
Success: True
# episodes completed so far: 1925
# successes: 1298 (67.4%)
Current task success rate: 1.0
Current total success rate: 0.6742857142857143

Task: pick up the butter and place it in the basket add 8
Success: True
# episodes completed so far: 1926
# successes: 1299 (67.4%)
Current task success rate: 1.0
Current total success rate: 0.6744548286604362

Task: pick up the butter and place it in the basket add 9
Success: True
# episodes completed so far: 1927
# successes: 1300 (67.5%)
Current task success rate: 1.0
Current total success rate: 0.6746237675142709

Task: pick up the butter and place it in the basket level1 sample1
Success: True
# episodes completed so far: 1928
# successes: 1301 (67.5%)
Current task success rate: 1.0
Current total success rate: 0.674792531120332

Task: pick up the butter and place it in the basket level1 sample2
Success: True
# episodes completed so far: 1929
# successes: 1302 (67.5%)
Current task success rate: 1.0
Current total success rate: 0.6749611197511665

Task: pick up the butter and place it in the basket level1 sample3
Success: True
# episodes completed so far: 1930
# successes: 1303 (67.5%)
Current task success rate: 1.0
Current total success rate: 0.6751295336787565

Task: pick up the butter and place it in the basket level1 sample4
Success: True
# episodes completed so far: 1931
# successes: 1304 (67.5%)
Current task success rate: 1.0
Current total success rate: 0.675297773174521

Task: pick up the butter and place it in the basket level2 sample1
Success: True
# episodes completed so far: 1932
# successes: 1305 (67.5%)
Current task success rate: 1.0
Current total success rate: 0.6754658385093167

Task: pick up the butter and place it in the basket level2 sample2
Success: True
# episodes completed so far: 1933
# successes: 1306 (67.6%)
Current task success rate: 1.0
Current total success rate: 0.6756337299534403

Task: pick up the butter and place it in the basket level2 sample3
Success: True
# episodes completed so far: 1934
# successes: 1307 (67.6%)
Current task success rate: 1.0
Current total success rate: 0.6758014477766288

Task: pick up the butter and place it in the basket level2 sample4
Success: True
# episodes completed so far: 1935
# successes: 1308 (67.6%)
Current task success rate: 1.0
Current total success rate: 0.6759689922480621

Task: pick up the butter and place it in the basket level3 sample1
Success: True
# episodes completed so far: 1936
# successes: 1309 (67.6%)
Current task success rate: 1.0
Current total success rate: 0.6761363636363636

Task: pick up the butter and place it in the basket level3 sample2
Success: True
# episodes completed so far: 1937
# successes: 1310 (67.6%)
Current task success rate: 1.0
Current total success rate: 0.6763035622096025

Task: pick up the butter and place it in the basket level3 sample3
Success: True
# episodes completed so far: 1938
# successes: 1311 (67.6%)
Current task success rate: 1.0
Current total success rate: 0.6764705882352942

Task: pick up the butter and place it in the basket level3 sample4
Success: True
# episodes completed so far: 1939
# successes: 1312 (67.7%)
Current task success rate: 1.0
Current total success rate: 0.6766374419804023

Task: pick up the butter and place it in the basket level4 sample1
Success: True
# episodes completed so far: 1940
# successes: 1313 (67.7%)
Current task success rate: 1.0
Current total success rate: 0.6768041237113402

Task: pick up the butter and place it in the basket level4 sample2
Success: False
# episodes completed so far: 1941
# successes: 1313 (67.6%)
Current task success rate: 0.0
Current total success rate: 0.6764554353426069

Task: pick up the butter and place it in the basket level4 sample3
Success: True
# episodes completed so far: 1942
# successes: 1314 (67.7%)
Current task success rate: 1.0
Current total success rate: 0.6766220391349125

Task: pick up the butter and place it in the basket level4 sample4
Success: True
# episodes completed so far: 1943
# successes: 1315 (67.7%)
Current task success rate: 1.0
Current total success rate: 0.6767884714359238

Task: pick up the butter and place it in the basket level5 sample1
Success: False
# episodes completed so far: 1944
# successes: 1315 (67.6%)
Current task success rate: 0.0
Current total success rate: 0.676440329218107

Task: pick up the butter and place it in the basket level5 sample2
Success: False
# episodes completed so far: 1945
# successes: 1315 (67.6%)
Current task success rate: 0.0
Current total success rate: 0.6760925449871465

Task: pick up the butter and place it in the basket level5 sample3
Success: False
# episodes completed so far: 1946
# successes: 1315 (67.6%)
Current task success rate: 0.0
Current total success rate: 0.6757451181911613

Task: pick up the butter and place it in the basket level5 sample4
Success: False
# episodes completed so far: 1947
# successes: 1315 (67.5%)
Current task success rate: 0.0
Current total success rate: 0.6753980482794042

Task: pick up the chocolate pudding and place it in the basket add 11
Success: True
# episodes completed so far: 1948
# successes: 1316 (67.6%)
Current task success rate: 1.0
Current total success rate: 0.675564681724846

Task: pick up the chocolate pudding and place it in the basket add 13
Success: True
# episodes completed so far: 1949
# successes: 1317 (67.6%)
Current task success rate: 1.0
Current total success rate: 0.6757311441765008

Task: pick up the chocolate pudding and place it in the basket add 14
Success: True
# episodes completed so far: 1950
# successes: 1318 (67.6%)
Current task success rate: 1.0
Current total success rate: 0.6758974358974359

Task: pick up the chocolate pudding and place it in the basket add 15
Success: True
# episodes completed so far: 1951
# successes: 1319 (67.6%)
Current task success rate: 1.0
Current total success rate: 0.6760635571501794

Task: pick up the chocolate pudding and place it in the basket add 17
Success: True
# episodes completed so far: 1952
# successes: 1320 (67.6%)
Current task success rate: 1.0
Current total success rate: 0.6762295081967213

Task: pick up the chocolate pudding and place it in the basket add 19
Success: True
# episodes completed so far: 1953
# successes: 1321 (67.6%)
Current task success rate: 1.0
Current total success rate: 0.6763952892985151

Task: pick up the chocolate pudding and place it in the basket add 20
Success: True
# episodes completed so far: 1954
# successes: 1322 (67.7%)
Current task success rate: 1.0
Current total success rate: 0.676560900716479

Task: pick up the chocolate pudding and place it in the basket add 22
Success: True
# episodes completed so far: 1955
# successes: 1323 (67.7%)
Current task success rate: 1.0
Current total success rate: 0.6767263427109974

Task: pick up the chocolate pudding and place it in the basket add 26
Success: True
# episodes completed so far: 1956
# successes: 1324 (67.7%)
Current task success rate: 1.0
Current total success rate: 0.6768916155419223

Task: pick up the chocolate pudding and place it in the basket add 27
Success: True
# episodes completed so far: 1957
# successes: 1325 (67.7%)
Current task success rate: 1.0
Current total success rate: 0.6770567194685744

Task: pick up the chocolate pudding and place it in the basket add 28
Success: True
# episodes completed so far: 1958
# successes: 1326 (67.7%)
Current task success rate: 1.0
Current total success rate: 0.6772216547497446

Task: pick up the chocolate pudding and place it in the basket add 29
Success: True
# episodes completed so far: 1959
# successes: 1327 (67.7%)
Current task success rate: 1.0
Current total success rate: 0.6773864216436958

Task: pick up the chocolate pudding and place it in the basket add 30
Success: True
# episodes completed so far: 1960
# successes: 1328 (67.8%)
Current task success rate: 1.0
Current total success rate: 0.6775510204081633

Task: pick up the chocolate pudding and place it in the basket add 4
Success: True
# episodes completed so far: 1961
# successes: 1329 (67.8%)
Current task success rate: 1.0
Current total success rate: 0.6777154513003569

Task: pick up the chocolate pudding and place it in the basket add 5
Success: True
# episodes completed so far: 1962
# successes: 1330 (67.8%)
Current task success rate: 1.0
Current total success rate: 0.6778797145769623

Task: pick up the chocolate pudding and place it in the basket add 6
Success: True
# episodes completed so far: 1963
# successes: 1331 (67.8%)
Current task success rate: 1.0
Current total success rate: 0.6780438104941416

Task: pick up the chocolate pudding and place it in the basket add 7
Success: True
# episodes completed so far: 1964
# successes: 1332 (67.8%)
Current task success rate: 1.0
Current total success rate: 0.6782077393075356

Task: pick up the chocolate pudding and place it in the basket add 9
Success: True
# episodes completed so far: 1965
# successes: 1333 (67.8%)
Current task success rate: 1.0
Current total success rate: 0.6783715012722646

Task: pick up the chocolate pudding and place it in the basket level1 sample1
Success: True
# episodes completed so far: 1966
# successes: 1334 (67.9%)
Current task success rate: 1.0
Current total success rate: 0.6785350966429298

Task: pick up the chocolate pudding and place it in the basket level1 sample2
Success: True
# episodes completed so far: 1967
# successes: 1335 (67.9%)
Current task success rate: 1.0
Current total success rate: 0.6786985256736147

Task: pick up the chocolate pudding and place it in the basket level1 sample3
Success: True
# episodes completed so far: 1968
# successes: 1336 (67.9%)
Current task success rate: 1.0
Current total success rate: 0.6788617886178862

Task: pick up the chocolate pudding and place it in the basket level1 sample4
Success: True
# episodes completed so far: 1969
# successes: 1337 (67.9%)
Current task success rate: 1.0
Current total success rate: 0.6790248857287964

Task: pick up the chocolate pudding and place it in the basket level2 sample1
Success: True
# episodes completed so far: 1970
# successes: 1338 (67.9%)
Current task success rate: 1.0
Current total success rate: 0.6791878172588832

Task: pick up the chocolate pudding and place it in the basket level2 sample2
Success: True
# episodes completed so far: 1971
# successes: 1339 (67.9%)
Current task success rate: 1.0
Current total success rate: 0.6793505834601725

Task: pick up the chocolate pudding and place it in the basket level2 sample3
Success: True
# episodes completed so far: 1972
# successes: 1340 (68.0%)
Current task success rate: 1.0
Current total success rate: 0.6795131845841785

Task: pick up the chocolate pudding and place it in the basket level2 sample4
Success: True
# episodes completed so far: 1973
# successes: 1341 (68.0%)
Current task success rate: 1.0
Current total success rate: 0.6796756208819057

Task: pick up the chocolate pudding and place it in the basket level3 sample1
Success: False
# episodes completed so far: 1974
# successes: 1341 (67.9%)
Current task success rate: 0.0
Current total success rate: 0.6793313069908815

Task: pick up the chocolate pudding and place it in the basket level3 sample2
Success: False
# episodes completed so far: 1975
# successes: 1341 (67.9%)
Current task success rate: 0.0
Current total success rate: 0.6789873417721519

Task: pick up the chocolate pudding and place it in the basket level3 sample3
Success: False
# episodes completed so far: 1976
# successes: 1341 (67.9%)
Current task success rate: 0.0
Current total success rate: 0.6786437246963563

Task: pick up the chocolate pudding and place it in the basket level3 sample4
Success: True
# episodes completed so far: 1977
# successes: 1342 (67.9%)
Current task success rate: 1.0
Current total success rate: 0.6788062721294891

Task: pick up the chocolate pudding and place it in the basket level4 sample1
Success: False
# episodes completed so far: 1978
# successes: 1342 (67.8%)
Current task success rate: 0.0
Current total success rate: 0.6784630940343782

Task: pick up the chocolate pudding and place it in the basket level4 sample2
Success: False
# episodes completed so far: 1979
# successes: 1342 (67.8%)
Current task success rate: 0.0
Current total success rate: 0.6781202627589692

Task: pick up the chocolate pudding and place it in the basket level4 sample3
Success: False
# episodes completed so far: 1980
# successes: 1342 (67.8%)
Current task success rate: 0.0
Current total success rate: 0.6777777777777778

Task: pick up the chocolate pudding and place it in the basket level4 sample4
Success: False
# episodes completed so far: 1981
# successes: 1342 (67.7%)
Current task success rate: 0.0
Current total success rate: 0.6774356385663807

Task: pick up the chocolate pudding and place it in the basket level5 sample1
Success: False
# episodes completed so far: 1982
# successes: 1342 (67.7%)
Current task success rate: 0.0
Current total success rate: 0.6770938446014128

Task: pick up the chocolate pudding and place it in the basket level5 sample2
Success: False
# episodes completed so far: 1983
# successes: 1342 (67.7%)
Current task success rate: 0.0
Current total success rate: 0.6767523953605648

Task: pick up the chocolate pudding and place it in the basket level5 sample3
Success: False
# episodes completed so far: 1984
# successes: 1342 (67.6%)
Current task success rate: 0.0
Current total success rate: 0.6764112903225806

Task: pick up the chocolate pudding and place it in the basket level5 sample4
Success: True
# episodes completed so far: 1985
# successes: 1343 (67.7%)
Current task success rate: 1.0
Current total success rate: 0.6765743073047858

Task: pick up the cream cheese and place it in the basket add 14
Success: True
# episodes completed so far: 1986
# successes: 1344 (67.7%)
Current task success rate: 1.0
Current total success rate: 0.676737160120846

Task: pick up the cream cheese and place it in the basket add 18
Success: True
# episodes completed so far: 1987
# successes: 1345 (67.7%)
Current task success rate: 1.0
Current total success rate: 0.676899849018621

Task: pick up the cream cheese and place it in the basket add 22
Success: True
# episodes completed so far: 1988
# successes: 1346 (67.7%)
Current task success rate: 1.0
Current total success rate: 0.6770623742454729

Task: pick up the cream cheese and place it in the basket add 25
Success: True
# episodes completed so far: 1989
# successes: 1347 (67.7%)
Current task success rate: 1.0
Current total success rate: 0.6772247360482655

Task: pick up the cream cheese and place it in the basket add 26
Success: True
# episodes completed so far: 1990
# successes: 1348 (67.7%)
Current task success rate: 1.0
Current total success rate: 0.6773869346733669

Task: pick up the cream cheese and place it in the basket add 28
Success: True
# episodes completed so far: 1991
# successes: 1349 (67.8%)
Current task success rate: 1.0
Current total success rate: 0.67754897036665

Task: pick up the cream cheese and place it in the basket add 29
Success: True
# episodes completed so far: 1992
# successes: 1350 (67.8%)
Current task success rate: 1.0
Current total success rate: 0.677710843373494

Task: pick up the cream cheese and place it in the basket level1 sample1
Success: True
# episodes completed so far: 1993
# successes: 1351 (67.8%)
Current task success rate: 1.0
Current total success rate: 0.6778725539387858

Task: pick up the cream cheese and place it in the basket level1 sample2
Success: True
# episodes completed so far: 1994
# successes: 1352 (67.8%)
Current task success rate: 1.0
Current total success rate: 0.6780341023069207

Task: pick up the cream cheese and place it in the basket level1 sample3
Success: True
# episodes completed so far: 1995
# successes: 1353 (67.8%)
Current task success rate: 1.0
Current total success rate: 0.6781954887218045

Task: pick up the cream cheese and place it in the basket level1 sample4
Success: True
# episodes completed so far: 1996
# successes: 1354 (67.8%)
Current task success rate: 1.0
Current total success rate: 0.6783567134268537

Task: pick up the cream cheese and place it in the basket level2 sample1
Success: True
# episodes completed so far: 1997
# successes: 1355 (67.9%)
Current task success rate: 1.0
Current total success rate: 0.6785177766649975

Task: pick up the cream cheese and place it in the basket level2 sample2
Success: True
# episodes completed so far: 1998
# successes: 1356 (67.9%)
Current task success rate: 1.0
Current total success rate: 0.6786786786786787

Task: pick up the cream cheese and place it in the basket level2 sample3
Success: True
# episodes completed so far: 1999
# successes: 1357 (67.9%)
Current task success rate: 1.0
Current total success rate: 0.678839419709855

Task: pick up the cream cheese and place it in the basket level2 sample4
Success: True
# episodes completed so far: 2000
# successes: 1358 (67.9%)
Current task success rate: 1.0
Current total success rate: 0.679

Task: pick up the cream cheese and place it in the basket level3 sample1
Success: True
# episodes completed so far: 2001
# successes: 1359 (67.9%)
Current task success rate: 1.0
Current total success rate: 0.679160419790105

Task: pick up the cream cheese and place it in the basket level3 sample2
Success: True
# episodes completed so far: 2002
# successes: 1360 (67.9%)
Current task success rate: 1.0
Current total success rate: 0.6793206793206793

Task: pick up the cream cheese and place it in the basket level3 sample3
Success: True
# episodes completed so far: 2003
# successes: 1361 (67.9%)
Current task success rate: 1.0
Current total success rate: 0.6794807788317524

Task: pick up the cream cheese and place it in the basket level3 sample4
Success: False
# episodes completed so far: 2004
# successes: 1361 (67.9%)
Current task success rate: 0.0
Current total success rate: 0.6791417165668663

Task: pick up the cream cheese and place it in the basket level4 sample1
Success: True
# episodes completed so far: 2005
# successes: 1362 (67.9%)
Current task success rate: 1.0
Current total success rate: 0.6793017456359102

Task: pick up the cream cheese and place it in the basket level4 sample2
Success: True
# episodes completed so far: 2006
# successes: 1363 (67.9%)
Current task success rate: 1.0
Current total success rate: 0.6794616151545364

Task: pick up the cream cheese and place it in the basket level4 sample3
Success: False
# episodes completed so far: 2007
# successes: 1363 (67.9%)
Current task success rate: 0.0
Current total success rate: 0.6791230692575984

Task: pick up the cream cheese and place it in the basket level4 sample4
Success: True
# episodes completed so far: 2008
# successes: 1364 (67.9%)
Current task success rate: 1.0
Current total success rate: 0.6792828685258964

Task: pick up the cream cheese and place it in the basket level5 sample1
Success: False
# episodes completed so far: 2009
# successes: 1364 (67.9%)
Current task success rate: 0.0
Current total success rate: 0.6789447486311598

Task: pick up the cream cheese and place it in the basket level5 sample2
Success: False
# episodes completed so far: 2010
# successes: 1364 (67.9%)
Current task success rate: 0.0
Current total success rate: 0.6786069651741293

Task: pick up the cream cheese and place it in the basket level5 sample3
Success: True
# episodes completed so far: 2011
# successes: 1365 (67.9%)
Current task success rate: 1.0
Current total success rate: 0.6787667826951765

Task: pick up the cream cheese and place it in the basket level5 sample4
Success: True
# episodes completed so far: 2012
# successes: 1366 (67.9%)
Current task success rate: 1.0
Current total success rate: 0.6789264413518886

Task: pick up the ketchup and place it in the basket add 22
Success: True
# episodes completed so far: 2013
# successes: 1367 (67.9%)
Current task success rate: 1.0
Current total success rate: 0.6790859413810233

Task: pick up the ketchup and place it in the basket add 24
Success: True
# episodes completed so far: 2014
# successes: 1368 (67.9%)
Current task success rate: 1.0
Current total success rate: 0.6792452830188679

Task: pick up the ketchup and place it in the basket add 26
Success: True
# episodes completed so far: 2015
# successes: 1369 (67.9%)
Current task success rate: 1.0
Current total success rate: 0.6794044665012406

Task: pick up the ketchup and place it in the basket add 28
Success: True
# episodes completed so far: 2016
# successes: 1370 (68.0%)
Current task success rate: 1.0
Current total success rate: 0.6795634920634921

Task: pick up the ketchup and place it in the basket add 29
Success: True
# episodes completed so far: 2017
# successes: 1371 (68.0%)
Current task success rate: 1.0
Current total success rate: 0.6797223599405057

Task: pick up the ketchup and place it in the basket level1 sample1
Success: True
# episodes completed so far: 2018
# successes: 1372 (68.0%)
Current task success rate: 1.0
Current total success rate: 0.6798810703666998

Task: pick up the ketchup and place it in the basket level1 sample2
Success: True
# episodes completed so far: 2019
# successes: 1373 (68.0%)
Current task success rate: 1.0
Current total success rate: 0.6800396235760278

Task: pick up the ketchup and place it in the basket level1 sample3
Success: True
# episodes completed so far: 2020
# successes: 1374 (68.0%)
Current task success rate: 1.0
Current total success rate: 0.6801980198019802

Task: pick up the ketchup and place it in the basket level1 sample4
Success: True
# episodes completed so far: 2021
# successes: 1375 (68.0%)
Current task success rate: 1.0
Current total success rate: 0.6803562592775854

Task: pick up the ketchup and place it in the basket level2 sample1
Success: False
# episodes completed so far: 2022
# successes: 1375 (68.0%)
Current task success rate: 0.0
Current total success rate: 0.6800197823936697

Task: pick up the ketchup and place it in the basket level2 sample2
Success: True
# episodes completed so far: 2023
# successes: 1376 (68.0%)
Current task success rate: 1.0
Current total success rate: 0.680177953534355

Task: pick up the ketchup and place it in the basket level2 sample3
Success: True
# episodes completed so far: 2024
# successes: 1377 (68.0%)
Current task success rate: 1.0
Current total success rate: 0.6803359683794467

Task: pick up the ketchup and place it in the basket level2 sample4
Success: True
# episodes completed so far: 2025
# successes: 1378 (68.0%)
Current task success rate: 1.0
Current total success rate: 0.6804938271604938

Task: pick up the ketchup and place it in the basket level3 sample1
Success: True
# episodes completed so far: 2026
# successes: 1379 (68.1%)
Current task success rate: 1.0
Current total success rate: 0.6806515301085884

Task: pick up the ketchup and place it in the basket level3 sample2
Success: False
# episodes completed so far: 2027
# successes: 1379 (68.0%)
Current task success rate: 0.0
Current total success rate: 0.6803157375431672

Task: pick up the ketchup and place it in the basket level3 sample3
Success: True
# episodes completed so far: 2028
# successes: 1380 (68.0%)
Current task success rate: 1.0
Current total success rate: 0.6804733727810651

Task: pick up the ketchup and place it in the basket level3 sample4
Success: False
# episodes completed so far: 2029
# successes: 1380 (68.0%)
Current task success rate: 0.0
Current total success rate: 0.6801379990142927

Task: pick up the ketchup and place it in the basket level4 sample1
Success: True
# episodes completed so far: 2030
# successes: 1381 (68.0%)
Current task success rate: 1.0
Current total success rate: 0.680295566502463

Task: pick up the ketchup and place it in the basket level4 sample2
Success: False
# episodes completed so far: 2031
# successes: 1381 (68.0%)
Current task success rate: 0.0
Current total success rate: 0.6799606105366814

Task: pick up the ketchup and place it in the basket level4 sample3
Success: False
# episodes completed so far: 2032
# successes: 1381 (68.0%)
Current task success rate: 0.0
Current total success rate: 0.6796259842519685

Task: pick up the ketchup and place it in the basket level4 sample4
Success: True
# episodes completed so far: 2033
# successes: 1382 (68.0%)
Current task success rate: 1.0
Current total success rate: 0.6797835710772258

Task: pick up the ketchup and place it in the basket level5 sample1
Success: False
# episodes completed so far: 2034
# successes: 1382 (67.9%)
Current task success rate: 0.0
Current total success rate: 0.6794493608652901

Task: pick up the ketchup and place it in the basket level5 sample2
Success: False
# episodes completed so far: 2035
# successes: 1382 (67.9%)
Current task success rate: 0.0
Current total success rate: 0.6791154791154791

Task: pick up the ketchup and place it in the basket level5 sample3
Success: False
# episodes completed so far: 2036
# successes: 1382 (67.9%)
Current task success rate: 0.0
Current total success rate: 0.6787819253438114

Task: pick up the ketchup and place it in the basket level5 sample4
Success: True
# episodes completed so far: 2037
# successes: 1383 (67.9%)
Current task success rate: 1.0
Current total success rate: 0.678939617083947

Task: pick up the milk and place it in the basket add 10
Success: True
# episodes completed so far: 2038
# successes: 1384 (67.9%)
Current task success rate: 1.0
Current total success rate: 0.6790971540726202

Task: pick up the milk and place it in the basket add 11
Success: True
# episodes completed so far: 2039
# successes: 1385 (67.9%)
Current task success rate: 1.0
Current total success rate: 0.6792545365375184

Task: pick up the milk and place it in the basket add 12
Success: True
# episodes completed so far: 2040
# successes: 1386 (67.9%)
Current task success rate: 1.0
Current total success rate: 0.6794117647058824

Task: pick up the milk and place it in the basket add 13
Success: True
# episodes completed so far: 2041
# successes: 1387 (68.0%)
Current task success rate: 1.0
Current total success rate: 0.6795688388045076

Task: pick up the milk and place it in the basket add 14
Success: True
# episodes completed so far: 2042
# successes: 1388 (68.0%)
Current task success rate: 1.0
Current total success rate: 0.6797257590597453

Task: pick up the milk and place it in the basket add 16
Success: True
# episodes completed so far: 2043
# successes: 1389 (68.0%)
Current task success rate: 1.0
Current total success rate: 0.6798825256975036

Task: pick up the milk and place it in the basket add 17
Success: True
# episodes completed so far: 2044
# successes: 1390 (68.0%)
Current task success rate: 1.0
Current total success rate: 0.6800391389432485

Task: pick up the milk and place it in the basket add 18
Success: True
# episodes completed so far: 2045
# successes: 1391 (68.0%)
Current task success rate: 1.0
Current total success rate: 0.6801955990220049

Task: pick up the milk and place it in the basket add 19
Success: True
# episodes completed so far: 2046
# successes: 1392 (68.0%)
Current task success rate: 1.0
Current total success rate: 0.6803519061583577

Task: pick up the milk and place it in the basket add 20
Success: True
# episodes completed so far: 2047
# successes: 1393 (68.1%)
Current task success rate: 1.0
Current total success rate: 0.6805080605764533

Task: pick up the milk and place it in the basket add 21
Success: True
# episodes completed so far: 2048
# successes: 1394 (68.1%)
Current task success rate: 1.0
Current total success rate: 0.6806640625

Task: pick up the milk and place it in the basket add 22
Success: True
# episodes completed so far: 2049
# successes: 1395 (68.1%)
Current task success rate: 1.0
Current total success rate: 0.6808199121522694

Task: pick up the milk and place it in the basket add 23
Success: True
# episodes completed so far: 2050
# successes: 1396 (68.1%)
Current task success rate: 1.0
Current total success rate: 0.6809756097560976

Task: pick up the milk and place it in the basket add 24
Success: True
# episodes completed so far: 2051
# successes: 1397 (68.1%)
Current task success rate: 1.0
Current total success rate: 0.6811311555338859

Task: pick up the milk and place it in the basket add 25
Success: True
# episodes completed so far: 2052
# successes: 1398 (68.1%)
Current task success rate: 1.0
Current total success rate: 0.6812865497076024

Task: pick up the milk and place it in the basket add 26
Success: True
# episodes completed so far: 2053
# successes: 1399 (68.1%)
Current task success rate: 1.0
Current total success rate: 0.6814417924987822

Task: pick up the milk and place it in the basket add 27
Success: True
# episodes completed so far: 2054
# successes: 1400 (68.2%)
Current task success rate: 1.0
Current total success rate: 0.6815968841285297

Task: pick up the milk and place it in the basket add 28
Success: True
# episodes completed so far: 2055
# successes: 1401 (68.2%)
Current task success rate: 1.0
Current total success rate: 0.6817518248175183

Task: pick up the milk and place it in the basket add 29
Success: True
# episodes completed so far: 2056
# successes: 1402 (68.2%)
Current task success rate: 1.0
Current total success rate: 0.6819066147859922

Task: pick up the milk and place it in the basket add 3
Success: True
# episodes completed so far: 2057
# successes: 1403 (68.2%)
Current task success rate: 1.0
Current total success rate: 0.6820612542537676

Task: pick up the milk and place it in the basket add 30
Success: True
# episodes completed so far: 2058
# successes: 1404 (68.2%)
Current task success rate: 1.0
Current total success rate: 0.6822157434402333

Task: pick up the milk and place it in the basket add 4
Success: True
# episodes completed so far: 2059
# successes: 1405 (68.2%)
Current task success rate: 1.0
Current total success rate: 0.6823700825643516

Task: pick up the milk and place it in the basket add 5
Success: True
# episodes completed so far: 2060
# successes: 1406 (68.3%)
Current task success rate: 1.0
Current total success rate: 0.6825242718446602

Task: pick up the milk and place it in the basket add 8
Success: True
# episodes completed so far: 2061
# successes: 1407 (68.3%)
Current task success rate: 1.0
Current total success rate: 0.6826783114992722

Task: pick up the milk and place it in the basket add 9
Success: True
# episodes completed so far: 2062
# successes: 1408 (68.3%)
Current task success rate: 1.0
Current total success rate: 0.6828322017458778

Task: pick up the milk and place it in the basket level1 sample1
Success: True
# episodes completed so far: 2063
# successes: 1409 (68.3%)
Current task success rate: 1.0
Current total success rate: 0.6829859428017451

Task: pick up the milk and place it in the basket level1 sample2
Success: True
# episodes completed so far: 2064
# successes: 1410 (68.3%)
Current task success rate: 1.0
Current total success rate: 0.6831395348837209

Task: pick up the milk and place it in the basket level1 sample3
Success: True
# episodes completed so far: 2065
# successes: 1411 (68.3%)
Current task success rate: 1.0
Current total success rate: 0.6832929782082324

Task: pick up the milk and place it in the basket level1 sample4
Success: True
# episodes completed so far: 2066
# successes: 1412 (68.3%)
Current task success rate: 1.0
Current total success rate: 0.6834462729912875

Task: pick up the milk and place it in the basket level2 sample1
Success: True
# episodes completed so far: 2067
# successes: 1413 (68.4%)
Current task success rate: 1.0
Current total success rate: 0.683599419448476

Task: pick up the milk and place it in the basket level2 sample2
Success: True
# episodes completed so far: 2068
# successes: 1414 (68.4%)
Current task success rate: 1.0
Current total success rate: 0.683752417794971

Task: pick up the milk and place it in the basket level2 sample3
Success: True
# episodes completed so far: 2069
# successes: 1415 (68.4%)
Current task success rate: 1.0
Current total success rate: 0.6839052682455292

Task: pick up the milk and place it in the basket level2 sample4
Success: True
# episodes completed so far: 2070
# successes: 1416 (68.4%)
Current task success rate: 1.0
Current total success rate: 0.6840579710144927

Task: pick up the milk and place it in the basket level3 sample1
Success: True
# episodes completed so far: 2071
# successes: 1417 (68.4%)
Current task success rate: 1.0
Current total success rate: 0.6842105263157895

Task: pick up the milk and place it in the basket level3 sample2
Success: False
# episodes completed so far: 2072
# successes: 1417 (68.4%)
Current task success rate: 0.0
Current total success rate: 0.6838803088803089

Task: pick up the milk and place it in the basket level3 sample3
Success: True
# episodes completed so far: 2073
# successes: 1418 (68.4%)
Current task success rate: 1.0
Current total success rate: 0.684032802701399

Task: pick up the milk and place it in the basket level3 sample4
Success: False
# episodes completed so far: 2074
# successes: 1418 (68.4%)
Current task success rate: 0.0
Current total success rate: 0.6837029893924783

Task: pick up the milk and place it in the basket level4 sample1
Success: True
# episodes completed so far: 2075
# successes: 1419 (68.4%)
Current task success rate: 1.0
Current total success rate: 0.683855421686747

Task: pick up the milk and place it in the basket level4 sample2
Success: False
# episodes completed so far: 2076
# successes: 1419 (68.4%)
Current task success rate: 0.0
Current total success rate: 0.6835260115606936

Task: pick up the milk and place it in the basket level4 sample3
Success: True
# episodes completed so far: 2077
# successes: 1420 (68.4%)
Current task success rate: 1.0
Current total success rate: 0.6836783822821377

Task: pick up the milk and place it in the basket level4 sample4
Success: True
# episodes completed so far: 2078
# successes: 1421 (68.4%)
Current task success rate: 1.0
Current total success rate: 0.6838306063522618

Task: pick up the milk and place it in the basket level5 sample1
Success: False
# episodes completed so far: 2079
# successes: 1421 (68.4%)
Current task success rate: 0.0
Current total success rate: 0.6835016835016835

Task: pick up the milk and place it in the basket level5 sample2
Success: False
# episodes completed so far: 2080
# successes: 1421 (68.3%)
Current task success rate: 0.0
Current total success rate: 0.6831730769230769

Task: pick up the milk and place it in the basket level5 sample3
Success: False
# episodes completed so far: 2081
# successes: 1421 (68.3%)
Current task success rate: 0.0
Current total success rate: 0.6828447861604997

Task: pick up the milk and place it in the basket level5 sample4
Success: False
# episodes completed so far: 2082
# successes: 1421 (68.3%)
Current task success rate: 0.0
Current total success rate: 0.6825168107588857

Task: pick up the orange juice and place it in the basket add 1
Success: True
# episodes completed so far: 2083
# successes: 1422 (68.3%)
Current task success rate: 1.0
Current total success rate: 0.6826692270763323

Task: pick up the orange juice and place it in the basket add 10
Success: True
# episodes completed so far: 2084
# successes: 1423 (68.3%)
Current task success rate: 1.0
Current total success rate: 0.6828214971209213

Task: pick up the orange juice and place it in the basket add 11
Success: True
# episodes completed so far: 2085
# successes: 1424 (68.3%)
Current task success rate: 1.0
Current total success rate: 0.6829736211031175

Task: pick up the orange juice and place it in the basket add 12
Success: True
# episodes completed so far: 2086
# successes: 1425 (68.3%)
Current task success rate: 1.0
Current total success rate: 0.6831255992329818

Task: pick up the orange juice and place it in the basket add 13
Success: True
# episodes completed so far: 2087
# successes: 1426 (68.3%)
Current task success rate: 1.0
Current total success rate: 0.6832774317201725

Task: pick up the orange juice and place it in the basket add 14
Success: True
# episodes completed so far: 2088
# successes: 1427 (68.3%)
Current task success rate: 1.0
Current total success rate: 0.6834291187739464

Task: pick up the orange juice and place it in the basket add 15
Success: True
# episodes completed so far: 2089
# successes: 1428 (68.4%)
Current task success rate: 1.0
Current total success rate: 0.6835806606031594

Task: pick up the orange juice and place it in the basket add 16
Success: True
# episodes completed so far: 2090
# successes: 1429 (68.4%)
Current task success rate: 1.0
Current total success rate: 0.683732057416268

Task: pick up the orange juice and place it in the basket add 17
Success: True
# episodes completed so far: 2091
# successes: 1430 (68.4%)
Current task success rate: 1.0
Current total success rate: 0.6838833094213295

Task: pick up the orange juice and place it in the basket add 18
Success: True
# episodes completed so far: 2092
# successes: 1431 (68.4%)
Current task success rate: 1.0
Current total success rate: 0.6840344168260039

Task: pick up the orange juice and place it in the basket add 19
Success: True
# episodes completed so far: 2093
# successes: 1432 (68.4%)
Current task success rate: 1.0
Current total success rate: 0.6841853798375538

Task: pick up the orange juice and place it in the basket add 2
Success: True
# episodes completed so far: 2094
# successes: 1433 (68.4%)
Current task success rate: 1.0
Current total success rate: 0.6843361986628462

Task: pick up the orange juice and place it in the basket add 20
Success: True
# episodes completed so far: 2095
# successes: 1434 (68.4%)
Current task success rate: 1.0
Current total success rate: 0.6844868735083532

Task: pick up the orange juice and place it in the basket add 21
Success: True
# episodes completed so far: 2096
# successes: 1435 (68.5%)
Current task success rate: 1.0
Current total success rate: 0.6846374045801527

Task: pick up the orange juice and place it in the basket add 22
Success: True
# episodes completed so far: 2097
# successes: 1436 (68.5%)
Current task success rate: 1.0
Current total success rate: 0.6847877920839294

Task: pick up the orange juice and place it in the basket add 24
Success: True
# episodes completed so far: 2098
# successes: 1437 (68.5%)
Current task success rate: 1.0
Current total success rate: 0.6849380362249762

Task: pick up the orange juice and place it in the basket add 25
Success: True
# episodes completed so far: 2099
# successes: 1438 (68.5%)
Current task success rate: 1.0
Current total success rate: 0.6850881372081944

Task: pick up the orange juice and place it in the basket add 26
Success: True
# episodes completed so far: 2100
# successes: 1439 (68.5%)
Current task success rate: 1.0
Current total success rate: 0.6852380952380952

Task: pick up the orange juice and place it in the basket add 27
Success: True
# episodes completed so far: 2101
# successes: 1440 (68.5%)
Current task success rate: 1.0
Current total success rate: 0.6853879105188005

Task: pick up the orange juice and place it in the basket add 28
Success: True
# episodes completed so far: 2102
# successes: 1441 (68.6%)
Current task success rate: 1.0
Current total success rate: 0.6855375832540438

Task: pick up the orange juice and place it in the basket add 29
Success: True
# episodes completed so far: 2103
# successes: 1442 (68.6%)
Current task success rate: 1.0
Current total success rate: 0.6856871136471707

Task: pick up the orange juice and place it in the basket add 3
Success: True
# episodes completed so far: 2104
# successes: 1443 (68.6%)
Current task success rate: 1.0
Current total success rate: 0.6858365019011406

Task: pick up the orange juice and place it in the basket add 30
Success: True
# episodes completed so far: 2105
# successes: 1444 (68.6%)
Current task success rate: 1.0
Current total success rate: 0.6859857482185273

Task: pick up the orange juice and place it in the basket add 4
Success: True
# episodes completed so far: 2106
# successes: 1445 (68.6%)
Current task success rate: 1.0
Current total success rate: 0.6861348528015194

Task: pick up the orange juice and place it in the basket add 5
Success: True
# episodes completed so far: 2107
# successes: 1446 (68.6%)
Current task success rate: 1.0
Current total success rate: 0.6862838158519222

Task: pick up the orange juice and place it in the basket add 6
Success: True
# episodes completed so far: 2108
# successes: 1447 (68.6%)
Current task success rate: 1.0
Current total success rate: 0.6864326375711575

Task: pick up the orange juice and place it in the basket add 7
Success: True
# episodes completed so far: 2109
# successes: 1448 (68.7%)
Current task success rate: 1.0
Current total success rate: 0.6865813181602656

Task: pick up the orange juice and place it in the basket add 8
Success: True
# episodes completed so far: 2110
# successes: 1449 (68.7%)
Current task success rate: 1.0
Current total success rate: 0.6867298578199053

Task: pick up the orange juice and place it in the basket add 9
Success: True
# episodes completed so far: 2111
# successes: 1450 (68.7%)
Current task success rate: 1.0
Current total success rate: 0.6868782567503553

Task: pick up the orange juice and place it in the basket level1 sample1
Success: True
# episodes completed so far: 2112
# successes: 1451 (68.7%)
Current task success rate: 1.0
Current total success rate: 0.6870265151515151

Task: pick up the orange juice and place it in the basket level1 sample2
Success: True
# episodes completed so far: 2113
# successes: 1452 (68.7%)
Current task success rate: 1.0
Current total success rate: 0.6871746332229058

Task: pick up the orange juice and place it in the basket level1 sample3
Success: True
# episodes completed so far: 2114
# successes: 1453 (68.7%)
Current task success rate: 1.0
Current total success rate: 0.6873226111636708

Task: pick up the orange juice and place it in the basket level1 sample4
Success: True
# episodes completed so far: 2115
# successes: 1454 (68.7%)
Current task success rate: 1.0
Current total success rate: 0.6874704491725768

Task: pick up the orange juice and place it in the basket level2 sample1
Success: True
# episodes completed so far: 2116
# successes: 1455 (68.8%)
Current task success rate: 1.0
Current total success rate: 0.6876181474480151

Task: pick up the orange juice and place it in the basket level2 sample2
Success: True
# episodes completed so far: 2117
# successes: 1456 (68.8%)
Current task success rate: 1.0
Current total success rate: 0.6877657061880019

Task: pick up the orange juice and place it in the basket level2 sample3
Success: False
# episodes completed so far: 2118
# successes: 1456 (68.7%)
Current task success rate: 0.0
Current total success rate: 0.6874409820585458

Task: pick up the orange juice and place it in the basket level2 sample4
Success: True
# episodes completed so far: 2119
# successes: 1457 (68.8%)
Current task success rate: 1.0
Current total success rate: 0.6875884851344974

Task: pick up the orange juice and place it in the basket level3 sample1
Success: True
# episodes completed so far: 2120
# successes: 1458 (68.8%)
Current task success rate: 1.0
Current total success rate: 0.6877358490566038

Task: pick up the orange juice and place it in the basket level3 sample2
Success: True
# episodes completed so far: 2121
# successes: 1459 (68.8%)
Current task success rate: 1.0
Current total success rate: 0.6878830740216879

Task: pick up the orange juice and place it in the basket level3 sample3
Success: False
# episodes completed so far: 2122
# successes: 1459 (68.8%)
Current task success rate: 0.0
Current total success rate: 0.6875589066918002

Task: pick up the orange juice and place it in the basket level3 sample4
Success: True
# episodes completed so far: 2123
# successes: 1460 (68.8%)
Current task success rate: 1.0
Current total success rate: 0.6877060763071126

Task: pick up the orange juice and place it in the basket level4 sample1
Success: False
# episodes completed so far: 2124
# successes: 1460 (68.7%)
Current task success rate: 0.0
Current total success rate: 0.687382297551789

Task: pick up the orange juice and place it in the basket level4 sample2
Success: True
# episodes completed so far: 2125
# successes: 1461 (68.8%)
Current task success rate: 1.0
Current total success rate: 0.6875294117647058

Task: pick up the orange juice and place it in the basket level4 sample3
Success: False
# episodes completed so far: 2126
# successes: 1461 (68.7%)
Current task success rate: 0.0
Current total success rate: 0.687206020696143

Task: pick up the orange juice and place it in the basket level4 sample4
Success: False
# episodes completed so far: 2127
# successes: 1461 (68.7%)
Current task success rate: 0.0
Current total success rate: 0.68688293370945

Task: pick up the orange juice and place it in the basket level5 sample1
Success: False
# episodes completed so far: 2128
# successes: 1461 (68.7%)
Current task success rate: 0.0
Current total success rate: 0.6865601503759399

Task: pick up the orange juice and place it in the basket level5 sample2
Success: False
# episodes completed so far: 2129
# successes: 1461 (68.6%)
Current task success rate: 0.0
Current total success rate: 0.6862376702677313

Task: pick up the orange juice and place it in the basket level5 sample3
Success: False
# episodes completed so far: 2130
# successes: 1461 (68.6%)
Current task success rate: 0.0
Current total success rate: 0.6859154929577465

Task: pick up the orange juice and place it in the basket level5 sample4
Success: False
# episodes completed so far: 2131
# successes: 1461 (68.6%)
Current task success rate: 0.0
Current total success rate: 0.6855936180197091

Task: pick up the salad dressing and place it in the basket add 10
Success: True
# episodes completed so far: 2132
# successes: 1462 (68.6%)
Current task success rate: 1.0
Current total success rate: 0.6857410881801126

Task: pick up the salad dressing and place it in the basket add 12
Success: True
# episodes completed so far: 2133
# successes: 1463 (68.6%)
Current task success rate: 1.0
Current total success rate: 0.6858884200656352

Task: pick up the salad dressing and place it in the basket add 13
Success: True
# episodes completed so far: 2134
# successes: 1464 (68.6%)
Current task success rate: 1.0
Current total success rate: 0.6860356138706654

Task: pick up the salad dressing and place it in the basket add 14
Success: True
# episodes completed so far: 2135
# successes: 1465 (68.6%)
Current task success rate: 1.0
Current total success rate: 0.6861826697892272

Task: pick up the salad dressing and place it in the basket add 15
Success: True
# episodes completed so far: 2136
# successes: 1466 (68.6%)
Current task success rate: 1.0
Current total success rate: 0.6863295880149812

Task: pick up the salad dressing and place it in the basket add 16
Success: True
# episodes completed so far: 2137
# successes: 1467 (68.6%)
Current task success rate: 1.0
Current total success rate: 0.686476368741226

Task: pick up the salad dressing and place it in the basket add 17
Success: True
# episodes completed so far: 2138
# successes: 1468 (68.7%)
Current task success rate: 1.0
Current total success rate: 0.686623012160898

Task: pick up the salad dressing and place it in the basket add 18
Success: True
# episodes completed so far: 2139
# successes: 1469 (68.7%)
Current task success rate: 1.0
Current total success rate: 0.6867695184665732

Task: pick up the salad dressing and place it in the basket add 19
Success: True
# episodes completed so far: 2140
# successes: 1470 (68.7%)
Current task success rate: 1.0
Current total success rate: 0.6869158878504673

Task: pick up the salad dressing and place it in the basket add 20
Success: True
# episodes completed so far: 2141
# successes: 1471 (68.7%)
Current task success rate: 1.0
Current total success rate: 0.6870621205044372

Task: pick up the salad dressing and place it in the basket add 21
Success: True
# episodes completed so far: 2142
# successes: 1472 (68.7%)
Current task success rate: 1.0
Current total success rate: 0.6872082166199813

Task: pick up the salad dressing and place it in the basket add 22
Success: True
# episodes completed so far: 2143
# successes: 1473 (68.7%)
Current task success rate: 1.0
Current total success rate: 0.6873541763882408

Task: pick up the salad dressing and place it in the basket add 24
Success: True
# episodes completed so far: 2144
# successes: 1474 (68.8%)
Current task success rate: 1.0
Current total success rate: 0.6875

Task: pick up the salad dressing and place it in the basket add 25
Success: True
# episodes completed so far: 2145
# successes: 1475 (68.8%)
Current task success rate: 1.0
Current total success rate: 0.6876456876456877

Task: pick up the salad dressing and place it in the basket add 26
Success: True
# episodes completed so far: 2146
# successes: 1476 (68.8%)
Current task success rate: 1.0
Current total success rate: 0.6877912395153775

Task: pick up the salad dressing and place it in the basket add 27
Success: True
# episodes completed so far: 2147
# successes: 1477 (68.8%)
Current task success rate: 1.0
Current total success rate: 0.687936655798789

Task: pick up the salad dressing and place it in the basket add 28
Success: True
# episodes completed so far: 2148
# successes: 1478 (68.8%)
Current task success rate: 1.0
Current total success rate: 0.6880819366852886

Task: pick up the salad dressing and place it in the basket add 29
Success: True
# episodes completed so far: 2149
# successes: 1479 (68.8%)
Current task success rate: 1.0
Current total success rate: 0.6882270823638902

Task: pick up the salad dressing and place it in the basket add 30
Success: True
# episodes completed so far: 2150
# successes: 1480 (68.8%)
Current task success rate: 1.0
Current total success rate: 0.6883720930232559

Task: pick up the salad dressing and place it in the basket add 4
Success: True
# episodes completed so far: 2151
# successes: 1481 (68.9%)
Current task success rate: 1.0
Current total success rate: 0.6885169688516969

Task: pick up the salad dressing and place it in the basket add 5
Success: True
# episodes completed so far: 2152
# successes: 1482 (68.9%)
Current task success rate: 1.0
Current total success rate: 0.6886617100371747

Task: pick up the salad dressing and place it in the basket add 6
Success: True
# episodes completed so far: 2153
# successes: 1483 (68.9%)
Current task success rate: 1.0
Current total success rate: 0.6888063167673014

Task: pick up the salad dressing and place it in the basket add 7
Success: True
# episodes completed so far: 2154
# successes: 1484 (68.9%)
Current task success rate: 1.0
Current total success rate: 0.6889507892293407

Task: pick up the salad dressing and place it in the basket add 8
Success: True
# episodes completed so far: 2155
# successes: 1485 (68.9%)
Current task success rate: 1.0
Current total success rate: 0.6890951276102089

Task: pick up the salad dressing and place it in the basket add 9
Success: True
# episodes completed so far: 2156
# successes: 1486 (68.9%)
Current task success rate: 1.0
Current total success rate: 0.6892393320964749

Task: pick up the salad dressing and place it in the basket level1 sample1
Success: True
# episodes completed so far: 2157
# successes: 1487 (68.9%)
Current task success rate: 1.0
Current total success rate: 0.6893834028743625

Task: pick up the salad dressing and place it in the basket level1 sample2
Success: True
# episodes completed so far: 2158
# successes: 1488 (69.0%)
Current task success rate: 1.0
Current total success rate: 0.6895273401297498

Task: pick up the salad dressing and place it in the basket level1 sample3
Success: True
# episodes completed so far: 2159
# successes: 1489 (69.0%)
Current task success rate: 1.0
Current total success rate: 0.6896711440481704

Task: pick up the salad dressing and place it in the basket level1 sample4
Success: True
# episodes completed so far: 2160
# successes: 1490 (69.0%)
Current task success rate: 1.0
Current total success rate: 0.6898148148148148

Task: pick up the salad dressing and place it in the basket level2 sample1
Success: False
# episodes completed so far: 2161
# successes: 1490 (68.9%)
Current task success rate: 0.0
Current total success rate: 0.6894956038870893

Task: pick up the salad dressing and place it in the basket level2 sample2
Success: False
# episodes completed so far: 2162
# successes: 1490 (68.9%)
Current task success rate: 0.0
Current total success rate: 0.6891766882516188

Task: pick up the salad dressing and place it in the basket level2 sample4
Success: True
# episodes completed so far: 2163
# successes: 1491 (68.9%)
Current task success rate: 1.0
Current total success rate: 0.6893203883495146

Task: pick up the salad dressing and place it in the basket level3 sample1
Success: True
# episodes completed so far: 2164
# successes: 1492 (68.9%)
Current task success rate: 1.0
Current total success rate: 0.6894639556377079

Task: pick up the salad dressing and place it in the basket level3 sample2
Success: False
# episodes completed so far: 2165
# successes: 1492 (68.9%)
Current task success rate: 0.0
Current total success rate: 0.6891454965357968

Task: pick up the salad dressing and place it in the basket level3 sample3
Success: True
# episodes completed so far: 2166
# successes: 1493 (68.9%)
Current task success rate: 1.0
Current total success rate: 0.6892890120036934

Task: pick up the salad dressing and place it in the basket level4 sample1
Success: False
# episodes completed so far: 2167
# successes: 1493 (68.9%)
Current task success rate: 0.0
Current total success rate: 0.6889709275496078

Task: pick up the salad dressing and place it in the basket level4 sample3
Success: False
# episodes completed so far: 2168
# successes: 1493 (68.9%)
Current task success rate: 0.0
Current total success rate: 0.6886531365313653

Task: pick up the salad dressing and place it in the basket level4 sample4
Success: False
# episodes completed so far: 2169
# successes: 1493 (68.8%)
Current task success rate: 0.0
Current total success rate: 0.6883356385431074

Task: pick up the salad dressing and place it in the basket level5 sample1
Success: False
# episodes completed so far: 2170
# successes: 1493 (68.8%)
Current task success rate: 0.0
Current total success rate: 0.6880184331797236

Task: pick up the salad dressing and place it in the basket level5 sample2
Success: False
# episodes completed so far: 2171
# successes: 1493 (68.8%)
Current task success rate: 0.0
Current total success rate: 0.6877015200368494

Task: pick up the salad dressing and place it in the basket level5 sample3
Success: True
# episodes completed so far: 2172
# successes: 1494 (68.8%)
Current task success rate: 1.0
Current total success rate: 0.6878453038674033

Task: pick up the salad dressing and place it in the basket level5 sample4
Success: False
# episodes completed so far: 2173
# successes: 1494 (68.8%)
Current task success rate: 0.0
Current total success rate: 0.6875287620800736

Task: pick up the tomato sauce and place it in the basket add 1
Success: True
# episodes completed so far: 2174
# successes: 1495 (68.8%)
Current task success rate: 1.0
Current total success rate: 0.687672493100276

Task: pick up the tomato sauce and place it in the basket add 10
Success: True
# episodes completed so far: 2175
# successes: 1496 (68.8%)
Current task success rate: 1.0
Current total success rate: 0.6878160919540229

Task: pick up the tomato sauce and place it in the basket add 11
Success: True
# episodes completed so far: 2176
# successes: 1497 (68.8%)
Current task success rate: 1.0
Current total success rate: 0.6879595588235294

Task: pick up the tomato sauce and place it in the basket add 12
Success: True
# episodes completed so far: 2177
# successes: 1498 (68.8%)
Current task success rate: 1.0
Current total success rate: 0.6881028938906752

Task: pick up the tomato sauce and place it in the basket add 13
Success: True
# episodes completed so far: 2178
# successes: 1499 (68.8%)
Current task success rate: 1.0
Current total success rate: 0.6882460973370065

Task: pick up the tomato sauce and place it in the basket add 14
Success: True
# episodes completed so far: 2179
# successes: 1500 (68.8%)
Current task success rate: 1.0
Current total success rate: 0.6883891693437356

Task: pick up the tomato sauce and place it in the basket add 15
Success: True
# episodes completed so far: 2180
# successes: 1501 (68.9%)
Current task success rate: 1.0
Current total success rate: 0.6885321100917431

Task: pick up the tomato sauce and place it in the basket add 16
Success: True
# episodes completed so far: 2181
# successes: 1502 (68.9%)
Current task success rate: 1.0
Current total success rate: 0.6886749197615772

Task: pick up the tomato sauce and place it in the basket add 17
Success: True
# episodes completed so far: 2182
# successes: 1503 (68.9%)
Current task success rate: 1.0
Current total success rate: 0.6888175985334556

Task: pick up the tomato sauce and place it in the basket add 18
Success: True
# episodes completed so far: 2183
# successes: 1504 (68.9%)
Current task success rate: 1.0
Current total success rate: 0.6889601465872652

Task: pick up the tomato sauce and place it in the basket add 19
Success: True
# episodes completed so far: 2184
# successes: 1505 (68.9%)
Current task success rate: 1.0
Current total success rate: 0.6891025641025641

Task: pick up the tomato sauce and place it in the basket add 2
Success: True
# episodes completed so far: 2185
# successes: 1506 (68.9%)
Current task success rate: 1.0
Current total success rate: 0.6892448512585813

Task: pick up the tomato sauce and place it in the basket add 20
Success: True
# episodes completed so far: 2186
# successes: 1507 (68.9%)
Current task success rate: 1.0
Current total success rate: 0.6893870082342177

Task: pick up the tomato sauce and place it in the basket add 21
Success: True
# episodes completed so far: 2187
# successes: 1508 (69.0%)
Current task success rate: 1.0
Current total success rate: 0.6895290352080475

Task: pick up the tomato sauce and place it in the basket add 22
Success: True
# episodes completed so far: 2188
# successes: 1509 (69.0%)
Current task success rate: 1.0
Current total success rate: 0.6896709323583181

Task: pick up the tomato sauce and place it in the basket add 23
Success: True
# episodes completed so far: 2189
# successes: 1510 (69.0%)
Current task success rate: 1.0
Current total success rate: 0.6898126998629511

Task: pick up the tomato sauce and place it in the basket add 24
Success: True
# episodes completed so far: 2190
# successes: 1511 (69.0%)
Current task success rate: 1.0
Current total success rate: 0.6899543378995434

Task: pick up the tomato sauce and place it in the basket add 25
Success: True
# episodes completed so far: 2191
# successes: 1512 (69.0%)
Current task success rate: 1.0
Current total success rate: 0.6900958466453674

Task: pick up the tomato sauce and place it in the basket add 26
Success: True
# episodes completed so far: 2192
# successes: 1513 (69.0%)
Current task success rate: 1.0
Current total success rate: 0.6902372262773723

Task: pick up the tomato sauce and place it in the basket add 27
Success: True
# episodes completed so far: 2193
# successes: 1514 (69.0%)
Current task success rate: 1.0
Current total success rate: 0.6903784769721842

Task: pick up the tomato sauce and place it in the basket add 28
Success: True
# episodes completed so far: 2194
# successes: 1515 (69.1%)
Current task success rate: 1.0
Current total success rate: 0.6905195989061076

Task: pick up the tomato sauce and place it in the basket add 29
Success: True
# episodes completed so far: 2195
# successes: 1516 (69.1%)
Current task success rate: 1.0
Current total success rate: 0.6906605922551253

Task: pick up the tomato sauce and place it in the basket add 3
Success: True
# episodes completed so far: 2196
# successes: 1517 (69.1%)
Current task success rate: 1.0
Current total success rate: 0.6908014571948998

Task: pick up the tomato sauce and place it in the basket add 30
Success: True
# episodes completed so far: 2197
# successes: 1518 (69.1%)
Current task success rate: 1.0
Current total success rate: 0.6909421939007738

Task: pick up the tomato sauce and place it in the basket add 4
Success: True
# episodes completed so far: 2198
# successes: 1519 (69.1%)
Current task success rate: 1.0
Current total success rate: 0.6910828025477707

Task: pick up the tomato sauce and place it in the basket add 5
Success: True
# episodes completed so far: 2199
# successes: 1520 (69.1%)
Current task success rate: 1.0
Current total success rate: 0.6912232833105957

Task: pick up the tomato sauce and place it in the basket add 6
Success: True
# episodes completed so far: 2200
# successes: 1521 (69.1%)
Current task success rate: 1.0
Current total success rate: 0.6913636363636364

Task: pick up the tomato sauce and place it in the basket add 7
Success: True
# episodes completed so far: 2201
# successes: 1522 (69.2%)
Current task success rate: 1.0
Current total success rate: 0.6915038618809632

Task: pick up the tomato sauce and place it in the basket add 8
Success: True
# episodes completed so far: 2202
# successes: 1523 (69.2%)
Current task success rate: 1.0
Current total success rate: 0.6916439600363307

Task: pick up the tomato sauce and place it in the basket add 9
Success: True
# episodes completed so far: 2203
# successes: 1524 (69.2%)
Current task success rate: 1.0
Current total success rate: 0.6917839310031775

Task: pick up the tomato sauce and place it in the basket level1 sample1
Success: True
# episodes completed so far: 2204
# successes: 1525 (69.2%)
Current task success rate: 1.0
Current total success rate: 0.691923774954628

Task: pick up the tomato sauce and place it in the basket level1 sample2
Success: True
# episodes completed so far: 2205
# successes: 1526 (69.2%)
Current task success rate: 1.0
Current total success rate: 0.692063492063492

Task: pick up the tomato sauce and place it in the basket level1 sample3
Success: True
# episodes completed so far: 2206
# successes: 1527 (69.2%)
Current task success rate: 1.0
Current total success rate: 0.6922030825022666

Task: pick up the tomato sauce and place it in the basket level1 sample4
Success: False
# episodes completed so far: 2207
# successes: 1527 (69.2%)
Current task success rate: 0.0
Current total success rate: 0.6918894426823743

Task: pick up the tomato sauce and place it in the basket level2 sample1
Success: False
# episodes completed so far: 2208
# successes: 1527 (69.2%)
Current task success rate: 0.0
Current total success rate: 0.6915760869565217

Task: pick up the tomato sauce and place it in the basket level2 sample2
Success: True
# episodes completed so far: 2209
# successes: 1528 (69.2%)
Current task success rate: 1.0
Current total success rate: 0.6917157084653689

Task: pick up the tomato sauce and place it in the basket level2 sample3
Success: True
# episodes completed so far: 2210
# successes: 1529 (69.2%)
Current task success rate: 1.0
Current total success rate: 0.6918552036199095

Task: pick up the tomato sauce and place it in the basket level2 sample4
Success: True
# episodes completed so far: 2211
# successes: 1530 (69.2%)
Current task success rate: 1.0
Current total success rate: 0.6919945725915875

Task: pick up the tomato sauce and place it in the basket level3 sample1
Success: True
# episodes completed so far: 2212
# successes: 1531 (69.2%)
Current task success rate: 1.0
Current total success rate: 0.6921338155515371

Task: pick up the tomato sauce and place it in the basket level3 sample4
Success: True
# episodes completed so far: 2213
# successes: 1532 (69.2%)
Current task success rate: 1.0
Current total success rate: 0.6922729326705829

Task: pick up the tomato sauce and place it in the basket level4 sample1
Success: True
# episodes completed so far: 2214
# successes: 1533 (69.2%)
Current task success rate: 1.0
Current total success rate: 0.6924119241192412

Task: pick up the tomato sauce and place it in the basket level4 sample2
Success: False
# episodes completed so far: 2215
# successes: 1533 (69.2%)
Current task success rate: 0.0
Current total success rate: 0.692099322799097

Task: pick up the tomato sauce and place it in the basket level4 sample3
Success: False
# episodes completed so far: 2216
# successes: 1533 (69.2%)
Current task success rate: 0.0
Current total success rate: 0.6917870036101083

Task: pick up the tomato sauce and place it in the basket level4 sample4
Success: False
# episodes completed so far: 2217
# successes: 1533 (69.1%)
Current task success rate: 0.0
Current total success rate: 0.6914749661705006

Task: pick up the tomato sauce and place it in the basket level5 sample1
Success: False
# episodes completed so far: 2218
# successes: 1533 (69.1%)
Current task success rate: 0.0
Current total success rate: 0.6911632100991885

Task: pick up the tomato sauce and place it in the basket level5 sample2
Success: False
# episodes completed so far: 2219
# successes: 1533 (69.1%)
Current task success rate: 0.0
Current total success rate: 0.6908517350157729

Task: pick up the tomato sauce and place it in the basket level5 sample3
Success: True
# episodes completed so far: 2220
# successes: 1534 (69.1%)
Current task success rate: 1.0
Current total success rate: 0.690990990990991

Task: pick up the tomato sauce and place it in the basket level5 sample4
Success: True
# episodes completed so far: 2221
# successes: 1535 (69.1%)
Current task success rate: 1.0
Current total success rate: 0.6911301215668618

Task: pick up the alphabet soup and place it in the basket light 1
Success: True
# episodes completed so far: 2222
# successes: 1536 (69.1%)
Current task success rate: 1.0
Current total success rate: 0.6912691269126913

Task: pick up the alphabet soup and place it in the basket light 10
Success: True
# episodes completed so far: 2223
# successes: 1537 (69.1%)
Current task success rate: 1.0
Current total success rate: 0.6914080071974809

Task: pick up the alphabet soup and place it in the basket light 11
Success: True
# episodes completed so far: 2224
# successes: 1538 (69.2%)
Current task success rate: 1.0
Current total success rate: 0.6915467625899281

Task: pick up the alphabet soup and place it in the basket light 12
Success: True
# episodes completed so far: 2225
# successes: 1539 (69.2%)
Current task success rate: 1.0
Current total success rate: 0.6916853932584269

Task: pick up the alphabet soup and place it in the basket light 13
Success: True
# episodes completed so far: 2226
# successes: 1540 (69.2%)
Current task success rate: 1.0
Current total success rate: 0.6918238993710691

Task: pick up the alphabet soup and place it in the basket light 14
Success: True
# episodes completed so far: 2227
# successes: 1541 (69.2%)
Current task success rate: 1.0
Current total success rate: 0.6919622810956444

Task: pick up the alphabet soup and place it in the basket light 15
Success: True
# episodes completed so far: 2228
# successes: 1542 (69.2%)
Current task success rate: 1.0
Current total success rate: 0.6921005385996409

Task: pick up the alphabet soup and place it in the basket light 16
Success: True
# episodes completed so far: 2229
# successes: 1543 (69.2%)
Current task success rate: 1.0
Current total success rate: 0.6922386720502467

Task: pick up the alphabet soup and place it in the basket light 17
Success: True
# episodes completed so far: 2230
# successes: 1544 (69.2%)
Current task success rate: 1.0
Current total success rate: 0.6923766816143497

Task: pick up the alphabet soup and place it in the basket light 18
Success: True
# episodes completed so far: 2231
# successes: 1545 (69.3%)
Current task success rate: 1.0
Current total success rate: 0.6925145674585388

Task: pick up the alphabet soup and place it in the basket light 19
Success: True
# episodes completed so far: 2232
# successes: 1546 (69.3%)
Current task success rate: 1.0
Current total success rate: 0.692652329749104

Task: pick up the alphabet soup and place it in the basket light 2
Success: True
# episodes completed so far: 2233
# successes: 1547 (69.3%)
Current task success rate: 1.0
Current total success rate: 0.6927899686520376

Task: pick up the alphabet soup and place it in the basket light 20
Success: True
# episodes completed so far: 2234
# successes: 1548 (69.3%)
Current task success rate: 1.0
Current total success rate: 0.6929274843330349

Task: pick up the alphabet soup and place it in the basket light 21
Success: True
# episodes completed so far: 2235
# successes: 1549 (69.3%)
Current task success rate: 1.0
Current total success rate: 0.6930648769574944

Task: pick up the alphabet soup and place it in the basket light 24
Success: True
# episodes completed so far: 2236
# successes: 1550 (69.3%)
Current task success rate: 1.0
Current total success rate: 0.6932021466905188

Task: pick up the alphabet soup and place it in the basket light 25
Success: True
# episodes completed so far: 2237
# successes: 1551 (69.3%)
Current task success rate: 1.0
Current total success rate: 0.6933392936969155

Task: pick up the alphabet soup and place it in the basket light 26
Success: True
# episodes completed so far: 2238
# successes: 1552 (69.3%)
Current task success rate: 1.0
Current total success rate: 0.6934763181411975

Task: pick up the alphabet soup and place it in the basket light 27
Success: True
# episodes completed so far: 2239
# successes: 1553 (69.4%)
Current task success rate: 1.0
Current total success rate: 0.6936132201875838

Task: pick up the alphabet soup and place it in the basket light 28
Success: True
# episodes completed so far: 2240
# successes: 1554 (69.4%)
Current task success rate: 1.0
Current total success rate: 0.69375

Task: pick up the alphabet soup and place it in the basket light 29
Success: True
# episodes completed so far: 2241
# successes: 1555 (69.4%)
Current task success rate: 1.0
Current total success rate: 0.6938866577420795

Task: pick up the alphabet soup and place it in the basket light 3
Success: True
# episodes completed so far: 2242
# successes: 1556 (69.4%)
Current task success rate: 1.0
Current total success rate: 0.6940231935771632

Task: pick up the alphabet soup and place it in the basket light 30
Success: True
# episodes completed so far: 2243
# successes: 1557 (69.4%)
Current task success rate: 1.0
Current total success rate: 0.6941596076683014

Task: pick up the alphabet soup and place it in the basket light 31
Success: True
# episodes completed so far: 2244
# successes: 1558 (69.4%)
Current task success rate: 1.0
Current total success rate: 0.6942959001782532

Task: pick up the alphabet soup and place it in the basket light 33
Success: True
# episodes completed so far: 2245
# successes: 1559 (69.4%)
Current task success rate: 1.0
Current total success rate: 0.6944320712694878

Task: pick up the alphabet soup and place it in the basket light 35
Success: True
# episodes completed so far: 2246
# successes: 1560 (69.5%)
Current task success rate: 1.0
Current total success rate: 0.6945681211041852

Task: pick up the alphabet soup and place it in the basket light 36
Success: True
# episodes completed so far: 2247
# successes: 1561 (69.5%)
Current task success rate: 1.0
Current total success rate: 0.6947040498442367

Task: pick up the alphabet soup and place it in the basket light 38
Success: True
# episodes completed so far: 2248
# successes: 1562 (69.5%)
Current task success rate: 1.0
Current total success rate: 0.6948398576512456

Task: pick up the alphabet soup and place it in the basket light 4
Success: True
# episodes completed so far: 2249
# successes: 1563 (69.5%)
Current task success rate: 1.0
Current total success rate: 0.6949755446865273

Task: pick up the alphabet soup and place it in the basket light 41
Success: True
# episodes completed so far: 2250
# successes: 1564 (69.5%)
Current task success rate: 1.0
Current total success rate: 0.6951111111111111

Task: pick up the alphabet soup and place it in the basket light 42
Success: True
# episodes completed so far: 2251
# successes: 1565 (69.5%)
Current task success rate: 1.0
Current total success rate: 0.6952465570857397

Task: pick up the alphabet soup and place it in the basket light 43
Success: True
# episodes completed so far: 2252
# successes: 1566 (69.5%)
Current task success rate: 1.0
Current total success rate: 0.6953818827708703

Task: pick up the alphabet soup and place it in the basket light 45
Success: True
# episodes completed so far: 2253
# successes: 1567 (69.6%)
Current task success rate: 1.0
Current total success rate: 0.6955170883266756

Task: pick up the alphabet soup and place it in the basket light 46
Success: True
# episodes completed so far: 2254
# successes: 1568 (69.6%)
Current task success rate: 1.0
Current total success rate: 0.6956521739130435

Task: pick up the alphabet soup and place it in the basket light 47
Success: True
# episodes completed so far: 2255
# successes: 1569 (69.6%)
Current task success rate: 1.0
Current total success rate: 0.6957871396895787

Task: pick up the alphabet soup and place it in the basket light 48
Success: True
# episodes completed so far: 2256
# successes: 1570 (69.6%)
Current task success rate: 1.0
Current total success rate: 0.6959219858156028

Task: pick up the alphabet soup and place it in the basket light 49
Success: True
# episodes completed so far: 2257
# successes: 1571 (69.6%)
Current task success rate: 1.0
Current total success rate: 0.6960567124501551

Task: pick up the alphabet soup and place it in the basket light 5
Success: True
# episodes completed so far: 2258
# successes: 1572 (69.6%)
Current task success rate: 1.0
Current total success rate: 0.6961913197519929

Task: pick up the alphabet soup and place it in the basket light 50
Success: True
# episodes completed so far: 2259
# successes: 1573 (69.6%)
Current task success rate: 1.0
Current total success rate: 0.6963258078795928

Task: pick up the alphabet soup and place it in the basket light 7
Success: True
# episodes completed so far: 2260
# successes: 1574 (69.6%)
Current task success rate: 1.0
Current total success rate: 0.6964601769911505

Task: pick up the alphabet soup and place it in the basket light 8
Success: True
# episodes completed so far: 2261
# successes: 1575 (69.7%)
Current task success rate: 1.0
Current total success rate: 0.6965944272445821

Task: pick up the alphabet soup and place it in the basket light 9
Success: True
# episodes completed so far: 2262
# successes: 1576 (69.7%)
Current task success rate: 1.0
Current total success rate: 0.6967285587975243

Task: pick up the bbq sauce and place it in the basket light 1
Success: True
# episodes completed so far: 2263
# successes: 1577 (69.7%)
Current task success rate: 1.0
Current total success rate: 0.6968625718073354

Task: pick up the bbq sauce and place it in the basket light 10
Success: True
# episodes completed so far: 2264
# successes: 1578 (69.7%)
Current task success rate: 1.0
Current total success rate: 0.6969964664310954

Task: pick up the bbq sauce and place it in the basket light 11
Success: True
# episodes completed so far: 2265
# successes: 1579 (69.7%)
Current task success rate: 1.0
Current total success rate: 0.6971302428256071

Task: pick up the bbq sauce and place it in the basket light 12
Success: True
# episodes completed so far: 2266
# successes: 1580 (69.7%)
Current task success rate: 1.0
Current total success rate: 0.6972639011473963

Task: pick up the bbq sauce and place it in the basket light 13
Success: True
# episodes completed so far: 2267
# successes: 1581 (69.7%)
Current task success rate: 1.0
Current total success rate: 0.6973974415527129

Task: pick up the bbq sauce and place it in the basket light 14
Success: True
# episodes completed so far: 2268
# successes: 1582 (69.8%)
Current task success rate: 1.0
Current total success rate: 0.6975308641975309

Task: pick up the bbq sauce and place it in the basket light 15
Success: True
# episodes completed so far: 2269
# successes: 1583 (69.8%)
Current task success rate: 1.0
Current total success rate: 0.6976641692375496

Task: pick up the bbq sauce and place it in the basket light 16
Success: True
# episodes completed so far: 2270
# successes: 1584 (69.8%)
Current task success rate: 1.0
Current total success rate: 0.6977973568281939

Task: pick up the bbq sauce and place it in the basket light 17
Success: True
# episodes completed so far: 2271
# successes: 1585 (69.8%)
Current task success rate: 1.0
Current total success rate: 0.6979304271246147

Task: pick up the bbq sauce and place it in the basket light 18
Success: True
# episodes completed so far: 2272
# successes: 1586 (69.8%)
Current task success rate: 1.0
Current total success rate: 0.6980633802816901

Task: pick up the bbq sauce and place it in the basket light 19
Success: True
# episodes completed so far: 2273
# successes: 1587 (69.8%)
Current task success rate: 1.0
Current total success rate: 0.6981962164540255

Task: pick up the bbq sauce and place it in the basket light 2
Success: True
# episodes completed so far: 2274
# successes: 1588 (69.8%)
Current task success rate: 1.0
Current total success rate: 0.6983289357959542

Task: pick up the bbq sauce and place it in the basket light 20
Success: True
# episodes completed so far: 2275
# successes: 1589 (69.8%)
Current task success rate: 1.0
Current total success rate: 0.6984615384615385

Task: pick up the bbq sauce and place it in the basket light 21
Success: True
# episodes completed so far: 2276
# successes: 1590 (69.9%)
Current task success rate: 1.0
Current total success rate: 0.6985940246045694

Task: pick up the bbq sauce and place it in the basket light 22
Success: True
# episodes completed so far: 2277
# successes: 1591 (69.9%)
Current task success rate: 1.0
Current total success rate: 0.6987263943785683

Task: pick up the bbq sauce and place it in the basket light 23
Success: True
# episodes completed so far: 2278
# successes: 1592 (69.9%)
Current task success rate: 1.0
Current total success rate: 0.6988586479367866

Task: pick up the bbq sauce and place it in the basket light 24
Success: True
# episodes completed so far: 2279
# successes: 1593 (69.9%)
Current task success rate: 1.0
Current total success rate: 0.6989907854322072

Task: pick up the bbq sauce and place it in the basket light 25
Success: True
# episodes completed so far: 2280
# successes: 1594 (69.9%)
Current task success rate: 1.0
Current total success rate: 0.6991228070175438

Task: pick up the bbq sauce and place it in the basket light 26
Success: True
# episodes completed so far: 2281
# successes: 1595 (69.9%)
Current task success rate: 1.0
Current total success rate: 0.6992547128452433

Task: pick up the bbq sauce and place it in the basket light 27
Success: True
# episodes completed so far: 2282
# successes: 1596 (69.9%)
Current task success rate: 1.0
Current total success rate: 0.6993865030674846

Task: pick up the bbq sauce and place it in the basket light 28
Success: True
# episodes completed so far: 2283
# successes: 1597 (70.0%)
Current task success rate: 1.0
Current total success rate: 0.6995181778361804

Task: pick up the bbq sauce and place it in the basket light 29
Success: True
# episodes completed so far: 2284
# successes: 1598 (70.0%)
Current task success rate: 1.0
Current total success rate: 0.6996497373029772

Task: pick up the bbq sauce and place it in the basket light 3
Success: True
# episodes completed so far: 2285
# successes: 1599 (70.0%)
Current task success rate: 1.0
Current total success rate: 0.6997811816192561

Task: pick up the bbq sauce and place it in the basket light 30
Success: True
# episodes completed so far: 2286
# successes: 1600 (70.0%)
Current task success rate: 1.0
Current total success rate: 0.6999125109361329

Task: pick up the bbq sauce and place it in the basket light 31
Success: True
# episodes completed so far: 2287
# successes: 1601 (70.0%)
Current task success rate: 1.0
Current total success rate: 0.70004372540446

Task: pick up the bbq sauce and place it in the basket light 32
Success: True
# episodes completed so far: 2288
# successes: 1602 (70.0%)
Current task success rate: 1.0
Current total success rate: 0.7001748251748252

Task: pick up the bbq sauce and place it in the basket light 33
Success: True
# episodes completed so far: 2289
# successes: 1603 (70.0%)
Current task success rate: 1.0
Current total success rate: 0.7003058103975535

Task: pick up the bbq sauce and place it in the basket light 34
Success: True
# episodes completed so far: 2290
# successes: 1604 (70.0%)
Current task success rate: 1.0
Current total success rate: 0.7004366812227074

Task: pick up the bbq sauce and place it in the basket light 35
Success: True
# episodes completed so far: 2291
# successes: 1605 (70.1%)
Current task success rate: 1.0
Current total success rate: 0.7005674378000873

Task: pick up the bbq sauce and place it in the basket light 36
Success: True
# episodes completed so far: 2292
# successes: 1606 (70.1%)
Current task success rate: 1.0
Current total success rate: 0.7006980802792321

Task: pick up the bbq sauce and place it in the basket light 37
Success: True
# episodes completed so far: 2293
# successes: 1607 (70.1%)
Current task success rate: 1.0
Current total success rate: 0.70082860880942

Task: pick up the bbq sauce and place it in the basket light 38
Success: True
# episodes completed so far: 2294
# successes: 1608 (70.1%)
Current task success rate: 1.0
Current total success rate: 0.7009590235396687

Task: pick up the bbq sauce and place it in the basket light 39
Success: True
# episodes completed so far: 2295
# successes: 1609 (70.1%)
Current task success rate: 1.0
Current total success rate: 0.7010893246187364

Task: pick up the bbq sauce and place it in the basket light 4
Success: True
# episodes completed so far: 2296
# successes: 1610 (70.1%)
Current task success rate: 1.0
Current total success rate: 0.7012195121951219

Task: pick up the bbq sauce and place it in the basket light 40
Success: True
# episodes completed so far: 2297
# successes: 1611 (70.1%)
Current task success rate: 1.0
Current total success rate: 0.7013495864170657

Task: pick up the bbq sauce and place it in the basket light 41
Success: True
# episodes completed so far: 2298
# successes: 1612 (70.1%)
Current task success rate: 1.0
Current total success rate: 0.70147954743255

Task: pick up the bbq sauce and place it in the basket light 42
Success: True
# episodes completed so far: 2299
# successes: 1613 (70.2%)
Current task success rate: 1.0
Current total success rate: 0.7016093953892997

Task: pick up the bbq sauce and place it in the basket light 43
Success: True
# episodes completed so far: 2300
# successes: 1614 (70.2%)
Current task success rate: 1.0
Current total success rate: 0.7017391304347826

Task: pick up the bbq sauce and place it in the basket light 44
Success: True
# episodes completed so far: 2301
# successes: 1615 (70.2%)
Current task success rate: 1.0
Current total success rate: 0.7018687527162103

Task: pick up the bbq sauce and place it in the basket light 45
Success: True
# episodes completed so far: 2302
# successes: 1616 (70.2%)
Current task success rate: 1.0
Current total success rate: 0.7019982623805386

Task: pick up the bbq sauce and place it in the basket light 46
Success: True
# episodes completed so far: 2303
# successes: 1617 (70.2%)
Current task success rate: 1.0
Current total success rate: 0.7021276595744681

Task: pick up the bbq sauce and place it in the basket light 47
Success: True
# episodes completed so far: 2304
# successes: 1618 (70.2%)
Current task success rate: 1.0
Current total success rate: 0.7022569444444444

Task: pick up the bbq sauce and place it in the basket light 48
Success: True
# episodes completed so far: 2305
# successes: 1619 (70.2%)
Current task success rate: 1.0
Current total success rate: 0.7023861171366594

Task: pick up the bbq sauce and place it in the basket light 49
Success: True
# episodes completed so far: 2306
# successes: 1620 (70.3%)
Current task success rate: 1.0
Current total success rate: 0.7025151777970512

Task: pick up the bbq sauce and place it in the basket light 5
Success: True
# episodes completed so far: 2307
# successes: 1621 (70.3%)
Current task success rate: 1.0
Current total success rate: 0.7026441265713047

Task: pick up the bbq sauce and place it in the basket light 50
Success: True
# episodes completed so far: 2308
# successes: 1622 (70.3%)
Current task success rate: 1.0
Current total success rate: 0.7027729636048526

Task: pick up the bbq sauce and place it in the basket light 6
Success: True
# episodes completed so far: 2309
# successes: 1623 (70.3%)
Current task success rate: 1.0
Current total success rate: 0.7029016890428758

Task: pick up the bbq sauce and place it in the basket light 7
Success: True
# episodes completed so far: 2310
# successes: 1624 (70.3%)
Current task success rate: 1.0
Current total success rate: 0.703030303030303

Task: pick up the bbq sauce and place it in the basket light 9
Success: True
# episodes completed so far: 2311
# successes: 1625 (70.3%)
Current task success rate: 1.0
Current total success rate: 0.7031588057118131

Task: pick up the butter and place it in the basket light 10
Success: True
# episodes completed so far: 2312
# successes: 1626 (70.3%)
Current task success rate: 1.0
Current total success rate: 0.7032871972318339

Task: pick up the butter and place it in the basket light 11
Success: True
# episodes completed so far: 2313
# successes: 1627 (70.3%)
Current task success rate: 1.0
Current total success rate: 0.7034154777345439

Task: pick up the butter and place it in the basket light 12
Success: True
# episodes completed so far: 2314
# successes: 1628 (70.4%)
Current task success rate: 1.0
Current total success rate: 0.7035436473638721

Task: pick up the butter and place it in the basket light 13
Success: True
# episodes completed so far: 2315
# successes: 1629 (70.4%)
Current task success rate: 1.0
Current total success rate: 0.703671706263499

Task: pick up the butter and place it in the basket light 14
Success: True
# episodes completed so far: 2316
# successes: 1630 (70.4%)
Current task success rate: 1.0
Current total success rate: 0.7037996545768567

Task: pick up the butter and place it in the basket light 15
Success: True
# episodes completed so far: 2317
# successes: 1631 (70.4%)
Current task success rate: 1.0
Current total success rate: 0.7039274924471299

Task: pick up the butter and place it in the basket light 16
Success: True
# episodes completed so far: 2318
# successes: 1632 (70.4%)
Current task success rate: 1.0
Current total success rate: 0.7040552200172563

Task: pick up the butter and place it in the basket light 17
Success: True
# episodes completed so far: 2319
# successes: 1633 (70.4%)
Current task success rate: 1.0
Current total success rate: 0.7041828374299267

Task: pick up the butter and place it in the basket light 18
Success: True
# episodes completed so far: 2320
# successes: 1634 (70.4%)
Current task success rate: 1.0
Current total success rate: 0.7043103448275863

Task: pick up the butter and place it in the basket light 19
Success: True
# episodes completed so far: 2321
# successes: 1635 (70.4%)
Current task success rate: 1.0
Current total success rate: 0.7044377423524343

Task: pick up the butter and place it in the basket light 2
Success: True
# episodes completed so far: 2322
# successes: 1636 (70.5%)
Current task success rate: 1.0
Current total success rate: 0.7045650301464255

Task: pick up the butter and place it in the basket light 20
Success: True
# episodes completed so far: 2323
# successes: 1637 (70.5%)
Current task success rate: 1.0
Current total success rate: 0.7046922083512699

Task: pick up the butter and place it in the basket light 21
Success: True
# episodes completed so far: 2324
# successes: 1638 (70.5%)
Current task success rate: 1.0
Current total success rate: 0.7048192771084337

Task: pick up the butter and place it in the basket light 22
Success: True
# episodes completed so far: 2325
# successes: 1639 (70.5%)
Current task success rate: 1.0
Current total success rate: 0.7049462365591398

Task: pick up the butter and place it in the basket light 23
Success: True
# episodes completed so far: 2326
# successes: 1640 (70.5%)
Current task success rate: 1.0
Current total success rate: 0.705073086844368

Task: pick up the butter and place it in the basket light 24
Success: True
# episodes completed so far: 2327
# successes: 1641 (70.5%)
Current task success rate: 1.0
Current total success rate: 0.705199828104856

Task: pick up the butter and place it in the basket light 25
Success: True
# episodes completed so far: 2328
# successes: 1642 (70.5%)
Current task success rate: 1.0
Current total success rate: 0.7053264604810997

Task: pick up the butter and place it in the basket light 26
Success: True
# episodes completed so far: 2329
# successes: 1643 (70.5%)
Current task success rate: 1.0
Current total success rate: 0.7054529841133533

Task: pick up the butter and place it in the basket light 27
Success: True
# episodes completed so far: 2330
# successes: 1644 (70.6%)
Current task success rate: 1.0
Current total success rate: 0.7055793991416309

Task: pick up the butter and place it in the basket light 28
Success: True
# episodes completed so far: 2331
# successes: 1645 (70.6%)
Current task success rate: 1.0
Current total success rate: 0.7057057057057057

Task: pick up the butter and place it in the basket light 29
Success: True
# episodes completed so far: 2332
# successes: 1646 (70.6%)
Current task success rate: 1.0
Current total success rate: 0.7058319039451115

Task: pick up the butter and place it in the basket light 30
Success: True
# episodes completed so far: 2333
# successes: 1647 (70.6%)
Current task success rate: 1.0
Current total success rate: 0.7059579939991427

Task: pick up the butter and place it in the basket light 31
Success: True
# episodes completed so far: 2334
# successes: 1648 (70.6%)
Current task success rate: 1.0
Current total success rate: 0.7060839760068551

Task: pick up the butter and place it in the basket light 32
Success: True
# episodes completed so far: 2335
# successes: 1649 (70.6%)
Current task success rate: 1.0
Current total success rate: 0.7062098501070664

Task: pick up the butter and place it in the basket light 33
Success: True
# episodes completed so far: 2336
# successes: 1650 (70.6%)
Current task success rate: 1.0
Current total success rate: 0.7063356164383562

Task: pick up the butter and place it in the basket light 34
Success: True
# episodes completed so far: 2337
# successes: 1651 (70.6%)
Current task success rate: 1.0
Current total success rate: 0.7064612751390672

Task: pick up the butter and place it in the basket light 35
Success: True
# episodes completed so far: 2338
# successes: 1652 (70.7%)
Current task success rate: 1.0
Current total success rate: 0.7065868263473054

Task: pick up the butter and place it in the basket light 36
Success: True
# episodes completed so far: 2339
# successes: 1653 (70.7%)
Current task success rate: 1.0
Current total success rate: 0.7067122702009405

Task: pick up the butter and place it in the basket light 37
Success: True
# episodes completed so far: 2340
# successes: 1654 (70.7%)
Current task success rate: 1.0
Current total success rate: 0.7068376068376069

Task: pick up the butter and place it in the basket light 38
Success: True
# episodes completed so far: 2341
# successes: 1655 (70.7%)
Current task success rate: 1.0
Current total success rate: 0.7069628363947031

Task: pick up the butter and place it in the basket light 39
Success: True
# episodes completed so far: 2342
# successes: 1656 (70.7%)
Current task success rate: 1.0
Current total success rate: 0.7070879590093937

Task: pick up the butter and place it in the basket light 4
Success: True
# episodes completed so far: 2343
# successes: 1657 (70.7%)
Current task success rate: 1.0
Current total success rate: 0.7072129748186087

Task: pick up the butter and place it in the basket light 40
Success: True
# episodes completed so far: 2344
# successes: 1658 (70.7%)
Current task success rate: 1.0
Current total success rate: 0.7073378839590444

Task: pick up the butter and place it in the basket light 41
Success: True
# episodes completed so far: 2345
# successes: 1659 (70.7%)
Current task success rate: 1.0
Current total success rate: 0.7074626865671642

Task: pick up the butter and place it in the basket light 42
Success: True
# episodes completed so far: 2346
# successes: 1660 (70.8%)
Current task success rate: 1.0
Current total success rate: 0.7075873827791986

Task: pick up the butter and place it in the basket light 43
Success: True
# episodes completed so far: 2347
# successes: 1661 (70.8%)
Current task success rate: 1.0
Current total success rate: 0.7077119727311462

Task: pick up the butter and place it in the basket light 44
Success: True
# episodes completed so far: 2348
# successes: 1662 (70.8%)
Current task success rate: 1.0
Current total success rate: 0.7078364565587735

Task: pick up the butter and place it in the basket light 46
Success: True
# episodes completed so far: 2349
# successes: 1663 (70.8%)
Current task success rate: 1.0
Current total success rate: 0.707960834397616

Task: pick up the butter and place it in the basket light 48
Success: True
# episodes completed so far: 2350
# successes: 1664 (70.8%)
Current task success rate: 1.0
Current total success rate: 0.7080851063829787

Task: pick up the butter and place it in the basket light 49
Success: True
# episodes completed so far: 2351
# successes: 1665 (70.8%)
Current task success rate: 1.0
Current total success rate: 0.7082092726499362

Task: pick up the butter and place it in the basket light 5
Success: True
# episodes completed so far: 2352
# successes: 1666 (70.8%)
Current task success rate: 1.0
Current total success rate: 0.7083333333333334

Task: pick up the butter and place it in the basket light 50
Success: True
# episodes completed so far: 2353
# successes: 1667 (70.8%)
Current task success rate: 1.0
Current total success rate: 0.7084572885677858

Task: pick up the butter and place it in the basket light 6
Success: True
# episodes completed so far: 2354
# successes: 1668 (70.9%)
Current task success rate: 1.0
Current total success rate: 0.7085811384876806

Task: pick up the butter and place it in the basket light 7
Success: True
# episodes completed so far: 2355
# successes: 1669 (70.9%)
Current task success rate: 1.0
Current total success rate: 0.7087048832271762

Task: pick up the butter and place it in the basket light 9
Success: True
# episodes completed so far: 2356
# successes: 1670 (70.9%)
Current task success rate: 1.0
Current total success rate: 0.7088285229202037

Task: pick up the chocolate pudding and place it in the basket light 1
Success: True
# episodes completed so far: 2357
# successes: 1671 (70.9%)
Current task success rate: 1.0
Current total success rate: 0.7089520577004667

Task: pick up the chocolate pudding and place it in the basket light 11
Success: True
# episodes completed so far: 2358
# successes: 1672 (70.9%)
Current task success rate: 1.0
Current total success rate: 0.7090754877014419

Task: pick up the chocolate pudding and place it in the basket light 13
Success: True
# episodes completed so far: 2359
# successes: 1673 (70.9%)
Current task success rate: 1.0
Current total success rate: 0.7091988130563798

Task: pick up the chocolate pudding and place it in the basket light 15
Success: True
# episodes completed so far: 2360
# successes: 1674 (70.9%)
Current task success rate: 1.0
Current total success rate: 0.7093220338983051

Task: pick up the chocolate pudding and place it in the basket light 16
Success: True
# episodes completed so far: 2361
# successes: 1675 (70.9%)
Current task success rate: 1.0
Current total success rate: 0.709445150360017

Task: pick up the chocolate pudding and place it in the basket light 18
Success: True
# episodes completed so far: 2362
# successes: 1676 (71.0%)
Current task success rate: 1.0
Current total success rate: 0.7095681625740897

Task: pick up the chocolate pudding and place it in the basket light 2
Success: True
# episodes completed so far: 2363
# successes: 1677 (71.0%)
Current task success rate: 1.0
Current total success rate: 0.7096910706728735

Task: pick up the chocolate pudding and place it in the basket light 20
Success: True
# episodes completed so far: 2364
# successes: 1678 (71.0%)
Current task success rate: 1.0
Current total success rate: 0.7098138747884941

Task: pick up the chocolate pudding and place it in the basket light 24
Success: True
# episodes completed so far: 2365
# successes: 1679 (71.0%)
Current task success rate: 1.0
Current total success rate: 0.7099365750528541

Task: pick up the chocolate pudding and place it in the basket light 26
Success: True
# episodes completed so far: 2366
# successes: 1680 (71.0%)
Current task success rate: 1.0
Current total success rate: 0.7100591715976331

Task: pick up the chocolate pudding and place it in the basket light 27
Success: True
# episodes completed so far: 2367
# successes: 1681 (71.0%)
Current task success rate: 1.0
Current total success rate: 0.7101816645542881

Task: pick up the chocolate pudding and place it in the basket light 29
Success: True
# episodes completed so far: 2368
# successes: 1682 (71.0%)
Current task success rate: 1.0
Current total success rate: 0.7103040540540541

Task: pick up the chocolate pudding and place it in the basket light 30
Success: True
# episodes completed so far: 2369
# successes: 1683 (71.0%)
Current task success rate: 1.0
Current total success rate: 0.7104263402279443

Task: pick up the chocolate pudding and place it in the basket light 31
Success: True
# episodes completed so far: 2370
# successes: 1684 (71.1%)
Current task success rate: 1.0
Current total success rate: 0.7105485232067511

Task: pick up the chocolate pudding and place it in the basket light 33
Success: True
# episodes completed so far: 2371
# successes: 1685 (71.1%)
Current task success rate: 1.0
Current total success rate: 0.710670603121046

Task: pick up the chocolate pudding and place it in the basket light 34
Success: True
# episodes completed so far: 2372
# successes: 1686 (71.1%)
Current task success rate: 1.0
Current total success rate: 0.7107925801011804

Task: pick up the chocolate pudding and place it in the basket light 35
Success: True
# episodes completed so far: 2373
# successes: 1687 (71.1%)
Current task success rate: 1.0
Current total success rate: 0.7109144542772862

Task: pick up the chocolate pudding and place it in the basket light 36
Success: True
# episodes completed so far: 2374
# successes: 1688 (71.1%)
Current task success rate: 1.0
Current total success rate: 0.7110362257792755

Task: pick up the chocolate pudding and place it in the basket light 37
Success: True
# episodes completed so far: 2375
# successes: 1689 (71.1%)
Current task success rate: 1.0
Current total success rate: 0.7111578947368421

Task: pick up the chocolate pudding and place it in the basket light 38
Success: True
# episodes completed so far: 2376
# successes: 1690 (71.1%)
Current task success rate: 1.0
Current total success rate: 0.7112794612794613

Task: pick up the chocolate pudding and place it in the basket light 39
Success: True
# episodes completed so far: 2377
# successes: 1691 (71.1%)
Current task success rate: 1.0
Current total success rate: 0.7114009255363904

Task: pick up the chocolate pudding and place it in the basket light 4
Success: True
# episodes completed so far: 2378
# successes: 1692 (71.2%)
Current task success rate: 1.0
Current total success rate: 0.7115222876366695

Task: pick up the chocolate pudding and place it in the basket light 40
Success: True
# episodes completed so far: 2379
# successes: 1693 (71.2%)
Current task success rate: 1.0
Current total success rate: 0.7116435477091215

Task: pick up the chocolate pudding and place it in the basket light 41
Success: True
# episodes completed so far: 2380
# successes: 1694 (71.2%)
Current task success rate: 1.0
Current total success rate: 0.711764705882353

Task: pick up the chocolate pudding and place it in the basket light 42
Success: True
# episodes completed so far: 2381
# successes: 1695 (71.2%)
Current task success rate: 1.0
Current total success rate: 0.7118857622847543

Task: pick up the chocolate pudding and place it in the basket light 44
Success: True
# episodes completed so far: 2382
# successes: 1696 (71.2%)
Current task success rate: 1.0
Current total success rate: 0.7120067170445005

Task: pick up the chocolate pudding and place it in the basket light 46
Success: True
# episodes completed so far: 2383
# successes: 1697 (71.2%)
Current task success rate: 1.0
Current total success rate: 0.712127570289551

Task: pick up the chocolate pudding and place it in the basket light 49
Success: True
# episodes completed so far: 2384
# successes: 1698 (71.2%)
Current task success rate: 1.0
Current total success rate: 0.712248322147651

Task: pick up the chocolate pudding and place it in the basket light 5
Success: True
# episodes completed so far: 2385
# successes: 1699 (71.2%)
Current task success rate: 1.0
Current total success rate: 0.7123689727463313

Task: pick up the chocolate pudding and place it in the basket light 7
Success: True
# episodes completed so far: 2386
# successes: 1700 (71.2%)
Current task success rate: 1.0
Current total success rate: 0.7124895222129086

Task: pick up the chocolate pudding and place it in the basket light 9
Success: True
# episodes completed so far: 2387
# successes: 1701 (71.3%)
Current task success rate: 1.0
Current total success rate: 0.7126099706744868

Task: pick up the cream cheese and place it in the basket light 11
Success: True
# episodes completed so far: 2388
# successes: 1702 (71.3%)
Current task success rate: 1.0
Current total success rate: 0.7127303182579564

Task: pick up the cream cheese and place it in the basket light 15
Success: True
# episodes completed so far: 2389
# successes: 1703 (71.3%)
Current task success rate: 1.0
Current total success rate: 0.7128505650899958

Task: pick up the cream cheese and place it in the basket light 24
Success: True
# episodes completed so far: 2390
# successes: 1704 (71.3%)
Current task success rate: 1.0
Current total success rate: 0.7129707112970711

Task: pick up the cream cheese and place it in the basket light 37
Success: True
# episodes completed so far: 2391
# successes: 1705 (71.3%)
Current task success rate: 1.0
Current total success rate: 0.713090757005437

Task: pick up the ketchup and place it in the basket light 10
Success: True
# episodes completed so far: 2392
# successes: 1706 (71.3%)
Current task success rate: 1.0
Current total success rate: 0.7132107023411371

Task: pick up the ketchup and place it in the basket light 15
Success: True
# episodes completed so far: 2393
# successes: 1707 (71.3%)
Current task success rate: 1.0
Current total success rate: 0.7133305474300041

Task: pick up the ketchup and place it in the basket light 2
Success: True
# episodes completed so far: 2394
# successes: 1708 (71.3%)
Current task success rate: 1.0
Current total success rate: 0.7134502923976608

Task: pick up the ketchup and place it in the basket light 21
Success: True
# episodes completed so far: 2395
# successes: 1709 (71.4%)
Current task success rate: 1.0
Current total success rate: 0.7135699373695198

Task: pick up the ketchup and place it in the basket light 24
Success: True
# episodes completed so far: 2396
# successes: 1710 (71.4%)
Current task success rate: 1.0
Current total success rate: 0.7136894824707847

Task: pick up the ketchup and place it in the basket light 38
Success: True
# episodes completed so far: 2397
# successes: 1711 (71.4%)
Current task success rate: 1.0
Current total success rate: 0.7138089278264498

Task: pick up the ketchup and place it in the basket light 39
Success: True
# episodes completed so far: 2398
# successes: 1712 (71.4%)
Current task success rate: 1.0
Current total success rate: 0.7139282735613011

Task: pick up the ketchup and place it in the basket light 40
Success: True
# episodes completed so far: 2399
# successes: 1713 (71.4%)
Current task success rate: 1.0
Current total success rate: 0.7140475197999167

Task: pick up the ketchup and place it in the basket light 44
Success: True
# episodes completed so far: 2400
# successes: 1714 (71.4%)
Current task success rate: 1.0
Current total success rate: 0.7141666666666666

Task: pick up the ketchup and place it in the basket light 45
Success: True
# episodes completed so far: 2401
# successes: 1715 (71.4%)
Current task success rate: 1.0
Current total success rate: 0.7142857142857143

Task: pick up the ketchup and place it in the basket light 50
Success: True
# episodes completed so far: 2402
# successes: 1716 (71.4%)
Current task success rate: 1.0
Current total success rate: 0.7144046627810158

Task: pick up the ketchup and place it in the basket light 6
Success: True
# episodes completed so far: 2403
# successes: 1717 (71.5%)
Current task success rate: 1.0
Current total success rate: 0.7145235122763213

Task: pick up the ketchup and place it in the basket light 8
Success: True
# episodes completed so far: 2404
# successes: 1718 (71.5%)
Current task success rate: 1.0
Current total success rate: 0.7146422628951747

Task: pick up the milk and place it in the basket light 1
Success: True
# episodes completed so far: 2405
# successes: 1719 (71.5%)
Current task success rate: 1.0
Current total success rate: 0.7147609147609147

Task: pick up the milk and place it in the basket light 10
Success: True
# episodes completed so far: 2406
# successes: 1720 (71.5%)
Current task success rate: 1.0
Current total success rate: 0.714879467996675

Task: pick up the milk and place it in the basket light 14
Success: True
# episodes completed so far: 2407
# successes: 1721 (71.5%)
Current task success rate: 1.0
Current total success rate: 0.7149979227253843

Task: pick up the milk and place it in the basket light 15
Success: True
# episodes completed so far: 2408
# successes: 1722 (71.5%)
Current task success rate: 1.0
Current total success rate: 0.7151162790697675

Task: pick up the milk and place it in the basket light 18
Success: True
# episodes completed so far: 2409
# successes: 1723 (71.5%)
Current task success rate: 1.0
Current total success rate: 0.7152345371523454

Task: pick up the milk and place it in the basket light 21
Success: True
# episodes completed so far: 2410
# successes: 1724 (71.5%)
Current task success rate: 1.0
Current total success rate: 0.7153526970954357

Task: pick up the milk and place it in the basket light 22
Success: True
# episodes completed so far: 2411
# successes: 1725 (71.5%)
Current task success rate: 1.0
Current total success rate: 0.7154707590211531

Task: pick up the milk and place it in the basket light 25
Success: True
# episodes completed so far: 2412
# successes: 1726 (71.6%)
Current task success rate: 1.0
Current total success rate: 0.7155887230514096

Task: pick up the milk and place it in the basket light 26
Success: True
# episodes completed so far: 2413
# successes: 1727 (71.6%)
Current task success rate: 1.0
Current total success rate: 0.7157065893079154

Task: pick up the milk and place it in the basket light 27
Success: True
# episodes completed so far: 2414
# successes: 1728 (71.6%)
Current task success rate: 1.0
Current total success rate: 0.7158243579121789

Task: pick up the milk and place it in the basket light 30
Success: True
# episodes completed so far: 2415
# successes: 1729 (71.6%)
Current task success rate: 1.0
Current total success rate: 0.7159420289855073

Task: pick up the milk and place it in the basket light 32
Success: True
# episodes completed so far: 2416
# successes: 1730 (71.6%)
Current task success rate: 1.0
Current total success rate: 0.7160596026490066

Task: pick up the milk and place it in the basket light 37
Success: True
# episodes completed so far: 2417
# successes: 1731 (71.6%)
Current task success rate: 1.0
Current total success rate: 0.716177079023583

Task: pick up the milk and place it in the basket light 38
Success: True
# episodes completed so far: 2418
# successes: 1732 (71.6%)
Current task success rate: 1.0
Current total success rate: 0.7162944582299421

Task: pick up the milk and place it in the basket light 39
Success: True
# episodes completed so far: 2419
# successes: 1733 (71.6%)
Current task success rate: 1.0
Current total success rate: 0.7164117403885903

Task: pick up the milk and place it in the basket light 41
Success: True
# episodes completed so far: 2420
# successes: 1734 (71.7%)
Current task success rate: 1.0
Current total success rate: 0.7165289256198347

Task: pick up the milk and place it in the basket light 42
Success: True
# episodes completed so far: 2421
# successes: 1735 (71.7%)
Current task success rate: 1.0
Current total success rate: 0.7166460140437836

Task: pick up the milk and place it in the basket light 44
Success: True
# episodes completed so far: 2422
# successes: 1736 (71.7%)
Current task success rate: 1.0
Current total success rate: 0.7167630057803468

Task: pick up the milk and place it in the basket light 46
Success: True
# episodes completed so far: 2423
# successes: 1737 (71.7%)
Current task success rate: 1.0
Current total success rate: 0.7168799009492365

Task: pick up the milk and place it in the basket light 47
Success: True
# episodes completed so far: 2424
# successes: 1738 (71.7%)
Current task success rate: 1.0
Current total success rate: 0.716996699669967

Task: pick up the milk and place it in the basket light 48
Success: True
# episodes completed so far: 2425
# successes: 1739 (71.7%)
Current task success rate: 1.0
Current total success rate: 0.7171134020618557

Task: pick up the milk and place it in the basket light 5
Success: True
# episodes completed so far: 2426
# successes: 1740 (71.7%)
Current task success rate: 1.0
Current total success rate: 0.717230008244023

Task: pick up the milk and place it in the basket light 50
Success: True
# episodes completed so far: 2427
# successes: 1741 (71.7%)
Current task success rate: 1.0
Current total success rate: 0.7173465183353935

Task: pick up the milk and place it in the basket light 6
Success: True
# episodes completed so far: 2428
# successes: 1742 (71.7%)
Current task success rate: 1.0
Current total success rate: 0.7174629324546952

Task: pick up the milk and place it in the basket light 7
Success: True
# episodes completed so far: 2429
# successes: 1743 (71.8%)
Current task success rate: 1.0
Current total success rate: 0.7175792507204611

Task: pick up the milk and place it in the basket light 8
Success: True
# episodes completed so far: 2430
# successes: 1744 (71.8%)
Current task success rate: 1.0
Current total success rate: 0.7176954732510288

Task: pick up the orange juice and place it in the basket light 10
Success: True
# episodes completed so far: 2431
# successes: 1745 (71.8%)
Current task success rate: 1.0
Current total success rate: 0.7178116001645414

Task: pick up the orange juice and place it in the basket light 11
Success: True
# episodes completed so far: 2432
# successes: 1746 (71.8%)
Current task success rate: 1.0
Current total success rate: 0.7179276315789473

Task: pick up the orange juice and place it in the basket light 12
Success: True
# episodes completed so far: 2433
# successes: 1747 (71.8%)
Current task success rate: 1.0
Current total success rate: 0.7180435676120016

Task: pick up the orange juice and place it in the basket light 13
Success: True
# episodes completed so far: 2434
# successes: 1748 (71.8%)
Current task success rate: 1.0
Current total success rate: 0.7181594083812654

Task: pick up the orange juice and place it in the basket light 15
Success: True
# episodes completed so far: 2435
# successes: 1749 (71.8%)
Current task success rate: 1.0
Current total success rate: 0.7182751540041068

Task: pick up the orange juice and place it in the basket light 16
Success: True
# episodes completed so far: 2436
# successes: 1750 (71.8%)
Current task success rate: 1.0
Current total success rate: 0.7183908045977011

Task: pick up the orange juice and place it in the basket light 17
Success: True
# episodes completed so far: 2437
# successes: 1751 (71.9%)
Current task success rate: 1.0
Current total success rate: 0.7185063602790316

Task: pick up the orange juice and place it in the basket light 18
Success: True
# episodes completed so far: 2438
# successes: 1752 (71.9%)
Current task success rate: 1.0
Current total success rate: 0.7186218211648893

Task: pick up the orange juice and place it in the basket light 19
Success: True
# episodes completed so far: 2439
# successes: 1753 (71.9%)
Current task success rate: 1.0
Current total success rate: 0.7187371873718738

Task: pick up the orange juice and place it in the basket light 2
Success: True
# episodes completed so far: 2440
# successes: 1754 (71.9%)
Current task success rate: 1.0
Current total success rate: 0.7188524590163935

Task: pick up the orange juice and place it in the basket light 20
Success: True
# episodes completed so far: 2441
# successes: 1755 (71.9%)
Current task success rate: 1.0
Current total success rate: 0.7189676362146661

Task: pick up the orange juice and place it in the basket light 21
Success: True
# episodes completed so far: 2442
# successes: 1756 (71.9%)
Current task success rate: 1.0
Current total success rate: 0.719082719082719

Task: pick up the orange juice and place it in the basket light 22
Success: True
# episodes completed so far: 2443
# successes: 1757 (71.9%)
Current task success rate: 1.0
Current total success rate: 0.7191977077363897

Task: pick up the orange juice and place it in the basket light 24
Success: True
# episodes completed so far: 2444
# successes: 1758 (71.9%)
Current task success rate: 1.0
Current total success rate: 0.7193126022913257

Task: pick up the orange juice and place it in the basket light 25
Success: True
# episodes completed so far: 2445
# successes: 1759 (71.9%)
Current task success rate: 1.0
Current total success rate: 0.7194274028629857

Task: pick up the orange juice and place it in the basket light 26
Success: True
# episodes completed so far: 2446
# successes: 1760 (72.0%)
Current task success rate: 1.0
Current total success rate: 0.7195421095666394

Task: pick up the orange juice and place it in the basket light 27
Success: True
# episodes completed so far: 2447
# successes: 1761 (72.0%)
Current task success rate: 1.0
Current total success rate: 0.7196567225173682

Task: pick up the orange juice and place it in the basket light 28
Success: True
# episodes completed so far: 2448
# successes: 1762 (72.0%)
Current task success rate: 1.0
Current total success rate: 0.7197712418300654

Task: pick up the orange juice and place it in the basket light 29
Success: True
# episodes completed so far: 2449
# successes: 1763 (72.0%)
Current task success rate: 1.0
Current total success rate: 0.7198856676194365

Task: pick up the orange juice and place it in the basket light 31
Success: True
# episodes completed so far: 2450
# successes: 1764 (72.0%)
Current task success rate: 1.0
Current total success rate: 0.72

Task: pick up the orange juice and place it in the basket light 33
Success: True
# episodes completed so far: 2451
# successes: 1765 (72.0%)
Current task success rate: 1.0
Current total success rate: 0.7201142390860873

Task: pick up the orange juice and place it in the basket light 35
Success: True
# episodes completed so far: 2452
# successes: 1766 (72.0%)
Current task success rate: 1.0
Current total success rate: 0.7202283849918434

Task: pick up the orange juice and place it in the basket light 36
Success: True
# episodes completed so far: 2453
# successes: 1767 (72.0%)
Current task success rate: 1.0
Current total success rate: 0.7203424378312271

Task: pick up the orange juice and place it in the basket light 39
Success: True
# episodes completed so far: 2454
# successes: 1768 (72.0%)
Current task success rate: 1.0
Current total success rate: 0.7204563977180114

Task: pick up the orange juice and place it in the basket light 41
Success: True
# episodes completed so far: 2455
# successes: 1769 (72.1%)
Current task success rate: 1.0
Current total success rate: 0.7205702647657841

Task: pick up the orange juice and place it in the basket light 43
Success: True
# episodes completed so far: 2456
# successes: 1770 (72.1%)
Current task success rate: 1.0
Current total success rate: 0.7206840390879479

Task: pick up the orange juice and place it in the basket light 44
Success: True
# episodes completed so far: 2457
# successes: 1771 (72.1%)
Current task success rate: 1.0
Current total success rate: 0.7207977207977208

Task: pick up the orange juice and place it in the basket light 46
Success: True
# episodes completed so far: 2458
# successes: 1772 (72.1%)
Current task success rate: 1.0
Current total success rate: 0.7209113100081367

Task: pick up the orange juice and place it in the basket light 49
Success: True
# episodes completed so far: 2459
# successes: 1773 (72.1%)
Current task success rate: 1.0
Current total success rate: 0.7210248068320455

Task: pick up the orange juice and place it in the basket light 5
Success: True
# episodes completed so far: 2460
# successes: 1774 (72.1%)
Current task success rate: 1.0
Current total success rate: 0.7211382113821139

Task: pick up the orange juice and place it in the basket light 50
Success: True
# episodes completed so far: 2461
# successes: 1775 (72.1%)
Current task success rate: 1.0
Current total success rate: 0.7212515237708249

Task: pick up the orange juice and place it in the basket light 6
Success: True
# episodes completed so far: 2462
# successes: 1776 (72.1%)
Current task success rate: 1.0
Current total success rate: 0.7213647441104792

Task: pick up the orange juice and place it in the basket light 7
Success: True
# episodes completed so far: 2463
# successes: 1777 (72.1%)
Current task success rate: 1.0
Current total success rate: 0.7214778725131953

Task: pick up the orange juice and place it in the basket light 8
Success: True
# episodes completed so far: 2464
# successes: 1778 (72.2%)
Current task success rate: 1.0
Current total success rate: 0.7215909090909091

Task: pick up the salad dressing and place it in the basket light 10
Success: True
# episodes completed so far: 2465
# successes: 1779 (72.2%)
Current task success rate: 1.0
Current total success rate: 0.7217038539553753

Task: pick up the salad dressing and place it in the basket light 11
Success: True
# episodes completed so far: 2466
# successes: 1780 (72.2%)
Current task success rate: 1.0
Current total success rate: 0.721816707218167

Task: pick up the salad dressing and place it in the basket light 13
Success: True
# episodes completed so far: 2467
# successes: 1781 (72.2%)
Current task success rate: 1.0
Current total success rate: 0.7219294689906769

Task: pick up the salad dressing and place it in the basket light 14
Success: True
# episodes completed so far: 2468
# successes: 1782 (72.2%)
Current task success rate: 1.0
Current total success rate: 0.7220421393841167

Task: pick up the salad dressing and place it in the basket light 15
Success: True
# episodes completed so far: 2469
# successes: 1783 (72.2%)
Current task success rate: 1.0
Current total success rate: 0.7221547185095181

Task: pick up the salad dressing and place it in the basket light 16
Success: True
# episodes completed so far: 2470
# successes: 1784 (72.2%)
Current task success rate: 1.0
Current total success rate: 0.7222672064777328

Task: pick up the salad dressing and place it in the basket light 18
Success: True
# episodes completed so far: 2471
# successes: 1785 (72.2%)
Current task success rate: 1.0
Current total success rate: 0.7223796033994334

Task: pick up the salad dressing and place it in the basket light 19
Success: True
# episodes completed so far: 2472
# successes: 1786 (72.2%)
Current task success rate: 1.0
Current total success rate: 0.7224919093851133

Task: pick up the salad dressing and place it in the basket light 2
Success: True
# episodes completed so far: 2473
# successes: 1787 (72.3%)
Current task success rate: 1.0
Current total success rate: 0.7226041245450869

Task: pick up the salad dressing and place it in the basket light 21
Success: True
# episodes completed so far: 2474
# successes: 1788 (72.3%)
Current task success rate: 1.0
Current total success rate: 0.7227162489894907

Task: pick up the salad dressing and place it in the basket light 22
Success: True
# episodes completed so far: 2475
# successes: 1789 (72.3%)
Current task success rate: 1.0
Current total success rate: 0.7228282828282828

Task: pick up the salad dressing and place it in the basket light 23
Success: True
# episodes completed so far: 2476
# successes: 1790 (72.3%)
Current task success rate: 1.0
Current total success rate: 0.722940226171244

Task: pick up the salad dressing and place it in the basket light 3
Success: True
# episodes completed so far: 2477
# successes: 1791 (72.3%)
Current task success rate: 1.0
Current total success rate: 0.7230520791279774

Task: pick up the salad dressing and place it in the basket light 30
Success: True
# episodes completed so far: 2478
# successes: 1792 (72.3%)
Current task success rate: 1.0
Current total success rate: 0.7231638418079096

Task: pick up the salad dressing and place it in the basket light 32
Success: True
# episodes completed so far: 2479
# successes: 1793 (72.3%)
Current task success rate: 1.0
Current total success rate: 0.7232755143202905

Task: pick up the salad dressing and place it in the basket light 33
Success: True
# episodes completed so far: 2480
# successes: 1794 (72.3%)
Current task success rate: 1.0
Current total success rate: 0.7233870967741935

Task: pick up the salad dressing and place it in the basket light 34
Success: True
# episodes completed so far: 2481
# successes: 1795 (72.3%)
Current task success rate: 1.0
Current total success rate: 0.7234985892785167

Task: pick up the salad dressing and place it in the basket light 35
Success: True
# episodes completed so far: 2482
# successes: 1796 (72.4%)
Current task success rate: 1.0
Current total success rate: 0.7236099919419823

Task: pick up the salad dressing and place it in the basket light 36
Success: True
# episodes completed so far: 2483
# successes: 1797 (72.4%)
Current task success rate: 1.0
Current total success rate: 0.7237213048731373

Task: pick up the salad dressing and place it in the basket light 37
Success: True
# episodes completed so far: 2484
# successes: 1798 (72.4%)
Current task success rate: 1.0
Current total success rate: 0.7238325281803543

Task: pick up the salad dressing and place it in the basket light 38
Success: True
# episodes completed so far: 2485
# successes: 1799 (72.4%)
Current task success rate: 1.0
Current total success rate: 0.723943661971831

Task: pick up the salad dressing and place it in the basket light 39
Success: True
# episodes completed so far: 2486
# successes: 1800 (72.4%)
Current task success rate: 1.0
Current total success rate: 0.7240547063555913

Task: pick up the salad dressing and place it in the basket light 4
Success: True
# episodes completed so far: 2487
# successes: 1801 (72.4%)
Current task success rate: 1.0
Current total success rate: 0.7241656614394854

Task: pick up the salad dressing and place it in the basket light 40
Success: True
# episodes completed so far: 2488
# successes: 1802 (72.4%)
Current task success rate: 1.0
Current total success rate: 0.7242765273311897

Task: pick up the salad dressing and place it in the basket light 43
Success: True
# episodes completed so far: 2489
# successes: 1803 (72.4%)
Current task success rate: 1.0
Current total success rate: 0.7243873041382081

Task: pick up the salad dressing and place it in the basket light 44
Success: True
# episodes completed so far: 2490
# successes: 1804 (72.4%)
Current task success rate: 1.0
Current total success rate: 0.7244979919678715

Task: pick up the salad dressing and place it in the basket light 45
Success: True
# episodes completed so far: 2491
# successes: 1805 (72.5%)
Current task success rate: 1.0
Current total success rate: 0.7246085909273384

Task: pick up the salad dressing and place it in the basket light 48
Success: True
# episodes completed so far: 2492
# successes: 1806 (72.5%)
Current task success rate: 1.0
Current total success rate: 0.7247191011235955

Task: pick up the salad dressing and place it in the basket light 49
Success: True
# episodes completed so far: 2493
# successes: 1807 (72.5%)
Current task success rate: 1.0
Current total success rate: 0.7248295226634577

Task: pick up the salad dressing and place it in the basket light 5
Success: True
# episodes completed so far: 2494
# successes: 1808 (72.5%)
Current task success rate: 1.0
Current total success rate: 0.7249398556535686

Task: pick up the salad dressing and place it in the basket light 50
Success: True
# episodes completed so far: 2495
# successes: 1809 (72.5%)
Current task success rate: 1.0
Current total success rate: 0.7250501002004008

Task: pick up the salad dressing and place it in the basket light 8
Success: True
# episodes completed so far: 2496
# successes: 1810 (72.5%)
Current task success rate: 1.0
Current total success rate: 0.7251602564102564

Task: pick up the tomato sauce and place it in the basket light 1
Success: True
# episodes completed so far: 2497
# successes: 1811 (72.5%)
Current task success rate: 1.0
Current total success rate: 0.7252703243892671

Task: pick up the tomato sauce and place it in the basket light 11
Success: True
# episodes completed so far: 2498
# successes: 1812 (72.5%)
Current task success rate: 1.0
Current total success rate: 0.7253803042433947

Task: pick up the tomato sauce and place it in the basket light 12
Success: True
# episodes completed so far: 2499
# successes: 1813 (72.5%)
Current task success rate: 1.0
Current total success rate: 0.7254901960784313

Task: pick up the tomato sauce and place it in the basket light 13
Success: True
# episodes completed so far: 2500
# successes: 1814 (72.6%)
Current task success rate: 1.0
Current total success rate: 0.7256

Task: pick up the tomato sauce and place it in the basket light 14
Success: True
# episodes completed so far: 2501
# successes: 1815 (72.6%)
Current task success rate: 1.0
Current total success rate: 0.7257097161135546

Task: pick up the tomato sauce and place it in the basket light 19
Success: True
# episodes completed so far: 2502
# successes: 1816 (72.6%)
Current task success rate: 1.0
Current total success rate: 0.7258193445243805

Task: pick up the tomato sauce and place it in the basket light 2
Success: True
# episodes completed so far: 2503
# successes: 1817 (72.6%)
Current task success rate: 1.0
Current total success rate: 0.7259288853375949

Task: pick up the tomato sauce and place it in the basket light 20
Success: True
# episodes completed so far: 2504
# successes: 1818 (72.6%)
Current task success rate: 1.0
Current total success rate: 0.7260383386581469

Task: pick up the tomato sauce and place it in the basket light 22
Success: True
# episodes completed so far: 2505
# successes: 1819 (72.6%)
Current task success rate: 1.0
Current total success rate: 0.7261477045908183

Task: pick up the tomato sauce and place it in the basket light 23
Success: True
# episodes completed so far: 2506
# successes: 1820 (72.6%)
Current task success rate: 1.0
Current total success rate: 0.7262569832402235

Task: pick up the tomato sauce and place it in the basket light 24
Success: True
# episodes completed so far: 2507
# successes: 1821 (72.6%)
Current task success rate: 1.0
Current total success rate: 0.7263661747108098

Task: pick up the tomato sauce and place it in the basket light 25
Success: True
# episodes completed so far: 2508
# successes: 1822 (72.6%)
Current task success rate: 1.0
Current total success rate: 0.726475279106858

Task: pick up the tomato sauce and place it in the basket light 28
Success: True
# episodes completed so far: 2509
# successes: 1823 (72.7%)
Current task success rate: 1.0
Current total success rate: 0.726584296532483

Task: pick up the tomato sauce and place it in the basket light 29
Success: True
# episodes completed so far: 2510
# successes: 1824 (72.7%)
Current task success rate: 1.0
Current total success rate: 0.7266932270916334

Task: pick up the tomato sauce and place it in the basket light 30
Success: True
# episodes completed so far: 2511
# successes: 1825 (72.7%)
Current task success rate: 1.0
Current total success rate: 0.7268020708880923

Task: pick up the tomato sauce and place it in the basket light 31
Success: True
# episodes completed so far: 2512
# successes: 1826 (72.7%)
Current task success rate: 1.0
Current total success rate: 0.7269108280254777

Task: pick up the tomato sauce and place it in the basket light 32
Success: True
# episodes completed so far: 2513
# successes: 1827 (72.7%)
Current task success rate: 1.0
Current total success rate: 0.7270194986072424

Task: pick up the tomato sauce and place it in the basket light 38
Success: True
# episodes completed so far: 2514
# successes: 1828 (72.7%)
Current task success rate: 1.0
Current total success rate: 0.7271280827366746

Task: pick up the tomato sauce and place it in the basket light 39
Success: True
# episodes completed so far: 2515
# successes: 1829 (72.7%)
Current task success rate: 1.0
Current total success rate: 0.7272365805168987

Task: pick up the tomato sauce and place it in the basket light 41
Success: True
# episodes completed so far: 2516
# successes: 1830 (72.7%)
Current task success rate: 1.0
Current total success rate: 0.7273449920508744

Task: pick up the tomato sauce and place it in the basket light 5
Success: True
# episodes completed so far: 2517
# successes: 1831 (72.7%)
Current task success rate: 1.0
Current total success rate: 0.7274533174413985

Task: pick up the tomato sauce and place it in the basket light 8
Success: True
# episodes completed so far: 2518
# successes: 1832 (72.8%)
Current task success rate: 1.0
Current total success rate: 0.727561556791104
